[       5ms] [WARNING] SSE: Error соединения @ http://localhost:8000/static/js/app.js:1159
[  254463ms] [WARNING] SSE: Error соединения @ http://localhost:8000/static/js/app.js:1160
[  255048ms] [ERROR] Failed to load resource: net::ERR_CONNECTION_REFUSED @ http://localhost:8000/api/recording/status:0
[  255472ms] [WARNING] SSE: Error соединения @ http://localhost:8000/static/js/app.js:1160
[  255472ms] [ERROR] Failed to load resource: net::ERR_CONNECTION_REFUSED @ http://localhost:8000/api/events:0
[  257510ms] [WARNING] SSE: Error соединения @ http://localhost:8000/static/js/app.js:1160
[  257510ms] [ERROR] Failed to load resource: net::ERR_CONNECTION_REFUSED @ http://localhost:8000/api/events:0
[  260044ms] [ERROR] Failed to load resource: net::ERR_CONNECTION_REFUSED @ http://localhost:8000/api/recording/status:0
[  261316ms] [WARNING] SSE: Error соединения @ http://localhost:8000/static/js/app.js:1160
[  261316ms] [ERROR] Failed to load resource: net::ERR_CONNECTION_REFUSED @ http://localhost:8000/api/events:0
[  265045ms] [ERROR] Failed to load resource: net::ERR_CONNECTION_REFUSED @ http://localhost:8000/api/recording/status:0
[  269514ms] [WARNING] SSE: Error соединения @ http://localhost:8000/static/js/app.js:1160
[  269514ms] [ERROR] Failed to load resource: net::ERR_CONNECTION_REFUSED @ http://localhost:8000/api/events:0
[  270043ms] [ERROR] Failed to load resource: net::ERR_CONNECTION_REFUSED @ http://localhost:8000/api/recording/status:0
[  275048ms] [ERROR] Failed to load resource: net::ERR_CONNECTION_REFUSED @ http://localhost:8000/api/recording/status:0
[  280049ms] [ERROR] Failed to load resource: net::ERR_CONNECTION_REFUSED @ http://localhost:8000/api/recording/status:0
[  285049ms] [ERROR] Failed to load resource: net::ERR_CONNECTION_REFUSED @ http://localhost:8000/api/recording/status:0
[  286230ms] [WARNING] SSE: Error соединения @ http://localhost:8000/static/js/app.js:1160
[  286230ms] [ERROR] Failed to load resource: net::ERR_CONNECTION_REFUSED @ http://localhost:8000/api/events:0
[  290049ms] [ERROR] Failed to load resource: net::ERR_CONNECTION_REFUSED @ http://localhost:8000/api/recording/status:0
[  295049ms] [ERROR] Failed to load resource: net::ERR_CONNECTION_REFUSED @ http://localhost:8000/api/recording/status:0
[  300047ms] [ERROR] Failed to load resource: net::ERR_CONNECTION_REFUSED @ http://localhost:8000/api/recording/status:0
[  305046ms] [ERROR] Failed to load resource: net::ERR_CONNECTION_REFUSED @ http://localhost:8000/api/recording/status:0
[  310050ms] [ERROR] Failed to load resource: net::ERR_CONNECTION_REFUSED @ http://localhost:8000/api/recording/status:0
[  315048ms] [ERROR] Failed to load resource: net::ERR_CONNECTION_REFUSED @ http://localhost:8000/api/recording/status:0
[  315405ms] [WARNING] SSE: Error соединения @ http://localhost:8000/static/js/app.js:1160
[  315406ms] [ERROR] Failed to load resource: net::ERR_CONNECTION_REFUSED @ http://localhost:8000/api/events:0
[  320052ms] [ERROR] Failed to load resource: net::ERR_CONNECTION_REFUSED @ http://localhost:8000/api/recording/status:0
[  325044ms] [ERROR] Failed to load resource: net::ERR_CONNECTION_REFUSED @ http://localhost:8000/api/recording/status:0
[  330048ms] [ERROR] Failed to load resource: net::ERR_CONNECTION_REFUSED @ http://localhost:8000/api/recording/status:0
[  335050ms] [ERROR] Failed to load resource: net::ERR_CONNECTION_REFUSED @ http://localhost:8000/api/recording/status:0
[  340047ms] [ERROR] Failed to load resource: net::ERR_CONNECTION_REFUSED @ http://localhost:8000/api/recording/status:0
[  345045ms] [ERROR] Failed to load resource: net::ERR_CONNECTION_REFUSED @ http://localhost:8000/api/recording/status:0
[  345352ms] [WARNING] SSE: Error соединения @ http://localhost:8000/static/js/app.js:1160
[  345352ms] [ERROR] Failed to load resource: net::ERR_CONNECTION_REFUSED @ http://localhost:8000/api/events:0
[  350050ms] [ERROR] Failed to load resource: net::ERR_CONNECTION_REFUSED @ http://localhost:8000/api/recording/status:0
[  355048ms] [ERROR] Failed to load resource: net::ERR_CONNECTION_REFUSED @ http://localhost:8000/api/recording/status:0
[  360049ms] [ERROR] Failed to load resource: net::ERR_CONNECTION_REFUSED @ http://localhost:8000/api/recording/status:0
[  365050ms] [ERROR] Failed to load resource: net::ERR_CONNECTION_REFUSED @ http://localhost:8000/api/recording/status:0
[  370044ms] [ERROR] Failed to load resource: net::ERR_CONNECTION_REFUSED @ http://localhost:8000/api/recording/status:0
[  374571ms] [WARNING] SSE: Error соединения @ http://localhost:8000/static/js/app.js:1160
[  374571ms] [ERROR] Failed to load resource: net::ERR_CONNECTION_REFUSED @ http://localhost:8000/api/events:0
[  375043ms] [ERROR] Failed to load resource: net::ERR_CONNECTION_REFUSED @ http://localhost:8000/api/recording/status:0
[  380044ms] [ERROR] Failed to load resource: net::ERR_CONNECTION_REFUSED @ http://localhost:8000/api/recording/status:0
[  385048ms] [ERROR] Failed to load resource: net::ERR_CONNECTION_REFUSED @ http://localhost:8000/api/recording/status:0
[  390044ms] [ERROR] Failed to load resource: net::ERR_CONNECTION_REFUSED @ http://localhost:8000/api/recording/status:0
[  395050ms] [ERROR] Failed to load resource: net::ERR_CONNECTION_REFUSED @ http://localhost:8000/api/recording/status:0
[  400044ms] [ERROR] Failed to load resource: net::ERR_CONNECTION_REFUSED @ http://localhost:8000/api/recording/status:0
[  404588ms] [WARNING] SSE: Error соединения @ http://localhost:8000/static/js/app.js:1160
[  404589ms] [ERROR] Failed to load resource: net::ERR_CONNECTION_REFUSED @ http://localhost:8000/api/events:0
[  405045ms] [ERROR] Failed to load resource: net::ERR_CONNECTION_REFUSED @ http://localhost:8000/api/recording/status:0
[  410044ms] [ERROR] Failed to load resource: net::ERR_CONNECTION_REFUSED @ http://localhost:8000/api/recording/status:0
[  415049ms] [ERROR] Failed to load resource: net::ERR_CONNECTION_REFUSED @ http://localhost:8000/api/recording/status:0
[  420045ms] [ERROR] Failed to load resource: net::ERR_CONNECTION_REFUSED @ http://localhost:8000/api/recording/status:0
[  425050ms] [ERROR] Failed to load resource: net::ERR_CONNECTION_REFUSED @ http://localhost:8000/api/recording/status:0
[  430044ms] [ERROR] Failed to load resource: net::ERR_CONNECTION_REFUSED @ http://localhost:8000/api/recording/status:0
[  435049ms] [ERROR] Failed to load resource: net::ERR_CONNECTION_REFUSED @ http://localhost:8000/api/recording/status:0
[  437335ms] [WARNING] SSE: Error соединения @ http://localhost:8000/static/js/app.js:1160
[  437335ms] [WARNING] SSE: Превышено количество попыток, переход на polling @ http://localhost:8000/static/js/app.js:1183
[  437335ms] [ERROR] Failed to load resource: net::ERR_CONNECTION_REFUSED @ http://localhost:8000/api/events:0
[  438339ms] [ERROR] Failed to load resource: net::ERR_CONNECTION_REFUSED @ http://localhost:8000/api/objects/System%20Overview?server=ee8d9159:0
[  438339ms] [ERROR] Error загрузки ee8d9159:overview: TypeError: Failed to fetch
    at fetchObjectData (http://localhost:8000/static/js/app.js:11898:28)
    at loadObjectData (http://localhost:8000/static/js/app.js:13556:28)
    at http://localhost:8000/static/js/app.js:1208:23 @ http://localhost:8000/static/js/app.js:13567
[  439338ms] [ERROR] Failed to load resource: net::ERR_CONNECTION_REFUSED @ http://localhost:8000/api/objects/System%20Overview?server=ee8d9159:0
[  439338ms] [ERROR] Error загрузки ee8d9159:overview: TypeError: Failed to fetch
    at fetchObjectData (http://localhost:8000/static/js/app.js:11898:28)
    at loadObjectData (http://localhost:8000/static/js/app.js:13556:28)
    at http://localhost:8000/static/js/app.js:1208:23 @ http://localhost:8000/static/js/app.js:13567
[  440042ms] [ERROR] Failed to load resource: net::ERR_CONNECTION_REFUSED @ http://localhost:8000/api/recording/status:0
[  440336ms] [ERROR] Failed to load resource: net::ERR_CONNECTION_REFUSED @ http://localhost:8000/api/objects/System%20Overview?server=ee8d9159:0
[  440336ms] [ERROR] Error загрузки ee8d9159:overview: TypeError: Failed to fetch
    at fetchObjectData (http://localhost:8000/static/js/app.js:11898:28)
    at loadObjectData (http://localhost:8000/static/js/app.js:13556:28)
    at http://localhost:8000/static/js/app.js:1208:23 @ http://localhost:8000/static/js/app.js:13567
[  441337ms] [ERROR] Failed to load resource: net::ERR_CONNECTION_REFUSED @ http://localhost:8000/api/objects/System%20Overview?server=ee8d9159:0
[  441337ms] [ERROR] Error загрузки ee8d9159:overview: TypeError: Failed to fetch
    at fetchObjectData (http://localhost:8000/static/js/app.js:11898:28)
    at loadObjectData (http://localhost:8000/static/js/app.js:13556:28)
    at http://localhost:8000/static/js/app.js:1208:23 @ http://localhost:8000/static/js/app.js:13567
[  442338ms] [ERROR] Failed to load resource: net::ERR_CONNECTION_REFUSED @ http://localhost:8000/api/objects/System%20Overview?server=ee8d9159:0
[  442338ms] [ERROR] Error загрузки ee8d9159:overview: TypeError: Failed to fetch
    at fetchObjectData (http://localhost:8000/static/js/app.js:11898:28)
    at loadObjectData (http://localhost:8000/static/js/app.js:13556:28)
    at http://localhost:8000/static/js/app.js:1208:23 @ http://localhost:8000/static/js/app.js:13567
[  443339ms] [ERROR] Failed to load resource: net::ERR_CONNECTION_REFUSED @ http://localhost:8000/api/servers:0
[  443339ms] [ERROR] Error обновления списка объектов: TypeError: Failed to fetch
    at fetchServers (http://localhost:8000/static/js/app.js:11824:28)
    at fetchObjects (http://localhost:8000/static/js/app.js:11831:31)
    at refreshObjectsList (http://localhost:8000/static/js/app.js:11879:28)
    at http://localhost:8000/static/js/app.js:1201:9 @ http://localhost:8000/static/js/app.js:11882
[  443340ms] [ERROR] Failed to load resource: net::ERR_CONNECTION_REFUSED @ http://localhost:8000/api/objects/System%20Overview?server=ee8d9159:0
[  443340ms] [ERROR] Error загрузки ee8d9159:overview: TypeError: Failed to fetch
    at fetchObjectData (http://localhost:8000/static/js/app.js:11898:28)
    at loadObjectData (http://localhost:8000/static/js/app.js:13556:28)
    at http://localhost:8000/static/js/app.js:1208:23 @ http://localhost:8000/static/js/app.js:13567
[  444338ms] [ERROR] Failed to load resource: net::ERR_CONNECTION_REFUSED @ http://localhost:8000/api/objects/System%20Overview?server=ee8d9159:0
[  444338ms] [ERROR] Error загрузки ee8d9159:overview: TypeError: Failed to fetch
    at fetchObjectData (http://localhost:8000/static/js/app.js:11898:28)
    at loadObjectData (http://localhost:8000/static/js/app.js:13556:28)
    at http://localhost:8000/static/js/app.js:1208:23 @ http://localhost:8000/static/js/app.js:13567
[  445044ms] [ERROR] Failed to load resource: net::ERR_CONNECTION_REFUSED @ http://localhost:8000/api/recording/status:0
[  445337ms] [ERROR] Failed to load resource: net::ERR_CONNECTION_REFUSED @ http://localhost:8000/api/objects/System%20Overview?server=ee8d9159:0
[  445337ms] [ERROR] Error загрузки ee8d9159:overview: TypeError: Failed to fetch
    at fetchObjectData (http://localhost:8000/static/js/app.js:11898:28)
    at loadObjectData (http://localhost:8000/static/js/app.js:13556:28)
    at http://localhost:8000/static/js/app.js:1208:23 @ http://localhost:8000/static/js/app.js:13567
[  446336ms] [ERROR] Failed to load resource: net::ERR_CONNECTION_REFUSED @ http://localhost:8000/api/objects/System%20Overview?server=ee8d9159:0
[  446337ms] [ERROR] Error загрузки ee8d9159:overview: TypeError: Failed to fetch
    at fetchObjectData (http://localhost:8000/static/js/app.js:11898:28)
    at loadObjectData (http://localhost:8000/static/js/app.js:13556:28)
    at http://localhost:8000/static/js/app.js:1208:23 @ http://localhost:8000/static/js/app.js:13567
[  447336ms] [ERROR] Failed to load resource: net::ERR_CONNECTION_REFUSED @ http://localhost:8000/api/objects/System%20Overview?server=ee8d9159:0
[  447336ms] [ERROR] Error загрузки ee8d9159:overview: TypeError: Failed to fetch
    at fetchObjectData (http://localhost:8000/static/js/app.js:11898:28)
    at loadObjectData (http://localhost:8000/static/js/app.js:13556:28)
    at http://localhost:8000/static/js/app.js:1208:23 @ http://localhost:8000/static/js/app.js:13567
[  448339ms] [ERROR] Failed to load resource: net::ERR_CONNECTION_REFUSED @ http://localhost:8000/api/objects/System%20Overview?server=ee8d9159:0
[  448339ms] [ERROR] Error загрузки ee8d9159:overview: TypeError: Failed to fetch
    at fetchObjectData (http://localhost:8000/static/js/app.js:11898:28)
    at loadObjectData (http://localhost:8000/static/js/app.js:13556:28)
    at http://localhost:8000/static/js/app.js:1208:23 @ http://localhost:8000/static/js/app.js:13567
[  449338ms] [ERROR] Failed to load resource: net::ERR_CONNECTION_REFUSED @ http://localhost:8000/api/servers:0
[  449339ms] [ERROR] Error обновления списка объектов: TypeError: Failed to fetch
    at fetchServers (http://localhost:8000/static/js/app.js:11824:28)
    at fetchObjects (http://localhost:8000/static/js/app.js:11831:31)
    at refreshObjectsList (http://localhost:8000/static/js/app.js:11879:28)
    at http://localhost:8000/static/js/app.js:1201:9 @ http://localhost:8000/static/js/app.js:11882
[  449339ms] [ERROR] Failed to load resource: net::ERR_CONNECTION_REFUSED @ http://localhost:8000/api/objects/System%20Overview?server=ee8d9159:0
[  449339ms] [ERROR] Error загрузки ee8d9159:overview: TypeError: Failed to fetch
    at fetchObjectData (http://localhost:8000/static/js/app.js:11898:28)
    at loadObjectData (http://localhost:8000/static/js/app.js:13556:28)
    at http://localhost:8000/static/js/app.js:1208:23 @ http://localhost:8000/static/js/app.js:13567
[  450044ms] [ERROR] Failed to load resource: net::ERR_CONNECTION_REFUSED @ http://localhost:8000/api/recording/status:0
[  450336ms] [ERROR] Failed to load resource: net::ERR_CONNECTION_REFUSED @ http://localhost:8000/api/objects/System%20Overview?server=ee8d9159:0
[  450336ms] [ERROR] Error загрузки ee8d9159:overview: TypeError: Failed to fetch
    at fetchObjectData (http://localhost:8000/static/js/app.js:11898:28)
    at loadObjectData (http://localhost:8000/static/js/app.js:13556:28)
    at http://localhost:8000/static/js/app.js:1208:23 @ http://localhost:8000/static/js/app.js:13567
[  451338ms] [ERROR] Failed to load resource: net::ERR_CONNECTION_REFUSED @ http://localhost:8000/api/objects/System%20Overview?server=ee8d9159:0
[  451338ms] [ERROR] Error загрузки ee8d9159:overview: TypeError: Failed to fetch
    at fetchObjectData (http://localhost:8000/static/js/app.js:11898:28)
    at loadObjectData (http://localhost:8000/static/js/app.js:13556:28)
    at http://localhost:8000/static/js/app.js:1208:23 @ http://localhost:8000/static/js/app.js:13567
[  452336ms] [ERROR] Failed to load resource: net::ERR_CONNECTION_REFUSED @ http://localhost:8000/api/objects/System%20Overview?server=ee8d9159:0
[  452336ms] [ERROR] Error загрузки ee8d9159:overview: TypeError: Failed to fetch
    at fetchObjectData (http://localhost:8000/static/js/app.js:11898:28)
    at loadObjectData (http://localhost:8000/static/js/app.js:13556:28)
    at http://localhost:8000/static/js/app.js:1208:23 @ http://localhost:8000/static/js/app.js:13567
[  453338ms] [ERROR] Failed to load resource: net::ERR_CONNECTION_REFUSED @ http://localhost:8000/api/objects/System%20Overview?server=ee8d9159:0
[  453338ms] [ERROR] Error загрузки ee8d9159:overview: TypeError: Failed to fetch
    at fetchObjectData (http://localhost:8000/static/js/app.js:11898:28)
    at loadObjectData (http://localhost:8000/static/js/app.js:13556:28)
    at http://localhost:8000/static/js/app.js:1208:23 @ http://localhost:8000/static/js/app.js:13567
[  454338ms] [ERROR] Failed to load resource: net::ERR_CONNECTION_REFUSED @ http://localhost:8000/api/objects/System%20Overview?server=ee8d9159:0
[  454338ms] [ERROR] Error загрузки ee8d9159:overview: TypeError: Failed to fetch
    at fetchObjectData (http://localhost:8000/static/js/app.js:11898:28)
    at loadObjectData (http://localhost:8000/static/js/app.js:13556:28)
    at http://localhost:8000/static/js/app.js:1208:23 @ http://localhost:8000/static/js/app.js:13567
[  455044ms] [ERROR] Failed to load resource: net::ERR_CONNECTION_REFUSED @ http://localhost:8000/api/recording/status:0
[  455336ms] [ERROR] Failed to load resource: net::ERR_CONNECTION_REFUSED @ http://localhost:8000/api/servers:0
[  455336ms] [ERROR] Error обновления списка объектов: TypeError: Failed to fetch
    at fetchServers (http://localhost:8000/static/js/app.js:11824:28)
    at fetchObjects (http://localhost:8000/static/js/app.js:11831:31)
    at refreshObjectsList (http://localhost:8000/static/js/app.js:11879:28)
    at http://localhost:8000/static/js/app.js:1201:9 @ http://localhost:8000/static/js/app.js:11882
[  455336ms] [ERROR] Failed to load resource: net::ERR_CONNECTION_REFUSED @ http://localhost:8000/api/objects/System%20Overview?server=ee8d9159:0
[  455336ms] [ERROR] Error загрузки ee8d9159:overview: TypeError: Failed to fetch
    at fetchObjectData (http://localhost:8000/static/js/app.js:11898:28)
    at loadObjectData (http://localhost:8000/static/js/app.js:13556:28)
    at http://localhost:8000/static/js/app.js:1208:23 @ http://localhost:8000/static/js/app.js:13567
[  456337ms] [ERROR] Failed to load resource: net::ERR_CONNECTION_REFUSED @ http://localhost:8000/api/objects/System%20Overview?server=ee8d9159:0
[  456337ms] [ERROR] Error загрузки ee8d9159:overview: TypeError: Failed to fetch
    at fetchObjectData (http://localhost:8000/static/js/app.js:11898:28)
    at loadObjectData (http://localhost:8000/static/js/app.js:13556:28)
    at http://localhost:8000/static/js/app.js:1208:23 @ http://localhost:8000/static/js/app.js:13567
[  457336ms] [ERROR] Failed to load resource: net::ERR_CONNECTION_REFUSED @ http://localhost:8000/api/objects/System%20Overview?server=ee8d9159:0
[  457336ms] [ERROR] Error загрузки ee8d9159:overview: TypeError: Failed to fetch
    at fetchObjectData (http://localhost:8000/static/js/app.js:11898:28)
    at loadObjectData (http://localhost:8000/static/js/app.js:13556:28)
    at http://localhost:8000/static/js/app.js:1208:23 @ http://localhost:8000/static/js/app.js:13567
[  458337ms] [ERROR] Failed to load resource: net::ERR_CONNECTION_REFUSED @ http://localhost:8000/api/objects/System%20Overview?server=ee8d9159:0
[  458337ms] [ERROR] Error загрузки ee8d9159:overview: TypeError: Failed to fetch
    at fetchObjectData (http://localhost:8000/static/js/app.js:11898:28)
    at loadObjectData (http://localhost:8000/static/js/app.js:13556:28)
    at http://localhost:8000/static/js/app.js:1208:23 @ http://localhost:8000/static/js/app.js:13567
[  459336ms] [ERROR] Failed to load resource: net::ERR_CONNECTION_REFUSED @ http://localhost:8000/api/objects/System%20Overview?server=ee8d9159:0
[  459336ms] [ERROR] Error загрузки ee8d9159:overview: TypeError: Failed to fetch
    at fetchObjectData (http://localhost:8000/static/js/app.js:11898:28)
    at loadObjectData (http://localhost:8000/static/js/app.js:13556:28)
    at http://localhost:8000/static/js/app.js:1208:23 @ http://localhost:8000/static/js/app.js:13567
[  460042ms] [ERROR] Failed to load resource: net::ERR_CONNECTION_REFUSED @ http://localhost:8000/api/recording/status:0
[  460336ms] [ERROR] Failed to load resource: net::ERR_CONNECTION_REFUSED @ http://localhost:8000/api/objects/System%20Overview?server=ee8d9159:0
[  460336ms] [ERROR] Error загрузки ee8d9159:overview: TypeError: Failed to fetch
    at fetchObjectData (http://localhost:8000/static/js/app.js:11898:28)
    at loadObjectData (http://localhost:8000/static/js/app.js:13556:28)
    at http://localhost:8000/static/js/app.js:1208:23 @ http://localhost:8000/static/js/app.js:13567
[  461337ms] [ERROR] Failed to load resource: net::ERR_CONNECTION_REFUSED @ http://localhost:8000/api/servers:0
[  461337ms] [ERROR] Error обновления списка объектов: TypeError: Failed to fetch
    at fetchServers (http://localhost:8000/static/js/app.js:11824:28)
    at fetchObjects (http://localhost:8000/static/js/app.js:11831:31)
    at refreshObjectsList (http://localhost:8000/static/js/app.js:11879:28)
    at http://localhost:8000/static/js/app.js:1201:9 @ http://localhost:8000/static/js/app.js:11882
[  461338ms] [ERROR] Failed to load resource: net::ERR_CONNECTION_REFUSED @ http://localhost:8000/api/objects/System%20Overview?server=ee8d9159:0
[  461338ms] [ERROR] Error загрузки ee8d9159:overview: TypeError: Failed to fetch
    at fetchObjectData (http://localhost:8000/static/js/app.js:11898:28)
    at loadObjectData (http://localhost:8000/static/js/app.js:13556:28)
    at http://localhost:8000/static/js/app.js:1208:23 @ http://localhost:8000/static/js/app.js:13567
[  462336ms] [ERROR] Failed to load resource: net::ERR_CONNECTION_REFUSED @ http://localhost:8000/api/objects/System%20Overview?server=ee8d9159:0
[  462336ms] [ERROR] Error загрузки ee8d9159:overview: TypeError: Failed to fetch
    at fetchObjectData (http://localhost:8000/static/js/app.js:11898:28)
    at loadObjectData (http://localhost:8000/static/js/app.js:13556:28)
    at http://localhost:8000/static/js/app.js:1208:23 @ http://localhost:8000/static/js/app.js:13567
[  463338ms] [ERROR] Failed to load resource: net::ERR_CONNECTION_REFUSED @ http://localhost:8000/api/objects/System%20Overview?server=ee8d9159:0
[  463338ms] [ERROR] Error загрузки ee8d9159:overview: TypeError: Failed to fetch
    at fetchObjectData (http://localhost:8000/static/js/app.js:11898:28)
    at loadObjectData (http://localhost:8000/static/js/app.js:13556:28)
    at http://localhost:8000/static/js/app.js:1208:23 @ http://localhost:8000/static/js/app.js:13567
[  464337ms] [ERROR] Failed to load resource: net::ERR_CONNECTION_REFUSED @ http://localhost:8000/api/objects/System%20Overview?server=ee8d9159:0
[  464337ms] [ERROR] Error загрузки ee8d9159:overview: TypeError: Failed to fetch
    at fetchObjectData (http://localhost:8000/static/js/app.js:11898:28)
    at loadObjectData (http://localhost:8000/static/js/app.js:13556:28)
    at http://localhost:8000/static/js/app.js:1208:23 @ http://localhost:8000/static/js/app.js:13567
[  465043ms] [ERROR] Failed to load resource: net::ERR_CONNECTION_REFUSED @ http://localhost:8000/api/recording/status:0
[  465336ms] [ERROR] Failed to load resource: net::ERR_CONNECTION_REFUSED @ http://localhost:8000/api/objects/System%20Overview?server=ee8d9159:0
[  465336ms] [ERROR] Error загрузки ee8d9159:overview: TypeError: Failed to fetch
    at fetchObjectData (http://localhost:8000/static/js/app.js:11898:28)
    at loadObjectData (http://localhost:8000/static/js/app.js:13556:28)
    at http://localhost:8000/static/js/app.js:1208:23 @ http://localhost:8000/static/js/app.js:13567
[  466337ms] [ERROR] Failed to load resource: net::ERR_CONNECTION_REFUSED @ http://localhost:8000/api/objects/System%20Overview?server=ee8d9159:0
[  466337ms] [ERROR] Error загрузки ee8d9159:overview: TypeError: Failed to fetch
    at fetchObjectData (http://localhost:8000/static/js/app.js:11898:28)
    at loadObjectData (http://localhost:8000/static/js/app.js:13556:28)
    at http://localhost:8000/static/js/app.js:1208:23 @ http://localhost:8000/static/js/app.js:13567
[  467337ms] [ERROR] Failed to load resource: net::ERR_CONNECTION_REFUSED @ http://localhost:8000/api/servers:0
[  467337ms] [ERROR] Error обновления списка объектов: TypeError: Failed to fetch
    at fetchServers (http://localhost:8000/static/js/app.js:11824:28)
    at fetchObjects (http://localhost:8000/static/js/app.js:11831:31)
    at refreshObjectsList (http://localhost:8000/static/js/app.js:11879:28)
    at http://localhost:8000/static/js/app.js:1201:9 @ http://localhost:8000/static/js/app.js:11882
[  467338ms] [ERROR] Failed to load resource: net::ERR_CONNECTION_REFUSED @ http://localhost:8000/api/objects/System%20Overview?server=ee8d9159:0
[  467338ms] [ERROR] Error загрузки ee8d9159:overview: TypeError: Failed to fetch
    at fetchObjectData (http://localhost:8000/static/js/app.js:11898:28)
    at loadObjectData (http://localhost:8000/static/js/app.js:13556:28)
    at http://localhost:8000/static/js/app.js:1208:23 @ http://localhost:8000/static/js/app.js:13567
[  467338ms] [ERROR] Failed to load resource: net::ERR_CONNECTION_REFUSED @ http://localhost:8000/api/version:0
[  468338ms] [ERROR] Failed to load resource: net::ERR_CONNECTION_REFUSED @ http://localhost:8000/api/objects/System%20Overview?server=ee8d9159:0
[  468338ms] [ERROR] Error загрузки ee8d9159:overview: TypeError: Failed to fetch
    at fetchObjectData (http://localhost:8000/static/js/app.js:11898:28)
    at loadObjectData (http://localhost:8000/static/js/app.js:13556:28)
    at http://localhost:8000/static/js/app.js:1208:23 @ http://localhost:8000/static/js/app.js:13567
[  469338ms] [ERROR] Failed to load resource: net::ERR_CONNECTION_REFUSED @ http://localhost:8000/api/objects/System%20Overview?server=ee8d9159:0
[  469338ms] [ERROR] Error загрузки ee8d9159:overview: TypeError: Failed to fetch
    at fetchObjectData (http://localhost:8000/static/js/app.js:11898:28)
    at loadObjectData (http://localhost:8000/static/js/app.js:13556:28)
    at http://localhost:8000/static/js/app.js:1208:23 @ http://localhost:8000/static/js/app.js:13567
[  470042ms] [ERROR] Failed to load resource: net::ERR_CONNECTION_REFUSED @ http://localhost:8000/api/recording/status:0
[  470336ms] [ERROR] Failed to load resource: net::ERR_CONNECTION_REFUSED @ http://localhost:8000/api/objects/System%20Overview?server=ee8d9159:0
[  470336ms] [ERROR] Error загрузки ee8d9159:overview: TypeError: Failed to fetch
    at fetchObjectData (http://localhost:8000/static/js/app.js:11898:28)
    at loadObjectData (http://localhost:8000/static/js/app.js:13556:28)
    at http://localhost:8000/static/js/app.js:1208:23 @ http://localhost:8000/static/js/app.js:13567
[  471336ms] [ERROR] Failed to load resource: net::ERR_CONNECTION_REFUSED @ http://localhost:8000/api/objects/System%20Overview?server=ee8d9159:0
[  471336ms] [ERROR] Error загрузки ee8d9159:overview: TypeError: Failed to fetch
    at fetchObjectData (http://localhost:8000/static/js/app.js:11898:28)
    at loadObjectData (http://localhost:8000/static/js/app.js:13556:28)
    at http://localhost:8000/static/js/app.js:1208:23 @ http://localhost:8000/static/js/app.js:13567
[  472338ms] [ERROR] Failed to load resource: net::ERR_CONNECTION_REFUSED @ http://localhost:8000/api/objects/System%20Overview?server=ee8d9159:0
[  472339ms] [ERROR] Error загрузки ee8d9159:overview: TypeError: Failed to fetch
    at fetchObjectData (http://localhost:8000/static/js/app.js:11898:28)
    at loadObjectData (http://localhost:8000/static/js/app.js:13556:28)
    at http://localhost:8000/static/js/app.js:1208:23 @ http://localhost:8000/static/js/app.js:13567
[  473339ms] [ERROR] Failed to load resource: net::ERR_CONNECTION_REFUSED @ http://localhost:8000/api/servers:0
[  473339ms] [ERROR] Error обновления списка объектов: TypeError: Failed to fetch
    at fetchServers (http://localhost:8000/static/js/app.js:11824:28)
    at fetchObjects (http://localhost:8000/static/js/app.js:11831:31)
    at refreshObjectsList (http://localhost:8000/static/js/app.js:11879:28)
    at http://localhost:8000/static/js/app.js:1201:9 @ http://localhost:8000/static/js/app.js:11882
[  473339ms] [ERROR] Failed to load resource: net::ERR_CONNECTION_REFUSED @ http://localhost:8000/api/objects/System%20Overview?server=ee8d9159:0
[  473339ms] [ERROR] Error загрузки ee8d9159:overview: TypeError: Failed to fetch
    at fetchObjectData (http://localhost:8000/static/js/app.js:11898:28)
    at loadObjectData (http://localhost:8000/static/js/app.js:13556:28)
    at http://localhost:8000/static/js/app.js:1208:23 @ http://localhost:8000/static/js/app.js:13567
[  474339ms] [ERROR] Failed to load resource: net::ERR_CONNECTION_REFUSED @ http://localhost:8000/api/objects/System%20Overview?server=ee8d9159:0
[  474339ms] [ERROR] Error загрузки ee8d9159:overview: TypeError: Failed to fetch
    at fetchObjectData (http://localhost:8000/static/js/app.js:11898:28)
    at loadObjectData (http://localhost:8000/static/js/app.js:13556:28)
    at http://localhost:8000/static/js/app.js:1208:23 @ http://localhost:8000/static/js/app.js:13567
[  475043ms] [ERROR] Failed to load resource: net::ERR_CONNECTION_REFUSED @ http://localhost:8000/api/recording/status:0
[  475336ms] [ERROR] Failed to load resource: net::ERR_CONNECTION_REFUSED @ http://localhost:8000/api/objects/System%20Overview?server=ee8d9159:0
[  475336ms] [ERROR] Error загрузки ee8d9159:overview: TypeError: Failed to fetch
    at fetchObjectData (http://localhost:8000/static/js/app.js:11898:28)
    at loadObjectData (http://localhost:8000/static/js/app.js:13556:28)
    at http://localhost:8000/static/js/app.js:1208:23 @ http://localhost:8000/static/js/app.js:13567
[  476337ms] [ERROR] Failed to load resource: net::ERR_CONNECTION_REFUSED @ http://localhost:8000/api/objects/System%20Overview?server=ee8d9159:0
[  476338ms] [ERROR] Error загрузки ee8d9159:overview: TypeError: Failed to fetch
    at fetchObjectData (http://localhost:8000/static/js/app.js:11898:28)
    at loadObjectData (http://localhost:8000/static/js/app.js:13556:28)
    at http://localhost:8000/static/js/app.js:1208:23 @ http://localhost:8000/static/js/app.js:13567
[  477339ms] [ERROR] Failed to load resource: net::ERR_CONNECTION_REFUSED @ http://localhost:8000/api/objects/System%20Overview?server=ee8d9159:0
[  477339ms] [ERROR] Error загрузки ee8d9159:overview: TypeError: Failed to fetch
    at fetchObjectData (http://localhost:8000/static/js/app.js:11898:28)
    at loadObjectData (http://localhost:8000/static/js/app.js:13556:28)
    at http://localhost:8000/static/js/app.js:1208:23 @ http://localhost:8000/static/js/app.js:13567
[  478338ms] [ERROR] Failed to load resource: net::ERR_CONNECTION_REFUSED @ http://localhost:8000/api/objects/System%20Overview?server=ee8d9159:0
[  478338ms] [ERROR] Error загрузки ee8d9159:overview: TypeError: Failed to fetch
    at fetchObjectData (http://localhost:8000/static/js/app.js:11898:28)
    at loadObjectData (http://localhost:8000/static/js/app.js:13556:28)
    at http://localhost:8000/static/js/app.js:1208:23 @ http://localhost:8000/static/js/app.js:13567
[  479336ms] [ERROR] Failed to load resource: net::ERR_CONNECTION_REFUSED @ http://localhost:8000/api/servers:0
[  479336ms] [ERROR] Error обновления списка объектов: TypeError: Failed to fetch
    at fetchServers (http://localhost:8000/static/js/app.js:11824:28)
    at fetchObjects (http://localhost:8000/static/js/app.js:11831:31)
    at refreshObjectsList (http://localhost:8000/static/js/app.js:11879:28)
    at http://localhost:8000/static/js/app.js:1201:9 @ http://localhost:8000/static/js/app.js:11882
[  479337ms] [ERROR] Failed to load resource: net::ERR_CONNECTION_REFUSED @ http://localhost:8000/api/objects/System%20Overview?server=ee8d9159:0
[  479337ms] [ERROR] Error загрузки ee8d9159:overview: TypeError: Failed to fetch
    at fetchObjectData (http://localhost:8000/static/js/app.js:11898:28)
    at loadObjectData (http://localhost:8000/static/js/app.js:13556:28)
    at http://localhost:8000/static/js/app.js:1208:23 @ http://localhost:8000/static/js/app.js:13567
[  480043ms] [ERROR] Failed to load resource: net::ERR_CONNECTION_REFUSED @ http://localhost:8000/api/recording/status:0
[  480336ms] [ERROR] Failed to load resource: net::ERR_CONNECTION_REFUSED @ http://localhost:8000/api/objects/System%20Overview?server=ee8d9159:0
[  480336ms] [ERROR] Error загрузки ee8d9159:overview: TypeError: Failed to fetch
    at fetchObjectData (http://localhost:8000/static/js/app.js:11898:28)
    at loadObjectData (http://localhost:8000/static/js/app.js:13556:28)
    at http://localhost:8000/static/js/app.js:1208:23 @ http://localhost:8000/static/js/app.js:13567
[  481337ms] [ERROR] Failed to load resource: net::ERR_CONNECTION_REFUSED @ http://localhost:8000/api/objects/System%20Overview?server=ee8d9159:0
[  481337ms] [ERROR] Error загрузки ee8d9159:overview: TypeError: Failed to fetch
    at fetchObjectData (http://localhost:8000/static/js/app.js:11898:28)
    at loadObjectData (http://localhost:8000/static/js/app.js:13556:28)
    at http://localhost:8000/static/js/app.js:1208:23 @ http://localhost:8000/static/js/app.js:13567
[  482338ms] [ERROR] Failed to load resource: net::ERR_CONNECTION_REFUSED @ http://localhost:8000/api/objects/System%20Overview?server=ee8d9159:0
[  482338ms] [ERROR] Error загрузки ee8d9159:overview: TypeError: Failed to fetch
    at fetchObjectData (http://localhost:8000/static/js/app.js:11898:28)
    at loadObjectData (http://localhost:8000/static/js/app.js:13556:28)
    at http://localhost:8000/static/js/app.js:1208:23 @ http://localhost:8000/static/js/app.js:13567
[  483336ms] [ERROR] Failed to load resource: net::ERR_CONNECTION_REFUSED @ http://localhost:8000/api/objects/System%20Overview?server=ee8d9159:0
[  483336ms] [ERROR] Error загрузки ee8d9159:overview: TypeError: Failed to fetch
    at fetchObjectData (http://localhost:8000/static/js/app.js:11898:28)
    at loadObjectData (http://localhost:8000/static/js/app.js:13556:28)
    at http://localhost:8000/static/js/app.js:1208:23 @ http://localhost:8000/static/js/app.js:13567
[  484337ms] [ERROR] Failed to load resource: net::ERR_CONNECTION_REFUSED @ http://localhost:8000/api/objects/System%20Overview?server=ee8d9159:0
[  484337ms] [ERROR] Error загрузки ee8d9159:overview: TypeError: Failed to fetch
    at fetchObjectData (http://localhost:8000/static/js/app.js:11898:28)
    at loadObjectData (http://localhost:8000/static/js/app.js:13556:28)
    at http://localhost:8000/static/js/app.js:1208:23 @ http://localhost:8000/static/js/app.js:13567
[  485045ms] [ERROR] Failed to load resource: net::ERR_CONNECTION_REFUSED @ http://localhost:8000/api/recording/status:0
[  485338ms] [ERROR] Failed to load resource: net::ERR_CONNECTION_REFUSED @ http://localhost:8000/api/servers:0
[  485338ms] [ERROR] Error обновления списка объектов: TypeError: Failed to fetch
    at fetchServers (http://localhost:8000/static/js/app.js:11824:28)
    at fetchObjects (http://localhost:8000/static/js/app.js:11831:31)
    at refreshObjectsList (http://localhost:8000/static/js/app.js:11879:28)
    at http://localhost:8000/static/js/app.js:1201:9 @ http://localhost:8000/static/js/app.js:11882
[  485338ms] [ERROR] Failed to load resource: net::ERR_CONNECTION_REFUSED @ http://localhost:8000/api/objects/System%20Overview?server=ee8d9159:0
[  485338ms] [ERROR] Error загрузки ee8d9159:overview: TypeError: Failed to fetch
    at fetchObjectData (http://localhost:8000/static/js/app.js:11898:28)
    at loadObjectData (http://localhost:8000/static/js/app.js:13556:28)
    at http://localhost:8000/static/js/app.js:1208:23 @ http://localhost:8000/static/js/app.js:13567
[  486337ms] [ERROR] Failed to load resource: net::ERR_CONNECTION_REFUSED @ http://localhost:8000/api/objects/System%20Overview?server=ee8d9159:0
[  486337ms] [ERROR] Error загрузки ee8d9159:overview: TypeError: Failed to fetch
    at fetchObjectData (http://localhost:8000/static/js/app.js:11898:28)
    at loadObjectData (http://localhost:8000/static/js/app.js:13556:28)
    at http://localhost:8000/static/js/app.js:1208:23 @ http://localhost:8000/static/js/app.js:13567
[  487337ms] [ERROR] Failed to load resource: net::ERR_CONNECTION_REFUSED @ http://localhost:8000/api/objects/System%20Overview?server=ee8d9159:0
[  487338ms] [ERROR] Error загрузки ee8d9159:overview: TypeError: Failed to fetch
    at fetchObjectData (http://localhost:8000/static/js/app.js:11898:28)
    at loadObjectData (http://localhost:8000/static/js/app.js:13556:28)
    at http://localhost:8000/static/js/app.js:1208:23 @ http://localhost:8000/static/js/app.js:13567
[  488336ms] [ERROR] Failed to load resource: net::ERR_CONNECTION_REFUSED @ http://localhost:8000/api/objects/System%20Overview?server=ee8d9159:0
[  488336ms] [ERROR] Error загрузки ee8d9159:overview: TypeError: Failed to fetch
    at fetchObjectData (http://localhost:8000/static/js/app.js:11898:28)
    at loadObjectData (http://localhost:8000/static/js/app.js:13556:28)
    at http://localhost:8000/static/js/app.js:1208:23 @ http://localhost:8000/static/js/app.js:13567
[  489337ms] [ERROR] Failed to load resource: net::ERR_CONNECTION_REFUSED @ http://localhost:8000/api/objects/System%20Overview?server=ee8d9159:0
[  489337ms] [ERROR] Error загрузки ee8d9159:overview: TypeError: Failed to fetch
    at fetchObjectData (http://localhost:8000/static/js/app.js:11898:28)
    at loadObjectData (http://localhost:8000/static/js/app.js:13556:28)
    at http://localhost:8000/static/js/app.js:1208:23 @ http://localhost:8000/static/js/app.js:13567
[  490044ms] [ERROR] Failed to load resource: net::ERR_CONNECTION_REFUSED @ http://localhost:8000/api/recording/status:0
[  490336ms] [ERROR] Failed to load resource: net::ERR_CONNECTION_REFUSED @ http://localhost:8000/api/objects/System%20Overview?server=ee8d9159:0
[  490336ms] [ERROR] Error загрузки ee8d9159:overview: TypeError: Failed to fetch
    at fetchObjectData (http://localhost:8000/static/js/app.js:11898:28)
    at loadObjectData (http://localhost:8000/static/js/app.js:13556:28)
    at http://localhost:8000/static/js/app.js:1208:23 @ http://localhost:8000/static/js/app.js:13567
[  491337ms] [ERROR] Failed to load resource: net::ERR_CONNECTION_REFUSED @ http://localhost:8000/api/servers:0
[  491337ms] [ERROR] Error обновления списка объектов: TypeError: Failed to fetch
    at fetchServers (http://localhost:8000/static/js/app.js:11824:28)
    at fetchObjects (http://localhost:8000/static/js/app.js:11831:31)
    at refreshObjectsList (http://localhost:8000/static/js/app.js:11879:28)
    at http://localhost:8000/static/js/app.js:1201:9 @ http://localhost:8000/static/js/app.js:11882
[  491338ms] [ERROR] Failed to load resource: net::ERR_CONNECTION_REFUSED @ http://localhost:8000/api/objects/System%20Overview?server=ee8d9159:0
[  491338ms] [ERROR] Error загрузки ee8d9159:overview: TypeError: Failed to fetch
    at fetchObjectData (http://localhost:8000/static/js/app.js:11898:28)
    at loadObjectData (http://localhost:8000/static/js/app.js:13556:28)
    at http://localhost:8000/static/js/app.js:1208:23 @ http://localhost:8000/static/js/app.js:13567
[  492338ms] [ERROR] Failed to load resource: net::ERR_CONNECTION_REFUSED @ http://localhost:8000/api/objects/System%20Overview?server=ee8d9159:0
[  492338ms] [ERROR] Error загрузки ee8d9159:overview: TypeError: Failed to fetch
    at fetchObjectData (http://localhost:8000/static/js/app.js:11898:28)
    at loadObjectData (http://localhost:8000/static/js/app.js:13556:28)
    at http://localhost:8000/static/js/app.js:1208:23 @ http://localhost:8000/static/js/app.js:13567
[  493338ms] [ERROR] Failed to load resource: net::ERR_CONNECTION_REFUSED @ http://localhost:8000/api/objects/System%20Overview?server=ee8d9159:0
[  493339ms] [ERROR] Error загрузки ee8d9159:overview: TypeError: Failed to fetch
    at fetchObjectData (http://localhost:8000/static/js/app.js:11898:28)
    at loadObjectData (http://localhost:8000/static/js/app.js:13556:28)
    at http://localhost:8000/static/js/app.js:1208:23 @ http://localhost:8000/static/js/app.js:13567
[  493648ms] [ERROR] Failed to load resource: net::ERR_CONNECTION_REFUSED @ http://localhost:8000/api/servers/ee8d9159/overview?selected=ControlProc:0
[  494338ms] [ERROR] Failed to load resource: net::ERR_CONNECTION_REFUSED @ http://localhost:8000/api/objects/System%20Overview?server=ee8d9159:0
[  494339ms] [ERROR] Error загрузки ee8d9159:overview: TypeError: Failed to fetch
    at fetchObjectData (http://localhost:8000/static/js/app.js:11898:28)
    at loadObjectData (http://localhost:8000/static/js/app.js:13556:28)
    at http://localhost:8000/static/js/app.js:1208:23 @ http://localhost:8000/static/js/app.js:13567
[  495042ms] [ERROR] Failed to load resource: net::ERR_CONNECTION_REFUSED @ http://localhost:8000/api/recording/status:0
[  495336ms] [ERROR] Failed to load resource: net::ERR_CONNECTION_REFUSED @ http://localhost:8000/api/objects/System%20Overview?server=ee8d9159:0
[  495336ms] [ERROR] Error загрузки ee8d9159:overview: TypeError: Failed to fetch
    at fetchObjectData (http://localhost:8000/static/js/app.js:11898:28)
    at loadObjectData (http://localhost:8000/static/js/app.js:13556:28)
    at http://localhost:8000/static/js/app.js:1208:23 @ http://localhost:8000/static/js/app.js:13567
[  495914ms] [ERROR] Failed to load resource: net::ERR_CONNECTION_REFUSED @ http://localhost:8000/api/servers/ee8d9159/overview?selected=ControlProc,LogicProc:0
[  496337ms] [ERROR] Failed to load resource: net::ERR_CONNECTION_REFUSED @ http://localhost:8000/api/objects/System%20Overview?server=ee8d9159:0
[  496337ms] [ERROR] Error загрузки ee8d9159:overview: TypeError: Failed to fetch
    at fetchObjectData (http://localhost:8000/static/js/app.js:11898:28)
    at loadObjectData (http://localhost:8000/static/js/app.js:13556:28)
    at http://localhost:8000/static/js/app.js:1208:23 @ http://localhost:8000/static/js/app.js:13567
[  497340ms] [ERROR] Failed to load resource: net::ERR_CONNECTION_REFUSED @ http://localhost:8000/api/servers:0
[  497340ms] [ERROR] Error обновления списка объектов: TypeError: Failed to fetch
    at fetchServers (http://localhost:8000/static/js/app.js:11824:28)
    at fetchObjects (http://localhost:8000/static/js/app.js:11831:31)
    at refreshObjectsList (http://localhost:8000/static/js/app.js:11879:28)
    at http://localhost:8000/static/js/app.js:1201:9 @ http://localhost:8000/static/js/app.js:11882
[  497342ms] [ERROR] Failed to load resource: net::ERR_CONNECTION_REFUSED @ http://localhost:8000/api/objects/System%20Overview?server=ee8d9159:0
[  497342ms] [ERROR] Error загрузки ee8d9159:overview: TypeError: Failed to fetch
    at fetchObjectData (http://localhost:8000/static/js/app.js:11898:28)
    at loadObjectData (http://localhost:8000/static/js/app.js:13556:28)
    at http://localhost:8000/static/js/app.js:1208:23 @ http://localhost:8000/static/js/app.js:13567
[  497342ms] [ERROR] Failed to load resource: net::ERR_CONNECTION_REFUSED @ http://localhost:8000/api/version:0
[  498338ms] [ERROR] Failed to load resource: net::ERR_CONNECTION_REFUSED @ http://localhost:8000/api/objects/System%20Overview?server=ee8d9159:0
[  498339ms] [ERROR] Error загрузки ee8d9159:overview: TypeError: Failed to fetch
    at fetchObjectData (http://localhost:8000/static/js/app.js:11898:28)
    at loadObjectData (http://localhost:8000/static/js/app.js:13556:28)
    at http://localhost:8000/static/js/app.js:1208:23 @ http://localhost:8000/static/js/app.js:13567
[  499133ms] [ERROR] Failed to load resource: net::ERR_CONNECTION_REFUSED @ http://localhost:8000/api/servers/ee8d9159/overview?selected=ControlProc,LogicProc:0
[  499337ms] [ERROR] Failed to load resource: net::ERR_CONNECTION_REFUSED @ http://localhost:8000/api/objects/System%20Overview?server=ee8d9159:0
[  499337ms] [ERROR] Error загрузки ee8d9159:overview: TypeError: Failed to fetch
    at fetchObjectData (http://localhost:8000/static/js/app.js:11898:28)
    at loadObjectData (http://localhost:8000/static/js/app.js:13556:28)
    at http://localhost:8000/static/js/app.js:1208:23 @ http://localhost:8000/static/js/app.js:13567
[  500042ms] [ERROR] Failed to load resource: net::ERR_CONNECTION_REFUSED @ http://localhost:8000/api/recording/status:0
[  500336ms] [ERROR] Failed to load resource: net::ERR_CONNECTION_REFUSED @ http://localhost:8000/api/objects/System%20Overview?server=ee8d9159:0
[  500336ms] [ERROR] Error загрузки ee8d9159:overview: TypeError: Failed to fetch
    at fetchObjectData (http://localhost:8000/static/js/app.js:11898:28)
    at loadObjectData (http://localhost:8000/static/js/app.js:13556:28)
    at http://localhost:8000/static/js/app.js:1208:23 @ http://localhost:8000/static/js/app.js:13567
[  501337ms] [ERROR] Failed to load resource: net::ERR_CONNECTION_REFUSED @ http://localhost:8000/api/objects/System%20Overview?server=ee8d9159:0
[  501337ms] [ERROR] Error загрузки ee8d9159:overview: TypeError: Failed to fetch
    at fetchObjectData (http://localhost:8000/static/js/app.js:11898:28)
    at loadObjectData (http://localhost:8000/static/js/app.js:13556:28)
    at http://localhost:8000/static/js/app.js:1208:23 @ http://localhost:8000/static/js/app.js:13567
[  501569ms] [ERROR] Failed to load resource: net::ERR_CONNECTION_REFUSED @ http://localhost:8000/api/servers/ee8d9159/overview?selected=ControlProc,LogicProc,StorageProc:0
[  502338ms] [ERROR] Failed to load resource: net::ERR_CONNECTION_REFUSED @ http://localhost:8000/api/objects/System%20Overview?server=ee8d9159:0
[  502339ms] [ERROR] Error загрузки ee8d9159:overview: TypeError: Failed to fetch
    at fetchObjectData (http://localhost:8000/static/js/app.js:11898:28)
    at loadObjectData (http://localhost:8000/static/js/app.js:13556:28)
    at http://localhost:8000/static/js/app.js:1208:23 @ http://localhost:8000/static/js/app.js:13567
[  503336ms] [ERROR] Failed to load resource: net::ERR_CONNECTION_REFUSED @ http://localhost:8000/api/servers:0
[  503336ms] [ERROR] Error обновления списка объектов: TypeError: Failed to fetch
    at fetchServers (http://localhost:8000/static/js/app.js:11824:28)
    at fetchObjects (http://localhost:8000/static/js/app.js:11831:31)
    at refreshObjectsList (http://localhost:8000/static/js/app.js:11879:28)
    at http://localhost:8000/static/js/app.js:1201:9 @ http://localhost:8000/static/js/app.js:11882
[  503337ms] [ERROR] Failed to load resource: net::ERR_CONNECTION_REFUSED @ http://localhost:8000/api/objects/System%20Overview?server=ee8d9159:0
[  503337ms] [ERROR] Error загрузки ee8d9159:overview: TypeError: Failed to fetch
    at fetchObjectData (http://localhost:8000/static/js/app.js:11898:28)
    at loadObjectData (http://localhost:8000/static/js/app.js:13556:28)
    at http://localhost:8000/static/js/app.js:1208:23 @ http://localhost:8000/static/js/app.js:13567
[  504338ms] [ERROR] Failed to load resource: net::ERR_CONNECTION_REFUSED @ http://localhost:8000/api/objects/System%20Overview?server=ee8d9159:0
[  504339ms] [ERROR] Error загрузки ee8d9159:overview: TypeError: Failed to fetch
    at fetchObjectData (http://localhost:8000/static/js/app.js:11898:28)
    at loadObjectData (http://localhost:8000/static/js/app.js:13556:28)
    at http://localhost:8000/static/js/app.js:1208:23 @ http://localhost:8000/static/js/app.js:13567
[  505044ms] [ERROR] Failed to load resource: net::ERR_CONNECTION_REFUSED @ http://localhost:8000/api/recording/status:0
[  505337ms] [ERROR] Failed to load resource: net::ERR_CONNECTION_REFUSED @ http://localhost:8000/api/objects/System%20Overview?server=ee8d9159:0
[  505337ms] [ERROR] Error загрузки ee8d9159:overview: TypeError: Failed to fetch
    at fetchObjectData (http://localhost:8000/static/js/app.js:11898:28)
    at loadObjectData (http://localhost:8000/static/js/app.js:13556:28)
    at http://localhost:8000/static/js/app.js:1208:23 @ http://localhost:8000/static/js/app.js:13567
[  506337ms] [ERROR] Failed to load resource: net::ERR_CONNECTION_REFUSED @ http://localhost:8000/api/objects/System%20Overview?server=ee8d9159:0
[  506337ms] [ERROR] Error загрузки ee8d9159:overview: TypeError: Failed to fetch
    at fetchObjectData (http://localhost:8000/static/js/app.js:11898:28)
    at loadObjectData (http://localhost:8000/static/js/app.js:13556:28)
    at http://localhost:8000/static/js/app.js:1208:23 @ http://localhost:8000/static/js/app.js:13567
[  507336ms] [ERROR] Failed to load resource: net::ERR_CONNECTION_REFUSED @ http://localhost:8000/api/objects/System%20Overview?server=ee8d9159:0
[  507336ms] [ERROR] Error загрузки ee8d9159:overview: TypeError: Failed to fetch
    at fetchObjectData (http://localhost:8000/static/js/app.js:11898:28)
    at loadObjectData (http://localhost:8000/static/js/app.js:13556:28)
    at http://localhost:8000/static/js/app.js:1208:23 @ http://localhost:8000/static/js/app.js:13567
[  508338ms] [ERROR] Failed to load resource: net::ERR_CONNECTION_REFUSED @ http://localhost:8000/api/objects/System%20Overview?server=ee8d9159:0
[  508338ms] [ERROR] Error загрузки ee8d9159:overview: TypeError: Failed to fetch
    at fetchObjectData (http://localhost:8000/static/js/app.js:11898:28)
    at loadObjectData (http://localhost:8000/static/js/app.js:13556:28)
    at http://localhost:8000/static/js/app.js:1208:23 @ http://localhost:8000/static/js/app.js:13567
[  509339ms] [ERROR] Failed to load resource: net::ERR_CONNECTION_REFUSED @ http://localhost:8000/api/servers:0
[  509339ms] [ERROR] Error обновления списка объектов: TypeError: Failed to fetch
    at fetchServers (http://localhost:8000/static/js/app.js:11824:28)
    at fetchObjects (http://localhost:8000/static/js/app.js:11831:31)
    at refreshObjectsList (http://localhost:8000/static/js/app.js:11879:28)
    at http://localhost:8000/static/js/app.js:1201:9 @ http://localhost:8000/static/js/app.js:11882
[  509339ms] [ERROR] Failed to load resource: net::ERR_CONNECTION_REFUSED @ http://localhost:8000/api/objects/System%20Overview?server=ee8d9159:0
[  509340ms] [ERROR] Error загрузки ee8d9159:overview: TypeError: Failed to fetch
    at fetchObjectData (http://localhost:8000/static/js/app.js:11898:28)
    at loadObjectData (http://localhost:8000/static/js/app.js:13556:28)
    at http://localhost:8000/static/js/app.js:1208:23 @ http://localhost:8000/static/js/app.js:13567
[  509749ms] [ERROR] Failed to load resource: net::ERR_CONNECTION_REFUSED @ http://localhost:8000/api/servers/ee8d9159/overview?selected=StorageProc:0
[  510044ms] [ERROR] Failed to load resource: net::ERR_CONNECTION_REFUSED @ http://localhost:8000/api/recording/status:0
[  510336ms] [ERROR] Failed to load resource: net::ERR_CONNECTION_REFUSED @ http://localhost:8000/api/objects/System%20Overview?server=ee8d9159:0
[  510337ms] [ERROR] Error загрузки ee8d9159:overview: TypeError: Failed to fetch
    at fetchObjectData (http://localhost:8000/static/js/app.js:11898:28)
    at loadObjectData (http://localhost:8000/static/js/app.js:13556:28)
    at http://localhost:8000/static/js/app.js:1208:23 @ http://localhost:8000/static/js/app.js:13567
[  511337ms] [ERROR] Failed to load resource: net::ERR_CONNECTION_REFUSED @ http://localhost:8000/api/objects/System%20Overview?server=ee8d9159:0
[  511337ms] [ERROR] Error загрузки ee8d9159:overview: TypeError: Failed to fetch
    at fetchObjectData (http://localhost:8000/static/js/app.js:11898:28)
    at loadObjectData (http://localhost:8000/static/js/app.js:13556:28)
    at http://localhost:8000/static/js/app.js:1208:23 @ http://localhost:8000/static/js/app.js:13567
[  512336ms] [ERROR] Failed to load resource: net::ERR_CONNECTION_REFUSED @ http://localhost:8000/api/objects/System%20Overview?server=ee8d9159:0
[  512336ms] [ERROR] Error загрузки ee8d9159:overview: TypeError: Failed to fetch
    at fetchObjectData (http://localhost:8000/static/js/app.js:11898:28)
    at loadObjectData (http://localhost:8000/static/js/app.js:13556:28)
    at http://localhost:8000/static/js/app.js:1208:23 @ http://localhost:8000/static/js/app.js:13567
[  512614ms] [ERROR] Failed to load resource: net::ERR_CONNECTION_REFUSED @ http://localhost:8000/api/servers/ee8d9159/overview?selected=TestProc:0
[  513336ms] [ERROR] Failed to load resource: net::ERR_CONNECTION_REFUSED @ http://localhost:8000/api/objects/System%20Overview?server=ee8d9159:0
[  513336ms] [ERROR] Error загрузки ee8d9159:overview: TypeError: Failed to fetch
    at fetchObjectData (http://localhost:8000/static/js/app.js:11898:28)
    at loadObjectData (http://localhost:8000/static/js/app.js:13556:28)
    at http://localhost:8000/static/js/app.js:1208:23 @ http://localhost:8000/static/js/app.js:13567
[  514338ms] [ERROR] Failed to load resource: net::ERR_CONNECTION_REFUSED @ http://localhost:8000/api/objects/System%20Overview?server=ee8d9159:0
[  514339ms] [ERROR] Error загрузки ee8d9159:overview: TypeError: Failed to fetch
    at fetchObjectData (http://localhost:8000/static/js/app.js:11898:28)
    at loadObjectData (http://localhost:8000/static/js/app.js:13556:28)
    at http://localhost:8000/static/js/app.js:1208:23 @ http://localhost:8000/static/js/app.js:13567
[  514639ms] [ERROR] Failed to load resource: net::ERR_CONNECTION_REFUSED @ http://localhost:8000/api/servers/ee8d9159/overview?selected=TestProc,LogicProc:0
[  515044ms] [ERROR] Failed to load resource: net::ERR_CONNECTION_REFUSED @ http://localhost:8000/api/recording/status:0
[  515337ms] [ERROR] Failed to load resource: net::ERR_CONNECTION_REFUSED @ http://localhost:8000/api/servers:0
[  515337ms] [ERROR] Error обновления списка объектов: TypeError: Failed to fetch
    at fetchServers (http://localhost:8000/static/js/app.js:11824:28)
    at fetchObjects (http://localhost:8000/static/js/app.js:11831:31)
    at refreshObjectsList (http://localhost:8000/static/js/app.js:11879:28)
    at http://localhost:8000/static/js/app.js:1201:9 @ http://localhost:8000/static/js/app.js:11882
[  515337ms] [ERROR] Failed to load resource: net::ERR_CONNECTION_REFUSED @ http://localhost:8000/api/objects/System%20Overview?server=ee8d9159:0
[  515337ms] [ERROR] Error загрузки ee8d9159:overview: TypeError: Failed to fetch
    at fetchObjectData (http://localhost:8000/static/js/app.js:11898:28)
    at loadObjectData (http://localhost:8000/static/js/app.js:13556:28)
    at http://localhost:8000/static/js/app.js:1208:23 @ http://localhost:8000/static/js/app.js:13567
[  516337ms] [ERROR] Failed to load resource: net::ERR_CONNECTION_REFUSED @ http://localhost:8000/api/objects/System%20Overview?server=ee8d9159:0
[  516337ms] [ERROR] Error загрузки ee8d9159:overview: TypeError: Failed to fetch
    at fetchObjectData (http://localhost:8000/static/js/app.js:11898:28)
    at loadObjectData (http://localhost:8000/static/js/app.js:13556:28)
    at http://localhost:8000/static/js/app.js:1208:23 @ http://localhost:8000/static/js/app.js:13567
[  517337ms] [ERROR] Failed to load resource: net::ERR_CONNECTION_REFUSED @ http://localhost:8000/api/objects/System%20Overview?server=ee8d9159:0
[  517337ms] [ERROR] Error загрузки ee8d9159:overview: TypeError: Failed to fetch
    at fetchObjectData (http://localhost:8000/static/js/app.js:11898:28)
    at loadObjectData (http://localhost:8000/static/js/app.js:13556:28)
    at http://localhost:8000/static/js/app.js:1208:23 @ http://localhost:8000/static/js/app.js:13567
[  518336ms] [ERROR] Failed to load resource: net::ERR_CONNECTION_REFUSED @ http://localhost:8000/api/objects/System%20Overview?server=ee8d9159:0
[  518336ms] [ERROR] Error загрузки ee8d9159:overview: TypeError: Failed to fetch
    at fetchObjectData (http://localhost:8000/static/js/app.js:11898:28)
    at loadObjectData (http://localhost:8000/static/js/app.js:13556:28)
    at http://localhost:8000/static/js/app.js:1208:23 @ http://localhost:8000/static/js/app.js:13567
[  518713ms] [ERROR] Failed to load resource: net::ERR_CONNECTION_REFUSED @ http://localhost:8000/api/servers/ee8d9159/overview?selected=TestProc,LogicProc,ControlProc:0
[  519336ms] [ERROR] Failed to load resource: net::ERR_CONNECTION_REFUSED @ http://localhost:8000/api/objects/System%20Overview?server=ee8d9159:0
[  519336ms] [ERROR] Error загрузки ee8d9159:overview: TypeError: Failed to fetch
    at fetchObjectData (http://localhost:8000/static/js/app.js:11898:28)
    at loadObjectData (http://localhost:8000/static/js/app.js:13556:28)
    at http://localhost:8000/static/js/app.js:1208:23 @ http://localhost:8000/static/js/app.js:13567
[  520044ms] [ERROR] Failed to load resource: net::ERR_CONNECTION_REFUSED @ http://localhost:8000/api/recording/status:0
[  520337ms] [ERROR] Failed to load resource: net::ERR_CONNECTION_REFUSED @ http://localhost:8000/api/objects/System%20Overview?server=ee8d9159:0
[  520337ms] [ERROR] Error загрузки ee8d9159:overview: TypeError: Failed to fetch
    at fetchObjectData (http://localhost:8000/static/js/app.js:11898:28)
    at loadObjectData (http://localhost:8000/static/js/app.js:13556:28)
    at http://localhost:8000/static/js/app.js:1208:23 @ http://localhost:8000/static/js/app.js:13567
[  521337ms] [ERROR] Failed to load resource: net::ERR_CONNECTION_REFUSED @ http://localhost:8000/api/servers:0
[  521337ms] [ERROR] Error обновления списка объектов: TypeError: Failed to fetch
    at fetchServers (http://localhost:8000/static/js/app.js:11824:28)
    at fetchObjects (http://localhost:8000/static/js/app.js:11831:31)
    at refreshObjectsList (http://localhost:8000/static/js/app.js:11879:28)
    at http://localhost:8000/static/js/app.js:1201:9 @ http://localhost:8000/static/js/app.js:11882
[  521337ms] [ERROR] Failed to load resource: net::ERR_CONNECTION_REFUSED @ http://localhost:8000/api/objects/System%20Overview?server=ee8d9159:0
[  521337ms] [ERROR] Error загрузки ee8d9159:overview: TypeError: Failed to fetch
    at fetchObjectData (http://localhost:8000/static/js/app.js:11898:28)
    at loadObjectData (http://localhost:8000/static/js/app.js:13556:28)
    at http://localhost:8000/static/js/app.js:1208:23 @ http://localhost:8000/static/js/app.js:13567
[  522336ms] [ERROR] Failed to load resource: net::ERR_CONNECTION_REFUSED @ http://localhost:8000/api/objects/System%20Overview?server=ee8d9159:0
[  522336ms] [ERROR] Error загрузки ee8d9159:overview: TypeError: Failed to fetch
    at fetchObjectData (http://localhost:8000/static/js/app.js:11898:28)
    at loadObjectData (http://localhost:8000/static/js/app.js:13556:28)
    at http://localhost:8000/static/js/app.js:1208:23 @ http://localhost:8000/static/js/app.js:13567
[  523338ms] [ERROR] Failed to load resource: net::ERR_CONNECTION_REFUSED @ http://localhost:8000/api/objects/System%20Overview?server=ee8d9159:0
[  523338ms] [ERROR] Error загрузки ee8d9159:overview: TypeError: Failed to fetch
    at fetchObjectData (http://localhost:8000/static/js/app.js:11898:28)
    at loadObjectData (http://localhost:8000/static/js/app.js:13556:28)
    at http://localhost:8000/static/js/app.js:1208:23 @ http://localhost:8000/static/js/app.js:13567
[  524338ms] [ERROR] Failed to load resource: net::ERR_CONNECTION_REFUSED @ http://localhost:8000/api/objects/System%20Overview?server=ee8d9159:0
[  524339ms] [ERROR] Error загрузки ee8d9159:overview: TypeError: Failed to fetch
    at fetchObjectData (http://localhost:8000/static/js/app.js:11898:28)
    at loadObjectData (http://localhost:8000/static/js/app.js:13556:28)
    at http://localhost:8000/static/js/app.js:1208:23 @ http://localhost:8000/static/js/app.js:13567
[  525044ms] [ERROR] Failed to load resource: net::ERR_CONNECTION_REFUSED @ http://localhost:8000/api/recording/status:0
[  525337ms] [ERROR] Failed to load resource: net::ERR_CONNECTION_REFUSED @ http://localhost:8000/api/objects/System%20Overview?server=ee8d9159:0
[  525337ms] [ERROR] Error загрузки ee8d9159:overview: TypeError: Failed to fetch
    at fetchObjectData (http://localhost:8000/static/js/app.js:11898:28)
    at loadObjectData (http://localhost:8000/static/js/app.js:13556:28)
    at http://localhost:8000/static/js/app.js:1208:23 @ http://localhost:8000/static/js/app.js:13567
[  526337ms] [ERROR] Failed to load resource: net::ERR_CONNECTION_REFUSED @ http://localhost:8000/api/objects/System%20Overview?server=ee8d9159:0
[  526337ms] [ERROR] Error загрузки ee8d9159:overview: TypeError: Failed to fetch
    at fetchObjectData (http://localhost:8000/static/js/app.js:11898:28)
    at loadObjectData (http://localhost:8000/static/js/app.js:13556:28)
    at http://localhost:8000/static/js/app.js:1208:23 @ http://localhost:8000/static/js/app.js:13567
[  527339ms] [ERROR] Failed to load resource: net::ERR_CONNECTION_REFUSED @ http://localhost:8000/api/servers:0
[  527339ms] [ERROR] Error обновления списка объектов: TypeError: Failed to fetch
    at fetchServers (http://localhost:8000/static/js/app.js:11824:28)
    at fetchObjects (http://localhost:8000/static/js/app.js:11831:31)
    at refreshObjectsList (http://localhost:8000/static/js/app.js:11879:28)
    at http://localhost:8000/static/js/app.js:1201:9 @ http://localhost:8000/static/js/app.js:11882
[  527340ms] [ERROR] Failed to load resource: net::ERR_CONNECTION_REFUSED @ http://localhost:8000/api/objects/System%20Overview?server=ee8d9159:0
[  527340ms] [ERROR] Error загрузки ee8d9159:overview: TypeError: Failed to fetch
    at fetchObjectData (http://localhost:8000/static/js/app.js:11898:28)
    at loadObjectData (http://localhost:8000/static/js/app.js:13556:28)
    at http://localhost:8000/static/js/app.js:1208:23 @ http://localhost:8000/static/js/app.js:13567
[  527340ms] [ERROR] Failed to load resource: net::ERR_CONNECTION_REFUSED @ http://localhost:8000/api/version:0
[  528338ms] [ERROR] Failed to load resource: net::ERR_CONNECTION_REFUSED @ http://localhost:8000/api/objects/System%20Overview?server=ee8d9159:0
[  528338ms] [ERROR] Error загрузки ee8d9159:overview: TypeError: Failed to fetch
    at fetchObjectData (http://localhost:8000/static/js/app.js:11898:28)
    at loadObjectData (http://localhost:8000/static/js/app.js:13556:28)
    at http://localhost:8000/static/js/app.js:1208:23 @ http://localhost:8000/static/js/app.js:13567
[  529336ms] [ERROR] Failed to load resource: net::ERR_CONNECTION_REFUSED @ http://localhost:8000/api/objects/System%20Overview?server=ee8d9159:0
[  529336ms] [ERROR] Error загрузки ee8d9159:overview: TypeError: Failed to fetch
    at fetchObjectData (http://localhost:8000/static/js/app.js:11898:28)
    at loadObjectData (http://localhost:8000/static/js/app.js:13556:28)
    at http://localhost:8000/static/js/app.js:1208:23 @ http://localhost:8000/static/js/app.js:13567
[  530044ms] [ERROR] Failed to load resource: net::ERR_CONNECTION_REFUSED @ http://localhost:8000/api/recording/status:0
[  530337ms] [ERROR] Failed to load resource: net::ERR_CONNECTION_REFUSED @ http://localhost:8000/api/objects/System%20Overview?server=ee8d9159:0
[  530337ms] [ERROR] Error загрузки ee8d9159:overview: TypeError: Failed to fetch
    at fetchObjectData (http://localhost:8000/static/js/app.js:11898:28)
    at loadObjectData (http://localhost:8000/static/js/app.js:13556:28)
    at http://localhost:8000/static/js/app.js:1208:23 @ http://localhost:8000/static/js/app.js:13567
[  531336ms] [ERROR] Failed to load resource: net::ERR_CONNECTION_REFUSED @ http://localhost:8000/api/objects/System%20Overview?server=ee8d9159:0
[  531336ms] [ERROR] Error загрузки ee8d9159:overview: TypeError: Failed to fetch
    at fetchObjectData (http://localhost:8000/static/js/app.js:11898:28)
    at loadObjectData (http://localhost:8000/static/js/app.js:13556:28)
    at http://localhost:8000/static/js/app.js:1208:23 @ http://localhost:8000/static/js/app.js:13567
[  532336ms] [ERROR] Failed to load resource: net::ERR_CONNECTION_REFUSED @ http://localhost:8000/api/objects/System%20Overview?server=ee8d9159:0
[  532336ms] [ERROR] Error загрузки ee8d9159:overview: TypeError: Failed to fetch
    at fetchObjectData (http://localhost:8000/static/js/app.js:11898:28)
    at loadObjectData (http://localhost:8000/static/js/app.js:13556:28)
    at http://localhost:8000/static/js/app.js:1208:23 @ http://localhost:8000/static/js/app.js:13567
[  533340ms] [ERROR] Failed to load resource: net::ERR_CONNECTION_REFUSED @ http://localhost:8000/api/servers:0
[  533340ms] [ERROR] Error обновления списка объектов: TypeError: Failed to fetch
    at fetchServers (http://localhost:8000/static/js/app.js:11824:28)
    at fetchObjects (http://localhost:8000/static/js/app.js:11831:31)
    at refreshObjectsList (http://localhost:8000/static/js/app.js:11879:28)
    at http://localhost:8000/static/js/app.js:1201:9 @ http://localhost:8000/static/js/app.js:11882
[  533341ms] [ERROR] Failed to load resource: net::ERR_CONNECTION_REFUSED @ http://localhost:8000/api/objects/System%20Overview?server=ee8d9159:0
[  533341ms] [ERROR] Error загрузки ee8d9159:overview: TypeError: Failed to fetch
    at fetchObjectData (http://localhost:8000/static/js/app.js:11898:28)
    at loadObjectData (http://localhost:8000/static/js/app.js:13556:28)
    at http://localhost:8000/static/js/app.js:1208:23 @ http://localhost:8000/static/js/app.js:13567
[  534337ms] [ERROR] Failed to load resource: net::ERR_CONNECTION_REFUSED @ http://localhost:8000/api/objects/System%20Overview?server=ee8d9159:0
[  534337ms] [ERROR] Error загрузки ee8d9159:overview: TypeError: Failed to fetch
    at fetchObjectData (http://localhost:8000/static/js/app.js:11898:28)
    at loadObjectData (http://localhost:8000/static/js/app.js:13556:28)
    at http://localhost:8000/static/js/app.js:1208:23 @ http://localhost:8000/static/js/app.js:13567
[  535044ms] [ERROR] Failed to load resource: net::ERR_CONNECTION_REFUSED @ http://localhost:8000/api/recording/status:0
[  535336ms] [ERROR] Failed to load resource: net::ERR_CONNECTION_REFUSED @ http://localhost:8000/api/objects/System%20Overview?server=ee8d9159:0
[  535336ms] [ERROR] Error загрузки ee8d9159:overview: TypeError: Failed to fetch
    at fetchObjectData (http://localhost:8000/static/js/app.js:11898:28)
    at loadObjectData (http://localhost:8000/static/js/app.js:13556:28)
    at http://localhost:8000/static/js/app.js:1208:23 @ http://localhost:8000/static/js/app.js:13567
[  536337ms] [ERROR] Failed to load resource: net::ERR_CONNECTION_REFUSED @ http://localhost:8000/api/objects/System%20Overview?server=ee8d9159:0
[  536337ms] [ERROR] Error загрузки ee8d9159:overview: TypeError: Failed to fetch
    at fetchObjectData (http://localhost:8000/static/js/app.js:11898:28)
    at loadObjectData (http://localhost:8000/static/js/app.js:13556:28)
    at http://localhost:8000/static/js/app.js:1208:23 @ http://localhost:8000/static/js/app.js:13567
[  537338ms] [ERROR] Failed to load resource: net::ERR_CONNECTION_REFUSED @ http://localhost:8000/api/objects/System%20Overview?server=ee8d9159:0
[  537338ms] [ERROR] Error загрузки ee8d9159:overview: TypeError: Failed to fetch
    at fetchObjectData (http://localhost:8000/static/js/app.js:11898:28)
    at loadObjectData (http://localhost:8000/static/js/app.js:13556:28)
    at http://localhost:8000/static/js/app.js:1208:23 @ http://localhost:8000/static/js/app.js:13567
[  538337ms] [ERROR] Failed to load resource: net::ERR_CONNECTION_REFUSED @ http://localhost:8000/api/objects/System%20Overview?server=ee8d9159:0
[  538337ms] [ERROR] Error загрузки ee8d9159:overview: TypeError: Failed to fetch
    at fetchObjectData (http://localhost:8000/static/js/app.js:11898:28)
    at loadObjectData (http://localhost:8000/static/js/app.js:13556:28)
    at http://localhost:8000/static/js/app.js:1208:23 @ http://localhost:8000/static/js/app.js:13567
[  539336ms] [ERROR] Failed to load resource: net::ERR_CONNECTION_REFUSED @ http://localhost:8000/api/servers:0
[  539336ms] [ERROR] Error обновления списка объектов: TypeError: Failed to fetch
    at fetchServers (http://localhost:8000/static/js/app.js:11824:28)
    at fetchObjects (http://localhost:8000/static/js/app.js:11831:31)
    at refreshObjectsList (http://localhost:8000/static/js/app.js:11879:28)
    at http://localhost:8000/static/js/app.js:1201:9 @ http://localhost:8000/static/js/app.js:11882
[  539336ms] [ERROR] Failed to load resource: net::ERR_CONNECTION_REFUSED @ http://localhost:8000/api/objects/System%20Overview?server=ee8d9159:0
[  539336ms] [ERROR] Error загрузки ee8d9159:overview: TypeError: Failed to fetch
    at fetchObjectData (http://localhost:8000/static/js/app.js:11898:28)
    at loadObjectData (http://localhost:8000/static/js/app.js:13556:28)
    at http://localhost:8000/static/js/app.js:1208:23 @ http://localhost:8000/static/js/app.js:13567
[  540042ms] [ERROR] Failed to load resource: net::ERR_CONNECTION_REFUSED @ http://localhost:8000/api/recording/status:0
[  540336ms] [ERROR] Failed to load resource: net::ERR_CONNECTION_REFUSED @ http://localhost:8000/api/objects/System%20Overview?server=ee8d9159:0
[  540336ms] [ERROR] Error загрузки ee8d9159:overview: TypeError: Failed to fetch
    at fetchObjectData (http://localhost:8000/static/js/app.js:11898:28)
    at loadObjectData (http://localhost:8000/static/js/app.js:13556:28)
    at http://localhost:8000/static/js/app.js:1208:23 @ http://localhost:8000/static/js/app.js:13567
[  541336ms] [ERROR] Failed to load resource: net::ERR_CONNECTION_REFUSED @ http://localhost:8000/api/objects/System%20Overview?server=ee8d9159:0
[  541337ms] [ERROR] Error загрузки ee8d9159:overview: TypeError: Failed to fetch
    at fetchObjectData (http://localhost:8000/static/js/app.js:11898:28)
    at loadObjectData (http://localhost:8000/static/js/app.js:13556:28)
    at http://localhost:8000/static/js/app.js:1208:23 @ http://localhost:8000/static/js/app.js:13567
[  542336ms] [ERROR] Failed to load resource: net::ERR_CONNECTION_REFUSED @ http://localhost:8000/api/objects/System%20Overview?server=ee8d9159:0
[  542336ms] [ERROR] Error загрузки ee8d9159:overview: TypeError: Failed to fetch
    at fetchObjectData (http://localhost:8000/static/js/app.js:11898:28)
    at loadObjectData (http://localhost:8000/static/js/app.js:13556:28)
    at http://localhost:8000/static/js/app.js:1208:23 @ http://localhost:8000/static/js/app.js:13567
[  543338ms] [ERROR] Failed to load resource: net::ERR_CONNECTION_REFUSED @ http://localhost:8000/api/objects/System%20Overview?server=ee8d9159:0
[  543338ms] [ERROR] Error загрузки ee8d9159:overview: TypeError: Failed to fetch
    at fetchObjectData (http://localhost:8000/static/js/app.js:11898:28)
    at loadObjectData (http://localhost:8000/static/js/app.js:13556:28)
    at http://localhost:8000/static/js/app.js:1208:23 @ http://localhost:8000/static/js/app.js:13567
[  544337ms] [ERROR] Failed to load resource: net::ERR_CONNECTION_REFUSED @ http://localhost:8000/api/objects/System%20Overview?server=ee8d9159:0
[  544338ms] [ERROR] Error загрузки ee8d9159:overview: TypeError: Failed to fetch
    at fetchObjectData (http://localhost:8000/static/js/app.js:11898:28)
    at loadObjectData (http://localhost:8000/static/js/app.js:13556:28)
    at http://localhost:8000/static/js/app.js:1208:23 @ http://localhost:8000/static/js/app.js:13567
[  545044ms] [ERROR] Failed to load resource: net::ERR_CONNECTION_REFUSED @ http://localhost:8000/api/recording/status:0
[  545336ms] [ERROR] Failed to load resource: net::ERR_CONNECTION_REFUSED @ http://localhost:8000/api/servers:0
[  545336ms] [ERROR] Error обновления списка объектов: TypeError: Failed to fetch
    at fetchServers (http://localhost:8000/static/js/app.js:11824:28)
    at fetchObjects (http://localhost:8000/static/js/app.js:11831:31)
    at refreshObjectsList (http://localhost:8000/static/js/app.js:11879:28)
    at http://localhost:8000/static/js/app.js:1201:9 @ http://localhost:8000/static/js/app.js:11882
[  545337ms] [ERROR] Failed to load resource: net::ERR_CONNECTION_REFUSED @ http://localhost:8000/api/objects/System%20Overview?server=ee8d9159:0
[  545337ms] [ERROR] Error загрузки ee8d9159:overview: TypeError: Failed to fetch
    at fetchObjectData (http://localhost:8000/static/js/app.js:11898:28)
    at loadObjectData (http://localhost:8000/static/js/app.js:13556:28)
    at http://localhost:8000/static/js/app.js:1208:23 @ http://localhost:8000/static/js/app.js:13567
[  546337ms] [ERROR] Failed to load resource: net::ERR_CONNECTION_REFUSED @ http://localhost:8000/api/objects/System%20Overview?server=ee8d9159:0
[  546337ms] [ERROR] Error загрузки ee8d9159:overview: TypeError: Failed to fetch
    at fetchObjectData (http://localhost:8000/static/js/app.js:11898:28)
    at loadObjectData (http://localhost:8000/static/js/app.js:13556:28)
    at http://localhost:8000/static/js/app.js:1208:23 @ http://localhost:8000/static/js/app.js:13567
[  547337ms] [ERROR] Failed to load resource: net::ERR_CONNECTION_REFUSED @ http://localhost:8000/api/objects/System%20Overview?server=ee8d9159:0
[  547338ms] [ERROR] Error загрузки ee8d9159:overview: TypeError: Failed to fetch
    at fetchObjectData (http://localhost:8000/static/js/app.js:11898:28)
    at loadObjectData (http://localhost:8000/static/js/app.js:13556:28)
    at http://localhost:8000/static/js/app.js:1208:23 @ http://localhost:8000/static/js/app.js:13567
[  548337ms] [ERROR] Failed to load resource: net::ERR_CONNECTION_REFUSED @ http://localhost:8000/api/objects/System%20Overview?server=ee8d9159:0
[  548337ms] [ERROR] Error загрузки ee8d9159:overview: TypeError: Failed to fetch
    at fetchObjectData (http://localhost:8000/static/js/app.js:11898:28)
    at loadObjectData (http://localhost:8000/static/js/app.js:13556:28)
    at http://localhost:8000/static/js/app.js:1208:23 @ http://localhost:8000/static/js/app.js:13567
[  549338ms] [ERROR] Failed to load resource: net::ERR_CONNECTION_REFUSED @ http://localhost:8000/api/objects/System%20Overview?server=ee8d9159:0
[  549338ms] [ERROR] Error загрузки ee8d9159:overview: TypeError: Failed to fetch
    at fetchObjectData (http://localhost:8000/static/js/app.js:11898:28)
    at loadObjectData (http://localhost:8000/static/js/app.js:13556:28)
    at http://localhost:8000/static/js/app.js:1208:23 @ http://localhost:8000/static/js/app.js:13567
[  550043ms] [ERROR] Failed to load resource: net::ERR_CONNECTION_REFUSED @ http://localhost:8000/api/recording/status:0
[  550336ms] [ERROR] Failed to load resource: net::ERR_CONNECTION_REFUSED @ http://localhost:8000/api/objects/System%20Overview?server=ee8d9159:0
[  550336ms] [ERROR] Error загрузки ee8d9159:overview: TypeError: Failed to fetch
    at fetchObjectData (http://localhost:8000/static/js/app.js:11898:28)
    at loadObjectData (http://localhost:8000/static/js/app.js:13556:28)
    at http://localhost:8000/static/js/app.js:1208:23 @ http://localhost:8000/static/js/app.js:13567
[  551336ms] [ERROR] Failed to load resource: net::ERR_CONNECTION_REFUSED @ http://localhost:8000/api/servers:0
[  551336ms] [ERROR] Error обновления списка объектов: TypeError: Failed to fetch
    at fetchServers (http://localhost:8000/static/js/app.js:11824:28)
    at fetchObjects (http://localhost:8000/static/js/app.js:11831:31)
    at refreshObjectsList (http://localhost:8000/static/js/app.js:11879:28)
    at http://localhost:8000/static/js/app.js:1201:9 @ http://localhost:8000/static/js/app.js:11882
[  551336ms] [ERROR] Failed to load resource: net::ERR_CONNECTION_REFUSED @ http://localhost:8000/api/objects/System%20Overview?server=ee8d9159:0
[  551336ms] [ERROR] Error загрузки ee8d9159:overview: TypeError: Failed to fetch
    at fetchObjectData (http://localhost:8000/static/js/app.js:11898:28)
    at loadObjectData (http://localhost:8000/static/js/app.js:13556:28)
    at http://localhost:8000/static/js/app.js:1208:23 @ http://localhost:8000/static/js/app.js:13567
[  552338ms] [ERROR] Failed to load resource: net::ERR_CONNECTION_REFUSED @ http://localhost:8000/api/objects/System%20Overview?server=ee8d9159:0
[  552338ms] [ERROR] Error загрузки ee8d9159:overview: TypeError: Failed to fetch
    at fetchObjectData (http://localhost:8000/static/js/app.js:11898:28)
    at loadObjectData (http://localhost:8000/static/js/app.js:13556:28)
    at http://localhost:8000/static/js/app.js:1208:23 @ http://localhost:8000/static/js/app.js:13567
[  553339ms] [ERROR] Failed to load resource: net::ERR_CONNECTION_REFUSED @ http://localhost:8000/api/objects/System%20Overview?server=ee8d9159:0
[  553339ms] [ERROR] Error загрузки ee8d9159:overview: TypeError: Failed to fetch
    at fetchObjectData (http://localhost:8000/static/js/app.js:11898:28)
    at loadObjectData (http://localhost:8000/static/js/app.js:13556:28)
    at http://localhost:8000/static/js/app.js:1208:23 @ http://localhost:8000/static/js/app.js:13567
[  554339ms] [ERROR] Failed to load resource: net::ERR_CONNECTION_REFUSED @ http://localhost:8000/api/objects/System%20Overview?server=ee8d9159:0
[  554339ms] [ERROR] Error загрузки ee8d9159:overview: TypeError: Failed to fetch
    at fetchObjectData (http://localhost:8000/static/js/app.js:11898:28)
    at loadObjectData (http://localhost:8000/static/js/app.js:13556:28)
    at http://localhost:8000/static/js/app.js:1208:23 @ http://localhost:8000/static/js/app.js:13567
[  555044ms] [ERROR] Failed to load resource: net::ERR_CONNECTION_REFUSED @ http://localhost:8000/api/recording/status:0
[  555336ms] [ERROR] Failed to load resource: net::ERR_CONNECTION_REFUSED @ http://localhost:8000/api/objects/System%20Overview?server=ee8d9159:0
[  555336ms] [ERROR] Error загрузки ee8d9159:overview: TypeError: Failed to fetch
    at fetchObjectData (http://localhost:8000/static/js/app.js:11898:28)
    at loadObjectData (http://localhost:8000/static/js/app.js:13556:28)
    at http://localhost:8000/static/js/app.js:1208:23 @ http://localhost:8000/static/js/app.js:13567
[  556337ms] [ERROR] Failed to load resource: net::ERR_CONNECTION_REFUSED @ http://localhost:8000/api/objects/System%20Overview?server=ee8d9159:0
[  556337ms] [ERROR] Error загрузки ee8d9159:overview: TypeError: Failed to fetch
    at fetchObjectData (http://localhost:8000/static/js/app.js:11898:28)
    at loadObjectData (http://localhost:8000/static/js/app.js:13556:28)
    at http://localhost:8000/static/js/app.js:1208:23 @ http://localhost:8000/static/js/app.js:13567
[  557337ms] [ERROR] Failed to load resource: net::ERR_CONNECTION_REFUSED @ http://localhost:8000/api/servers:0
[  557337ms] [ERROR] Error обновления списка объектов: TypeError: Failed to fetch
    at fetchServers (http://localhost:8000/static/js/app.js:11824:28)
    at fetchObjects (http://localhost:8000/static/js/app.js:11831:31)
    at refreshObjectsList (http://localhost:8000/static/js/app.js:11879:28)
    at http://localhost:8000/static/js/app.js:1201:9 @ http://localhost:8000/static/js/app.js:11882
[  557338ms] [ERROR] Failed to load resource: net::ERR_CONNECTION_REFUSED @ http://localhost:8000/api/objects/System%20Overview?server=ee8d9159:0
[  557338ms] [ERROR] Error загрузки ee8d9159:overview: TypeError: Failed to fetch
    at fetchObjectData (http://localhost:8000/static/js/app.js:11898:28)
    at loadObjectData (http://localhost:8000/static/js/app.js:13556:28)
    at http://localhost:8000/static/js/app.js:1208:23 @ http://localhost:8000/static/js/app.js:13567
[  557338ms] [ERROR] Failed to load resource: net::ERR_CONNECTION_REFUSED @ http://localhost:8000/api/version:0
[  558337ms] [ERROR] Failed to load resource: net::ERR_CONNECTION_REFUSED @ http://localhost:8000/api/objects/System%20Overview?server=ee8d9159:0
[  558337ms] [ERROR] Error загрузки ee8d9159:overview: TypeError: Failed to fetch
    at fetchObjectData (http://localhost:8000/static/js/app.js:11898:28)
    at loadObjectData (http://localhost:8000/static/js/app.js:13556:28)
    at http://localhost:8000/static/js/app.js:1208:23 @ http://localhost:8000/static/js/app.js:13567
[  559336ms] [ERROR] Failed to load resource: net::ERR_CONNECTION_REFUSED @ http://localhost:8000/api/objects/System%20Overview?server=ee8d9159:0
[  559336ms] [ERROR] Error загрузки ee8d9159:overview: TypeError: Failed to fetch
    at fetchObjectData (http://localhost:8000/static/js/app.js:11898:28)
    at loadObjectData (http://localhost:8000/static/js/app.js:13556:28)
    at http://localhost:8000/static/js/app.js:1208:23 @ http://localhost:8000/static/js/app.js:13567
[  560043ms] [ERROR] Failed to load resource: net::ERR_CONNECTION_REFUSED @ http://localhost:8000/api/recording/status:0
[  560336ms] [ERROR] Failed to load resource: net::ERR_CONNECTION_REFUSED @ http://localhost:8000/api/objects/System%20Overview?server=ee8d9159:0
[  560336ms] [ERROR] Error загрузки ee8d9159:overview: TypeError: Failed to fetch
    at fetchObjectData (http://localhost:8000/static/js/app.js:11898:28)
    at loadObjectData (http://localhost:8000/static/js/app.js:13556:28)
    at http://localhost:8000/static/js/app.js:1208:23 @ http://localhost:8000/static/js/app.js:13567
[  561336ms] [ERROR] Failed to load resource: net::ERR_CONNECTION_REFUSED @ http://localhost:8000/api/objects/System%20Overview?server=ee8d9159:0
[  561336ms] [ERROR] Error загрузки ee8d9159:overview: TypeError: Failed to fetch
    at fetchObjectData (http://localhost:8000/static/js/app.js:11898:28)
    at loadObjectData (http://localhost:8000/static/js/app.js:13556:28)
    at http://localhost:8000/static/js/app.js:1208:23 @ http://localhost:8000/static/js/app.js:13567
[  562338ms] [ERROR] Failed to load resource: net::ERR_CONNECTION_REFUSED @ http://localhost:8000/api/objects/System%20Overview?server=ee8d9159:0
[  562338ms] [ERROR] Error загрузки ee8d9159:overview: TypeError: Failed to fetch
    at fetchObjectData (http://localhost:8000/static/js/app.js:11898:28)
    at loadObjectData (http://localhost:8000/static/js/app.js:13556:28)
    at http://localhost:8000/static/js/app.js:1208:23 @ http://localhost:8000/static/js/app.js:13567
[  563338ms] [ERROR] Failed to load resource: net::ERR_CONNECTION_REFUSED @ http://localhost:8000/api/servers:0
[  563338ms] [ERROR] Error обновления списка объектов: TypeError: Failed to fetch
    at fetchServers (http://localhost:8000/static/js/app.js:11824:28)
    at fetchObjects (http://localhost:8000/static/js/app.js:11831:31)
    at refreshObjectsList (http://localhost:8000/static/js/app.js:11879:28)
    at http://localhost:8000/static/js/app.js:1201:9 @ http://localhost:8000/static/js/app.js:11882
[  563339ms] [ERROR] Failed to load resource: net::ERR_CONNECTION_REFUSED @ http://localhost:8000/api/objects/System%20Overview?server=ee8d9159:0
[  563339ms] [ERROR] Error загрузки ee8d9159:overview: TypeError: Failed to fetch
    at fetchObjectData (http://localhost:8000/static/js/app.js:11898:28)
    at loadObjectData (http://localhost:8000/static/js/app.js:13556:28)
    at http://localhost:8000/static/js/app.js:1208:23 @ http://localhost:8000/static/js/app.js:13567
[  564338ms] [ERROR] Failed to load resource: net::ERR_CONNECTION_REFUSED @ http://localhost:8000/api/objects/System%20Overview?server=ee8d9159:0
[  564338ms] [ERROR] Error загрузки ee8d9159:overview: TypeError: Failed to fetch
    at fetchObjectData (http://localhost:8000/static/js/app.js:11898:28)
    at loadObjectData (http://localhost:8000/static/js/app.js:13556:28)
    at http://localhost:8000/static/js/app.js:1208:23 @ http://localhost:8000/static/js/app.js:13567
[  565045ms] [ERROR] Failed to load resource: net::ERR_CONNECTION_REFUSED @ http://localhost:8000/api/recording/status:0
[  565336ms] [ERROR] Failed to load resource: net::ERR_CONNECTION_REFUSED @ http://localhost:8000/api/objects/System%20Overview?server=ee8d9159:0
[  565336ms] [ERROR] Error загрузки ee8d9159:overview: TypeError: Failed to fetch
    at fetchObjectData (http://localhost:8000/static/js/app.js:11898:28)
    at loadObjectData (http://localhost:8000/static/js/app.js:13556:28)
    at http://localhost:8000/static/js/app.js:1208:23 @ http://localhost:8000/static/js/app.js:13567
[  566337ms] [ERROR] Failed to load resource: net::ERR_CONNECTION_REFUSED @ http://localhost:8000/api/objects/System%20Overview?server=ee8d9159:0
[  566337ms] [ERROR] Error загрузки ee8d9159:overview: TypeError: Failed to fetch
    at fetchObjectData (http://localhost:8000/static/js/app.js:11898:28)
    at loadObjectData (http://localhost:8000/static/js/app.js:13556:28)
    at http://localhost:8000/static/js/app.js:1208:23 @ http://localhost:8000/static/js/app.js:13567
[  567337ms] [ERROR] Failed to load resource: net::ERR_CONNECTION_REFUSED @ http://localhost:8000/api/objects/System%20Overview?server=ee8d9159:0
[  567337ms] [ERROR] Error загрузки ee8d9159:overview: TypeError: Failed to fetch
    at fetchObjectData (http://localhost:8000/static/js/app.js:11898:28)
    at loadObjectData (http://localhost:8000/static/js/app.js:13556:28)
    at http://localhost:8000/static/js/app.js:1208:23 @ http://localhost:8000/static/js/app.js:13567
[  568338ms] [ERROR] Failed to load resource: net::ERR_CONNECTION_REFUSED @ http://localhost:8000/api/objects/System%20Overview?server=ee8d9159:0
[  568338ms] [ERROR] Error загрузки ee8d9159:overview: TypeError: Failed to fetch
    at fetchObjectData (http://localhost:8000/static/js/app.js:11898:28)
    at loadObjectData (http://localhost:8000/static/js/app.js:13556:28)
    at http://localhost:8000/static/js/app.js:1208:23 @ http://localhost:8000/static/js/app.js:13567
[  569339ms] [ERROR] Failed to load resource: net::ERR_CONNECTION_REFUSED @ http://localhost:8000/api/servers:0
[  569339ms] [ERROR] Error обновления списка объектов: TypeError: Failed to fetch
    at fetchServers (http://localhost:8000/static/js/app.js:11824:28)
    at fetchObjects (http://localhost:8000/static/js/app.js:11831:31)
    at refreshObjectsList (http://localhost:8000/static/js/app.js:11879:28)
    at http://localhost:8000/static/js/app.js:1201:9 @ http://localhost:8000/static/js/app.js:11882
[  569339ms] [ERROR] Failed to load resource: net::ERR_CONNECTION_REFUSED @ http://localhost:8000/api/objects/System%20Overview?server=ee8d9159:0
[  569339ms] [ERROR] Error загрузки ee8d9159:overview: TypeError: Failed to fetch
    at fetchObjectData (http://localhost:8000/static/js/app.js:11898:28)
    at loadObjectData (http://localhost:8000/static/js/app.js:13556:28)
    at http://localhost:8000/static/js/app.js:1208:23 @ http://localhost:8000/static/js/app.js:13567
[  570042ms] [ERROR] Failed to load resource: net::ERR_CONNECTION_REFUSED @ http://localhost:8000/api/recording/status:0
[  570337ms] [ERROR] Failed to load resource: net::ERR_CONNECTION_REFUSED @ http://localhost:8000/api/objects/System%20Overview?server=ee8d9159:0
[  570337ms] [ERROR] Error загрузки ee8d9159:overview: TypeError: Failed to fetch
    at fetchObjectData (http://localhost:8000/static/js/app.js:11898:28)
    at loadObjectData (http://localhost:8000/static/js/app.js:13556:28)
    at http://localhost:8000/static/js/app.js:1208:23 @ http://localhost:8000/static/js/app.js:13567
[  571336ms] [ERROR] Failed to load resource: net::ERR_CONNECTION_REFUSED @ http://localhost:8000/api/objects/System%20Overview?server=ee8d9159:0
[  571336ms] [ERROR] Error загрузки ee8d9159:overview: TypeError: Failed to fetch
    at fetchObjectData (http://localhost:8000/static/js/app.js:11898:28)
    at loadObjectData (http://localhost:8000/static/js/app.js:13556:28)
    at http://localhost:8000/static/js/app.js:1208:23 @ http://localhost:8000/static/js/app.js:13567
[  572338ms] [ERROR] Failed to load resource: net::ERR_CONNECTION_REFUSED @ http://localhost:8000/api/objects/System%20Overview?server=ee8d9159:0
[  572338ms] [ERROR] Error загрузки ee8d9159:overview: TypeError: Failed to fetch
    at fetchObjectData (http://localhost:8000/static/js/app.js:11898:28)
    at loadObjectData (http://localhost:8000/static/js/app.js:13556:28)
    at http://localhost:8000/static/js/app.js:1208:23 @ http://localhost:8000/static/js/app.js:13567
[  573337ms] [ERROR] Failed to load resource: net::ERR_CONNECTION_REFUSED @ http://localhost:8000/api/objects/System%20Overview?server=ee8d9159:0
[  573337ms] [ERROR] Error загрузки ee8d9159:overview: TypeError: Failed to fetch
    at fetchObjectData (http://localhost:8000/static/js/app.js:11898:28)
    at loadObjectData (http://localhost:8000/static/js/app.js:13556:28)
    at http://localhost:8000/static/js/app.js:1208:23 @ http://localhost:8000/static/js/app.js:13567
[  574338ms] [ERROR] Failed to load resource: net::ERR_CONNECTION_REFUSED @ http://localhost:8000/api/objects/System%20Overview?server=ee8d9159:0
[  574338ms] [ERROR] Error загрузки ee8d9159:overview: TypeError: Failed to fetch
    at fetchObjectData (http://localhost:8000/static/js/app.js:11898:28)
    at loadObjectData (http://localhost:8000/static/js/app.js:13556:28)
    at http://localhost:8000/static/js/app.js:1208:23 @ http://localhost:8000/static/js/app.js:13567
[  575044ms] [ERROR] Failed to load resource: net::ERR_CONNECTION_REFUSED @ http://localhost:8000/api/recording/status:0
[  575337ms] [ERROR] Failed to load resource: net::ERR_CONNECTION_REFUSED @ http://localhost:8000/api/servers:0
[  575337ms] [ERROR] Error обновления списка объектов: TypeError: Failed to fetch
    at fetchServers (http://localhost:8000/static/js/app.js:11824:28)
    at fetchObjects (http://localhost:8000/static/js/app.js:11831:31)
    at refreshObjectsList (http://localhost:8000/static/js/app.js:11879:28)
    at http://localhost:8000/static/js/app.js:1201:9 @ http://localhost:8000/static/js/app.js:11882
[  575337ms] [ERROR] Failed to load resource: net::ERR_CONNECTION_REFUSED @ http://localhost:8000/api/objects/System%20Overview?server=ee8d9159:0
[  575337ms] [ERROR] Error загрузки ee8d9159:overview: TypeError: Failed to fetch
    at fetchObjectData (http://localhost:8000/static/js/app.js:11898:28)
    at loadObjectData (http://localhost:8000/static/js/app.js:13556:28)
    at http://localhost:8000/static/js/app.js:1208:23 @ http://localhost:8000/static/js/app.js:13567
[  576337ms] [ERROR] Failed to load resource: net::ERR_CONNECTION_REFUSED @ http://localhost:8000/api/objects/System%20Overview?server=ee8d9159:0
[  576337ms] [ERROR] Error загрузки ee8d9159:overview: TypeError: Failed to fetch
    at fetchObjectData (http://localhost:8000/static/js/app.js:11898:28)
    at loadObjectData (http://localhost:8000/static/js/app.js:13556:28)
    at http://localhost:8000/static/js/app.js:1208:23 @ http://localhost:8000/static/js/app.js:13567
[  577337ms] [ERROR] Failed to load resource: net::ERR_CONNECTION_REFUSED @ http://localhost:8000/api/objects/System%20Overview?server=ee8d9159:0
[  577337ms] [ERROR] Error загрузки ee8d9159:overview: TypeError: Failed to fetch
    at fetchObjectData (http://localhost:8000/static/js/app.js:11898:28)
    at loadObjectData (http://localhost:8000/static/js/app.js:13556:28)
    at http://localhost:8000/static/js/app.js:1208:23 @ http://localhost:8000/static/js/app.js:13567
[  578337ms] [ERROR] Failed to load resource: net::ERR_CONNECTION_REFUSED @ http://localhost:8000/api/objects/System%20Overview?server=ee8d9159:0
[  578337ms] [ERROR] Error загрузки ee8d9159:overview: TypeError: Failed to fetch
    at fetchObjectData (http://localhost:8000/static/js/app.js:11898:28)
    at loadObjectData (http://localhost:8000/static/js/app.js:13556:28)
    at http://localhost:8000/static/js/app.js:1208:23 @ http://localhost:8000/static/js/app.js:13567
[  579336ms] [ERROR] Failed to load resource: net::ERR_CONNECTION_REFUSED @ http://localhost:8000/api/objects/System%20Overview?server=ee8d9159:0
[  579336ms] [ERROR] Error загрузки ee8d9159:overview: TypeError: Failed to fetch
    at fetchObjectData (http://localhost:8000/static/js/app.js:11898:28)
    at loadObjectData (http://localhost:8000/static/js/app.js:13556:28)
    at http://localhost:8000/static/js/app.js:1208:23 @ http://localhost:8000/static/js/app.js:13567
[  580044ms] [ERROR] Failed to load resource: net::ERR_CONNECTION_REFUSED @ http://localhost:8000/api/recording/status:0
[  580337ms] [ERROR] Failed to load resource: net::ERR_CONNECTION_REFUSED @ http://localhost:8000/api/objects/System%20Overview?server=ee8d9159:0
[  580337ms] [ERROR] Error загрузки ee8d9159:overview: TypeError: Failed to fetch
    at fetchObjectData (http://localhost:8000/static/js/app.js:11898:28)
    at loadObjectData (http://localhost:8000/static/js/app.js:13556:28)
    at http://localhost:8000/static/js/app.js:1208:23 @ http://localhost:8000/static/js/app.js:13567
[  581337ms] [ERROR] Failed to load resource: net::ERR_CONNECTION_REFUSED @ http://localhost:8000/api/servers:0
[  581337ms] [ERROR] Error обновления списка объектов: TypeError: Failed to fetch
    at fetchServers (http://localhost:8000/static/js/app.js:11824:28)
    at fetchObjects (http://localhost:8000/static/js/app.js:11831:31)
    at refreshObjectsList (http://localhost:8000/static/js/app.js:11879:28)
    at http://localhost:8000/static/js/app.js:1201:9 @ http://localhost:8000/static/js/app.js:11882
[  581337ms] [ERROR] Failed to load resource: net::ERR_CONNECTION_REFUSED @ http://localhost:8000/api/objects/System%20Overview?server=ee8d9159:0
[  581337ms] [ERROR] Error загрузки ee8d9159:overview: TypeError: Failed to fetch
    at fetchObjectData (http://localhost:8000/static/js/app.js:11898:28)
    at loadObjectData (http://localhost:8000/static/js/app.js:13556:28)
    at http://localhost:8000/static/js/app.js:1208:23 @ http://localhost:8000/static/js/app.js:13567
[  582337ms] [ERROR] Failed to load resource: net::ERR_CONNECTION_REFUSED @ http://localhost:8000/api/objects/System%20Overview?server=ee8d9159:0
[  582337ms] [ERROR] Error загрузки ee8d9159:overview: TypeError: Failed to fetch
    at fetchObjectData (http://localhost:8000/static/js/app.js:11898:28)
    at loadObjectData (http://localhost:8000/static/js/app.js:13556:28)
    at http://localhost:8000/static/js/app.js:1208:23 @ http://localhost:8000/static/js/app.js:13567
[  583337ms] [ERROR] Failed to load resource: net::ERR_CONNECTION_REFUSED @ http://localhost:8000/api/objects/System%20Overview?server=ee8d9159:0
[  583337ms] [ERROR] Error загрузки ee8d9159:overview: TypeError: Failed to fetch
    at fetchObjectData (http://localhost:8000/static/js/app.js:11898:28)
    at loadObjectData (http://localhost:8000/static/js/app.js:13556:28)
    at http://localhost:8000/static/js/app.js:1208:23 @ http://localhost:8000/static/js/app.js:13567
[  584338ms] [ERROR] Failed to load resource: net::ERR_CONNECTION_REFUSED @ http://localhost:8000/api/objects/System%20Overview?server=ee8d9159:0
[  584338ms] [ERROR] Error загрузки ee8d9159:overview: TypeError: Failed to fetch
    at fetchObjectData (http://localhost:8000/static/js/app.js:11898:28)
    at loadObjectData (http://localhost:8000/static/js/app.js:13556:28)
    at http://localhost:8000/static/js/app.js:1208:23 @ http://localhost:8000/static/js/app.js:13567
[  585044ms] [ERROR] Failed to load resource: net::ERR_CONNECTION_REFUSED @ http://localhost:8000/api/recording/status:0
[  585337ms] [ERROR] Failed to load resource: net::ERR_CONNECTION_REFUSED @ http://localhost:8000/api/objects/System%20Overview?server=ee8d9159:0
[  585337ms] [ERROR] Error загрузки ee8d9159:overview: TypeError: Failed to fetch
    at fetchObjectData (http://localhost:8000/static/js/app.js:11898:28)
    at loadObjectData (http://localhost:8000/static/js/app.js:13556:28)
    at http://localhost:8000/static/js/app.js:1208:23 @ http://localhost:8000/static/js/app.js:13567
[  586336ms] [ERROR] Failed to load resource: net::ERR_CONNECTION_REFUSED @ http://localhost:8000/api/objects/System%20Overview?server=ee8d9159:0
[  586337ms] [ERROR] Error загрузки ee8d9159:overview: TypeError: Failed to fetch
    at fetchObjectData (http://localhost:8000/static/js/app.js:11898:28)
    at loadObjectData (http://localhost:8000/static/js/app.js:13556:28)
    at http://localhost:8000/static/js/app.js:1208:23 @ http://localhost:8000/static/js/app.js:13567
[  587336ms] [ERROR] Failed to load resource: net::ERR_CONNECTION_REFUSED @ http://localhost:8000/api/servers:0
[  587336ms] [ERROR] Error обновления списка объектов: TypeError: Failed to fetch
    at fetchServers (http://localhost:8000/static/js/app.js:11824:28)
    at fetchObjects (http://localhost:8000/static/js/app.js:11831:31)
    at refreshObjectsList (http://localhost:8000/static/js/app.js:11879:28)
    at http://localhost:8000/static/js/app.js:1201:9 @ http://localhost:8000/static/js/app.js:11882
[  587336ms] [ERROR] Failed to load resource: net::ERR_CONNECTION_REFUSED @ http://localhost:8000/api/objects/System%20Overview?server=ee8d9159:0
[  587336ms] [ERROR] Error загрузки ee8d9159:overview: TypeError: Failed to fetch
    at fetchObjectData (http://localhost:8000/static/js/app.js:11898:28)
    at loadObjectData (http://localhost:8000/static/js/app.js:13556:28)
    at http://localhost:8000/static/js/app.js:1208:23 @ http://localhost:8000/static/js/app.js:13567
[  587337ms] [ERROR] Failed to load resource: net::ERR_CONNECTION_REFUSED @ http://localhost:8000/api/version:0
[  588337ms] [ERROR] Failed to load resource: net::ERR_CONNECTION_REFUSED @ http://localhost:8000/api/objects/System%20Overview?server=ee8d9159:0
[  588338ms] [ERROR] Error загрузки ee8d9159:overview: TypeError: Failed to fetch
    at fetchObjectData (http://localhost:8000/static/js/app.js:11898:28)
    at loadObjectData (http://localhost:8000/static/js/app.js:13556:28)
    at http://localhost:8000/static/js/app.js:1208:23 @ http://localhost:8000/static/js/app.js:13567
[  589337ms] [ERROR] Failed to load resource: net::ERR_CONNECTION_REFUSED @ http://localhost:8000/api/objects/System%20Overview?server=ee8d9159:0
[  589337ms] [ERROR] Error загрузки ee8d9159:overview: TypeError: Failed to fetch
    at fetchObjectData (http://localhost:8000/static/js/app.js:11898:28)
    at loadObjectData (http://localhost:8000/static/js/app.js:13556:28)
    at http://localhost:8000/static/js/app.js:1208:23 @ http://localhost:8000/static/js/app.js:13567
[  590043ms] [ERROR] Failed to load resource: net::ERR_CONNECTION_REFUSED @ http://localhost:8000/api/recording/status:0
[  590336ms] [ERROR] Failed to load resource: net::ERR_CONNECTION_REFUSED @ http://localhost:8000/api/objects/System%20Overview?server=ee8d9159:0
[  590336ms] [ERROR] Error загрузки ee8d9159:overview: TypeError: Failed to fetch
    at fetchObjectData (http://localhost:8000/static/js/app.js:11898:28)
    at loadObjectData (http://localhost:8000/static/js/app.js:13556:28)
    at http://localhost:8000/static/js/app.js:1208:23 @ http://localhost:8000/static/js/app.js:13567
[  591337ms] [ERROR] Failed to load resource: net::ERR_CONNECTION_REFUSED @ http://localhost:8000/api/objects/System%20Overview?server=ee8d9159:0
[  591337ms] [ERROR] Error загрузки ee8d9159:overview: TypeError: Failed to fetch
    at fetchObjectData (http://localhost:8000/static/js/app.js:11898:28)
    at loadObjectData (http://localhost:8000/static/js/app.js:13556:28)
    at http://localhost:8000/static/js/app.js:1208:23 @ http://localhost:8000/static/js/app.js:13567
[  592336ms] [ERROR] Failed to load resource: net::ERR_CONNECTION_REFUSED @ http://localhost:8000/api/objects/System%20Overview?server=ee8d9159:0
[  592336ms] [ERROR] Error загрузки ee8d9159:overview: TypeError: Failed to fetch
    at fetchObjectData (http://localhost:8000/static/js/app.js:11898:28)
    at loadObjectData (http://localhost:8000/static/js/app.js:13556:28)
    at http://localhost:8000/static/js/app.js:1208:23 @ http://localhost:8000/static/js/app.js:13567
[  593338ms] [ERROR] Failed to load resource: net::ERR_CONNECTION_REFUSED @ http://localhost:8000/api/servers:0
[  593338ms] [ERROR] Error обновления списка объектов: TypeError: Failed to fetch
    at fetchServers (http://localhost:8000/static/js/app.js:11824:28)
    at fetchObjects (http://localhost:8000/static/js/app.js:11831:31)
    at refreshObjectsList (http://localhost:8000/static/js/app.js:11879:28)
    at http://localhost:8000/static/js/app.js:1201:9 @ http://localhost:8000/static/js/app.js:11882
[  593338ms] [ERROR] Failed to load resource: net::ERR_CONNECTION_REFUSED @ http://localhost:8000/api/objects/System%20Overview?server=ee8d9159:0
[  593339ms] [ERROR] Error загрузки ee8d9159:overview: TypeError: Failed to fetch
    at fetchObjectData (http://localhost:8000/static/js/app.js:11898:28)
    at loadObjectData (http://localhost:8000/static/js/app.js:13556:28)
    at http://localhost:8000/static/js/app.js:1208:23 @ http://localhost:8000/static/js/app.js:13567
[  594338ms] [ERROR] Failed to load resource: net::ERR_CONNECTION_REFUSED @ http://localhost:8000/api/objects/System%20Overview?server=ee8d9159:0
[  594338ms] [ERROR] Error загрузки ee8d9159:overview: TypeError: Failed to fetch
    at fetchObjectData (http://localhost:8000/static/js/app.js:11898:28)
    at loadObjectData (http://localhost:8000/static/js/app.js:13556:28)
    at http://localhost:8000/static/js/app.js:1208:23 @ http://localhost:8000/static/js/app.js:13567
[  595045ms] [ERROR] Failed to load resource: net::ERR_CONNECTION_REFUSED @ http://localhost:8000/api/recording/status:0
[  595337ms] [ERROR] Failed to load resource: net::ERR_CONNECTION_REFUSED @ http://localhost:8000/api/objects/System%20Overview?server=ee8d9159:0
[  595337ms] [ERROR] Error загрузки ee8d9159:overview: TypeError: Failed to fetch
    at fetchObjectData (http://localhost:8000/static/js/app.js:11898:28)
    at loadObjectData (http://localhost:8000/static/js/app.js:13556:28)
    at http://localhost:8000/static/js/app.js:1208:23 @ http://localhost:8000/static/js/app.js:13567
[  596337ms] [ERROR] Failed to load resource: net::ERR_CONNECTION_REFUSED @ http://localhost:8000/api/objects/System%20Overview?server=ee8d9159:0
[  596337ms] [ERROR] Error загрузки ee8d9159:overview: TypeError: Failed to fetch
    at fetchObjectData (http://localhost:8000/static/js/app.js:11898:28)
    at loadObjectData (http://localhost:8000/static/js/app.js:13556:28)
    at http://localhost:8000/static/js/app.js:1208:23 @ http://localhost:8000/static/js/app.js:13567
[  597338ms] [ERROR] Failed to load resource: net::ERR_CONNECTION_REFUSED @ http://localhost:8000/api/objects/System%20Overview?server=ee8d9159:0
[  597338ms] [ERROR] Error загрузки ee8d9159:overview: TypeError: Failed to fetch
    at fetchObjectData (http://localhost:8000/static/js/app.js:11898:28)
    at loadObjectData (http://localhost:8000/static/js/app.js:13556:28)
    at http://localhost:8000/static/js/app.js:1208:23 @ http://localhost:8000/static/js/app.js:13567
[  598337ms] [ERROR] Failed to load resource: net::ERR_CONNECTION_REFUSED @ http://localhost:8000/api/objects/System%20Overview?server=ee8d9159:0
[  598337ms] [ERROR] Error загрузки ee8d9159:overview: TypeError: Failed to fetch
    at fetchObjectData (http://localhost:8000/static/js/app.js:11898:28)
    at loadObjectData (http://localhost:8000/static/js/app.js:13556:28)
    at http://localhost:8000/static/js/app.js:1208:23 @ http://localhost:8000/static/js/app.js:13567
[  599336ms] [ERROR] Failed to load resource: net::ERR_CONNECTION_REFUSED @ http://localhost:8000/api/servers:0
[  599336ms] [ERROR] Error обновления списка объектов: TypeError: Failed to fetch
    at fetchServers (http://localhost:8000/static/js/app.js:11824:28)
    at fetchObjects (http://localhost:8000/static/js/app.js:11831:31)
    at refreshObjectsList (http://localhost:8000/static/js/app.js:11879:28)
    at http://localhost:8000/static/js/app.js:1201:9 @ http://localhost:8000/static/js/app.js:11882
[  599336ms] [ERROR] Failed to load resource: net::ERR_CONNECTION_REFUSED @ http://localhost:8000/api/objects/System%20Overview?server=ee8d9159:0
[  599336ms] [ERROR] Error загрузки ee8d9159:overview: TypeError: Failed to fetch
    at fetchObjectData (http://localhost:8000/static/js/app.js:11898:28)
    at loadObjectData (http://localhost:8000/static/js/app.js:13556:28)
    at http://localhost:8000/static/js/app.js:1208:23 @ http://localhost:8000/static/js/app.js:13567
[  600043ms] [ERROR] Failed to load resource: net::ERR_CONNECTION_REFUSED @ http://localhost:8000/api/recording/status:0
[  600336ms] [ERROR] Failed to load resource: net::ERR_CONNECTION_REFUSED @ http://localhost:8000/api/objects/System%20Overview?server=ee8d9159:0
[  600336ms] [ERROR] Error загрузки ee8d9159:overview: TypeError: Failed to fetch
    at fetchObjectData (http://localhost:8000/static/js/app.js:11898:28)
    at loadObjectData (http://localhost:8000/static/js/app.js:13556:28)
    at http://localhost:8000/static/js/app.js:1208:23 @ http://localhost:8000/static/js/app.js:13567
[  601336ms] [ERROR] Failed to load resource: net::ERR_CONNECTION_REFUSED @ http://localhost:8000/api/objects/System%20Overview?server=ee8d9159:0
[  601336ms] [ERROR] Error загрузки ee8d9159:overview: TypeError: Failed to fetch
    at fetchObjectData (http://localhost:8000/static/js/app.js:11898:28)
    at loadObjectData (http://localhost:8000/static/js/app.js:13556:28)
    at http://localhost:8000/static/js/app.js:1208:23 @ http://localhost:8000/static/js/app.js:13567
[  602336ms] [ERROR] Failed to load resource: net::ERR_CONNECTION_REFUSED @ http://localhost:8000/api/objects/System%20Overview?server=ee8d9159:0
[  602336ms] [ERROR] Error загрузки ee8d9159:overview: TypeError: Failed to fetch
    at fetchObjectData (http://localhost:8000/static/js/app.js:11898:28)
    at loadObjectData (http://localhost:8000/static/js/app.js:13556:28)
    at http://localhost:8000/static/js/app.js:1208:23 @ http://localhost:8000/static/js/app.js:13567
[  603338ms] [ERROR] Failed to load resource: net::ERR_CONNECTION_REFUSED @ http://localhost:8000/api/objects/System%20Overview?server=ee8d9159:0
[  603338ms] [ERROR] Error загрузки ee8d9159:overview: TypeError: Failed to fetch
    at fetchObjectData (http://localhost:8000/static/js/app.js:11898:28)
    at loadObjectData (http://localhost:8000/static/js/app.js:13556:28)
    at http://localhost:8000/static/js/app.js:1208:23 @ http://localhost:8000/static/js/app.js:13567
[  604337ms] [ERROR] Failed to load resource: net::ERR_CONNECTION_REFUSED @ http://localhost:8000/api/objects/System%20Overview?server=ee8d9159:0
[  604337ms] [ERROR] Error загрузки ee8d9159:overview: TypeError: Failed to fetch
    at fetchObjectData (http://localhost:8000/static/js/app.js:11898:28)
    at loadObjectData (http://localhost:8000/static/js/app.js:13556:28)
    at http://localhost:8000/static/js/app.js:1208:23 @ http://localhost:8000/static/js/app.js:13567
[  605043ms] [ERROR] Failed to load resource: net::ERR_CONNECTION_REFUSED @ http://localhost:8000/api/recording/status:0
[  605336ms] [ERROR] Failed to load resource: net::ERR_CONNECTION_REFUSED @ http://localhost:8000/api/servers:0
[  605336ms] [ERROR] Error обновления списка объектов: TypeError: Failed to fetch
    at fetchServers (http://localhost:8000/static/js/app.js:11824:28)
    at fetchObjects (http://localhost:8000/static/js/app.js:11831:31)
    at refreshObjectsList (http://localhost:8000/static/js/app.js:11879:28)
    at http://localhost:8000/static/js/app.js:1201:9 @ http://localhost:8000/static/js/app.js:11882
[  605336ms] [ERROR] Failed to load resource: net::ERR_CONNECTION_REFUSED @ http://localhost:8000/api/objects/System%20Overview?server=ee8d9159:0
[  605336ms] [ERROR] Error загрузки ee8d9159:overview: TypeError: Failed to fetch
    at fetchObjectData (http://localhost:8000/static/js/app.js:11898:28)
    at loadObjectData (http://localhost:8000/static/js/app.js:13556:28)
    at http://localhost:8000/static/js/app.js:1208:23 @ http://localhost:8000/static/js/app.js:13567
[  606337ms] [ERROR] Failed to load resource: net::ERR_CONNECTION_REFUSED @ http://localhost:8000/api/objects/System%20Overview?server=ee8d9159:0
[  606337ms] [ERROR] Error загрузки ee8d9159:overview: TypeError: Failed to fetch
    at fetchObjectData (http://localhost:8000/static/js/app.js:11898:28)
    at loadObjectData (http://localhost:8000/static/js/app.js:13556:28)
    at http://localhost:8000/static/js/app.js:1208:23 @ http://localhost:8000/static/js/app.js:13567
[  607338ms] [ERROR] Failed to load resource: net::ERR_CONNECTION_REFUSED @ http://localhost:8000/api/objects/System%20Overview?server=ee8d9159:0
[  607338ms] [ERROR] Error загрузки ee8d9159:overview: TypeError: Failed to fetch
    at fetchObjectData (http://localhost:8000/static/js/app.js:11898:28)
    at loadObjectData (http://localhost:8000/static/js/app.js:13556:28)
    at http://localhost:8000/static/js/app.js:1208:23 @ http://localhost:8000/static/js/app.js:13567
[  608336ms] [ERROR] Failed to load resource: net::ERR_CONNECTION_REFUSED @ http://localhost:8000/api/objects/System%20Overview?server=ee8d9159:0
[  608336ms] [ERROR] Error загрузки ee8d9159:overview: TypeError: Failed to fetch
    at fetchObjectData (http://localhost:8000/static/js/app.js:11898:28)
    at loadObjectData (http://localhost:8000/static/js/app.js:13556:28)
    at http://localhost:8000/static/js/app.js:1208:23 @ http://localhost:8000/static/js/app.js:13567
[  609338ms] [ERROR] Failed to load resource: net::ERR_CONNECTION_REFUSED @ http://localhost:8000/api/objects/System%20Overview?server=ee8d9159:0
[  609338ms] [ERROR] Error загрузки ee8d9159:overview: TypeError: Failed to fetch
    at fetchObjectData (http://localhost:8000/static/js/app.js:11898:28)
    at loadObjectData (http://localhost:8000/static/js/app.js:13556:28)
    at http://localhost:8000/static/js/app.js:1208:23 @ http://localhost:8000/static/js/app.js:13567
[  610043ms] [ERROR] Failed to load resource: net::ERR_CONNECTION_REFUSED @ http://localhost:8000/api/recording/status:0
[  610337ms] [ERROR] Failed to load resource: net::ERR_CONNECTION_REFUSED @ http://localhost:8000/api/objects/System%20Overview?server=ee8d9159:0
[  610337ms] [ERROR] Error загрузки ee8d9159:overview: TypeError: Failed to fetch
    at fetchObjectData (http://localhost:8000/static/js/app.js:11898:28)
    at loadObjectData (http://localhost:8000/static/js/app.js:13556:28)
    at http://localhost:8000/static/js/app.js:1208:23 @ http://localhost:8000/static/js/app.js:13567
[  611336ms] [ERROR] Failed to load resource: net::ERR_CONNECTION_REFUSED @ http://localhost:8000/api/servers:0
[  611336ms] [ERROR] Error обновления списка объектов: TypeError: Failed to fetch
    at fetchServers (http://localhost:8000/static/js/app.js:11824:28)
    at fetchObjects (http://localhost:8000/static/js/app.js:11831:31)
    at refreshObjectsList (http://localhost:8000/static/js/app.js:11879:28)
    at http://localhost:8000/static/js/app.js:1201:9 @ http://localhost:8000/static/js/app.js:11882
[  611336ms] [ERROR] Failed to load resource: net::ERR_CONNECTION_REFUSED @ http://localhost:8000/api/objects/System%20Overview?server=ee8d9159:0
[  611336ms] [ERROR] Error загрузки ee8d9159:overview: TypeError: Failed to fetch
    at fetchObjectData (http://localhost:8000/static/js/app.js:11898:28)
    at loadObjectData (http://localhost:8000/static/js/app.js:13556:28)
    at http://localhost:8000/static/js/app.js:1208:23 @ http://localhost:8000/static/js/app.js:13567
[  612336ms] [ERROR] Failed to load resource: net::ERR_CONNECTION_REFUSED @ http://localhost:8000/api/objects/System%20Overview?server=ee8d9159:0
[  612336ms] [ERROR] Error загрузки ee8d9159:overview: TypeError: Failed to fetch
    at fetchObjectData (http://localhost:8000/static/js/app.js:11898:28)
    at loadObjectData (http://localhost:8000/static/js/app.js:13556:28)
    at http://localhost:8000/static/js/app.js:1208:23 @ http://localhost:8000/static/js/app.js:13567
[  613338ms] [ERROR] Failed to load resource: net::ERR_CONNECTION_REFUSED @ http://localhost:8000/api/objects/System%20Overview?server=ee8d9159:0
[  613338ms] [ERROR] Error загрузки ee8d9159:overview: TypeError: Failed to fetch
    at fetchObjectData (http://localhost:8000/static/js/app.js:11898:28)
    at loadObjectData (http://localhost:8000/static/js/app.js:13556:28)
    at http://localhost:8000/static/js/app.js:1208:23 @ http://localhost:8000/static/js/app.js:13567
[  614338ms] [ERROR] Failed to load resource: net::ERR_CONNECTION_REFUSED @ http://localhost:8000/api/objects/System%20Overview?server=ee8d9159:0
[  614338ms] [ERROR] Error загрузки ee8d9159:overview: TypeError: Failed to fetch
    at fetchObjectData (http://localhost:8000/static/js/app.js:11898:28)
    at loadObjectData (http://localhost:8000/static/js/app.js:13556:28)
    at http://localhost:8000/static/js/app.js:1208:23 @ http://localhost:8000/static/js/app.js:13567
[  615044ms] [ERROR] Failed to load resource: net::ERR_CONNECTION_REFUSED @ http://localhost:8000/api/recording/status:0
[  615336ms] [ERROR] Failed to load resource: net::ERR_CONNECTION_REFUSED @ http://localhost:8000/api/objects/System%20Overview?server=ee8d9159:0
[  615336ms] [ERROR] Error загрузки ee8d9159:overview: TypeError: Failed to fetch
    at fetchObjectData (http://localhost:8000/static/js/app.js:11898:28)
    at loadObjectData (http://localhost:8000/static/js/app.js:13556:28)
    at http://localhost:8000/static/js/app.js:1208:23 @ http://localhost:8000/static/js/app.js:13567
[  616337ms] [ERROR] Failed to load resource: net::ERR_CONNECTION_REFUSED @ http://localhost:8000/api/objects/System%20Overview?server=ee8d9159:0
[  616337ms] [ERROR] Error загрузки ee8d9159:overview: TypeError: Failed to fetch
    at fetchObjectData (http://localhost:8000/static/js/app.js:11898:28)
    at loadObjectData (http://localhost:8000/static/js/app.js:13556:28)
    at http://localhost:8000/static/js/app.js:1208:23 @ http://localhost:8000/static/js/app.js:13567
[  617339ms] [ERROR] Failed to load resource: net::ERR_CONNECTION_REFUSED @ http://localhost:8000/api/servers:0
[  617339ms] [ERROR] Error обновления списка объектов: TypeError: Failed to fetch
    at fetchServers (http://localhost:8000/static/js/app.js:11824:28)
    at fetchObjects (http://localhost:8000/static/js/app.js:11831:31)
    at refreshObjectsList (http://localhost:8000/static/js/app.js:11879:28)
    at http://localhost:8000/static/js/app.js:1201:9 @ http://localhost:8000/static/js/app.js:11882
[  617340ms] [ERROR] Failed to load resource: net::ERR_CONNECTION_REFUSED @ http://localhost:8000/api/objects/System%20Overview?server=ee8d9159:0
[  617340ms] [ERROR] Error загрузки ee8d9159:overview: TypeError: Failed to fetch
    at fetchObjectData (http://localhost:8000/static/js/app.js:11898:28)
    at loadObjectData (http://localhost:8000/static/js/app.js:13556:28)
    at http://localhost:8000/static/js/app.js:1208:23 @ http://localhost:8000/static/js/app.js:13567
[  617341ms] [ERROR] Failed to load resource: net::ERR_CONNECTION_REFUSED @ http://localhost:8000/api/version:0
[  618336ms] [ERROR] Failed to load resource: net::ERR_CONNECTION_REFUSED @ http://localhost:8000/api/objects/System%20Overview?server=ee8d9159:0
[  618336ms] [ERROR] Error загрузки ee8d9159:overview: TypeError: Failed to fetch
    at fetchObjectData (http://localhost:8000/static/js/app.js:11898:28)
    at loadObjectData (http://localhost:8000/static/js/app.js:13556:28)
    at http://localhost:8000/static/js/app.js:1208:23 @ http://localhost:8000/static/js/app.js:13567
[  619336ms] [ERROR] Failed to load resource: net::ERR_CONNECTION_REFUSED @ http://localhost:8000/api/objects/System%20Overview?server=ee8d9159:0
[  619336ms] [ERROR] Error загрузки ee8d9159:overview: TypeError: Failed to fetch
    at fetchObjectData (http://localhost:8000/static/js/app.js:11898:28)
    at loadObjectData (http://localhost:8000/static/js/app.js:13556:28)
    at http://localhost:8000/static/js/app.js:1208:23 @ http://localhost:8000/static/js/app.js:13567
[  620043ms] [ERROR] Failed to load resource: net::ERR_CONNECTION_REFUSED @ http://localhost:8000/api/recording/status:0
[  620336ms] [ERROR] Failed to load resource: net::ERR_CONNECTION_REFUSED @ http://localhost:8000/api/objects/System%20Overview?server=ee8d9159:0
[  620336ms] [ERROR] Error загрузки ee8d9159:overview: TypeError: Failed to fetch
    at fetchObjectData (http://localhost:8000/static/js/app.js:11898:28)
    at loadObjectData (http://localhost:8000/static/js/app.js:13556:28)
    at http://localhost:8000/static/js/app.js:1208:23 @ http://localhost:8000/static/js/app.js:13567
[  621337ms] [ERROR] Failed to load resource: net::ERR_CONNECTION_REFUSED @ http://localhost:8000/api/objects/System%20Overview?server=ee8d9159:0
[  621337ms] [ERROR] Error загрузки ee8d9159:overview: TypeError: Failed to fetch
    at fetchObjectData (http://localhost:8000/static/js/app.js:11898:28)
    at loadObjectData (http://localhost:8000/static/js/app.js:13556:28)
    at http://localhost:8000/static/js/app.js:1208:23 @ http://localhost:8000/static/js/app.js:13567
[  622336ms] [ERROR] Failed to load resource: net::ERR_CONNECTION_REFUSED @ http://localhost:8000/api/objects/System%20Overview?server=ee8d9159:0
[  622336ms] [ERROR] Error загрузки ee8d9159:overview: TypeError: Failed to fetch
    at fetchObjectData (http://localhost:8000/static/js/app.js:11898:28)
    at loadObjectData (http://localhost:8000/static/js/app.js:13556:28)
    at http://localhost:8000/static/js/app.js:1208:23 @ http://localhost:8000/static/js/app.js:13567
[  623338ms] [ERROR] Failed to load resource: net::ERR_CONNECTION_REFUSED @ http://localhost:8000/api/servers:0
[  623338ms] [ERROR] Error обновления списка объектов: TypeError: Failed to fetch
    at fetchServers (http://localhost:8000/static/js/app.js:11824:28)
    at fetchObjects (http://localhost:8000/static/js/app.js:11831:31)
    at refreshObjectsList (http://localhost:8000/static/js/app.js:11879:28)
    at http://localhost:8000/static/js/app.js:1201:9 @ http://localhost:8000/static/js/app.js:11882
[  623338ms] [ERROR] Failed to load resource: net::ERR_CONNECTION_REFUSED @ http://localhost:8000/api/objects/System%20Overview?server=ee8d9159:0
[  623338ms] [ERROR] Error загрузки ee8d9159:overview: TypeError: Failed to fetch
    at fetchObjectData (http://localhost:8000/static/js/app.js:11898:28)
    at loadObjectData (http://localhost:8000/static/js/app.js:13556:28)
    at http://localhost:8000/static/js/app.js:1208:23 @ http://localhost:8000/static/js/app.js:13567
[  624338ms] [ERROR] Failed to load resource: net::ERR_CONNECTION_REFUSED @ http://localhost:8000/api/objects/System%20Overview?server=ee8d9159:0
[  624338ms] [ERROR] Error загрузки ee8d9159:overview: TypeError: Failed to fetch
    at fetchObjectData (http://localhost:8000/static/js/app.js:11898:28)
    at loadObjectData (http://localhost:8000/static/js/app.js:13556:28)
    at http://localhost:8000/static/js/app.js:1208:23 @ http://localhost:8000/static/js/app.js:13567
[  625044ms] [ERROR] Failed to load resource: net::ERR_CONNECTION_REFUSED @ http://localhost:8000/api/recording/status:0
[  625337ms] [ERROR] Failed to load resource: net::ERR_CONNECTION_REFUSED @ http://localhost:8000/api/objects/System%20Overview?server=ee8d9159:0
[  625337ms] [ERROR] Error загрузки ee8d9159:overview: TypeError: Failed to fetch
    at fetchObjectData (http://localhost:8000/static/js/app.js:11898:28)
    at loadObjectData (http://localhost:8000/static/js/app.js:13556:28)
    at http://localhost:8000/static/js/app.js:1208:23 @ http://localhost:8000/static/js/app.js:13567
[  626336ms] [ERROR] Failed to load resource: net::ERR_CONNECTION_REFUSED @ http://localhost:8000/api/objects/System%20Overview?server=ee8d9159:0
[  626336ms] [ERROR] Error загрузки ee8d9159:overview: TypeError: Failed to fetch
    at fetchObjectData (http://localhost:8000/static/js/app.js:11898:28)
    at loadObjectData (http://localhost:8000/static/js/app.js:13556:28)
    at http://localhost:8000/static/js/app.js:1208:23 @ http://localhost:8000/static/js/app.js:13567
[  627337ms] [ERROR] Failed to load resource: net::ERR_CONNECTION_REFUSED @ http://localhost:8000/api/objects/System%20Overview?server=ee8d9159:0
[  627337ms] [ERROR] Error загрузки ee8d9159:overview: TypeError: Failed to fetch
    at fetchObjectData (http://localhost:8000/static/js/app.js:11898:28)
    at loadObjectData (http://localhost:8000/static/js/app.js:13556:28)
    at http://localhost:8000/static/js/app.js:1208:23 @ http://localhost:8000/static/js/app.js:13567
[  628337ms] [ERROR] Failed to load resource: net::ERR_CONNECTION_REFUSED @ http://localhost:8000/api/objects/System%20Overview?server=ee8d9159:0
[  628337ms] [ERROR] Error загрузки ee8d9159:overview: TypeError: Failed to fetch
    at fetchObjectData (http://localhost:8000/static/js/app.js:11898:28)
    at loadObjectData (http://localhost:8000/static/js/app.js:13556:28)
    at http://localhost:8000/static/js/app.js:1208:23 @ http://localhost:8000/static/js/app.js:13567
[  629338ms] [ERROR] Failed to load resource: net::ERR_CONNECTION_REFUSED @ http://localhost:8000/api/servers:0
[  629338ms] [ERROR] Error обновления списка объектов: TypeError: Failed to fetch
    at fetchServers (http://localhost:8000/static/js/app.js:11824:28)
    at fetchObjects (http://localhost:8000/static/js/app.js:11831:31)
    at refreshObjectsList (http://localhost:8000/static/js/app.js:11879:28)
    at http://localhost:8000/static/js/app.js:1201:9 @ http://localhost:8000/static/js/app.js:11882
[  629339ms] [ERROR] Failed to load resource: net::ERR_CONNECTION_REFUSED @ http://localhost:8000/api/objects/System%20Overview?server=ee8d9159:0
[  629339ms] [ERROR] Error загрузки ee8d9159:overview: TypeError: Failed to fetch
    at fetchObjectData (http://localhost:8000/static/js/app.js:11898:28)
    at loadObjectData (http://localhost:8000/static/js/app.js:13556:28)
    at http://localhost:8000/static/js/app.js:1208:23 @ http://localhost:8000/static/js/app.js:13567
[  630044ms] [ERROR] Failed to load resource: net::ERR_CONNECTION_REFUSED @ http://localhost:8000/api/recording/status:0
[  630336ms] [ERROR] Failed to load resource: net::ERR_CONNECTION_REFUSED @ http://localhost:8000/api/objects/System%20Overview?server=ee8d9159:0
[  630336ms] [ERROR] Error загрузки ee8d9159:overview: TypeError: Failed to fetch
    at fetchObjectData (http://localhost:8000/static/js/app.js:11898:28)
    at loadObjectData (http://localhost:8000/static/js/app.js:13556:28)
    at http://localhost:8000/static/js/app.js:1208:23 @ http://localhost:8000/static/js/app.js:13567
[  631337ms] [ERROR] Failed to load resource: net::ERR_CONNECTION_REFUSED @ http://localhost:8000/api/objects/System%20Overview?server=ee8d9159:0
[  631337ms] [ERROR] Error загрузки ee8d9159:overview: TypeError: Failed to fetch
    at fetchObjectData (http://localhost:8000/static/js/app.js:11898:28)
    at loadObjectData (http://localhost:8000/static/js/app.js:13556:28)
    at http://localhost:8000/static/js/app.js:1208:23 @ http://localhost:8000/static/js/app.js:13567
[  632336ms] [ERROR] Failed to load resource: net::ERR_CONNECTION_REFUSED @ http://localhost:8000/api/objects/System%20Overview?server=ee8d9159:0
[  632336ms] [ERROR] Error загрузки ee8d9159:overview: TypeError: Failed to fetch
    at fetchObjectData (http://localhost:8000/static/js/app.js:11898:28)
    at loadObjectData (http://localhost:8000/static/js/app.js:13556:28)
    at http://localhost:8000/static/js/app.js:1208:23 @ http://localhost:8000/static/js/app.js:13567
[  633337ms] [ERROR] Failed to load resource: net::ERR_CONNECTION_REFUSED @ http://localhost:8000/api/objects/System%20Overview?server=ee8d9159:0
[  633337ms] [ERROR] Error загрузки ee8d9159:overview: TypeError: Failed to fetch
    at fetchObjectData (http://localhost:8000/static/js/app.js:11898:28)
    at loadObjectData (http://localhost:8000/static/js/app.js:13556:28)
    at http://localhost:8000/static/js/app.js:1208:23 @ http://localhost:8000/static/js/app.js:13567
[  634337ms] [ERROR] Failed to load resource: net::ERR_CONNECTION_REFUSED @ http://localhost:8000/api/objects/System%20Overview?server=ee8d9159:0
[  634337ms] [ERROR] Error загрузки ee8d9159:overview: TypeError: Failed to fetch
    at fetchObjectData (http://localhost:8000/static/js/app.js:11898:28)
    at loadObjectData (http://localhost:8000/static/js/app.js:13556:28)
    at http://localhost:8000/static/js/app.js:1208:23 @ http://localhost:8000/static/js/app.js:13567
[  635045ms] [ERROR] Failed to load resource: net::ERR_CONNECTION_REFUSED @ http://localhost:8000/api/recording/status:0
[  635337ms] [ERROR] Failed to load resource: net::ERR_CONNECTION_REFUSED @ http://localhost:8000/api/servers:0
[  635337ms] [ERROR] Error обновления списка объектов: TypeError: Failed to fetch
    at fetchServers (http://localhost:8000/static/js/app.js:11824:28)
    at fetchObjects (http://localhost:8000/static/js/app.js:11831:31)
    at refreshObjectsList (http://localhost:8000/static/js/app.js:11879:28)
    at http://localhost:8000/static/js/app.js:1201:9 @ http://localhost:8000/static/js/app.js:11882
[  635337ms] [ERROR] Failed to load resource: net::ERR_CONNECTION_REFUSED @ http://localhost:8000/api/objects/System%20Overview?server=ee8d9159:0
[  635337ms] [ERROR] Error загрузки ee8d9159:overview: TypeError: Failed to fetch
    at fetchObjectData (http://localhost:8000/static/js/app.js:11898:28)
    at loadObjectData (http://localhost:8000/static/js/app.js:13556:28)
    at http://localhost:8000/static/js/app.js:1208:23 @ http://localhost:8000/static/js/app.js:13567
[  636337ms] [ERROR] Failed to load resource: net::ERR_CONNECTION_REFUSED @ http://localhost:8000/api/objects/System%20Overview?server=ee8d9159:0
[  636337ms] [ERROR] Error загрузки ee8d9159:overview: TypeError: Failed to fetch
    at fetchObjectData (http://localhost:8000/static/js/app.js:11898:28)
    at loadObjectData (http://localhost:8000/static/js/app.js:13556:28)
    at http://localhost:8000/static/js/app.js:1208:23 @ http://localhost:8000/static/js/app.js:13567
[  637337ms] [ERROR] Failed to load resource: net::ERR_CONNECTION_REFUSED @ http://localhost:8000/api/objects/System%20Overview?server=ee8d9159:0
[  637338ms] [ERROR] Error загрузки ee8d9159:overview: TypeError: Failed to fetch
    at fetchObjectData (http://localhost:8000/static/js/app.js:11898:28)
    at loadObjectData (http://localhost:8000/static/js/app.js:13556:28)
    at http://localhost:8000/static/js/app.js:1208:23 @ http://localhost:8000/static/js/app.js:13567
[  638338ms] [ERROR] Failed to load resource: net::ERR_CONNECTION_REFUSED @ http://localhost:8000/api/objects/System%20Overview?server=ee8d9159:0
[  638338ms] [ERROR] Error загрузки ee8d9159:overview: TypeError: Failed to fetch
    at fetchObjectData (http://localhost:8000/static/js/app.js:11898:28)
    at loadObjectData (http://localhost:8000/static/js/app.js:13556:28)
    at http://localhost:8000/static/js/app.js:1208:23 @ http://localhost:8000/static/js/app.js:13567
[  639338ms] [ERROR] Failed to load resource: net::ERR_CONNECTION_REFUSED @ http://localhost:8000/api/objects/System%20Overview?server=ee8d9159:0
[  639338ms] [ERROR] Error загрузки ee8d9159:overview: TypeError: Failed to fetch
    at fetchObjectData (http://localhost:8000/static/js/app.js:11898:28)
    at loadObjectData (http://localhost:8000/static/js/app.js:13556:28)
    at http://localhost:8000/static/js/app.js:1208:23 @ http://localhost:8000/static/js/app.js:13567
[  640043ms] [ERROR] Failed to load resource: net::ERR_CONNECTION_REFUSED @ http://localhost:8000/api/recording/status:0
[  640336ms] [ERROR] Failed to load resource: net::ERR_CONNECTION_REFUSED @ http://localhost:8000/api/objects/System%20Overview?server=ee8d9159:0
[  640336ms] [ERROR] Error загрузки ee8d9159:overview: TypeError: Failed to fetch
    at fetchObjectData (http://localhost:8000/static/js/app.js:11898:28)
    at loadObjectData (http://localhost:8000/static/js/app.js:13556:28)
    at http://localhost:8000/static/js/app.js:1208:23 @ http://localhost:8000/static/js/app.js:13567
[  641338ms] [ERROR] Failed to load resource: net::ERR_CONNECTION_REFUSED @ http://localhost:8000/api/servers:0
[  641338ms] [ERROR] Error обновления списка объектов: TypeError: Failed to fetch
    at fetchServers (http://localhost:8000/static/js/app.js:11824:28)
    at fetchObjects (http://localhost:8000/static/js/app.js:11831:31)
    at refreshObjectsList (http://localhost:8000/static/js/app.js:11879:28)
    at http://localhost:8000/static/js/app.js:1201:9 @ http://localhost:8000/static/js/app.js:11882
[  641338ms] [ERROR] Failed to load resource: net::ERR_CONNECTION_REFUSED @ http://localhost:8000/api/objects/System%20Overview?server=ee8d9159:0
[  641338ms] [ERROR] Error загрузки ee8d9159:overview: TypeError: Failed to fetch
    at fetchObjectData (http://localhost:8000/static/js/app.js:11898:28)
    at loadObjectData (http://localhost:8000/static/js/app.js:13556:28)
    at http://localhost:8000/static/js/app.js:1208:23 @ http://localhost:8000/static/js/app.js:13567
[  642336ms] [ERROR] Failed to load resource: net::ERR_CONNECTION_REFUSED @ http://localhost:8000/api/objects/System%20Overview?server=ee8d9159:0
[  642336ms] [ERROR] Error загрузки ee8d9159:overview: TypeError: Failed to fetch
    at fetchObjectData (http://localhost:8000/static/js/app.js:11898:28)
    at loadObjectData (http://localhost:8000/static/js/app.js:13556:28)
    at http://localhost:8000/static/js/app.js:1208:23 @ http://localhost:8000/static/js/app.js:13567
[  643338ms] [ERROR] Failed to load resource: net::ERR_CONNECTION_REFUSED @ http://localhost:8000/api/objects/System%20Overview?server=ee8d9159:0
[  643338ms] [ERROR] Error загрузки ee8d9159:overview: TypeError: Failed to fetch
    at fetchObjectData (http://localhost:8000/static/js/app.js:11898:28)
    at loadObjectData (http://localhost:8000/static/js/app.js:13556:28)
    at http://localhost:8000/static/js/app.js:1208:23 @ http://localhost:8000/static/js/app.js:13567
[  644339ms] [ERROR] Failed to load resource: net::ERR_CONNECTION_REFUSED @ http://localhost:8000/api/objects/System%20Overview?server=ee8d9159:0
[  644339ms] [ERROR] Error загрузки ee8d9159:overview: TypeError: Failed to fetch
    at fetchObjectData (http://localhost:8000/static/js/app.js:11898:28)
    at loadObjectData (http://localhost:8000/static/js/app.js:13556:28)
    at http://localhost:8000/static/js/app.js:1208:23 @ http://localhost:8000/static/js/app.js:13567
[  645045ms] [ERROR] Failed to load resource: net::ERR_CONNECTION_REFUSED @ http://localhost:8000/api/recording/status:0
[  645337ms] [ERROR] Failed to load resource: net::ERR_CONNECTION_REFUSED @ http://localhost:8000/api/objects/System%20Overview?server=ee8d9159:0
[  645337ms] [ERROR] Error загрузки ee8d9159:overview: TypeError: Failed to fetch
    at fetchObjectData (http://localhost:8000/static/js/app.js:11898:28)
    at loadObjectData (http://localhost:8000/static/js/app.js:13556:28)
    at http://localhost:8000/static/js/app.js:1208:23 @ http://localhost:8000/static/js/app.js:13567
[  646338ms] [ERROR] Failed to load resource: net::ERR_CONNECTION_REFUSED @ http://localhost:8000/api/objects/System%20Overview?server=ee8d9159:0
[  646338ms] [ERROR] Error загрузки ee8d9159:overview: TypeError: Failed to fetch
    at fetchObjectData (http://localhost:8000/static/js/app.js:11898:28)
    at loadObjectData (http://localhost:8000/static/js/app.js:13556:28)
    at http://localhost:8000/static/js/app.js:1208:23 @ http://localhost:8000/static/js/app.js:13567
[  647339ms] [ERROR] Failed to load resource: net::ERR_CONNECTION_REFUSED @ http://localhost:8000/api/servers:0
[  647339ms] [ERROR] Error обновления списка объектов: TypeError: Failed to fetch
    at fetchServers (http://localhost:8000/static/js/app.js:11824:28)
    at fetchObjects (http://localhost:8000/static/js/app.js:11831:31)
    at refreshObjectsList (http://localhost:8000/static/js/app.js:11879:28)
    at http://localhost:8000/static/js/app.js:1201:9 @ http://localhost:8000/static/js/app.js:11882
[  647339ms] [ERROR] Failed to load resource: net::ERR_CONNECTION_REFUSED @ http://localhost:8000/api/objects/System%20Overview?server=ee8d9159:0
[  647339ms] [ERROR] Error загрузки ee8d9159:overview: TypeError: Failed to fetch
    at fetchObjectData (http://localhost:8000/static/js/app.js:11898:28)
    at loadObjectData (http://localhost:8000/static/js/app.js:13556:28)
    at http://localhost:8000/static/js/app.js:1208:23 @ http://localhost:8000/static/js/app.js:13567
[  647339ms] [ERROR] Failed to load resource: net::ERR_CONNECTION_REFUSED @ http://localhost:8000/api/version:0
[  648337ms] [ERROR] Failed to load resource: net::ERR_CONNECTION_REFUSED @ http://localhost:8000/api/objects/System%20Overview?server=ee8d9159:0
[  648337ms] [ERROR] Error загрузки ee8d9159:overview: TypeError: Failed to fetch
    at fetchObjectData (http://localhost:8000/static/js/app.js:11898:28)
    at loadObjectData (http://localhost:8000/static/js/app.js:13556:28)
    at http://localhost:8000/static/js/app.js:1208:23 @ http://localhost:8000/static/js/app.js:13567
[  649338ms] [ERROR] Failed to load resource: net::ERR_CONNECTION_REFUSED @ http://localhost:8000/api/objects/System%20Overview?server=ee8d9159:0
[  649338ms] [ERROR] Error загрузки ee8d9159:overview: TypeError: Failed to fetch
    at fetchObjectData (http://localhost:8000/static/js/app.js:11898:28)
    at loadObjectData (http://localhost:8000/static/js/app.js:13556:28)
    at http://localhost:8000/static/js/app.js:1208:23 @ http://localhost:8000/static/js/app.js:13567
[  650044ms] [ERROR] Failed to load resource: net::ERR_CONNECTION_REFUSED @ http://localhost:8000/api/recording/status:0
[  650336ms] [ERROR] Failed to load resource: net::ERR_CONNECTION_REFUSED @ http://localhost:8000/api/objects/System%20Overview?server=ee8d9159:0
[  650336ms] [ERROR] Error загрузки ee8d9159:overview: TypeError: Failed to fetch
    at fetchObjectData (http://localhost:8000/static/js/app.js:11898:28)
    at loadObjectData (http://localhost:8000/static/js/app.js:13556:28)
    at http://localhost:8000/static/js/app.js:1208:23 @ http://localhost:8000/static/js/app.js:13567
[  651337ms] [ERROR] Failed to load resource: net::ERR_CONNECTION_REFUSED @ http://localhost:8000/api/objects/System%20Overview?server=ee8d9159:0
[  651337ms] [ERROR] Error загрузки ee8d9159:overview: TypeError: Failed to fetch
    at fetchObjectData (http://localhost:8000/static/js/app.js:11898:28)
    at loadObjectData (http://localhost:8000/static/js/app.js:13556:28)
    at http://localhost:8000/static/js/app.js:1208:23 @ http://localhost:8000/static/js/app.js:13567
[  652336ms] [ERROR] Failed to load resource: net::ERR_CONNECTION_REFUSED @ http://localhost:8000/api/objects/System%20Overview?server=ee8d9159:0
[  652336ms] [ERROR] Error загрузки ee8d9159:overview: TypeError: Failed to fetch
    at fetchObjectData (http://localhost:8000/static/js/app.js:11898:28)
    at loadObjectData (http://localhost:8000/static/js/app.js:13556:28)
    at http://localhost:8000/static/js/app.js:1208:23 @ http://localhost:8000/static/js/app.js:13567
[  653336ms] [ERROR] Failed to load resource: net::ERR_CONNECTION_REFUSED @ http://localhost:8000/api/servers:0
[  653336ms] [ERROR] Error обновления списка объектов: TypeError: Failed to fetch
    at fetchServers (http://localhost:8000/static/js/app.js:11824:28)
    at fetchObjects (http://localhost:8000/static/js/app.js:11831:31)
    at refreshObjectsList (http://localhost:8000/static/js/app.js:11879:28)
    at http://localhost:8000/static/js/app.js:1201:9 @ http://localhost:8000/static/js/app.js:11882
[  653337ms] [ERROR] Failed to load resource: net::ERR_CONNECTION_REFUSED @ http://localhost:8000/api/objects/System%20Overview?server=ee8d9159:0
[  653337ms] [ERROR] Error загрузки ee8d9159:overview: TypeError: Failed to fetch
    at fetchObjectData (http://localhost:8000/static/js/app.js:11898:28)
    at loadObjectData (http://localhost:8000/static/js/app.js:13556:28)
    at http://localhost:8000/static/js/app.js:1208:23 @ http://localhost:8000/static/js/app.js:13567
[  654337ms] [ERROR] Failed to load resource: net::ERR_CONNECTION_REFUSED @ http://localhost:8000/api/objects/System%20Overview?server=ee8d9159:0
[  654337ms] [ERROR] Error загрузки ee8d9159:overview: TypeError: Failed to fetch
    at fetchObjectData (http://localhost:8000/static/js/app.js:11898:28)
    at loadObjectData (http://localhost:8000/static/js/app.js:13556:28)
    at http://localhost:8000/static/js/app.js:1208:23 @ http://localhost:8000/static/js/app.js:13567
[  655045ms] [ERROR] Failed to load resource: net::ERR_CONNECTION_REFUSED @ http://localhost:8000/api/recording/status:0
[  655336ms] [ERROR] Failed to load resource: net::ERR_CONNECTION_REFUSED @ http://localhost:8000/api/objects/System%20Overview?server=ee8d9159:0
[  655336ms] [ERROR] Error загрузки ee8d9159:overview: TypeError: Failed to fetch
    at fetchObjectData (http://localhost:8000/static/js/app.js:11898:28)
    at loadObjectData (http://localhost:8000/static/js/app.js:13556:28)
    at http://localhost:8000/static/js/app.js:1208:23 @ http://localhost:8000/static/js/app.js:13567
[  656337ms] [ERROR] Failed to load resource: net::ERR_CONNECTION_REFUSED @ http://localhost:8000/api/objects/System%20Overview?server=ee8d9159:0
[  656337ms] [ERROR] Error загрузки ee8d9159:overview: TypeError: Failed to fetch
    at fetchObjectData (http://localhost:8000/static/js/app.js:11898:28)
    at loadObjectData (http://localhost:8000/static/js/app.js:13556:28)
    at http://localhost:8000/static/js/app.js:1208:23 @ http://localhost:8000/static/js/app.js:13567
[  657338ms] [ERROR] Failed to load resource: net::ERR_CONNECTION_REFUSED @ http://localhost:8000/api/objects/System%20Overview?server=ee8d9159:0
[  657338ms] [ERROR] Error загрузки ee8d9159:overview: TypeError: Failed to fetch
    at fetchObjectData (http://localhost:8000/static/js/app.js:11898:28)
    at loadObjectData (http://localhost:8000/static/js/app.js:13556:28)
    at http://localhost:8000/static/js/app.js:1208:23 @ http://localhost:8000/static/js/app.js:13567
[  658338ms] [ERROR] Failed to load resource: net::ERR_CONNECTION_REFUSED @ http://localhost:8000/api/objects/System%20Overview?server=ee8d9159:0
[  658338ms] [ERROR] Error загрузки ee8d9159:overview: TypeError: Failed to fetch
    at fetchObjectData (http://localhost:8000/static/js/app.js:11898:28)
    at loadObjectData (http://localhost:8000/static/js/app.js:13556:28)
    at http://localhost:8000/static/js/app.js:1208:23 @ http://localhost:8000/static/js/app.js:13567
[  659336ms] [ERROR] Failed to load resource: net::ERR_CONNECTION_REFUSED @ http://localhost:8000/api/servers:0
[  659336ms] [ERROR] Error обновления списка объектов: TypeError: Failed to fetch
    at fetchServers (http://localhost:8000/static/js/app.js:11824:28)
    at fetchObjects (http://localhost:8000/static/js/app.js:11831:31)
    at refreshObjectsList (http://localhost:8000/static/js/app.js:11879:28)
    at http://localhost:8000/static/js/app.js:1201:9 @ http://localhost:8000/static/js/app.js:11882
[  659336ms] [ERROR] Failed to load resource: net::ERR_CONNECTION_REFUSED @ http://localhost:8000/api/objects/System%20Overview?server=ee8d9159:0
[  659336ms] [ERROR] Error загрузки ee8d9159:overview: TypeError: Failed to fetch
    at fetchObjectData (http://localhost:8000/static/js/app.js:11898:28)
    at loadObjectData (http://localhost:8000/static/js/app.js:13556:28)
    at http://localhost:8000/static/js/app.js:1208:23 @ http://localhost:8000/static/js/app.js:13567
[  660045ms] [ERROR] Failed to load resource: net::ERR_CONNECTION_REFUSED @ http://localhost:8000/api/recording/status:0
[  660336ms] [ERROR] Failed to load resource: net::ERR_CONNECTION_REFUSED @ http://localhost:8000/api/objects/System%20Overview?server=ee8d9159:0
[  660336ms] [ERROR] Error загрузки ee8d9159:overview: TypeError: Failed to fetch
    at fetchObjectData (http://localhost:8000/static/js/app.js:11898:28)
    at loadObjectData (http://localhost:8000/static/js/app.js:13556:28)
    at http://localhost:8000/static/js/app.js:1208:23 @ http://localhost:8000/static/js/app.js:13567
[  661336ms] [ERROR] Failed to load resource: net::ERR_CONNECTION_REFUSED @ http://localhost:8000/api/objects/System%20Overview?server=ee8d9159:0
[  661336ms] [ERROR] Error загрузки ee8d9159:overview: TypeError: Failed to fetch
    at fetchObjectData (http://localhost:8000/static/js/app.js:11898:28)
    at loadObjectData (http://localhost:8000/static/js/app.js:13556:28)
    at http://localhost:8000/static/js/app.js:1208:23 @ http://localhost:8000/static/js/app.js:13567
[  662337ms] [ERROR] Failed to load resource: net::ERR_CONNECTION_REFUSED @ http://localhost:8000/api/objects/System%20Overview?server=ee8d9159:0
[  662337ms] [ERROR] Error загрузки ee8d9159:overview: TypeError: Failed to fetch
    at fetchObjectData (http://localhost:8000/static/js/app.js:11898:28)
    at loadObjectData (http://localhost:8000/static/js/app.js:13556:28)
    at http://localhost:8000/static/js/app.js:1208:23 @ http://localhost:8000/static/js/app.js:13567
[  663337ms] [ERROR] Failed to load resource: net::ERR_CONNECTION_REFUSED @ http://localhost:8000/api/objects/System%20Overview?server=ee8d9159:0
[  663337ms] [ERROR] Error загрузки ee8d9159:overview: TypeError: Failed to fetch
    at fetchObjectData (http://localhost:8000/static/js/app.js:11898:28)
    at loadObjectData (http://localhost:8000/static/js/app.js:13556:28)
    at http://localhost:8000/static/js/app.js:1208:23 @ http://localhost:8000/static/js/app.js:13567
[  664337ms] [ERROR] Failed to load resource: net::ERR_CONNECTION_REFUSED @ http://localhost:8000/api/objects/System%20Overview?server=ee8d9159:0
[  664337ms] [ERROR] Error загрузки ee8d9159:overview: TypeError: Failed to fetch
    at fetchObjectData (http://localhost:8000/static/js/app.js:11898:28)
    at loadObjectData (http://localhost:8000/static/js/app.js:13556:28)
    at http://localhost:8000/static/js/app.js:1208:23 @ http://localhost:8000/static/js/app.js:13567
[  665044ms] [ERROR] Failed to load resource: net::ERR_CONNECTION_REFUSED @ http://localhost:8000/api/recording/status:0
[  665336ms] [ERROR] Failed to load resource: net::ERR_CONNECTION_REFUSED @ http://localhost:8000/api/servers:0
[  665336ms] [ERROR] Error обновления списка объектов: TypeError: Failed to fetch
    at fetchServers (http://localhost:8000/static/js/app.js:11824:28)
    at fetchObjects (http://localhost:8000/static/js/app.js:11831:31)
    at refreshObjectsList (http://localhost:8000/static/js/app.js:11879:28)
    at http://localhost:8000/static/js/app.js:1201:9 @ http://localhost:8000/static/js/app.js:11882
[  665336ms] [ERROR] Failed to load resource: net::ERR_CONNECTION_REFUSED @ http://localhost:8000/api/objects/System%20Overview?server=ee8d9159:0
[  665336ms] [ERROR] Error загрузки ee8d9159:overview: TypeError: Failed to fetch
    at fetchObjectData (http://localhost:8000/static/js/app.js:11898:28)
    at loadObjectData (http://localhost:8000/static/js/app.js:13556:28)
    at http://localhost:8000/static/js/app.js:1208:23 @ http://localhost:8000/static/js/app.js:13567
[  666337ms] [ERROR] Failed to load resource: net::ERR_CONNECTION_REFUSED @ http://localhost:8000/api/objects/System%20Overview?server=ee8d9159:0
[  666337ms] [ERROR] Error загрузки ee8d9159:overview: TypeError: Failed to fetch
    at fetchObjectData (http://localhost:8000/static/js/app.js:11898:28)
    at loadObjectData (http://localhost:8000/static/js/app.js:13556:28)
    at http://localhost:8000/static/js/app.js:1208:23 @ http://localhost:8000/static/js/app.js:13567
[  667336ms] [ERROR] Failed to load resource: net::ERR_CONNECTION_REFUSED @ http://localhost:8000/api/objects/System%20Overview?server=ee8d9159:0
[  667336ms] [ERROR] Error загрузки ee8d9159:overview: TypeError: Failed to fetch
    at fetchObjectData (http://localhost:8000/static/js/app.js:11898:28)
    at loadObjectData (http://localhost:8000/static/js/app.js:13556:28)
    at http://localhost:8000/static/js/app.js:1208:23 @ http://localhost:8000/static/js/app.js:13567
[  668337ms] [ERROR] Failed to load resource: net::ERR_CONNECTION_REFUSED @ http://localhost:8000/api/objects/System%20Overview?server=ee8d9159:0
[  668337ms] [ERROR] Error загрузки ee8d9159:overview: TypeError: Failed to fetch
    at fetchObjectData (http://localhost:8000/static/js/app.js:11898:28)
    at loadObjectData (http://localhost:8000/static/js/app.js:13556:28)
    at http://localhost:8000/static/js/app.js:1208:23 @ http://localhost:8000/static/js/app.js:13567
[  669338ms] [ERROR] Failed to load resource: net::ERR_CONNECTION_REFUSED @ http://localhost:8000/api/objects/System%20Overview?server=ee8d9159:0
[  669338ms] [ERROR] Error загрузки ee8d9159:overview: TypeError: Failed to fetch
    at fetchObjectData (http://localhost:8000/static/js/app.js:11898:28)
    at loadObjectData (http://localhost:8000/static/js/app.js:13556:28)
    at http://localhost:8000/static/js/app.js:1208:23 @ http://localhost:8000/static/js/app.js:13567
[  670042ms] [ERROR] Failed to load resource: net::ERR_CONNECTION_REFUSED @ http://localhost:8000/api/recording/status:0
[  670337ms] [ERROR] Failed to load resource: net::ERR_CONNECTION_REFUSED @ http://localhost:8000/api/objects/System%20Overview?server=ee8d9159:0
[  670337ms] [ERROR] Error загрузки ee8d9159:overview: TypeError: Failed to fetch
    at fetchObjectData (http://localhost:8000/static/js/app.js:11898:28)
    at loadObjectData (http://localhost:8000/static/js/app.js:13556:28)
    at http://localhost:8000/static/js/app.js:1208:23 @ http://localhost:8000/static/js/app.js:13567
[  671337ms] [ERROR] Failed to load resource: net::ERR_CONNECTION_REFUSED @ http://localhost:8000/api/servers:0
[  671337ms] [ERROR] Error обновления списка объектов: TypeError: Failed to fetch
    at fetchServers (http://localhost:8000/static/js/app.js:11824:28)
    at fetchObjects (http://localhost:8000/static/js/app.js:11831:31)
    at refreshObjectsList (http://localhost:8000/static/js/app.js:11879:28)
    at http://localhost:8000/static/js/app.js:1201:9 @ http://localhost:8000/static/js/app.js:11882
[  671338ms] [ERROR] Failed to load resource: net::ERR_CONNECTION_REFUSED @ http://localhost:8000/api/objects/System%20Overview?server=ee8d9159:0
[  671338ms] [ERROR] Error загрузки ee8d9159:overview: TypeError: Failed to fetch
    at fetchObjectData (http://localhost:8000/static/js/app.js:11898:28)
    at loadObjectData (http://localhost:8000/static/js/app.js:13556:28)
    at http://localhost:8000/static/js/app.js:1208:23 @ http://localhost:8000/static/js/app.js:13567
[  672336ms] [ERROR] Failed to load resource: net::ERR_CONNECTION_REFUSED @ http://localhost:8000/api/objects/System%20Overview?server=ee8d9159:0
[  672336ms] [ERROR] Error загрузки ee8d9159:overview: TypeError: Failed to fetch
    at fetchObjectData (http://localhost:8000/static/js/app.js:11898:28)
    at loadObjectData (http://localhost:8000/static/js/app.js:13556:28)
    at http://localhost:8000/static/js/app.js:1208:23 @ http://localhost:8000/static/js/app.js:13567
[  673337ms] [ERROR] Failed to load resource: net::ERR_CONNECTION_REFUSED @ http://localhost:8000/api/objects/System%20Overview?server=ee8d9159:0
[  673337ms] [ERROR] Error загрузки ee8d9159:overview: TypeError: Failed to fetch
    at fetchObjectData (http://localhost:8000/static/js/app.js:11898:28)
    at loadObjectData (http://localhost:8000/static/js/app.js:13556:28)
    at http://localhost:8000/static/js/app.js:1208:23 @ http://localhost:8000/static/js/app.js:13567
[  674338ms] [ERROR] Failed to load resource: net::ERR_CONNECTION_REFUSED @ http://localhost:8000/api/objects/System%20Overview?server=ee8d9159:0
[  674338ms] [ERROR] Error загрузки ee8d9159:overview: TypeError: Failed to fetch
    at fetchObjectData (http://localhost:8000/static/js/app.js:11898:28)
    at loadObjectData (http://localhost:8000/static/js/app.js:13556:28)
    at http://localhost:8000/static/js/app.js:1208:23 @ http://localhost:8000/static/js/app.js:13567
[  675043ms] [ERROR] Failed to load resource: net::ERR_CONNECTION_REFUSED @ http://localhost:8000/api/recording/status:0
[  675336ms] [ERROR] Failed to load resource: net::ERR_CONNECTION_REFUSED @ http://localhost:8000/api/objects/System%20Overview?server=ee8d9159:0
[  675336ms] [ERROR] Error загрузки ee8d9159:overview: TypeError: Failed to fetch
    at fetchObjectData (http://localhost:8000/static/js/app.js:11898:28)
    at loadObjectData (http://localhost:8000/static/js/app.js:13556:28)
    at http://localhost:8000/static/js/app.js:1208:23 @ http://localhost:8000/static/js/app.js:13567
[  676337ms] [ERROR] Failed to load resource: net::ERR_CONNECTION_REFUSED @ http://localhost:8000/api/objects/System%20Overview?server=ee8d9159:0
[  676338ms] [ERROR] Error загрузки ee8d9159:overview: TypeError: Failed to fetch
    at fetchObjectData (http://localhost:8000/static/js/app.js:11898:28)
    at loadObjectData (http://localhost:8000/static/js/app.js:13556:28)
    at http://localhost:8000/static/js/app.js:1208:23 @ http://localhost:8000/static/js/app.js:13567
[  677339ms] [ERROR] Failed to load resource: net::ERR_CONNECTION_REFUSED @ http://localhost:8000/api/servers:0
[  677339ms] [ERROR] Error обновления списка объектов: TypeError: Failed to fetch
    at fetchServers (http://localhost:8000/static/js/app.js:11824:28)
    at fetchObjects (http://localhost:8000/static/js/app.js:11831:31)
    at refreshObjectsList (http://localhost:8000/static/js/app.js:11879:28)
    at http://localhost:8000/static/js/app.js:1201:9 @ http://localhost:8000/static/js/app.js:11882
[  677339ms] [ERROR] Failed to load resource: net::ERR_CONNECTION_REFUSED @ http://localhost:8000/api/objects/System%20Overview?server=ee8d9159:0
[  677339ms] [ERROR] Error загрузки ee8d9159:overview: TypeError: Failed to fetch
    at fetchObjectData (http://localhost:8000/static/js/app.js:11898:28)
    at loadObjectData (http://localhost:8000/static/js/app.js:13556:28)
    at http://localhost:8000/static/js/app.js:1208:23 @ http://localhost:8000/static/js/app.js:13567
[  677340ms] [ERROR] Failed to load resource: net::ERR_CONNECTION_REFUSED @ http://localhost:8000/api/version:0
[  678338ms] [ERROR] Failed to load resource: net::ERR_CONNECTION_REFUSED @ http://localhost:8000/api/objects/System%20Overview?server=ee8d9159:0
[  678338ms] [ERROR] Error загрузки ee8d9159:overview: TypeError: Failed to fetch
    at fetchObjectData (http://localhost:8000/static/js/app.js:11898:28)
    at loadObjectData (http://localhost:8000/static/js/app.js:13556:28)
    at http://localhost:8000/static/js/app.js:1208:23 @ http://localhost:8000/static/js/app.js:13567
[  679338ms] [ERROR] Failed to load resource: net::ERR_CONNECTION_REFUSED @ http://localhost:8000/api/objects/System%20Overview?server=ee8d9159:0
[  679338ms] [ERROR] Error загрузки ee8d9159:overview: TypeError: Failed to fetch
    at fetchObjectData (http://localhost:8000/static/js/app.js:11898:28)
    at loadObjectData (http://localhost:8000/static/js/app.js:13556:28)
    at http://localhost:8000/static/js/app.js:1208:23 @ http://localhost:8000/static/js/app.js:13567
[  680044ms] [ERROR] Failed to load resource: net::ERR_CONNECTION_REFUSED @ http://localhost:8000/api/recording/status:0
[  680336ms] [ERROR] Failed to load resource: net::ERR_CONNECTION_REFUSED @ http://localhost:8000/api/objects/System%20Overview?server=ee8d9159:0
[  680336ms] [ERROR] Error загрузки ee8d9159:overview: TypeError: Failed to fetch
    at fetchObjectData (http://localhost:8000/static/js/app.js:11898:28)
    at loadObjectData (http://localhost:8000/static/js/app.js:13556:28)
    at http://localhost:8000/static/js/app.js:1208:23 @ http://localhost:8000/static/js/app.js:13567
[  681337ms] [ERROR] Failed to load resource: net::ERR_CONNECTION_REFUSED @ http://localhost:8000/api/objects/System%20Overview?server=ee8d9159:0
[  681337ms] [ERROR] Error загрузки ee8d9159:overview: TypeError: Failed to fetch
    at fetchObjectData (http://localhost:8000/static/js/app.js:11898:28)
    at loadObjectData (http://localhost:8000/static/js/app.js:13556:28)
    at http://localhost:8000/static/js/app.js:1208:23 @ http://localhost:8000/static/js/app.js:13567
[  682338ms] [ERROR] Failed to load resource: net::ERR_CONNECTION_REFUSED @ http://localhost:8000/api/objects/System%20Overview?server=ee8d9159:0
[  682338ms] [ERROR] Error загрузки ee8d9159:overview: TypeError: Failed to fetch
    at fetchObjectData (http://localhost:8000/static/js/app.js:11898:28)
    at loadObjectData (http://localhost:8000/static/js/app.js:13556:28)
    at http://localhost:8000/static/js/app.js:1208:23 @ http://localhost:8000/static/js/app.js:13567
[  683340ms] [ERROR] Failed to load resource: net::ERR_CONNECTION_REFUSED @ http://localhost:8000/api/servers:0
[  683340ms] [ERROR] Error обновления списка объектов: TypeError: Failed to fetch
    at fetchServers (http://localhost:8000/static/js/app.js:11824:28)
    at fetchObjects (http://localhost:8000/static/js/app.js:11831:31)
    at refreshObjectsList (http://localhost:8000/static/js/app.js:11879:28)
    at http://localhost:8000/static/js/app.js:1201:9 @ http://localhost:8000/static/js/app.js:11882
[  683340ms] [ERROR] Failed to load resource: net::ERR_CONNECTION_REFUSED @ http://localhost:8000/api/objects/System%20Overview?server=ee8d9159:0
[  683340ms] [ERROR] Error загрузки ee8d9159:overview: TypeError: Failed to fetch
    at fetchObjectData (http://localhost:8000/static/js/app.js:11898:28)
    at loadObjectData (http://localhost:8000/static/js/app.js:13556:28)
    at http://localhost:8000/static/js/app.js:1208:23 @ http://localhost:8000/static/js/app.js:13567
[  684337ms] [ERROR] Failed to load resource: net::ERR_CONNECTION_REFUSED @ http://localhost:8000/api/objects/System%20Overview?server=ee8d9159:0
[  684337ms] [ERROR] Error загрузки ee8d9159:overview: TypeError: Failed to fetch
    at fetchObjectData (http://localhost:8000/static/js/app.js:11898:28)
    at loadObjectData (http://localhost:8000/static/js/app.js:13556:28)
    at http://localhost:8000/static/js/app.js:1208:23 @ http://localhost:8000/static/js/app.js:13567
[  685045ms] [ERROR] Failed to load resource: net::ERR_CONNECTION_REFUSED @ http://localhost:8000/api/recording/status:0
[  685336ms] [ERROR] Failed to load resource: net::ERR_CONNECTION_REFUSED @ http://localhost:8000/api/objects/System%20Overview?server=ee8d9159:0
[  685336ms] [ERROR] Error загрузки ee8d9159:overview: TypeError: Failed to fetch
    at fetchObjectData (http://localhost:8000/static/js/app.js:11898:28)
    at loadObjectData (http://localhost:8000/static/js/app.js:13556:28)
    at http://localhost:8000/static/js/app.js:1208:23 @ http://localhost:8000/static/js/app.js:13567
[  686336ms] [ERROR] Failed to load resource: net::ERR_CONNECTION_REFUSED @ http://localhost:8000/api/objects/System%20Overview?server=ee8d9159:0
[  686336ms] [ERROR] Error загрузки ee8d9159:overview: TypeError: Failed to fetch
    at fetchObjectData (http://localhost:8000/static/js/app.js:11898:28)
    at loadObjectData (http://localhost:8000/static/js/app.js:13556:28)
    at http://localhost:8000/static/js/app.js:1208:23 @ http://localhost:8000/static/js/app.js:13567
[  687339ms] [ERROR] Failed to load resource: net::ERR_CONNECTION_REFUSED @ http://localhost:8000/api/objects/System%20Overview?server=ee8d9159:0
[  687339ms] [ERROR] Error загрузки ee8d9159:overview: TypeError: Failed to fetch
    at fetchObjectData (http://localhost:8000/static/js/app.js:11898:28)
    at loadObjectData (http://localhost:8000/static/js/app.js:13556:28)
    at http://localhost:8000/static/js/app.js:1208:23 @ http://localhost:8000/static/js/app.js:13567
[  688337ms] [ERROR] Failed to load resource: net::ERR_CONNECTION_REFUSED @ http://localhost:8000/api/objects/System%20Overview?server=ee8d9159:0
[  688337ms] [ERROR] Error загрузки ee8d9159:overview: TypeError: Failed to fetch
    at fetchObjectData (http://localhost:8000/static/js/app.js:11898:28)
    at loadObjectData (http://localhost:8000/static/js/app.js:13556:28)
    at http://localhost:8000/static/js/app.js:1208:23 @ http://localhost:8000/static/js/app.js:13567
[  689337ms] [ERROR] Failed to load resource: net::ERR_CONNECTION_REFUSED @ http://localhost:8000/api/servers:0
[  689337ms] [ERROR] Error обновления списка объектов: TypeError: Failed to fetch
    at fetchServers (http://localhost:8000/static/js/app.js:11824:28)
    at fetchObjects (http://localhost:8000/static/js/app.js:11831:31)
    at refreshObjectsList (http://localhost:8000/static/js/app.js:11879:28)
    at http://localhost:8000/static/js/app.js:1201:9 @ http://localhost:8000/static/js/app.js:11882
[  689337ms] [ERROR] Failed to load resource: net::ERR_CONNECTION_REFUSED @ http://localhost:8000/api/objects/System%20Overview?server=ee8d9159:0
[  689337ms] [ERROR] Error загрузки ee8d9159:overview: TypeError: Failed to fetch
    at fetchObjectData (http://localhost:8000/static/js/app.js:11898:28)
    at loadObjectData (http://localhost:8000/static/js/app.js:13556:28)
    at http://localhost:8000/static/js/app.js:1208:23 @ http://localhost:8000/static/js/app.js:13567
[  690044ms] [ERROR] Failed to load resource: net::ERR_CONNECTION_REFUSED @ http://localhost:8000/api/recording/status:0
[  690336ms] [ERROR] Failed to load resource: net::ERR_CONNECTION_REFUSED @ http://localhost:8000/api/objects/System%20Overview?server=ee8d9159:0
[  690336ms] [ERROR] Error загрузки ee8d9159:overview: TypeError: Failed to fetch
    at fetchObjectData (http://localhost:8000/static/js/app.js:11898:28)
    at loadObjectData (http://localhost:8000/static/js/app.js:13556:28)
    at http://localhost:8000/static/js/app.js:1208:23 @ http://localhost:8000/static/js/app.js:13567
[  691336ms] [ERROR] Failed to load resource: net::ERR_CONNECTION_REFUSED @ http://localhost:8000/api/objects/System%20Overview?server=ee8d9159:0
[  691336ms] [ERROR] Error загрузки ee8d9159:overview: TypeError: Failed to fetch
    at fetchObjectData (http://localhost:8000/static/js/app.js:11898:28)
    at loadObjectData (http://localhost:8000/static/js/app.js:13556:28)
    at http://localhost:8000/static/js/app.js:1208:23 @ http://localhost:8000/static/js/app.js:13567
[  692337ms] [ERROR] Failed to load resource: net::ERR_CONNECTION_REFUSED @ http://localhost:8000/api/objects/System%20Overview?server=ee8d9159:0
[  692337ms] [ERROR] Error загрузки ee8d9159:overview: TypeError: Failed to fetch
    at fetchObjectData (http://localhost:8000/static/js/app.js:11898:28)
    at loadObjectData (http://localhost:8000/static/js/app.js:13556:28)
    at http://localhost:8000/static/js/app.js:1208:23 @ http://localhost:8000/static/js/app.js:13567
[  693338ms] [ERROR] Failed to load resource: net::ERR_CONNECTION_REFUSED @ http://localhost:8000/api/objects/System%20Overview?server=ee8d9159:0
[  693338ms] [ERROR] Error загрузки ee8d9159:overview: TypeError: Failed to fetch
    at fetchObjectData (http://localhost:8000/static/js/app.js:11898:28)
    at loadObjectData (http://localhost:8000/static/js/app.js:13556:28)
    at http://localhost:8000/static/js/app.js:1208:23 @ http://localhost:8000/static/js/app.js:13567
[  694337ms] [ERROR] Failed to load resource: net::ERR_CONNECTION_REFUSED @ http://localhost:8000/api/objects/System%20Overview?server=ee8d9159:0
[  694337ms] [ERROR] Error загрузки ee8d9159:overview: TypeError: Failed to fetch
    at fetchObjectData (http://localhost:8000/static/js/app.js:11898:28)
    at loadObjectData (http://localhost:8000/static/js/app.js:13556:28)
    at http://localhost:8000/static/js/app.js:1208:23 @ http://localhost:8000/static/js/app.js:13567
[  695043ms] [ERROR] Failed to load resource: net::ERR_CONNECTION_REFUSED @ http://localhost:8000/api/recording/status:0
[  695336ms] [ERROR] Failed to load resource: net::ERR_CONNECTION_REFUSED @ http://localhost:8000/api/servers:0
[  695336ms] [ERROR] Error обновления списка объектов: TypeError: Failed to fetch
    at fetchServers (http://localhost:8000/static/js/app.js:11824:28)
    at fetchObjects (http://localhost:8000/static/js/app.js:11831:31)
    at refreshObjectsList (http://localhost:8000/static/js/app.js:11879:28)
    at http://localhost:8000/static/js/app.js:1201:9 @ http://localhost:8000/static/js/app.js:11882
[  695336ms] [ERROR] Failed to load resource: net::ERR_CONNECTION_REFUSED @ http://localhost:8000/api/objects/System%20Overview?server=ee8d9159:0
[  695336ms] [ERROR] Error загрузки ee8d9159:overview: TypeError: Failed to fetch
    at fetchObjectData (http://localhost:8000/static/js/app.js:11898:28)
    at loadObjectData (http://localhost:8000/static/js/app.js:13556:28)
    at http://localhost:8000/static/js/app.js:1208:23 @ http://localhost:8000/static/js/app.js:13567
[  696337ms] [ERROR] Failed to load resource: net::ERR_CONNECTION_REFUSED @ http://localhost:8000/api/objects/System%20Overview?server=ee8d9159:0
[  696337ms] [ERROR] Error загрузки ee8d9159:overview: TypeError: Failed to fetch
    at fetchObjectData (http://localhost:8000/static/js/app.js:11898:28)
    at loadObjectData (http://localhost:8000/static/js/app.js:13556:28)
    at http://localhost:8000/static/js/app.js:1208:23 @ http://localhost:8000/static/js/app.js:13567
[  697336ms] [ERROR] Failed to load resource: net::ERR_CONNECTION_REFUSED @ http://localhost:8000/api/objects/System%20Overview?server=ee8d9159:0
[  697336ms] [ERROR] Error загрузки ee8d9159:overview: TypeError: Failed to fetch
    at fetchObjectData (http://localhost:8000/static/js/app.js:11898:28)
    at loadObjectData (http://localhost:8000/static/js/app.js:13556:28)
    at http://localhost:8000/static/js/app.js:1208:23 @ http://localhost:8000/static/js/app.js:13567
[  698337ms] [ERROR] Failed to load resource: net::ERR_CONNECTION_REFUSED @ http://localhost:8000/api/objects/System%20Overview?server=ee8d9159:0
[  698337ms] [ERROR] Error загрузки ee8d9159:overview: TypeError: Failed to fetch
    at fetchObjectData (http://localhost:8000/static/js/app.js:11898:28)
    at loadObjectData (http://localhost:8000/static/js/app.js:13556:28)
    at http://localhost:8000/static/js/app.js:1208:23 @ http://localhost:8000/static/js/app.js:13567
[  699337ms] [ERROR] Failed to load resource: net::ERR_CONNECTION_REFUSED @ http://localhost:8000/api/objects/System%20Overview?server=ee8d9159:0
[  699337ms] [ERROR] Error загрузки ee8d9159:overview: TypeError: Failed to fetch
    at fetchObjectData (http://localhost:8000/static/js/app.js:11898:28)
    at loadObjectData (http://localhost:8000/static/js/app.js:13556:28)
    at http://localhost:8000/static/js/app.js:1208:23 @ http://localhost:8000/static/js/app.js:13567
[  700044ms] [ERROR] Failed to load resource: net::ERR_CONNECTION_REFUSED @ http://localhost:8000/api/recording/status:0
[  700337ms] [ERROR] Failed to load resource: net::ERR_CONNECTION_REFUSED @ http://localhost:8000/api/objects/System%20Overview?server=ee8d9159:0
[  700337ms] [ERROR] Error загрузки ee8d9159:overview: TypeError: Failed to fetch
    at fetchObjectData (http://localhost:8000/static/js/app.js:11898:28)
    at loadObjectData (http://localhost:8000/static/js/app.js:13556:28)
    at http://localhost:8000/static/js/app.js:1208:23 @ http://localhost:8000/static/js/app.js:13567
[  701336ms] [ERROR] Failed to load resource: net::ERR_CONNECTION_REFUSED @ http://localhost:8000/api/servers:0
[  701336ms] [ERROR] Error обновления списка объектов: TypeError: Failed to fetch
    at fetchServers (http://localhost:8000/static/js/app.js:11824:28)
    at fetchObjects (http://localhost:8000/static/js/app.js:11831:31)
    at refreshObjectsList (http://localhost:8000/static/js/app.js:11879:28)
    at http://localhost:8000/static/js/app.js:1201:9 @ http://localhost:8000/static/js/app.js:11882
[  701336ms] [ERROR] Failed to load resource: net::ERR_CONNECTION_REFUSED @ http://localhost:8000/api/objects/System%20Overview?server=ee8d9159:0
[  701336ms] [ERROR] Error загрузки ee8d9159:overview: TypeError: Failed to fetch
    at fetchObjectData (http://localhost:8000/static/js/app.js:11898:28)
    at loadObjectData (http://localhost:8000/static/js/app.js:13556:28)
    at http://localhost:8000/static/js/app.js:1208:23 @ http://localhost:8000/static/js/app.js:13567
[  702339ms] [ERROR] Failed to load resource: net::ERR_CONNECTION_REFUSED @ http://localhost:8000/api/objects/System%20Overview?server=ee8d9159:0
[  702339ms] [ERROR] Error загрузки ee8d9159:overview: TypeError: Failed to fetch
    at fetchObjectData (http://localhost:8000/static/js/app.js:11898:28)
    at loadObjectData (http://localhost:8000/static/js/app.js:13556:28)
    at http://localhost:8000/static/js/app.js:1208:23 @ http://localhost:8000/static/js/app.js:13567
[  703336ms] [ERROR] Failed to load resource: net::ERR_CONNECTION_REFUSED @ http://localhost:8000/api/objects/System%20Overview?server=ee8d9159:0
[  703336ms] [ERROR] Error загрузки ee8d9159:overview: TypeError: Failed to fetch
    at fetchObjectData (http://localhost:8000/static/js/app.js:11898:28)
    at loadObjectData (http://localhost:8000/static/js/app.js:13556:28)
    at http://localhost:8000/static/js/app.js:1208:23 @ http://localhost:8000/static/js/app.js:13567
[  704337ms] [ERROR] Failed to load resource: net::ERR_CONNECTION_REFUSED @ http://localhost:8000/api/objects/System%20Overview?server=ee8d9159:0
[  704338ms] [ERROR] Error загрузки ee8d9159:overview: TypeError: Failed to fetch
    at fetchObjectData (http://localhost:8000/static/js/app.js:11898:28)
    at loadObjectData (http://localhost:8000/static/js/app.js:13556:28)
    at http://localhost:8000/static/js/app.js:1208:23 @ http://localhost:8000/static/js/app.js:13567
[  705043ms] [ERROR] Failed to load resource: net::ERR_CONNECTION_REFUSED @ http://localhost:8000/api/recording/status:0
[  705336ms] [ERROR] Failed to load resource: net::ERR_CONNECTION_REFUSED @ http://localhost:8000/api/objects/System%20Overview?server=ee8d9159:0
[  705336ms] [ERROR] Error загрузки ee8d9159:overview: TypeError: Failed to fetch
    at fetchObjectData (http://localhost:8000/static/js/app.js:11898:28)
    at loadObjectData (http://localhost:8000/static/js/app.js:13556:28)
    at http://localhost:8000/static/js/app.js:1208:23 @ http://localhost:8000/static/js/app.js:13567
[  706336ms] [ERROR] Failed to load resource: net::ERR_CONNECTION_REFUSED @ http://localhost:8000/api/objects/System%20Overview?server=ee8d9159:0
[  706336ms] [ERROR] Error загрузки ee8d9159:overview: TypeError: Failed to fetch
    at fetchObjectData (http://localhost:8000/static/js/app.js:11898:28)
    at loadObjectData (http://localhost:8000/static/js/app.js:13556:28)
    at http://localhost:8000/static/js/app.js:1208:23 @ http://localhost:8000/static/js/app.js:13567
[  707336ms] [ERROR] Failed to load resource: net::ERR_CONNECTION_REFUSED @ http://localhost:8000/api/servers:0
[  707336ms] [ERROR] Error обновления списка объектов: TypeError: Failed to fetch
    at fetchServers (http://localhost:8000/static/js/app.js:11824:28)
    at fetchObjects (http://localhost:8000/static/js/app.js:11831:31)
    at refreshObjectsList (http://localhost:8000/static/js/app.js:11879:28)
    at http://localhost:8000/static/js/app.js:1201:9 @ http://localhost:8000/static/js/app.js:11882
[  707337ms] [ERROR] Failed to load resource: net::ERR_CONNECTION_REFUSED @ http://localhost:8000/api/objects/System%20Overview?server=ee8d9159:0
[  707337ms] [ERROR] Error загрузки ee8d9159:overview: TypeError: Failed to fetch
    at fetchObjectData (http://localhost:8000/static/js/app.js:11898:28)
    at loadObjectData (http://localhost:8000/static/js/app.js:13556:28)
    at http://localhost:8000/static/js/app.js:1208:23 @ http://localhost:8000/static/js/app.js:13567
[  707337ms] [ERROR] Failed to load resource: net::ERR_CONNECTION_REFUSED @ http://localhost:8000/api/version:0
[  708336ms] [ERROR] Failed to load resource: net::ERR_CONNECTION_REFUSED @ http://localhost:8000/api/objects/System%20Overview?server=ee8d9159:0
[  708336ms] [ERROR] Error загрузки ee8d9159:overview: TypeError: Failed to fetch
    at fetchObjectData (http://localhost:8000/static/js/app.js:11898:28)
    at loadObjectData (http://localhost:8000/static/js/app.js:13556:28)
    at http://localhost:8000/static/js/app.js:1208:23 @ http://localhost:8000/static/js/app.js:13567
[  709338ms] [ERROR] Failed to load resource: net::ERR_CONNECTION_REFUSED @ http://localhost:8000/api/objects/System%20Overview?server=ee8d9159:0
[  709338ms] [ERROR] Error загрузки ee8d9159:overview: TypeError: Failed to fetch
    at fetchObjectData (http://localhost:8000/static/js/app.js:11898:28)
    at loadObjectData (http://localhost:8000/static/js/app.js:13556:28)
    at http://localhost:8000/static/js/app.js:1208:23 @ http://localhost:8000/static/js/app.js:13567
[  710042ms] [ERROR] Failed to load resource: net::ERR_CONNECTION_REFUSED @ http://localhost:8000/api/recording/status:0
[  710336ms] [ERROR] Failed to load resource: net::ERR_CONNECTION_REFUSED @ http://localhost:8000/api/objects/System%20Overview?server=ee8d9159:0
[  710336ms] [ERROR] Error загрузки ee8d9159:overview: TypeError: Failed to fetch
    at fetchObjectData (http://localhost:8000/static/js/app.js:11898:28)
    at loadObjectData (http://localhost:8000/static/js/app.js:13556:28)
    at http://localhost:8000/static/js/app.js:1208:23 @ http://localhost:8000/static/js/app.js:13567
[  711336ms] [ERROR] Failed to load resource: net::ERR_CONNECTION_REFUSED @ http://localhost:8000/api/objects/System%20Overview?server=ee8d9159:0
[  711336ms] [ERROR] Error загрузки ee8d9159:overview: TypeError: Failed to fetch
    at fetchObjectData (http://localhost:8000/static/js/app.js:11898:28)
    at loadObjectData (http://localhost:8000/static/js/app.js:13556:28)
    at http://localhost:8000/static/js/app.js:1208:23 @ http://localhost:8000/static/js/app.js:13567
[  712336ms] [ERROR] Failed to load resource: net::ERR_CONNECTION_REFUSED @ http://localhost:8000/api/objects/System%20Overview?server=ee8d9159:0
[  712336ms] [ERROR] Error загрузки ee8d9159:overview: TypeError: Failed to fetch
    at fetchObjectData (http://localhost:8000/static/js/app.js:11898:28)
    at loadObjectData (http://localhost:8000/static/js/app.js:13556:28)
    at http://localhost:8000/static/js/app.js:1208:23 @ http://localhost:8000/static/js/app.js:13567
[  713338ms] [ERROR] Failed to load resource: net::ERR_CONNECTION_REFUSED @ http://localhost:8000/api/servers:0
[  713338ms] [ERROR] Error обновления списка объектов: TypeError: Failed to fetch
    at fetchServers (http://localhost:8000/static/js/app.js:11824:28)
    at fetchObjects (http://localhost:8000/static/js/app.js:11831:31)
    at refreshObjectsList (http://localhost:8000/static/js/app.js:11879:28)
    at http://localhost:8000/static/js/app.js:1201:9 @ http://localhost:8000/static/js/app.js:11882
[  713338ms] [ERROR] Failed to load resource: net::ERR_CONNECTION_REFUSED @ http://localhost:8000/api/objects/System%20Overview?server=ee8d9159:0
[  713338ms] [ERROR] Error загрузки ee8d9159:overview: TypeError: Failed to fetch
    at fetchObjectData (http://localhost:8000/static/js/app.js:11898:28)
    at loadObjectData (http://localhost:8000/static/js/app.js:13556:28)
    at http://localhost:8000/static/js/app.js:1208:23 @ http://localhost:8000/static/js/app.js:13567
[  714337ms] [ERROR] Failed to load resource: net::ERR_CONNECTION_REFUSED @ http://localhost:8000/api/objects/System%20Overview?server=ee8d9159:0
[  714337ms] [ERROR] Error загрузки ee8d9159:overview: TypeError: Failed to fetch
    at fetchObjectData (http://localhost:8000/static/js/app.js:11898:28)
    at loadObjectData (http://localhost:8000/static/js/app.js:13556:28)
    at http://localhost:8000/static/js/app.js:1208:23 @ http://localhost:8000/static/js/app.js:13567
[  715043ms] [ERROR] Failed to load resource: net::ERR_CONNECTION_REFUSED @ http://localhost:8000/api/recording/status:0
[  715336ms] [ERROR] Failed to load resource: net::ERR_CONNECTION_REFUSED @ http://localhost:8000/api/objects/System%20Overview?server=ee8d9159:0
[  715336ms] [ERROR] Error загрузки ee8d9159:overview: TypeError: Failed to fetch
    at fetchObjectData (http://localhost:8000/static/js/app.js:11898:28)
    at loadObjectData (http://localhost:8000/static/js/app.js:13556:28)
    at http://localhost:8000/static/js/app.js:1208:23 @ http://localhost:8000/static/js/app.js:13567
[  716337ms] [ERROR] Failed to load resource: net::ERR_CONNECTION_REFUSED @ http://localhost:8000/api/objects/System%20Overview?server=ee8d9159:0
[  716337ms] [ERROR] Error загрузки ee8d9159:overview: TypeError: Failed to fetch
    at fetchObjectData (http://localhost:8000/static/js/app.js:11898:28)
    at loadObjectData (http://localhost:8000/static/js/app.js:13556:28)
    at http://localhost:8000/static/js/app.js:1208:23 @ http://localhost:8000/static/js/app.js:13567
[  717338ms] [ERROR] Failed to load resource: net::ERR_CONNECTION_REFUSED @ http://localhost:8000/api/objects/System%20Overview?server=ee8d9159:0
[  717338ms] [ERROR] Error загрузки ee8d9159:overview: TypeError: Failed to fetch
    at fetchObjectData (http://localhost:8000/static/js/app.js:11898:28)
    at loadObjectData (http://localhost:8000/static/js/app.js:13556:28)
    at http://localhost:8000/static/js/app.js:1208:23 @ http://localhost:8000/static/js/app.js:13567
[  718338ms] [ERROR] Failed to load resource: net::ERR_CONNECTION_REFUSED @ http://localhost:8000/api/objects/System%20Overview?server=ee8d9159:0
[  718338ms] [ERROR] Error загрузки ee8d9159:overview: TypeError: Failed to fetch
    at fetchObjectData (http://localhost:8000/static/js/app.js:11898:28)
    at loadObjectData (http://localhost:8000/static/js/app.js:13556:28)
    at http://localhost:8000/static/js/app.js:1208:23 @ http://localhost:8000/static/js/app.js:13567
[  719336ms] [ERROR] Failed to load resource: net::ERR_CONNECTION_REFUSED @ http://localhost:8000/api/servers:0
[  719336ms] [ERROR] Error обновления списка объектов: TypeError: Failed to fetch
    at fetchServers (http://localhost:8000/static/js/app.js:11824:28)
    at fetchObjects (http://localhost:8000/static/js/app.js:11831:31)
    at refreshObjectsList (http://localhost:8000/static/js/app.js:11879:28)
    at http://localhost:8000/static/js/app.js:1201:9 @ http://localhost:8000/static/js/app.js:11882
[  719337ms] [ERROR] Failed to load resource: net::ERR_CONNECTION_REFUSED @ http://localhost:8000/api/objects/System%20Overview?server=ee8d9159:0
[  719337ms] [ERROR] Error загрузки ee8d9159:overview: TypeError: Failed to fetch
    at fetchObjectData (http://localhost:8000/static/js/app.js:11898:28)
    at loadObjectData (http://localhost:8000/static/js/app.js:13556:28)
    at http://localhost:8000/static/js/app.js:1208:23 @ http://localhost:8000/static/js/app.js:13567
[  720043ms] [ERROR] Failed to load resource: net::ERR_CONNECTION_REFUSED @ http://localhost:8000/api/recording/status:0
[  720336ms] [ERROR] Failed to load resource: net::ERR_CONNECTION_REFUSED @ http://localhost:8000/api/objects/System%20Overview?server=ee8d9159:0
[  720336ms] [ERROR] Error загрузки ee8d9159:overview: TypeError: Failed to fetch
    at fetchObjectData (http://localhost:8000/static/js/app.js:11898:28)
    at loadObjectData (http://localhost:8000/static/js/app.js:13556:28)
    at http://localhost:8000/static/js/app.js:1208:23 @ http://localhost:8000/static/js/app.js:13567
[  721336ms] [ERROR] Failed to load resource: net::ERR_CONNECTION_REFUSED @ http://localhost:8000/api/objects/System%20Overview?server=ee8d9159:0
[  721336ms] [ERROR] Error загрузки ee8d9159:overview: TypeError: Failed to fetch
    at fetchObjectData (http://localhost:8000/static/js/app.js:11898:28)
    at loadObjectData (http://localhost:8000/static/js/app.js:13556:28)
    at http://localhost:8000/static/js/app.js:1208:23 @ http://localhost:8000/static/js/app.js:13567
[  722337ms] [ERROR] Failed to load resource: net::ERR_CONNECTION_REFUSED @ http://localhost:8000/api/objects/System%20Overview?server=ee8d9159:0
[  722337ms] [ERROR] Error загрузки ee8d9159:overview: TypeError: Failed to fetch
    at fetchObjectData (http://localhost:8000/static/js/app.js:11898:28)
    at loadObjectData (http://localhost:8000/static/js/app.js:13556:28)
    at http://localhost:8000/static/js/app.js:1208:23 @ http://localhost:8000/static/js/app.js:13567
[  723338ms] [ERROR] Failed to load resource: net::ERR_CONNECTION_REFUSED @ http://localhost:8000/api/objects/System%20Overview?server=ee8d9159:0
[  723338ms] [ERROR] Error загрузки ee8d9159:overview: TypeError: Failed to fetch
    at fetchObjectData (http://localhost:8000/static/js/app.js:11898:28)
    at loadObjectData (http://localhost:8000/static/js/app.js:13556:28)
    at http://localhost:8000/static/js/app.js:1208:23 @ http://localhost:8000/static/js/app.js:13567
[  724338ms] [ERROR] Failed to load resource: net::ERR_CONNECTION_REFUSED @ http://localhost:8000/api/objects/System%20Overview?server=ee8d9159:0
[  724338ms] [ERROR] Error загрузки ee8d9159:overview: TypeError: Failed to fetch
    at fetchObjectData (http://localhost:8000/static/js/app.js:11898:28)
    at loadObjectData (http://localhost:8000/static/js/app.js:13556:28)
    at http://localhost:8000/static/js/app.js:1208:23 @ http://localhost:8000/static/js/app.js:13567
[  725044ms] [ERROR] Failed to load resource: net::ERR_CONNECTION_REFUSED @ http://localhost:8000/api/recording/status:0
[  725336ms] [ERROR] Failed to load resource: net::ERR_CONNECTION_REFUSED @ http://localhost:8000/api/servers:0
[  725336ms] [ERROR] Error обновления списка объектов: TypeError: Failed to fetch
    at fetchServers (http://localhost:8000/static/js/app.js:11824:28)
    at fetchObjects (http://localhost:8000/static/js/app.js:11831:31)
    at refreshObjectsList (http://localhost:8000/static/js/app.js:11879:28)
    at http://localhost:8000/static/js/app.js:1201:9 @ http://localhost:8000/static/js/app.js:11882
[  725337ms] [ERROR] Failed to load resource: net::ERR_CONNECTION_REFUSED @ http://localhost:8000/api/objects/System%20Overview?server=ee8d9159:0
[  725337ms] [ERROR] Error загрузки ee8d9159:overview: TypeError: Failed to fetch
    at fetchObjectData (http://localhost:8000/static/js/app.js:11898:28)
    at loadObjectData (http://localhost:8000/static/js/app.js:13556:28)
    at http://localhost:8000/static/js/app.js:1208:23 @ http://localhost:8000/static/js/app.js:13567
[  726337ms] [ERROR] Failed to load resource: net::ERR_CONNECTION_REFUSED @ http://localhost:8000/api/objects/System%20Overview?server=ee8d9159:0
[  726337ms] [ERROR] Error загрузки ee8d9159:overview: TypeError: Failed to fetch
    at fetchObjectData (http://localhost:8000/static/js/app.js:11898:28)
    at loadObjectData (http://localhost:8000/static/js/app.js:13556:28)
    at http://localhost:8000/static/js/app.js:1208:23 @ http://localhost:8000/static/js/app.js:13567
[  727337ms] [ERROR] Failed to load resource: net::ERR_CONNECTION_REFUSED @ http://localhost:8000/api/objects/System%20Overview?server=ee8d9159:0
[  727337ms] [ERROR] Error загрузки ee8d9159:overview: TypeError: Failed to fetch
    at fetchObjectData (http://localhost:8000/static/js/app.js:11898:28)
    at loadObjectData (http://localhost:8000/static/js/app.js:13556:28)
    at http://localhost:8000/static/js/app.js:1208:23 @ http://localhost:8000/static/js/app.js:13567
[  728336ms] [ERROR] Failed to load resource: net::ERR_CONNECTION_REFUSED @ http://localhost:8000/api/objects/System%20Overview?server=ee8d9159:0
[  728336ms] [ERROR] Error загрузки ee8d9159:overview: TypeError: Failed to fetch
    at fetchObjectData (http://localhost:8000/static/js/app.js:11898:28)
    at loadObjectData (http://localhost:8000/static/js/app.js:13556:28)
    at http://localhost:8000/static/js/app.js:1208:23 @ http://localhost:8000/static/js/app.js:13567
[  729336ms] [ERROR] Failed to load resource: net::ERR_CONNECTION_REFUSED @ http://localhost:8000/api/objects/System%20Overview?server=ee8d9159:0
[  729337ms] [ERROR] Error загрузки ee8d9159:overview: TypeError: Failed to fetch
    at fetchObjectData (http://localhost:8000/static/js/app.js:11898:28)
    at loadObjectData (http://localhost:8000/static/js/app.js:13556:28)
    at http://localhost:8000/static/js/app.js:1208:23 @ http://localhost:8000/static/js/app.js:13567
[  730042ms] [ERROR] Failed to load resource: net::ERR_CONNECTION_REFUSED @ http://localhost:8000/api/recording/status:0
[  730336ms] [ERROR] Failed to load resource: net::ERR_CONNECTION_REFUSED @ http://localhost:8000/api/objects/System%20Overview?server=ee8d9159:0
[  730336ms] [ERROR] Error загрузки ee8d9159:overview: TypeError: Failed to fetch
    at fetchObjectData (http://localhost:8000/static/js/app.js:11898:28)
    at loadObjectData (http://localhost:8000/static/js/app.js:13556:28)
    at http://localhost:8000/static/js/app.js:1208:23 @ http://localhost:8000/static/js/app.js:13567
[  731336ms] [ERROR] Failed to load resource: net::ERR_CONNECTION_REFUSED @ http://localhost:8000/api/servers:0
[  731336ms] [ERROR] Error обновления списка объектов: TypeError: Failed to fetch
    at fetchServers (http://localhost:8000/static/js/app.js:11824:28)
    at fetchObjects (http://localhost:8000/static/js/app.js:11831:31)
    at refreshObjectsList (http://localhost:8000/static/js/app.js:11879:28)
    at http://localhost:8000/static/js/app.js:1201:9 @ http://localhost:8000/static/js/app.js:11882
[  731336ms] [ERROR] Failed to load resource: net::ERR_CONNECTION_REFUSED @ http://localhost:8000/api/objects/System%20Overview?server=ee8d9159:0
[  731336ms] [ERROR] Error загрузки ee8d9159:overview: TypeError: Failed to fetch
    at fetchObjectData (http://localhost:8000/static/js/app.js:11898:28)
    at loadObjectData (http://localhost:8000/static/js/app.js:13556:28)
    at http://localhost:8000/static/js/app.js:1208:23 @ http://localhost:8000/static/js/app.js:13567
[  732337ms] [ERROR] Failed to load resource: net::ERR_CONNECTION_REFUSED @ http://localhost:8000/api/objects/System%20Overview?server=ee8d9159:0
[  732337ms] [ERROR] Error загрузки ee8d9159:overview: TypeError: Failed to fetch
    at fetchObjectData (http://localhost:8000/static/js/app.js:11898:28)
    at loadObjectData (http://localhost:8000/static/js/app.js:13556:28)
    at http://localhost:8000/static/js/app.js:1208:23 @ http://localhost:8000/static/js/app.js:13567
[  733338ms] [ERROR] Failed to load resource: net::ERR_CONNECTION_REFUSED @ http://localhost:8000/api/objects/System%20Overview?server=ee8d9159:0
[  733338ms] [ERROR] Error загрузки ee8d9159:overview: TypeError: Failed to fetch
    at fetchObjectData (http://localhost:8000/static/js/app.js:11898:28)
    at loadObjectData (http://localhost:8000/static/js/app.js:13556:28)
    at http://localhost:8000/static/js/app.js:1208:23 @ http://localhost:8000/static/js/app.js:13567
[  734337ms] [ERROR] Failed to load resource: net::ERR_CONNECTION_REFUSED @ http://localhost:8000/api/objects/System%20Overview?server=ee8d9159:0
[  734337ms] [ERROR] Error загрузки ee8d9159:overview: TypeError: Failed to fetch
    at fetchObjectData (http://localhost:8000/static/js/app.js:11898:28)
    at loadObjectData (http://localhost:8000/static/js/app.js:13556:28)
    at http://localhost:8000/static/js/app.js:1208:23 @ http://localhost:8000/static/js/app.js:13567
[  735044ms] [ERROR] Failed to load resource: net::ERR_CONNECTION_REFUSED @ http://localhost:8000/api/recording/status:0
[  735336ms] [ERROR] Failed to load resource: net::ERR_CONNECTION_REFUSED @ http://localhost:8000/api/objects/System%20Overview?server=ee8d9159:0
[  735336ms] [ERROR] Error загрузки ee8d9159:overview: TypeError: Failed to fetch
    at fetchObjectData (http://localhost:8000/static/js/app.js:11898:28)
    at loadObjectData (http://localhost:8000/static/js/app.js:13556:28)
    at http://localhost:8000/static/js/app.js:1208:23 @ http://localhost:8000/static/js/app.js:13567
[  736336ms] [ERROR] Failed to load resource: net::ERR_CONNECTION_REFUSED @ http://localhost:8000/api/objects/System%20Overview?server=ee8d9159:0
[  736337ms] [ERROR] Error загрузки ee8d9159:overview: TypeError: Failed to fetch
    at fetchObjectData (http://localhost:8000/static/js/app.js:11898:28)
    at loadObjectData (http://localhost:8000/static/js/app.js:13556:28)
    at http://localhost:8000/static/js/app.js:1208:23 @ http://localhost:8000/static/js/app.js:13567
[  737336ms] [ERROR] Failed to load resource: net::ERR_CONNECTION_REFUSED @ http://localhost:8000/api/servers:0
[  737336ms] [ERROR] Error обновления списка объектов: TypeError: Failed to fetch
    at fetchServers (http://localhost:8000/static/js/app.js:11824:28)
    at fetchObjects (http://localhost:8000/static/js/app.js:11831:31)
    at refreshObjectsList (http://localhost:8000/static/js/app.js:11879:28)
    at http://localhost:8000/static/js/app.js:1201:9 @ http://localhost:8000/static/js/app.js:11882
[  737336ms] [ERROR] Failed to load resource: net::ERR_CONNECTION_REFUSED @ http://localhost:8000/api/objects/System%20Overview?server=ee8d9159:0
[  737336ms] [ERROR] Error загрузки ee8d9159:overview: TypeError: Failed to fetch
    at fetchObjectData (http://localhost:8000/static/js/app.js:11898:28)
    at loadObjectData (http://localhost:8000/static/js/app.js:13556:28)
    at http://localhost:8000/static/js/app.js:1208:23 @ http://localhost:8000/static/js/app.js:13567
[  737337ms] [ERROR] Failed to load resource: net::ERR_CONNECTION_REFUSED @ http://localhost:8000/api/version:0
[  738338ms] [ERROR] Failed to load resource: net::ERR_CONNECTION_REFUSED @ http://localhost:8000/api/objects/System%20Overview?server=ee8d9159:0
[  738338ms] [ERROR] Error загрузки ee8d9159:overview: TypeError: Failed to fetch
    at fetchObjectData (http://localhost:8000/static/js/app.js:11898:28)
    at loadObjectData (http://localhost:8000/static/js/app.js:13556:28)
    at http://localhost:8000/static/js/app.js:1208:23 @ http://localhost:8000/static/js/app.js:13567
[  739336ms] [ERROR] Failed to load resource: net::ERR_CONNECTION_REFUSED @ http://localhost:8000/api/objects/System%20Overview?server=ee8d9159:0
[  739336ms] [ERROR] Error загрузки ee8d9159:overview: TypeError: Failed to fetch
    at fetchObjectData (http://localhost:8000/static/js/app.js:11898:28)
    at loadObjectData (http://localhost:8000/static/js/app.js:13556:28)
    at http://localhost:8000/static/js/app.js:1208:23 @ http://localhost:8000/static/js/app.js:13567
[  740044ms] [ERROR] Failed to load resource: net::ERR_CONNECTION_REFUSED @ http://localhost:8000/api/recording/status:0
[  740336ms] [ERROR] Failed to load resource: net::ERR_CONNECTION_REFUSED @ http://localhost:8000/api/objects/System%20Overview?server=ee8d9159:0
[  740336ms] [ERROR] Error загрузки ee8d9159:overview: TypeError: Failed to fetch
    at fetchObjectData (http://localhost:8000/static/js/app.js:11898:28)
    at loadObjectData (http://localhost:8000/static/js/app.js:13556:28)
    at http://localhost:8000/static/js/app.js:1208:23 @ http://localhost:8000/static/js/app.js:13567
[  741336ms] [ERROR] Failed to load resource: net::ERR_CONNECTION_REFUSED @ http://localhost:8000/api/objects/System%20Overview?server=ee8d9159:0
[  741336ms] [ERROR] Error загрузки ee8d9159:overview: TypeError: Failed to fetch
    at fetchObjectData (http://localhost:8000/static/js/app.js:11898:28)
    at loadObjectData (http://localhost:8000/static/js/app.js:13556:28)
    at http://localhost:8000/static/js/app.js:1208:23 @ http://localhost:8000/static/js/app.js:13567
[  742338ms] [ERROR] Failed to load resource: net::ERR_CONNECTION_REFUSED @ http://localhost:8000/api/objects/System%20Overview?server=ee8d9159:0
[  742338ms] [ERROR] Error загрузки ee8d9159:overview: TypeError: Failed to fetch
    at fetchObjectData (http://localhost:8000/static/js/app.js:11898:28)
    at loadObjectData (http://localhost:8000/static/js/app.js:13556:28)
    at http://localhost:8000/static/js/app.js:1208:23 @ http://localhost:8000/static/js/app.js:13567
[  743336ms] [ERROR] Failed to load resource: net::ERR_CONNECTION_REFUSED @ http://localhost:8000/api/servers:0
[  743336ms] [ERROR] Error обновления списка объектов: TypeError: Failed to fetch
    at fetchServers (http://localhost:8000/static/js/app.js:11824:28)
    at fetchObjects (http://localhost:8000/static/js/app.js:11831:31)
    at refreshObjectsList (http://localhost:8000/static/js/app.js:11879:28)
    at http://localhost:8000/static/js/app.js:1201:9 @ http://localhost:8000/static/js/app.js:11882
[  743336ms] [ERROR] Failed to load resource: net::ERR_CONNECTION_REFUSED @ http://localhost:8000/api/objects/System%20Overview?server=ee8d9159:0
[  743336ms] [ERROR] Error загрузки ee8d9159:overview: TypeError: Failed to fetch
    at fetchObjectData (http://localhost:8000/static/js/app.js:11898:28)
    at loadObjectData (http://localhost:8000/static/js/app.js:13556:28)
    at http://localhost:8000/static/js/app.js:1208:23 @ http://localhost:8000/static/js/app.js:13567
[  744338ms] [ERROR] Failed to load resource: net::ERR_CONNECTION_REFUSED @ http://localhost:8000/api/objects/System%20Overview?server=ee8d9159:0
[  744338ms] [ERROR] Error загрузки ee8d9159:overview: TypeError: Failed to fetch
    at fetchObjectData (http://localhost:8000/static/js/app.js:11898:28)
    at loadObjectData (http://localhost:8000/static/js/app.js:13556:28)
    at http://localhost:8000/static/js/app.js:1208:23 @ http://localhost:8000/static/js/app.js:13567
[  745044ms] [ERROR] Failed to load resource: net::ERR_CONNECTION_REFUSED @ http://localhost:8000/api/recording/status:0
[  745336ms] [ERROR] Failed to load resource: net::ERR_CONNECTION_REFUSED @ http://localhost:8000/api/objects/System%20Overview?server=ee8d9159:0
[  745336ms] [ERROR] Error загрузки ee8d9159:overview: TypeError: Failed to fetch
    at fetchObjectData (http://localhost:8000/static/js/app.js:11898:28)
    at loadObjectData (http://localhost:8000/static/js/app.js:13556:28)
    at http://localhost:8000/static/js/app.js:1208:23 @ http://localhost:8000/static/js/app.js:13567
[  746336ms] [ERROR] Failed to load resource: net::ERR_CONNECTION_REFUSED @ http://localhost:8000/api/objects/System%20Overview?server=ee8d9159:0
[  746336ms] [ERROR] Error загрузки ee8d9159:overview: TypeError: Failed to fetch
    at fetchObjectData (http://localhost:8000/static/js/app.js:11898:28)
    at loadObjectData (http://localhost:8000/static/js/app.js:13556:28)
    at http://localhost:8000/static/js/app.js:1208:23 @ http://localhost:8000/static/js/app.js:13567
[  747339ms] [ERROR] Failed to load resource: net::ERR_CONNECTION_REFUSED @ http://localhost:8000/api/objects/System%20Overview?server=ee8d9159:0
[  747339ms] [ERROR] Error загрузки ee8d9159:overview: TypeError: Failed to fetch
    at fetchObjectData (http://localhost:8000/static/js/app.js:11898:28)
    at loadObjectData (http://localhost:8000/static/js/app.js:13556:28)
    at http://localhost:8000/static/js/app.js:1208:23 @ http://localhost:8000/static/js/app.js:13567
[  748337ms] [ERROR] Failed to load resource: net::ERR_CONNECTION_REFUSED @ http://localhost:8000/api/objects/System%20Overview?server=ee8d9159:0
[  748337ms] [ERROR] Error загрузки ee8d9159:overview: TypeError: Failed to fetch
    at fetchObjectData (http://localhost:8000/static/js/app.js:11898:28)
    at loadObjectData (http://localhost:8000/static/js/app.js:13556:28)
    at http://localhost:8000/static/js/app.js:1208:23 @ http://localhost:8000/static/js/app.js:13567
[  749338ms] [ERROR] Failed to load resource: net::ERR_CONNECTION_REFUSED @ http://localhost:8000/api/servers:0
[  749338ms] [ERROR] Error обновления списка объектов: TypeError: Failed to fetch
    at fetchServers (http://localhost:8000/static/js/app.js:11824:28)
    at fetchObjects (http://localhost:8000/static/js/app.js:11831:31)
    at refreshObjectsList (http://localhost:8000/static/js/app.js:11879:28)
    at http://localhost:8000/static/js/app.js:1201:9 @ http://localhost:8000/static/js/app.js:11882
[  749338ms] [ERROR] Failed to load resource: net::ERR_CONNECTION_REFUSED @ http://localhost:8000/api/objects/System%20Overview?server=ee8d9159:0
[  749338ms] [ERROR] Error загрузки ee8d9159:overview: TypeError: Failed to fetch
    at fetchObjectData (http://localhost:8000/static/js/app.js:11898:28)
    at loadObjectData (http://localhost:8000/static/js/app.js:13556:28)
    at http://localhost:8000/static/js/app.js:1208:23 @ http://localhost:8000/static/js/app.js:13567
[  750043ms] [ERROR] Failed to load resource: net::ERR_CONNECTION_REFUSED @ http://localhost:8000/api/recording/status:0
[  750336ms] [ERROR] Failed to load resource: net::ERR_CONNECTION_REFUSED @ http://localhost:8000/api/objects/System%20Overview?server=ee8d9159:0
[  750336ms] [ERROR] Error загрузки ee8d9159:overview: TypeError: Failed to fetch
    at fetchObjectData (http://localhost:8000/static/js/app.js:11898:28)
    at loadObjectData (http://localhost:8000/static/js/app.js:13556:28)
    at http://localhost:8000/static/js/app.js:1208:23 @ http://localhost:8000/static/js/app.js:13567
[  751336ms] [ERROR] Failed to load resource: net::ERR_CONNECTION_REFUSED @ http://localhost:8000/api/objects/System%20Overview?server=ee8d9159:0
[  751336ms] [ERROR] Error загрузки ee8d9159:overview: TypeError: Failed to fetch
    at fetchObjectData (http://localhost:8000/static/js/app.js:11898:28)
    at loadObjectData (http://localhost:8000/static/js/app.js:13556:28)
    at http://localhost:8000/static/js/app.js:1208:23 @ http://localhost:8000/static/js/app.js:13567
[  752336ms] [ERROR] Failed to load resource: net::ERR_CONNECTION_REFUSED @ http://localhost:8000/api/objects/System%20Overview?server=ee8d9159:0
[  752336ms] [ERROR] Error загрузки ee8d9159:overview: TypeError: Failed to fetch
    at fetchObjectData (http://localhost:8000/static/js/app.js:11898:28)
    at loadObjectData (http://localhost:8000/static/js/app.js:13556:28)
    at http://localhost:8000/static/js/app.js:1208:23 @ http://localhost:8000/static/js/app.js:13567
[  753337ms] [ERROR] Failed to load resource: net::ERR_CONNECTION_REFUSED @ http://localhost:8000/api/objects/System%20Overview?server=ee8d9159:0
[  753337ms] [ERROR] Error загрузки ee8d9159:overview: TypeError: Failed to fetch
    at fetchObjectData (http://localhost:8000/static/js/app.js:11898:28)
    at loadObjectData (http://localhost:8000/static/js/app.js:13556:28)
    at http://localhost:8000/static/js/app.js:1208:23 @ http://localhost:8000/static/js/app.js:13567
[  754338ms] [ERROR] Failed to load resource: net::ERR_CONNECTION_REFUSED @ http://localhost:8000/api/objects/System%20Overview?server=ee8d9159:0
[  754338ms] [ERROR] Error загрузки ee8d9159:overview: TypeError: Failed to fetch
    at fetchObjectData (http://localhost:8000/static/js/app.js:11898:28)
    at loadObjectData (http://localhost:8000/static/js/app.js:13556:28)
    at http://localhost:8000/static/js/app.js:1208:23 @ http://localhost:8000/static/js/app.js:13567
[  755043ms] [ERROR] Failed to load resource: net::ERR_CONNECTION_REFUSED @ http://localhost:8000/api/recording/status:0
[  755337ms] [ERROR] Failed to load resource: net::ERR_CONNECTION_REFUSED @ http://localhost:8000/api/servers:0
[  755337ms] [ERROR] Error обновления списка объектов: TypeError: Failed to fetch
    at fetchServers (http://localhost:8000/static/js/app.js:11824:28)
    at fetchObjects (http://localhost:8000/static/js/app.js:11831:31)
    at refreshObjectsList (http://localhost:8000/static/js/app.js:11879:28)
    at http://localhost:8000/static/js/app.js:1201:9 @ http://localhost:8000/static/js/app.js:11882
[  755337ms] [ERROR] Failed to load resource: net::ERR_CONNECTION_REFUSED @ http://localhost:8000/api/objects/System%20Overview?server=ee8d9159:0
[  755337ms] [ERROR] Error загрузки ee8d9159:overview: TypeError: Failed to fetch
    at fetchObjectData (http://localhost:8000/static/js/app.js:11898:28)
    at loadObjectData (http://localhost:8000/static/js/app.js:13556:28)
    at http://localhost:8000/static/js/app.js:1208:23 @ http://localhost:8000/static/js/app.js:13567
[  756336ms] [ERROR] Failed to load resource: net::ERR_CONNECTION_REFUSED @ http://localhost:8000/api/objects/System%20Overview?server=ee8d9159:0
[  756336ms] [ERROR] Error загрузки ee8d9159:overview: TypeError: Failed to fetch
    at fetchObjectData (http://localhost:8000/static/js/app.js:11898:28)
    at loadObjectData (http://localhost:8000/static/js/app.js:13556:28)
    at http://localhost:8000/static/js/app.js:1208:23 @ http://localhost:8000/static/js/app.js:13567
[  757336ms] [ERROR] Failed to load resource: net::ERR_CONNECTION_REFUSED @ http://localhost:8000/api/objects/System%20Overview?server=ee8d9159:0
[  757337ms] [ERROR] Error загрузки ee8d9159:overview: TypeError: Failed to fetch
    at fetchObjectData (http://localhost:8000/static/js/app.js:11898:28)
    at loadObjectData (http://localhost:8000/static/js/app.js:13556:28)
    at http://localhost:8000/static/js/app.js:1208:23 @ http://localhost:8000/static/js/app.js:13567
[  758336ms] [ERROR] Failed to load resource: net::ERR_CONNECTION_REFUSED @ http://localhost:8000/api/objects/System%20Overview?server=ee8d9159:0
[  758336ms] [ERROR] Error загрузки ee8d9159:overview: TypeError: Failed to fetch
    at fetchObjectData (http://localhost:8000/static/js/app.js:11898:28)
    at loadObjectData (http://localhost:8000/static/js/app.js:13556:28)
    at http://localhost:8000/static/js/app.js:1208:23 @ http://localhost:8000/static/js/app.js:13567
[  759336ms] [ERROR] Failed to load resource: net::ERR_CONNECTION_REFUSED @ http://localhost:8000/api/objects/System%20Overview?server=ee8d9159:0
[  759336ms] [ERROR] Error загрузки ee8d9159:overview: TypeError: Failed to fetch
    at fetchObjectData (http://localhost:8000/static/js/app.js:11898:28)
    at loadObjectData (http://localhost:8000/static/js/app.js:13556:28)
    at http://localhost:8000/static/js/app.js:1208:23 @ http://localhost:8000/static/js/app.js:13567
[  760043ms] [ERROR] Failed to load resource: net::ERR_CONNECTION_REFUSED @ http://localhost:8000/api/recording/status:0
[  760336ms] [ERROR] Failed to load resource: net::ERR_CONNECTION_REFUSED @ http://localhost:8000/api/objects/System%20Overview?server=ee8d9159:0
[  760336ms] [ERROR] Error загрузки ee8d9159:overview: TypeError: Failed to fetch
    at fetchObjectData (http://localhost:8000/static/js/app.js:11898:28)
    at loadObjectData (http://localhost:8000/static/js/app.js:13556:28)
    at http://localhost:8000/static/js/app.js:1208:23 @ http://localhost:8000/static/js/app.js:13567
[  761337ms] [ERROR] Failed to load resource: net::ERR_CONNECTION_REFUSED @ http://localhost:8000/api/servers:0
[  761337ms] [ERROR] Error обновления списка объектов: TypeError: Failed to fetch
    at fetchServers (http://localhost:8000/static/js/app.js:11824:28)
    at fetchObjects (http://localhost:8000/static/js/app.js:11831:31)
    at refreshObjectsList (http://localhost:8000/static/js/app.js:11879:28)
    at http://localhost:8000/static/js/app.js:1201:9 @ http://localhost:8000/static/js/app.js:11882
[  761337ms] [ERROR] Failed to load resource: net::ERR_CONNECTION_REFUSED @ http://localhost:8000/api/objects/System%20Overview?server=ee8d9159:0
[  761337ms] [ERROR] Error загрузки ee8d9159:overview: TypeError: Failed to fetch
    at fetchObjectData (http://localhost:8000/static/js/app.js:11898:28)
    at loadObjectData (http://localhost:8000/static/js/app.js:13556:28)
    at http://localhost:8000/static/js/app.js:1208:23 @ http://localhost:8000/static/js/app.js:13567
[  762336ms] [ERROR] Failed to load resource: net::ERR_CONNECTION_REFUSED @ http://localhost:8000/api/objects/System%20Overview?server=ee8d9159:0
[  762336ms] [ERROR] Error загрузки ee8d9159:overview: TypeError: Failed to fetch
    at fetchObjectData (http://localhost:8000/static/js/app.js:11898:28)
    at loadObjectData (http://localhost:8000/static/js/app.js:13556:28)
    at http://localhost:8000/static/js/app.js:1208:23 @ http://localhost:8000/static/js/app.js:13567
[  763338ms] [ERROR] Failed to load resource: net::ERR_CONNECTION_REFUSED @ http://localhost:8000/api/objects/System%20Overview?server=ee8d9159:0
[  763338ms] [ERROR] Error загрузки ee8d9159:overview: TypeError: Failed to fetch
    at fetchObjectData (http://localhost:8000/static/js/app.js:11898:28)
    at loadObjectData (http://localhost:8000/static/js/app.js:13556:28)
    at http://localhost:8000/static/js/app.js:1208:23 @ http://localhost:8000/static/js/app.js:13567
[  764337ms] [ERROR] Failed to load resource: net::ERR_CONNECTION_REFUSED @ http://localhost:8000/api/objects/System%20Overview?server=ee8d9159:0
[  764337ms] [ERROR] Error загрузки ee8d9159:overview: TypeError: Failed to fetch
    at fetchObjectData (http://localhost:8000/static/js/app.js:11898:28)
    at loadObjectData (http://localhost:8000/static/js/app.js:13556:28)
    at http://localhost:8000/static/js/app.js:1208:23 @ http://localhost:8000/static/js/app.js:13567
[  765337ms] [ERROR] Failed to load resource: the server responded with a status of 502 (Bad Gateway) @ http://localhost:8000/api/objects/System%20Overview?server=ee8d9159:0
[  765337ms] [ERROR] Error загрузки ee8d9159:overview: Error: Failed to load object data
    at fetchObjectData (http://localhost:8000/static/js/app.js:11899:29)
    at async loadObjectData (http://localhost:8000/static/js/app.js:13556:22) @ http://localhost:8000/static/js/app.js:13567
[  766337ms] [ERROR] Failed to load resource: the server responded with a status of 502 (Bad Gateway) @ http://localhost:8000/api/objects/System%20Overview?server=ee8d9159:0
[  766337ms] [ERROR] Error загрузки ee8d9159:overview: Error: Failed to load object data
    at fetchObjectData (http://localhost:8000/static/js/app.js:11899:29)
    at async loadObjectData (http://localhost:8000/static/js/app.js:13556:22) @ http://localhost:8000/static/js/app.js:13567
[  767337ms] [ERROR] Failed to load resource: the server responded with a status of 502 (Bad Gateway) @ http://localhost:8000/api/objects/System%20Overview?server=ee8d9159:0
[  767338ms] [ERROR] Error загрузки ee8d9159:overview: Error: Failed to load object data
    at fetchObjectData (http://localhost:8000/static/js/app.js:11899:29)
    at async loadObjectData (http://localhost:8000/static/js/app.js:13556:22) @ http://localhost:8000/static/js/app.js:13567
