[      19ms] [WARNING] SSE: Error соединения @ http://localhost:8000/static/js/app.js:1163
[   52039ms] [WARNING] SSE: Error соединения @ http://localhost:8000/static/js/app.js:1163
[   53050ms] [WARNING] SSE: Error соединения @ http://localhost:8000/static/js/app.js:1163
[   53050ms] [ERROR] Failed to load resource: net::ERR_CONNECTION_REFUSED @ http://localhost:8000/api/events:0
[   55139ms] [ERROR] Failed to load resource: net::ERR_CONNECTION_REFUSED @ http://localhost:8000/api/recording/status:0
[   55140ms] [WARNING] SSE: Error соединения @ http://localhost:8000/static/js/app.js:1163
[   55141ms] [ERROR] Failed to load resource: net::ERR_CONNECTION_REFUSED @ http://localhost:8000/api/events:0
[   59096ms] [WARNING] SSE: Error соединения @ http://localhost:8000/static/js/app.js:1163
[   59097ms] [ERROR] Failed to load resource: net::ERR_CONNECTION_REFUSED @ http://localhost:8000/api/events:0
[   60137ms] [ERROR] Failed to load resource: net::ERR_CONNECTION_REFUSED @ http://localhost:8000/api/recording/status:0
[   65147ms] [ERROR] Failed to load resource: net::ERR_CONNECTION_REFUSED @ http://localhost:8000/api/recording/status:0
[   66483ms] [WARNING] SSE: Error соединения @ http://localhost:8000/static/js/app.js:1163
[   66483ms] [ERROR] Failed to load resource: net::ERR_CONNECTION_REFUSED @ http://localhost:8000/api/events:0
[   70149ms] [ERROR] Failed to load resource: net::ERR_CONNECTION_REFUSED @ http://localhost:8000/api/recording/status:0
[   75144ms] [ERROR] Failed to load resource: net::ERR_CONNECTION_REFUSED @ http://localhost:8000/api/recording/status:0
[   80151ms] [ERROR] Failed to load resource: net::ERR_CONNECTION_REFUSED @ http://localhost:8000/api/recording/status:0
[   82375ms] [WARNING] SSE: Error соединения @ http://localhost:8000/static/js/app.js:1163
[   82375ms] [ERROR] Failed to load resource: net::ERR_CONNECTION_REFUSED @ http://localhost:8000/api/events:0
[   85140ms] [ERROR] Failed to load resource: net::ERR_CONNECTION_REFUSED @ http://localhost:8000/api/recording/status:0
[   90141ms] [ERROR] Failed to load resource: net::ERR_CONNECTION_REFUSED @ http://localhost:8000/api/recording/status:0
[   95146ms] [ERROR] Failed to load resource: net::ERR_CONNECTION_REFUSED @ http://localhost:8000/api/recording/status:0
[  100144ms] [ERROR] Failed to load resource: net::ERR_CONNECTION_REFUSED @ http://localhost:8000/api/recording/status:0
[  105144ms] [ERROR] Failed to load resource: net::ERR_CONNECTION_REFUSED @ http://localhost:8000/api/recording/status:0
[  110142ms] [ERROR] Failed to load resource: net::ERR_CONNECTION_REFUSED @ http://localhost:8000/api/recording/status:0
[  114652ms] [WARNING] SSE: Error соединения @ http://localhost:8000/static/js/app.js:1163
[  114652ms] [ERROR] Failed to load resource: net::ERR_CONNECTION_REFUSED @ http://localhost:8000/api/events:0
[  115137ms] [ERROR] Failed to load resource: net::ERR_CONNECTION_REFUSED @ http://localhost:8000/api/recording/status:0
[  120149ms] [ERROR] Failed to load resource: net::ERR_CONNECTION_REFUSED @ http://localhost:8000/api/recording/status:0
[  125145ms] [ERROR] Failed to load resource: net::ERR_CONNECTION_REFUSED @ http://localhost:8000/api/recording/status:0
[  130149ms] [ERROR] Failed to load resource: net::ERR_CONNECTION_REFUSED @ http://localhost:8000/api/recording/status:0
[  135147ms] [ERROR] Failed to load resource: net::ERR_CONNECTION_REFUSED @ http://localhost:8000/api/recording/status:0
[  140148ms] [ERROR] Failed to load resource: net::ERR_CONNECTION_REFUSED @ http://localhost:8000/api/recording/status:0
[  141662ms] [WARNING] SSE: Error соединения @ http://localhost:8000/static/js/app.js:1163
[  141662ms] [ERROR] Failed to load resource: net::ERR_CONNECTION_REFUSED @ http://localhost:8000/api/events:0
[  145140ms] [ERROR] Failed to load resource: net::ERR_CONNECTION_REFUSED @ http://localhost:8000/api/recording/status:0
[  150142ms] [ERROR] Failed to load resource: net::ERR_CONNECTION_REFUSED @ http://localhost:8000/api/recording/status:0
[  155140ms] [ERROR] Failed to load resource: net::ERR_CONNECTION_REFUSED @ http://localhost:8000/api/recording/status:0
[  160144ms] [ERROR] Failed to load resource: net::ERR_CONNECTION_REFUSED @ http://localhost:8000/api/recording/status:0
[  165142ms] [ERROR] Failed to load resource: net::ERR_CONNECTION_REFUSED @ http://localhost:8000/api/recording/status:0
[  169485ms] [WARNING] SSE: Error соединения @ http://localhost:8000/static/js/app.js:1163
[  169485ms] [ERROR] Failed to load resource: net::ERR_CONNECTION_REFUSED @ http://localhost:8000/api/events:0
[  170139ms] [ERROR] Failed to load resource: net::ERR_CONNECTION_REFUSED @ http://localhost:8000/api/recording/status:0
[  175141ms] [ERROR] Failed to load resource: net::ERR_CONNECTION_REFUSED @ http://localhost:8000/api/recording/status:0
[  180144ms] [ERROR] Failed to load resource: net::ERR_CONNECTION_REFUSED @ http://localhost:8000/api/recording/status:0
[  185147ms] [ERROR] Failed to load resource: net::ERR_CONNECTION_REFUSED @ http://localhost:8000/api/recording/status:0
[  190144ms] [ERROR] Failed to load resource: net::ERR_CONNECTION_REFUSED @ http://localhost:8000/api/recording/status:0
[  195138ms] [ERROR] Failed to load resource: net::ERR_CONNECTION_REFUSED @ http://localhost:8000/api/recording/status:0
[  198305ms] [WARNING] SSE: Error соединения @ http://localhost:8000/static/js/app.js:1163
[  198306ms] [ERROR] Failed to load resource: net::ERR_CONNECTION_REFUSED @ http://localhost:8000/api/events:0
[  200137ms] [ERROR] Failed to load resource: net::ERR_CONNECTION_REFUSED @ http://localhost:8000/api/recording/status:0
[  205141ms] [ERROR] Failed to load resource: net::ERR_CONNECTION_REFUSED @ http://localhost:8000/api/recording/status:0
[  210141ms] [ERROR] Failed to load resource: net::ERR_CONNECTION_REFUSED @ http://localhost:8000/api/recording/status:0
[  215147ms] [ERROR] Failed to load resource: net::ERR_CONNECTION_REFUSED @ http://localhost:8000/api/recording/status:0
[  220145ms] [ERROR] Failed to load resource: net::ERR_CONNECTION_REFUSED @ http://localhost:8000/api/recording/status:0
[  225144ms] [ERROR] Failed to load resource: net::ERR_CONNECTION_REFUSED @ http://localhost:8000/api/recording/status:0
[  226971ms] [WARNING] SSE: Error соединения @ http://localhost:8000/static/js/app.js:1163
[  226971ms] [WARNING] SSE: Превышено количество попыток, переход на polling @ http://localhost:8000/static/js/app.js:1186
[  226972ms] [ERROR] Failed to load resource: net::ERR_CONNECTION_REFUSED @ http://localhost:8000/api/events:0
[  227974ms] [ERROR] Failed to load resource: net::ERR_CONNECTION_REFUSED @ http://localhost:8000/api/objects/System%20Overview?server=ee8d9159:0
[  227975ms] [ERROR] Error загрузки ee8d9159:overview: TypeError: Failed to fetch
    at fetchObjectData (http://localhost:8000/static/js/app.js:11901:28)
    at loadObjectData (http://localhost:8000/static/js/app.js:13559:28)
    at http://localhost:8000/static/js/app.js:1211:23 @ http://localhost:8000/static/js/app.js:13570
[  228973ms] [ERROR] Failed to load resource: net::ERR_CONNECTION_REFUSED @ http://localhost:8000/api/objects/System%20Overview?server=ee8d9159:0
[  228973ms] [ERROR] Error загрузки ee8d9159:overview: TypeError: Failed to fetch
    at fetchObjectData (http://localhost:8000/static/js/app.js:11901:28)
    at loadObjectData (http://localhost:8000/static/js/app.js:13559:28)
    at http://localhost:8000/static/js/app.js:1211:23 @ http://localhost:8000/static/js/app.js:13570
[  229975ms] [ERROR] Failed to load resource: net::ERR_CONNECTION_REFUSED @ http://localhost:8000/api/objects/System%20Overview?server=ee8d9159:0
[  229975ms] [ERROR] Error загрузки ee8d9159:overview: TypeError: Failed to fetch
    at fetchObjectData (http://localhost:8000/static/js/app.js:11901:28)
    at loadObjectData (http://localhost:8000/static/js/app.js:13559:28)
    at http://localhost:8000/static/js/app.js:1211:23 @ http://localhost:8000/static/js/app.js:13570
[  230138ms] [ERROR] Failed to load resource: net::ERR_CONNECTION_REFUSED @ http://localhost:8000/api/recording/status:0
[  230978ms] [ERROR] Failed to load resource: net::ERR_CONNECTION_REFUSED @ http://localhost:8000/api/objects/System%20Overview?server=ee8d9159:0
[  230978ms] [ERROR] Error загрузки ee8d9159:overview: TypeError: Failed to fetch
    at fetchObjectData (http://localhost:8000/static/js/app.js:11901:28)
    at loadObjectData (http://localhost:8000/static/js/app.js:13559:28)
    at http://localhost:8000/static/js/app.js:1211:23 @ http://localhost:8000/static/js/app.js:13570
[  231997ms] [ERROR] Failed to load resource: net::ERR_CONNECTION_REFUSED @ http://localhost:8000/api/objects/System%20Overview?server=ee8d9159:0
[  231998ms] [ERROR] Error загрузки ee8d9159:overview: TypeError: Failed to fetch
    at fetchObjectData (http://localhost:8000/static/js/app.js:11901:28)
    at loadObjectData (http://localhost:8000/static/js/app.js:13559:28)
    at http://localhost:8000/static/js/app.js:1211:23 @ http://localhost:8000/static/js/app.js:13570
[  232974ms] [ERROR] Failed to load resource: net::ERR_CONNECTION_REFUSED @ http://localhost:8000/api/servers:0
[  232974ms] [ERROR] Error обновления списка объектов: TypeError: Failed to fetch
    at fetchServers (http://localhost:8000/static/js/app.js:11827:28)
    at fetchObjects (http://localhost:8000/static/js/app.js:11834:31)
    at refreshObjectsList (http://localhost:8000/static/js/app.js:11882:28)
    at http://localhost:8000/static/js/app.js:1204:9 @ http://localhost:8000/static/js/app.js:11885
[  232975ms] [ERROR] Failed to load resource: net::ERR_CONNECTION_REFUSED @ http://localhost:8000/api/objects/System%20Overview?server=ee8d9159:0
[  232975ms] [ERROR] Error загрузки ee8d9159:overview: TypeError: Failed to fetch
    at fetchObjectData (http://localhost:8000/static/js/app.js:11901:28)
    at loadObjectData (http://localhost:8000/static/js/app.js:13559:28)
    at http://localhost:8000/static/js/app.js:1211:23 @ http://localhost:8000/static/js/app.js:13570
[  233981ms] [ERROR] Failed to load resource: net::ERR_CONNECTION_REFUSED @ http://localhost:8000/api/objects/System%20Overview?server=ee8d9159:0
[  233981ms] [ERROR] Error загрузки ee8d9159:overview: TypeError: Failed to fetch
    at fetchObjectData (http://localhost:8000/static/js/app.js:11901:28)
    at loadObjectData (http://localhost:8000/static/js/app.js:13559:28)
    at http://localhost:8000/static/js/app.js:1211:23 @ http://localhost:8000/static/js/app.js:13570
[  234973ms] [ERROR] Failed to load resource: net::ERR_CONNECTION_REFUSED @ http://localhost:8000/api/objects/System%20Overview?server=ee8d9159:0
[  234973ms] [ERROR] Error загрузки ee8d9159:overview: TypeError: Failed to fetch
    at fetchObjectData (http://localhost:8000/static/js/app.js:11901:28)
    at loadObjectData (http://localhost:8000/static/js/app.js:13559:28)
    at http://localhost:8000/static/js/app.js:1211:23 @ http://localhost:8000/static/js/app.js:13570
[  235138ms] [ERROR] Failed to load resource: net::ERR_CONNECTION_REFUSED @ http://localhost:8000/api/recording/status:0
[  235973ms] [ERROR] Failed to load resource: net::ERR_CONNECTION_REFUSED @ http://localhost:8000/api/objects/System%20Overview?server=ee8d9159:0
[  235973ms] [ERROR] Error загрузки ee8d9159:overview: TypeError: Failed to fetch
    at fetchObjectData (http://localhost:8000/static/js/app.js:11901:28)
    at loadObjectData (http://localhost:8000/static/js/app.js:13559:28)
    at http://localhost:8000/static/js/app.js:1211:23 @ http://localhost:8000/static/js/app.js:13570
[  236973ms] [ERROR] Failed to load resource: net::ERR_CONNECTION_REFUSED @ http://localhost:8000/api/objects/System%20Overview?server=ee8d9159:0
[  236973ms] [ERROR] Error загрузки ee8d9159:overview: TypeError: Failed to fetch
    at fetchObjectData (http://localhost:8000/static/js/app.js:11901:28)
    at loadObjectData (http://localhost:8000/static/js/app.js:13559:28)
    at http://localhost:8000/static/js/app.js:1211:23 @ http://localhost:8000/static/js/app.js:13570
[  237973ms] [ERROR] Failed to load resource: net::ERR_CONNECTION_REFUSED @ http://localhost:8000/api/objects/System%20Overview?server=ee8d9159:0
[  237973ms] [ERROR] Error загрузки ee8d9159:overview: TypeError: Failed to fetch
    at fetchObjectData (http://localhost:8000/static/js/app.js:11901:28)
    at loadObjectData (http://localhost:8000/static/js/app.js:13559:28)
    at http://localhost:8000/static/js/app.js:1211:23 @ http://localhost:8000/static/js/app.js:13570
[  238974ms] [ERROR] Failed to load resource: net::ERR_CONNECTION_REFUSED @ http://localhost:8000/api/servers:0
[  238974ms] [ERROR] Error обновления списка объектов: TypeError: Failed to fetch
    at fetchServers (http://localhost:8000/static/js/app.js:11827:28)
    at fetchObjects (http://localhost:8000/static/js/app.js:11834:31)
    at refreshObjectsList (http://localhost:8000/static/js/app.js:11882:28)
    at http://localhost:8000/static/js/app.js:1204:9 @ http://localhost:8000/static/js/app.js:11885
[  238975ms] [ERROR] Failed to load resource: net::ERR_CONNECTION_REFUSED @ http://localhost:8000/api/objects/System%20Overview?server=ee8d9159:0
[  238975ms] [ERROR] Error загрузки ee8d9159:overview: TypeError: Failed to fetch
    at fetchObjectData (http://localhost:8000/static/js/app.js:11901:28)
    at loadObjectData (http://localhost:8000/static/js/app.js:13559:28)
    at http://localhost:8000/static/js/app.js:1211:23 @ http://localhost:8000/static/js/app.js:13570
[  239973ms] [ERROR] Failed to load resource: net::ERR_CONNECTION_REFUSED @ http://localhost:8000/api/objects/System%20Overview?server=ee8d9159:0
[  239973ms] [ERROR] Error загрузки ee8d9159:overview: TypeError: Failed to fetch
    at fetchObjectData (http://localhost:8000/static/js/app.js:11901:28)
    at loadObjectData (http://localhost:8000/static/js/app.js:13559:28)
    at http://localhost:8000/static/js/app.js:1211:23 @ http://localhost:8000/static/js/app.js:13570
[  240139ms] [ERROR] Failed to load resource: net::ERR_CONNECTION_REFUSED @ http://localhost:8000/api/recording/status:0
[  240974ms] [ERROR] Failed to load resource: net::ERR_CONNECTION_REFUSED @ http://localhost:8000/api/objects/System%20Overview?server=ee8d9159:0
[  240974ms] [ERROR] Error загрузки ee8d9159:overview: TypeError: Failed to fetch
    at fetchObjectData (http://localhost:8000/static/js/app.js:11901:28)
    at loadObjectData (http://localhost:8000/static/js/app.js:13559:28)
    at http://localhost:8000/static/js/app.js:1211:23 @ http://localhost:8000/static/js/app.js:13570
[  241974ms] [ERROR] Failed to load resource: net::ERR_CONNECTION_REFUSED @ http://localhost:8000/api/objects/System%20Overview?server=ee8d9159:0
[  241974ms] [ERROR] Error загрузки ee8d9159:overview: TypeError: Failed to fetch
    at fetchObjectData (http://localhost:8000/static/js/app.js:11901:28)
    at loadObjectData (http://localhost:8000/static/js/app.js:13559:28)
    at http://localhost:8000/static/js/app.js:1211:23 @ http://localhost:8000/static/js/app.js:13570
[  242979ms] [ERROR] Failed to load resource: net::ERR_CONNECTION_REFUSED @ http://localhost:8000/api/objects/System%20Overview?server=ee8d9159:0
[  242979ms] [ERROR] Error загрузки ee8d9159:overview: TypeError: Failed to fetch
    at fetchObjectData (http://localhost:8000/static/js/app.js:11901:28)
    at loadObjectData (http://localhost:8000/static/js/app.js:13559:28)
    at http://localhost:8000/static/js/app.js:1211:23 @ http://localhost:8000/static/js/app.js:13570
[  243973ms] [ERROR] Failed to load resource: net::ERR_CONNECTION_REFUSED @ http://localhost:8000/api/objects/System%20Overview?server=ee8d9159:0
[  243974ms] [ERROR] Error загрузки ee8d9159:overview: TypeError: Failed to fetch
    at fetchObjectData (http://localhost:8000/static/js/app.js:11901:28)
    at loadObjectData (http://localhost:8000/static/js/app.js:13559:28)
    at http://localhost:8000/static/js/app.js:1211:23 @ http://localhost:8000/static/js/app.js:13570
[  244974ms] [ERROR] Failed to load resource: net::ERR_CONNECTION_REFUSED @ http://localhost:8000/api/servers:0
[  244974ms] [ERROR] Error обновления списка объектов: TypeError: Failed to fetch
    at fetchServers (http://localhost:8000/static/js/app.js:11827:28)
    at fetchObjects (http://localhost:8000/static/js/app.js:11834:31)
    at refreshObjectsList (http://localhost:8000/static/js/app.js:11882:28)
    at http://localhost:8000/static/js/app.js:1204:9 @ http://localhost:8000/static/js/app.js:11885
[  244974ms] [ERROR] Failed to load resource: net::ERR_CONNECTION_REFUSED @ http://localhost:8000/api/objects/System%20Overview?server=ee8d9159:0
[  244974ms] [ERROR] Error загрузки ee8d9159:overview: TypeError: Failed to fetch
    at fetchObjectData (http://localhost:8000/static/js/app.js:11901:28)
    at loadObjectData (http://localhost:8000/static/js/app.js:13559:28)
    at http://localhost:8000/static/js/app.js:1211:23 @ http://localhost:8000/static/js/app.js:13570
[  245138ms] [ERROR] Failed to load resource: net::ERR_CONNECTION_REFUSED @ http://localhost:8000/api/recording/status:0
[  245974ms] [ERROR] Failed to load resource: net::ERR_CONNECTION_REFUSED @ http://localhost:8000/api/objects/System%20Overview?server=ee8d9159:0
[  245974ms] [ERROR] Error загрузки ee8d9159:overview: TypeError: Failed to fetch
    at fetchObjectData (http://localhost:8000/static/js/app.js:11901:28)
    at loadObjectData (http://localhost:8000/static/js/app.js:13559:28)
    at http://localhost:8000/static/js/app.js:1211:23 @ http://localhost:8000/static/js/app.js:13570
[  246973ms] [ERROR] Failed to load resource: net::ERR_CONNECTION_REFUSED @ http://localhost:8000/api/objects/System%20Overview?server=ee8d9159:0
[  246973ms] [ERROR] Error загрузки ee8d9159:overview: TypeError: Failed to fetch
    at fetchObjectData (http://localhost:8000/static/js/app.js:11901:28)
    at loadObjectData (http://localhost:8000/static/js/app.js:13559:28)
    at http://localhost:8000/static/js/app.js:1211:23 @ http://localhost:8000/static/js/app.js:13570
[  247973ms] [ERROR] Failed to load resource: net::ERR_CONNECTION_REFUSED @ http://localhost:8000/api/objects/System%20Overview?server=ee8d9159:0
[  247973ms] [ERROR] Error загрузки ee8d9159:overview: TypeError: Failed to fetch
    at fetchObjectData (http://localhost:8000/static/js/app.js:11901:28)
    at loadObjectData (http://localhost:8000/static/js/app.js:13559:28)
    at http://localhost:8000/static/js/app.js:1211:23 @ http://localhost:8000/static/js/app.js:13570
[  248973ms] [ERROR] Failed to load resource: net::ERR_CONNECTION_REFUSED @ http://localhost:8000/api/objects/System%20Overview?server=ee8d9159:0
[  248973ms] [ERROR] Error загрузки ee8d9159:overview: TypeError: Failed to fetch
    at fetchObjectData (http://localhost:8000/static/js/app.js:11901:28)
    at loadObjectData (http://localhost:8000/static/js/app.js:13559:28)
    at http://localhost:8000/static/js/app.js:1211:23 @ http://localhost:8000/static/js/app.js:13570
[  249973ms] [ERROR] Failed to load resource: net::ERR_CONNECTION_REFUSED @ http://localhost:8000/api/objects/System%20Overview?server=ee8d9159:0
[  249973ms] [ERROR] Error загрузки ee8d9159:overview: TypeError: Failed to fetch
    at fetchObjectData (http://localhost:8000/static/js/app.js:11901:28)
    at loadObjectData (http://localhost:8000/static/js/app.js:13559:28)
    at http://localhost:8000/static/js/app.js:1211:23 @ http://localhost:8000/static/js/app.js:13570
[  250138ms] [ERROR] Failed to load resource: net::ERR_CONNECTION_REFUSED @ http://localhost:8000/api/recording/status:0
[  250974ms] [ERROR] Failed to load resource: net::ERR_CONNECTION_REFUSED @ http://localhost:8000/api/servers:0
[  250974ms] [ERROR] Error обновления списка объектов: TypeError: Failed to fetch
    at fetchServers (http://localhost:8000/static/js/app.js:11827:28)
    at fetchObjects (http://localhost:8000/static/js/app.js:11834:31)
    at refreshObjectsList (http://localhost:8000/static/js/app.js:11882:28)
    at http://localhost:8000/static/js/app.js:1204:9 @ http://localhost:8000/static/js/app.js:11885
[  250974ms] [ERROR] Failed to load resource: net::ERR_CONNECTION_REFUSED @ http://localhost:8000/api/objects/System%20Overview?server=ee8d9159:0
[  250974ms] [ERROR] Error загрузки ee8d9159:overview: TypeError: Failed to fetch
    at fetchObjectData (http://localhost:8000/static/js/app.js:11901:28)
    at loadObjectData (http://localhost:8000/static/js/app.js:13559:28)
    at http://localhost:8000/static/js/app.js:1211:23 @ http://localhost:8000/static/js/app.js:13570
[  251974ms] [ERROR] Failed to load resource: net::ERR_CONNECTION_REFUSED @ http://localhost:8000/api/objects/System%20Overview?server=ee8d9159:0
[  251974ms] [ERROR] Error загрузки ee8d9159:overview: TypeError: Failed to fetch
    at fetchObjectData (http://localhost:8000/static/js/app.js:11901:28)
    at loadObjectData (http://localhost:8000/static/js/app.js:13559:28)
    at http://localhost:8000/static/js/app.js:1211:23 @ http://localhost:8000/static/js/app.js:13570
[  252973ms] [ERROR] Failed to load resource: net::ERR_CONNECTION_REFUSED @ http://localhost:8000/api/objects/System%20Overview?server=ee8d9159:0
[  252973ms] [ERROR] Error загрузки ee8d9159:overview: TypeError: Failed to fetch
    at fetchObjectData (http://localhost:8000/static/js/app.js:11901:28)
    at loadObjectData (http://localhost:8000/static/js/app.js:13559:28)
    at http://localhost:8000/static/js/app.js:1211:23 @ http://localhost:8000/static/js/app.js:13570
[  253974ms] [ERROR] Failed to load resource: net::ERR_CONNECTION_REFUSED @ http://localhost:8000/api/objects/System%20Overview?server=ee8d9159:0
[  253974ms] [ERROR] Error загрузки ee8d9159:overview: TypeError: Failed to fetch
    at fetchObjectData (http://localhost:8000/static/js/app.js:11901:28)
    at loadObjectData (http://localhost:8000/static/js/app.js:13559:28)
    at http://localhost:8000/static/js/app.js:1211:23 @ http://localhost:8000/static/js/app.js:13570
[  254974ms] [ERROR] Failed to load resource: net::ERR_CONNECTION_REFUSED @ http://localhost:8000/api/objects/System%20Overview?server=ee8d9159:0
[  254974ms] [ERROR] Error загрузки ee8d9159:overview: TypeError: Failed to fetch
    at fetchObjectData (http://localhost:8000/static/js/app.js:11901:28)
    at loadObjectData (http://localhost:8000/static/js/app.js:13559:28)
    at http://localhost:8000/static/js/app.js:1211:23 @ http://localhost:8000/static/js/app.js:13570
[  255138ms] [ERROR] Failed to load resource: net::ERR_CONNECTION_REFUSED @ http://localhost:8000/api/recording/status:0
[  255974ms] [ERROR] Failed to load resource: net::ERR_CONNECTION_REFUSED @ http://localhost:8000/api/objects/System%20Overview?server=ee8d9159:0
[  255974ms] [ERROR] Error загрузки ee8d9159:overview: TypeError: Failed to fetch
    at fetchObjectData (http://localhost:8000/static/js/app.js:11901:28)
    at loadObjectData (http://localhost:8000/static/js/app.js:13559:28)
    at http://localhost:8000/static/js/app.js:1211:23 @ http://localhost:8000/static/js/app.js:13570
[  256974ms] [ERROR] Failed to load resource: net::ERR_CONNECTION_REFUSED @ http://localhost:8000/api/servers:0
[  256974ms] [ERROR] Error обновления списка объектов: TypeError: Failed to fetch
    at fetchServers (http://localhost:8000/static/js/app.js:11827:28)
    at fetchObjects (http://localhost:8000/static/js/app.js:11834:31)
    at refreshObjectsList (http://localhost:8000/static/js/app.js:11882:28)
    at http://localhost:8000/static/js/app.js:1204:9 @ http://localhost:8000/static/js/app.js:11885
[  256974ms] [ERROR] Failed to load resource: net::ERR_CONNECTION_REFUSED @ http://localhost:8000/api/objects/System%20Overview?server=ee8d9159:0
[  256974ms] [ERROR] Error загрузки ee8d9159:overview: TypeError: Failed to fetch
    at fetchObjectData (http://localhost:8000/static/js/app.js:11901:28)
    at loadObjectData (http://localhost:8000/static/js/app.js:13559:28)
    at http://localhost:8000/static/js/app.js:1211:23 @ http://localhost:8000/static/js/app.js:13570
[  256975ms] [ERROR] Failed to load resource: net::ERR_CONNECTION_REFUSED @ http://localhost:8000/api/version:0
[  257973ms] [ERROR] Failed to load resource: net::ERR_CONNECTION_REFUSED @ http://localhost:8000/api/objects/System%20Overview?server=ee8d9159:0
[  257973ms] [ERROR] Error загрузки ee8d9159:overview: TypeError: Failed to fetch
    at fetchObjectData (http://localhost:8000/static/js/app.js:11901:28)
    at loadObjectData (http://localhost:8000/static/js/app.js:13559:28)
    at http://localhost:8000/static/js/app.js:1211:23 @ http://localhost:8000/static/js/app.js:13570
[  258973ms] [ERROR] Failed to load resource: net::ERR_CONNECTION_REFUSED @ http://localhost:8000/api/objects/System%20Overview?server=ee8d9159:0
[  258973ms] [ERROR] Error загрузки ee8d9159:overview: TypeError: Failed to fetch
    at fetchObjectData (http://localhost:8000/static/js/app.js:11901:28)
    at loadObjectData (http://localhost:8000/static/js/app.js:13559:28)
    at http://localhost:8000/static/js/app.js:1211:23 @ http://localhost:8000/static/js/app.js:13570
[  259974ms] [ERROR] Failed to load resource: net::ERR_CONNECTION_REFUSED @ http://localhost:8000/api/objects/System%20Overview?server=ee8d9159:0
[  259975ms] [ERROR] Error загрузки ee8d9159:overview: TypeError: Failed to fetch
    at fetchObjectData (http://localhost:8000/static/js/app.js:11901:28)
    at loadObjectData (http://localhost:8000/static/js/app.js:13559:28)
    at http://localhost:8000/static/js/app.js:1211:23 @ http://localhost:8000/static/js/app.js:13570
[  260138ms] [ERROR] Failed to load resource: net::ERR_CONNECTION_REFUSED @ http://localhost:8000/api/recording/status:0
[  260973ms] [ERROR] Failed to load resource: net::ERR_CONNECTION_REFUSED @ http://localhost:8000/api/objects/System%20Overview?server=ee8d9159:0
[  260973ms] [ERROR] Error загрузки ee8d9159:overview: TypeError: Failed to fetch
    at fetchObjectData (http://localhost:8000/static/js/app.js:11901:28)
    at loadObjectData (http://localhost:8000/static/js/app.js:13559:28)
    at http://localhost:8000/static/js/app.js:1211:23 @ http://localhost:8000/static/js/app.js:13570
[  261973ms] [ERROR] Failed to load resource: net::ERR_CONNECTION_REFUSED @ http://localhost:8000/api/objects/System%20Overview?server=ee8d9159:0
[  261973ms] [ERROR] Error загрузки ee8d9159:overview: TypeError: Failed to fetch
    at fetchObjectData (http://localhost:8000/static/js/app.js:11901:28)
    at loadObjectData (http://localhost:8000/static/js/app.js:13559:28)
    at http://localhost:8000/static/js/app.js:1211:23 @ http://localhost:8000/static/js/app.js:13570
[  262973ms] [ERROR] Failed to load resource: net::ERR_CONNECTION_REFUSED @ http://localhost:8000/api/servers:0
[  262973ms] [ERROR] Error обновления списка объектов: TypeError: Failed to fetch
    at fetchServers (http://localhost:8000/static/js/app.js:11827:28)
    at fetchObjects (http://localhost:8000/static/js/app.js:11834:31)
    at refreshObjectsList (http://localhost:8000/static/js/app.js:11882:28)
    at http://localhost:8000/static/js/app.js:1204:9 @ http://localhost:8000/static/js/app.js:11885
[  262974ms] [ERROR] Failed to load resource: net::ERR_CONNECTION_REFUSED @ http://localhost:8000/api/objects/System%20Overview?server=ee8d9159:0
[  262974ms] [ERROR] Error загрузки ee8d9159:overview: TypeError: Failed to fetch
    at fetchObjectData (http://localhost:8000/static/js/app.js:11901:28)
    at loadObjectData (http://localhost:8000/static/js/app.js:13559:28)
    at http://localhost:8000/static/js/app.js:1211:23 @ http://localhost:8000/static/js/app.js:13570
[  263973ms] [ERROR] Failed to load resource: net::ERR_CONNECTION_REFUSED @ http://localhost:8000/api/objects/System%20Overview?server=ee8d9159:0
[  263973ms] [ERROR] Error загрузки ee8d9159:overview: TypeError: Failed to fetch
    at fetchObjectData (http://localhost:8000/static/js/app.js:11901:28)
    at loadObjectData (http://localhost:8000/static/js/app.js:13559:28)
    at http://localhost:8000/static/js/app.js:1211:23 @ http://localhost:8000/static/js/app.js:13570
[  264973ms] [ERROR] Failed to load resource: net::ERR_CONNECTION_REFUSED @ http://localhost:8000/api/objects/System%20Overview?server=ee8d9159:0
[  264973ms] [ERROR] Error загрузки ee8d9159:overview: TypeError: Failed to fetch
    at fetchObjectData (http://localhost:8000/static/js/app.js:11901:28)
    at loadObjectData (http://localhost:8000/static/js/app.js:13559:28)
    at http://localhost:8000/static/js/app.js:1211:23 @ http://localhost:8000/static/js/app.js:13570
[  265137ms] [ERROR] Failed to load resource: net::ERR_CONNECTION_REFUSED @ http://localhost:8000/api/recording/status:0
[  265973ms] [ERROR] Failed to load resource: net::ERR_CONNECTION_REFUSED @ http://localhost:8000/api/objects/System%20Overview?server=ee8d9159:0
[  265973ms] [ERROR] Error загрузки ee8d9159:overview: TypeError: Failed to fetch
    at fetchObjectData (http://localhost:8000/static/js/app.js:11901:28)
    at loadObjectData (http://localhost:8000/static/js/app.js:13559:28)
    at http://localhost:8000/static/js/app.js:1211:23 @ http://localhost:8000/static/js/app.js:13570
[  266973ms] [ERROR] Failed to load resource: net::ERR_CONNECTION_REFUSED @ http://localhost:8000/api/objects/System%20Overview?server=ee8d9159:0
[  266973ms] [ERROR] Error загрузки ee8d9159:overview: TypeError: Failed to fetch
    at fetchObjectData (http://localhost:8000/static/js/app.js:11901:28)
    at loadObjectData (http://localhost:8000/static/js/app.js:13559:28)
    at http://localhost:8000/static/js/app.js:1211:23 @ http://localhost:8000/static/js/app.js:13570
[  267973ms] [ERROR] Failed to load resource: net::ERR_CONNECTION_REFUSED @ http://localhost:8000/api/objects/System%20Overview?server=ee8d9159:0
[  267973ms] [ERROR] Error загрузки ee8d9159:overview: TypeError: Failed to fetch
    at fetchObjectData (http://localhost:8000/static/js/app.js:11901:28)
    at loadObjectData (http://localhost:8000/static/js/app.js:13559:28)
    at http://localhost:8000/static/js/app.js:1211:23 @ http://localhost:8000/static/js/app.js:13570
[  268974ms] [ERROR] Failed to load resource: net::ERR_CONNECTION_REFUSED @ http://localhost:8000/api/servers:0
[  268974ms] [ERROR] Error обновления списка объектов: TypeError: Failed to fetch
    at fetchServers (http://localhost:8000/static/js/app.js:11827:28)
    at fetchObjects (http://localhost:8000/static/js/app.js:11834:31)
    at refreshObjectsList (http://localhost:8000/static/js/app.js:11882:28)
    at http://localhost:8000/static/js/app.js:1204:9 @ http://localhost:8000/static/js/app.js:11885
[  268975ms] [ERROR] Failed to load resource: net::ERR_CONNECTION_REFUSED @ http://localhost:8000/api/objects/System%20Overview?server=ee8d9159:0
[  268975ms] [ERROR] Error загрузки ee8d9159:overview: TypeError: Failed to fetch
    at fetchObjectData (http://localhost:8000/static/js/app.js:11901:28)
    at loadObjectData (http://localhost:8000/static/js/app.js:13559:28)
    at http://localhost:8000/static/js/app.js:1211:23 @ http://localhost:8000/static/js/app.js:13570
[  269974ms] [ERROR] Failed to load resource: net::ERR_CONNECTION_REFUSED @ http://localhost:8000/api/objects/System%20Overview?server=ee8d9159:0
[  269974ms] [ERROR] Error загрузки ee8d9159:overview: TypeError: Failed to fetch
    at fetchObjectData (http://localhost:8000/static/js/app.js:11901:28)
    at loadObjectData (http://localhost:8000/static/js/app.js:13559:28)
    at http://localhost:8000/static/js/app.js:1211:23 @ http://localhost:8000/static/js/app.js:13570
[  270138ms] [ERROR] Failed to load resource: net::ERR_CONNECTION_REFUSED @ http://localhost:8000/api/recording/status:0
[  270974ms] [ERROR] Failed to load resource: net::ERR_CONNECTION_REFUSED @ http://localhost:8000/api/objects/System%20Overview?server=ee8d9159:0
[  270974ms] [ERROR] Error загрузки ee8d9159:overview: TypeError: Failed to fetch
    at fetchObjectData (http://localhost:8000/static/js/app.js:11901:28)
    at loadObjectData (http://localhost:8000/static/js/app.js:13559:28)
    at http://localhost:8000/static/js/app.js:1211:23 @ http://localhost:8000/static/js/app.js:13570
[  271973ms] [ERROR] Failed to load resource: net::ERR_CONNECTION_REFUSED @ http://localhost:8000/api/objects/System%20Overview?server=ee8d9159:0
[  271973ms] [ERROR] Error загрузки ee8d9159:overview: TypeError: Failed to fetch
    at fetchObjectData (http://localhost:8000/static/js/app.js:11901:28)
    at loadObjectData (http://localhost:8000/static/js/app.js:13559:28)
    at http://localhost:8000/static/js/app.js:1211:23 @ http://localhost:8000/static/js/app.js:13570
[  272973ms] [ERROR] Failed to load resource: net::ERR_CONNECTION_REFUSED @ http://localhost:8000/api/objects/System%20Overview?server=ee8d9159:0
[  272973ms] [ERROR] Error загрузки ee8d9159:overview: TypeError: Failed to fetch
    at fetchObjectData (http://localhost:8000/static/js/app.js:11901:28)
    at loadObjectData (http://localhost:8000/static/js/app.js:13559:28)
    at http://localhost:8000/static/js/app.js:1211:23 @ http://localhost:8000/static/js/app.js:13570
[  273973ms] [ERROR] Failed to load resource: net::ERR_CONNECTION_REFUSED @ http://localhost:8000/api/objects/System%20Overview?server=ee8d9159:0
[  273973ms] [ERROR] Error загрузки ee8d9159:overview: TypeError: Failed to fetch
    at fetchObjectData (http://localhost:8000/static/js/app.js:11901:28)
    at loadObjectData (http://localhost:8000/static/js/app.js:13559:28)
    at http://localhost:8000/static/js/app.js:1211:23 @ http://localhost:8000/static/js/app.js:13570
[  274977ms] [ERROR] Failed to load resource: net::ERR_CONNECTION_REFUSED @ http://localhost:8000/api/servers:0
[  274977ms] [ERROR] Error обновления списка объектов: TypeError: Failed to fetch
    at fetchServers (http://localhost:8000/static/js/app.js:11827:28)
    at fetchObjects (http://localhost:8000/static/js/app.js:11834:31)
    at refreshObjectsList (http://localhost:8000/static/js/app.js:11882:28)
    at http://localhost:8000/static/js/app.js:1204:9 @ http://localhost:8000/static/js/app.js:11885
[  274977ms] [ERROR] Failed to load resource: net::ERR_CONNECTION_REFUSED @ http://localhost:8000/api/objects/System%20Overview?server=ee8d9159:0
[  274977ms] [ERROR] Error загрузки ee8d9159:overview: TypeError: Failed to fetch
    at fetchObjectData (http://localhost:8000/static/js/app.js:11901:28)
    at loadObjectData (http://localhost:8000/static/js/app.js:13559:28)
    at http://localhost:8000/static/js/app.js:1211:23 @ http://localhost:8000/static/js/app.js:13570
[  275138ms] [ERROR] Failed to load resource: net::ERR_CONNECTION_REFUSED @ http://localhost:8000/api/recording/status:0
[  275974ms] [ERROR] Failed to load resource: net::ERR_CONNECTION_REFUSED @ http://localhost:8000/api/objects/System%20Overview?server=ee8d9159:0
[  275975ms] [ERROR] Error загрузки ee8d9159:overview: TypeError: Failed to fetch
    at fetchObjectData (http://localhost:8000/static/js/app.js:11901:28)
    at loadObjectData (http://localhost:8000/static/js/app.js:13559:28)
    at http://localhost:8000/static/js/app.js:1211:23 @ http://localhost:8000/static/js/app.js:13570
[  276973ms] [ERROR] Failed to load resource: net::ERR_CONNECTION_REFUSED @ http://localhost:8000/api/objects/System%20Overview?server=ee8d9159:0
[  276973ms] [ERROR] Error загрузки ee8d9159:overview: TypeError: Failed to fetch
    at fetchObjectData (http://localhost:8000/static/js/app.js:11901:28)
    at loadObjectData (http://localhost:8000/static/js/app.js:13559:28)
    at http://localhost:8000/static/js/app.js:1211:23 @ http://localhost:8000/static/js/app.js:13570
[  277974ms] [ERROR] Failed to load resource: net::ERR_CONNECTION_REFUSED @ http://localhost:8000/api/objects/System%20Overview?server=ee8d9159:0
[  277974ms] [ERROR] Error загрузки ee8d9159:overview: TypeError: Failed to fetch
    at fetchObjectData (http://localhost:8000/static/js/app.js:11901:28)
    at loadObjectData (http://localhost:8000/static/js/app.js:13559:28)
    at http://localhost:8000/static/js/app.js:1211:23 @ http://localhost:8000/static/js/app.js:13570
[  278974ms] [ERROR] Failed to load resource: net::ERR_CONNECTION_REFUSED @ http://localhost:8000/api/objects/System%20Overview?server=ee8d9159:0
[  278974ms] [ERROR] Error загрузки ee8d9159:overview: TypeError: Failed to fetch
    at fetchObjectData (http://localhost:8000/static/js/app.js:11901:28)
    at loadObjectData (http://localhost:8000/static/js/app.js:13559:28)
    at http://localhost:8000/static/js/app.js:1211:23 @ http://localhost:8000/static/js/app.js:13570
[  279973ms] [ERROR] Failed to load resource: net::ERR_CONNECTION_REFUSED @ http://localhost:8000/api/objects/System%20Overview?server=ee8d9159:0
[  279974ms] [ERROR] Error загрузки ee8d9159:overview: TypeError: Failed to fetch
    at fetchObjectData (http://localhost:8000/static/js/app.js:11901:28)
    at loadObjectData (http://localhost:8000/static/js/app.js:13559:28)
    at http://localhost:8000/static/js/app.js:1211:23 @ http://localhost:8000/static/js/app.js:13570
[  280138ms] [ERROR] Failed to load resource: net::ERR_CONNECTION_REFUSED @ http://localhost:8000/api/recording/status:0
[  280973ms] [ERROR] Failed to load resource: net::ERR_CONNECTION_REFUSED @ http://localhost:8000/api/servers:0
[  280974ms] [ERROR] Error обновления списка объектов: TypeError: Failed to fetch
    at fetchServers (http://localhost:8000/static/js/app.js:11827:28)
    at fetchObjects (http://localhost:8000/static/js/app.js:11834:31)
    at refreshObjectsList (http://localhost:8000/static/js/app.js:11882:28)
    at http://localhost:8000/static/js/app.js:1204:9 @ http://localhost:8000/static/js/app.js:11885
[  280974ms] [ERROR] Failed to load resource: net::ERR_CONNECTION_REFUSED @ http://localhost:8000/api/objects/System%20Overview?server=ee8d9159:0
[  280974ms] [ERROR] Error загрузки ee8d9159:overview: TypeError: Failed to fetch
    at fetchObjectData (http://localhost:8000/static/js/app.js:11901:28)
    at loadObjectData (http://localhost:8000/static/js/app.js:13559:28)
    at http://localhost:8000/static/js/app.js:1211:23 @ http://localhost:8000/static/js/app.js:13570
[  281975ms] [ERROR] Failed to load resource: net::ERR_CONNECTION_REFUSED @ http://localhost:8000/api/objects/System%20Overview?server=ee8d9159:0
[  281975ms] [ERROR] Error загрузки ee8d9159:overview: TypeError: Failed to fetch
    at fetchObjectData (http://localhost:8000/static/js/app.js:11901:28)
    at loadObjectData (http://localhost:8000/static/js/app.js:13559:28)
    at http://localhost:8000/static/js/app.js:1211:23 @ http://localhost:8000/static/js/app.js:13570
[  282973ms] [ERROR] Failed to load resource: net::ERR_CONNECTION_REFUSED @ http://localhost:8000/api/objects/System%20Overview?server=ee8d9159:0
[  282973ms] [ERROR] Error загрузки ee8d9159:overview: TypeError: Failed to fetch
    at fetchObjectData (http://localhost:8000/static/js/app.js:11901:28)
    at loadObjectData (http://localhost:8000/static/js/app.js:13559:28)
    at http://localhost:8000/static/js/app.js:1211:23 @ http://localhost:8000/static/js/app.js:13570
[  283974ms] [ERROR] Failed to load resource: net::ERR_CONNECTION_REFUSED @ http://localhost:8000/api/objects/System%20Overview?server=ee8d9159:0
[  283974ms] [ERROR] Error загрузки ee8d9159:overview: TypeError: Failed to fetch
    at fetchObjectData (http://localhost:8000/static/js/app.js:11901:28)
    at loadObjectData (http://localhost:8000/static/js/app.js:13559:28)
    at http://localhost:8000/static/js/app.js:1211:23 @ http://localhost:8000/static/js/app.js:13570
[  284973ms] [ERROR] Failed to load resource: net::ERR_CONNECTION_REFUSED @ http://localhost:8000/api/objects/System%20Overview?server=ee8d9159:0
[  284973ms] [ERROR] Error загрузки ee8d9159:overview: TypeError: Failed to fetch
    at fetchObjectData (http://localhost:8000/static/js/app.js:11901:28)
    at loadObjectData (http://localhost:8000/static/js/app.js:13559:28)
    at http://localhost:8000/static/js/app.js:1211:23 @ http://localhost:8000/static/js/app.js:13570
[  285138ms] [ERROR] Failed to load resource: net::ERR_CONNECTION_REFUSED @ http://localhost:8000/api/recording/status:0
[  285973ms] [ERROR] Failed to load resource: net::ERR_CONNECTION_REFUSED @ http://localhost:8000/api/objects/System%20Overview?server=ee8d9159:0
[  285973ms] [ERROR] Error загрузки ee8d9159:overview: TypeError: Failed to fetch
    at fetchObjectData (http://localhost:8000/static/js/app.js:11901:28)
    at loadObjectData (http://localhost:8000/static/js/app.js:13559:28)
    at http://localhost:8000/static/js/app.js:1211:23 @ http://localhost:8000/static/js/app.js:13570
[  286974ms] [ERROR] Failed to load resource: net::ERR_CONNECTION_REFUSED @ http://localhost:8000/api/servers:0
[  286974ms] [ERROR] Error обновления списка объектов: TypeError: Failed to fetch
    at fetchServers (http://localhost:8000/static/js/app.js:11827:28)
    at fetchObjects (http://localhost:8000/static/js/app.js:11834:31)
    at refreshObjectsList (http://localhost:8000/static/js/app.js:11882:28)
    at http://localhost:8000/static/js/app.js:1204:9 @ http://localhost:8000/static/js/app.js:11885
[  286974ms] [ERROR] Failed to load resource: net::ERR_CONNECTION_REFUSED @ http://localhost:8000/api/objects/System%20Overview?server=ee8d9159:0
[  286974ms] [ERROR] Error загрузки ee8d9159:overview: TypeError: Failed to fetch
    at fetchObjectData (http://localhost:8000/static/js/app.js:11901:28)
    at loadObjectData (http://localhost:8000/static/js/app.js:13559:28)
    at http://localhost:8000/static/js/app.js:1211:23 @ http://localhost:8000/static/js/app.js:13570
[  286974ms] [ERROR] Failed to load resource: net::ERR_CONNECTION_REFUSED @ http://localhost:8000/api/version:0
[  287973ms] [ERROR] Failed to load resource: net::ERR_CONNECTION_REFUSED @ http://localhost:8000/api/objects/System%20Overview?server=ee8d9159:0
[  287973ms] [ERROR] Error загрузки ee8d9159:overview: TypeError: Failed to fetch
    at fetchObjectData (http://localhost:8000/static/js/app.js:11901:28)
    at loadObjectData (http://localhost:8000/static/js/app.js:13559:28)
    at http://localhost:8000/static/js/app.js:1211:23 @ http://localhost:8000/static/js/app.js:13570
[  288973ms] [ERROR] Failed to load resource: net::ERR_CONNECTION_REFUSED @ http://localhost:8000/api/objects/System%20Overview?server=ee8d9159:0
[  288973ms] [ERROR] Error загрузки ee8d9159:overview: TypeError: Failed to fetch
    at fetchObjectData (http://localhost:8000/static/js/app.js:11901:28)
    at loadObjectData (http://localhost:8000/static/js/app.js:13559:28)
    at http://localhost:8000/static/js/app.js:1211:23 @ http://localhost:8000/static/js/app.js:13570
[  289973ms] [ERROR] Failed to load resource: net::ERR_CONNECTION_REFUSED @ http://localhost:8000/api/objects/System%20Overview?server=ee8d9159:0
[  289973ms] [ERROR] Error загрузки ee8d9159:overview: TypeError: Failed to fetch
    at fetchObjectData (http://localhost:8000/static/js/app.js:11901:28)
    at loadObjectData (http://localhost:8000/static/js/app.js:13559:28)
    at http://localhost:8000/static/js/app.js:1211:23 @ http://localhost:8000/static/js/app.js:13570
[  290138ms] [ERROR] Failed to load resource: net::ERR_CONNECTION_REFUSED @ http://localhost:8000/api/recording/status:0
[  290973ms] [ERROR] Failed to load resource: net::ERR_CONNECTION_REFUSED @ http://localhost:8000/api/objects/System%20Overview?server=ee8d9159:0
[  290973ms] [ERROR] Error загрузки ee8d9159:overview: TypeError: Failed to fetch
    at fetchObjectData (http://localhost:8000/static/js/app.js:11901:28)
    at loadObjectData (http://localhost:8000/static/js/app.js:13559:28)
    at http://localhost:8000/static/js/app.js:1211:23 @ http://localhost:8000/static/js/app.js:13570
[  291973ms] [ERROR] Failed to load resource: net::ERR_CONNECTION_REFUSED @ http://localhost:8000/api/objects/System%20Overview?server=ee8d9159:0
[  291973ms] [ERROR] Error загрузки ee8d9159:overview: TypeError: Failed to fetch
    at fetchObjectData (http://localhost:8000/static/js/app.js:11901:28)
    at loadObjectData (http://localhost:8000/static/js/app.js:13559:28)
    at http://localhost:8000/static/js/app.js:1211:23 @ http://localhost:8000/static/js/app.js:13570
[  292974ms] [ERROR] Failed to load resource: net::ERR_CONNECTION_REFUSED @ http://localhost:8000/api/servers:0
[  292974ms] [ERROR] Error обновления списка объектов: TypeError: Failed to fetch
    at fetchServers (http://localhost:8000/static/js/app.js:11827:28)
    at fetchObjects (http://localhost:8000/static/js/app.js:11834:31)
    at refreshObjectsList (http://localhost:8000/static/js/app.js:11882:28)
    at http://localhost:8000/static/js/app.js:1204:9 @ http://localhost:8000/static/js/app.js:11885
[  292975ms] [ERROR] Failed to load resource: net::ERR_CONNECTION_REFUSED @ http://localhost:8000/api/objects/System%20Overview?server=ee8d9159:0
[  292975ms] [ERROR] Error загрузки ee8d9159:overview: TypeError: Failed to fetch
    at fetchObjectData (http://localhost:8000/static/js/app.js:11901:28)
    at loadObjectData (http://localhost:8000/static/js/app.js:13559:28)
    at http://localhost:8000/static/js/app.js:1211:23 @ http://localhost:8000/static/js/app.js:13570
[  293973ms] [ERROR] Failed to load resource: net::ERR_CONNECTION_REFUSED @ http://localhost:8000/api/objects/System%20Overview?server=ee8d9159:0
[  293973ms] [ERROR] Error загрузки ee8d9159:overview: TypeError: Failed to fetch
    at fetchObjectData (http://localhost:8000/static/js/app.js:11901:28)
    at loadObjectData (http://localhost:8000/static/js/app.js:13559:28)
    at http://localhost:8000/static/js/app.js:1211:23 @ http://localhost:8000/static/js/app.js:13570
[  294973ms] [ERROR] Failed to load resource: net::ERR_CONNECTION_REFUSED @ http://localhost:8000/api/objects/System%20Overview?server=ee8d9159:0
[  294973ms] [ERROR] Error загрузки ee8d9159:overview: TypeError: Failed to fetch
    at fetchObjectData (http://localhost:8000/static/js/app.js:11901:28)
    at loadObjectData (http://localhost:8000/static/js/app.js:13559:28)
    at http://localhost:8000/static/js/app.js:1211:23 @ http://localhost:8000/static/js/app.js:13570
[  295138ms] [ERROR] Failed to load resource: net::ERR_CONNECTION_REFUSED @ http://localhost:8000/api/recording/status:0
[  295974ms] [ERROR] Failed to load resource: net::ERR_CONNECTION_REFUSED @ http://localhost:8000/api/objects/System%20Overview?server=ee8d9159:0
[  295974ms] [ERROR] Error загрузки ee8d9159:overview: TypeError: Failed to fetch
    at fetchObjectData (http://localhost:8000/static/js/app.js:11901:28)
    at loadObjectData (http://localhost:8000/static/js/app.js:13559:28)
    at http://localhost:8000/static/js/app.js:1211:23 @ http://localhost:8000/static/js/app.js:13570
[  296974ms] [ERROR] Failed to load resource: net::ERR_CONNECTION_REFUSED @ http://localhost:8000/api/objects/System%20Overview?server=ee8d9159:0
[  296974ms] [ERROR] Error загрузки ee8d9159:overview: TypeError: Failed to fetch
    at fetchObjectData (http://localhost:8000/static/js/app.js:11901:28)
    at loadObjectData (http://localhost:8000/static/js/app.js:13559:28)
    at http://localhost:8000/static/js/app.js:1211:23 @ http://localhost:8000/static/js/app.js:13570
[  297973ms] [ERROR] Failed to load resource: net::ERR_CONNECTION_REFUSED @ http://localhost:8000/api/objects/System%20Overview?server=ee8d9159:0
[  297973ms] [ERROR] Error загрузки ee8d9159:overview: TypeError: Failed to fetch
    at fetchObjectData (http://localhost:8000/static/js/app.js:11901:28)
    at loadObjectData (http://localhost:8000/static/js/app.js:13559:28)
    at http://localhost:8000/static/js/app.js:1211:23 @ http://localhost:8000/static/js/app.js:13570
[  298973ms] [ERROR] Failed to load resource: net::ERR_CONNECTION_REFUSED @ http://localhost:8000/api/servers:0
[  298974ms] [ERROR] Error обновления списка объектов: TypeError: Failed to fetch
    at fetchServers (http://localhost:8000/static/js/app.js:11827:28)
    at fetchObjects (http://localhost:8000/static/js/app.js:11834:31)
    at refreshObjectsList (http://localhost:8000/static/js/app.js:11882:28)
    at http://localhost:8000/static/js/app.js:1204:9 @ http://localhost:8000/static/js/app.js:11885
[  298974ms] [ERROR] Failed to load resource: net::ERR_CONNECTION_REFUSED @ http://localhost:8000/api/objects/System%20Overview?server=ee8d9159:0
[  298974ms] [ERROR] Error загрузки ee8d9159:overview: TypeError: Failed to fetch
    at fetchObjectData (http://localhost:8000/static/js/app.js:11901:28)
    at loadObjectData (http://localhost:8000/static/js/app.js:13559:28)
    at http://localhost:8000/static/js/app.js:1211:23 @ http://localhost:8000/static/js/app.js:13570
[  299974ms] [ERROR] Failed to load resource: net::ERR_CONNECTION_REFUSED @ http://localhost:8000/api/objects/System%20Overview?server=ee8d9159:0
[  299974ms] [ERROR] Error загрузки ee8d9159:overview: TypeError: Failed to fetch
    at fetchObjectData (http://localhost:8000/static/js/app.js:11901:28)
    at loadObjectData (http://localhost:8000/static/js/app.js:13559:28)
    at http://localhost:8000/static/js/app.js:1211:23 @ http://localhost:8000/static/js/app.js:13570
[  300138ms] [ERROR] Failed to load resource: net::ERR_CONNECTION_REFUSED @ http://localhost:8000/api/recording/status:0
[  300973ms] [ERROR] Failed to load resource: net::ERR_CONNECTION_REFUSED @ http://localhost:8000/api/objects/System%20Overview?server=ee8d9159:0
[  300973ms] [ERROR] Error загрузки ee8d9159:overview: TypeError: Failed to fetch
    at fetchObjectData (http://localhost:8000/static/js/app.js:11901:28)
    at loadObjectData (http://localhost:8000/static/js/app.js:13559:28)
    at http://localhost:8000/static/js/app.js:1211:23 @ http://localhost:8000/static/js/app.js:13570
[  301973ms] [ERROR] Failed to load resource: net::ERR_CONNECTION_REFUSED @ http://localhost:8000/api/objects/System%20Overview?server=ee8d9159:0
[  301973ms] [ERROR] Error загрузки ee8d9159:overview: TypeError: Failed to fetch
    at fetchObjectData (http://localhost:8000/static/js/app.js:11901:28)
    at loadObjectData (http://localhost:8000/static/js/app.js:13559:28)
    at http://localhost:8000/static/js/app.js:1211:23 @ http://localhost:8000/static/js/app.js:13570
[  302973ms] [ERROR] Failed to load resource: net::ERR_CONNECTION_REFUSED @ http://localhost:8000/api/objects/System%20Overview?server=ee8d9159:0
[  302973ms] [ERROR] Error загрузки ee8d9159:overview: TypeError: Failed to fetch
    at fetchObjectData (http://localhost:8000/static/js/app.js:11901:28)
    at loadObjectData (http://localhost:8000/static/js/app.js:13559:28)
    at http://localhost:8000/static/js/app.js:1211:23 @ http://localhost:8000/static/js/app.js:13570
[  303973ms] [ERROR] Failed to load resource: net::ERR_CONNECTION_REFUSED @ http://localhost:8000/api/objects/System%20Overview?server=ee8d9159:0
[  303973ms] [ERROR] Error загрузки ee8d9159:overview: TypeError: Failed to fetch
    at fetchObjectData (http://localhost:8000/static/js/app.js:11901:28)
    at loadObjectData (http://localhost:8000/static/js/app.js:13559:28)
    at http://localhost:8000/static/js/app.js:1211:23 @ http://localhost:8000/static/js/app.js:13570
[  304974ms] [ERROR] Failed to load resource: net::ERR_CONNECTION_REFUSED @ http://localhost:8000/api/servers:0
[  304974ms] [ERROR] Error обновления списка объектов: TypeError: Failed to fetch
    at fetchServers (http://localhost:8000/static/js/app.js:11827:28)
    at fetchObjects (http://localhost:8000/static/js/app.js:11834:31)
    at refreshObjectsList (http://localhost:8000/static/js/app.js:11882:28)
    at http://localhost:8000/static/js/app.js:1204:9 @ http://localhost:8000/static/js/app.js:11885
[  304975ms] [ERROR] Failed to load resource: net::ERR_CONNECTION_REFUSED @ http://localhost:8000/api/objects/System%20Overview?server=ee8d9159:0
[  304975ms] [ERROR] Error загрузки ee8d9159:overview: TypeError: Failed to fetch
    at fetchObjectData (http://localhost:8000/static/js/app.js:11901:28)
    at loadObjectData (http://localhost:8000/static/js/app.js:13559:28)
    at http://localhost:8000/static/js/app.js:1211:23 @ http://localhost:8000/static/js/app.js:13570
[  305138ms] [ERROR] Failed to load resource: net::ERR_CONNECTION_REFUSED @ http://localhost:8000/api/recording/status:0
[  305974ms] [ERROR] Failed to load resource: net::ERR_CONNECTION_REFUSED @ http://localhost:8000/api/objects/System%20Overview?server=ee8d9159:0
[  305974ms] [ERROR] Error загрузки ee8d9159:overview: TypeError: Failed to fetch
    at fetchObjectData (http://localhost:8000/static/js/app.js:11901:28)
    at loadObjectData (http://localhost:8000/static/js/app.js:13559:28)
    at http://localhost:8000/static/js/app.js:1211:23 @ http://localhost:8000/static/js/app.js:13570
[  306973ms] [ERROR] Failed to load resource: net::ERR_CONNECTION_REFUSED @ http://localhost:8000/api/objects/System%20Overview?server=ee8d9159:0
[  306973ms] [ERROR] Error загрузки ee8d9159:overview: TypeError: Failed to fetch
    at fetchObjectData (http://localhost:8000/static/js/app.js:11901:28)
    at loadObjectData (http://localhost:8000/static/js/app.js:13559:28)
    at http://localhost:8000/static/js/app.js:1211:23 @ http://localhost:8000/static/js/app.js:13570
[  307973ms] [ERROR] Failed to load resource: net::ERR_CONNECTION_REFUSED @ http://localhost:8000/api/objects/System%20Overview?server=ee8d9159:0
[  307973ms] [ERROR] Error загрузки ee8d9159:overview: TypeError: Failed to fetch
    at fetchObjectData (http://localhost:8000/static/js/app.js:11901:28)
    at loadObjectData (http://localhost:8000/static/js/app.js:13559:28)
    at http://localhost:8000/static/js/app.js:1211:23 @ http://localhost:8000/static/js/app.js:13570
[  308973ms] [ERROR] Failed to load resource: net::ERR_CONNECTION_REFUSED @ http://localhost:8000/api/objects/System%20Overview?server=ee8d9159:0
[  308973ms] [ERROR] Error загрузки ee8d9159:overview: TypeError: Failed to fetch
    at fetchObjectData (http://localhost:8000/static/js/app.js:11901:28)
    at loadObjectData (http://localhost:8000/static/js/app.js:13559:28)
    at http://localhost:8000/static/js/app.js:1211:23 @ http://localhost:8000/static/js/app.js:13570
[  309973ms] [ERROR] Failed to load resource: net::ERR_CONNECTION_REFUSED @ http://localhost:8000/api/objects/System%20Overview?server=ee8d9159:0
[  309973ms] [ERROR] Error загрузки ee8d9159:overview: TypeError: Failed to fetch
    at fetchObjectData (http://localhost:8000/static/js/app.js:11901:28)
    at loadObjectData (http://localhost:8000/static/js/app.js:13559:28)
    at http://localhost:8000/static/js/app.js:1211:23 @ http://localhost:8000/static/js/app.js:13570
[  310137ms] [ERROR] Failed to load resource: net::ERR_CONNECTION_REFUSED @ http://localhost:8000/api/recording/status:0
[  310975ms] [ERROR] Failed to load resource: net::ERR_CONNECTION_REFUSED @ http://localhost:8000/api/servers:0
[  310975ms] [ERROR] Error обновления списка объектов: TypeError: Failed to fetch
    at fetchServers (http://localhost:8000/static/js/app.js:11827:28)
    at fetchObjects (http://localhost:8000/static/js/app.js:11834:31)
    at refreshObjectsList (http://localhost:8000/static/js/app.js:11882:28)
    at http://localhost:8000/static/js/app.js:1204:9 @ http://localhost:8000/static/js/app.js:11885
[  310975ms] [ERROR] Failed to load resource: net::ERR_CONNECTION_REFUSED @ http://localhost:8000/api/objects/System%20Overview?server=ee8d9159:0
[  310975ms] [ERROR] Error загрузки ee8d9159:overview: TypeError: Failed to fetch
    at fetchObjectData (http://localhost:8000/static/js/app.js:11901:28)
    at loadObjectData (http://localhost:8000/static/js/app.js:13559:28)
    at http://localhost:8000/static/js/app.js:1211:23 @ http://localhost:8000/static/js/app.js:13570
[  311973ms] [ERROR] Failed to load resource: net::ERR_CONNECTION_REFUSED @ http://localhost:8000/api/objects/System%20Overview?server=ee8d9159:0
[  311973ms] [ERROR] Error загрузки ee8d9159:overview: TypeError: Failed to fetch
    at fetchObjectData (http://localhost:8000/static/js/app.js:11901:28)
    at loadObjectData (http://localhost:8000/static/js/app.js:13559:28)
    at http://localhost:8000/static/js/app.js:1211:23 @ http://localhost:8000/static/js/app.js:13570
[  312973ms] [ERROR] Failed to load resource: net::ERR_CONNECTION_REFUSED @ http://localhost:8000/api/objects/System%20Overview?server=ee8d9159:0
[  312973ms] [ERROR] Error загрузки ee8d9159:overview: TypeError: Failed to fetch
    at fetchObjectData (http://localhost:8000/static/js/app.js:11901:28)
    at loadObjectData (http://localhost:8000/static/js/app.js:13559:28)
    at http://localhost:8000/static/js/app.js:1211:23 @ http://localhost:8000/static/js/app.js:13570
[  313973ms] [ERROR] Failed to load resource: net::ERR_CONNECTION_REFUSED @ http://localhost:8000/api/objects/System%20Overview?server=ee8d9159:0
[  313973ms] [ERROR] Error загрузки ee8d9159:overview: TypeError: Failed to fetch
    at fetchObjectData (http://localhost:8000/static/js/app.js:11901:28)
    at loadObjectData (http://localhost:8000/static/js/app.js:13559:28)
    at http://localhost:8000/static/js/app.js:1211:23 @ http://localhost:8000/static/js/app.js:13570
[  314974ms] [ERROR] Failed to load resource: net::ERR_CONNECTION_REFUSED @ http://localhost:8000/api/objects/System%20Overview?server=ee8d9159:0
[  314974ms] [ERROR] Error загрузки ee8d9159:overview: TypeError: Failed to fetch
    at fetchObjectData (http://localhost:8000/static/js/app.js:11901:28)
    at loadObjectData (http://localhost:8000/static/js/app.js:13559:28)
    at http://localhost:8000/static/js/app.js:1211:23 @ http://localhost:8000/static/js/app.js:13570
[  315138ms] [ERROR] Failed to load resource: net::ERR_CONNECTION_REFUSED @ http://localhost:8000/api/recording/status:0
[  315973ms] [ERROR] Failed to load resource: net::ERR_CONNECTION_REFUSED @ http://localhost:8000/api/objects/System%20Overview?server=ee8d9159:0
[  315974ms] [ERROR] Error загрузки ee8d9159:overview: TypeError: Failed to fetch
    at fetchObjectData (http://localhost:8000/static/js/app.js:11901:28)
    at loadObjectData (http://localhost:8000/static/js/app.js:13559:28)
    at http://localhost:8000/static/js/app.js:1211:23 @ http://localhost:8000/static/js/app.js:13570
[  316974ms] [ERROR] Failed to load resource: net::ERR_CONNECTION_REFUSED @ http://localhost:8000/api/servers:0
[  316974ms] [ERROR] Error обновления списка объектов: TypeError: Failed to fetch
    at fetchServers (http://localhost:8000/static/js/app.js:11827:28)
    at fetchObjects (http://localhost:8000/static/js/app.js:11834:31)
    at refreshObjectsList (http://localhost:8000/static/js/app.js:11882:28)
    at http://localhost:8000/static/js/app.js:1204:9 @ http://localhost:8000/static/js/app.js:11885
[  316974ms] [ERROR] Failed to load resource: net::ERR_CONNECTION_REFUSED @ http://localhost:8000/api/objects/System%20Overview?server=ee8d9159:0
[  316975ms] [ERROR] Error загрузки ee8d9159:overview: TypeError: Failed to fetch
    at fetchObjectData (http://localhost:8000/static/js/app.js:11901:28)
    at loadObjectData (http://localhost:8000/static/js/app.js:13559:28)
    at http://localhost:8000/static/js/app.js:1211:23 @ http://localhost:8000/static/js/app.js:13570
[  316975ms] [ERROR] Failed to load resource: net::ERR_CONNECTION_REFUSED @ http://localhost:8000/api/version:0
[  317974ms] [ERROR] Failed to load resource: net::ERR_CONNECTION_REFUSED @ http://localhost:8000/api/objects/System%20Overview?server=ee8d9159:0
[  317974ms] [ERROR] Error загрузки ee8d9159:overview: TypeError: Failed to fetch
    at fetchObjectData (http://localhost:8000/static/js/app.js:11901:28)
    at loadObjectData (http://localhost:8000/static/js/app.js:13559:28)
    at http://localhost:8000/static/js/app.js:1211:23 @ http://localhost:8000/static/js/app.js:13570
[  318974ms] [ERROR] Failed to load resource: net::ERR_CONNECTION_REFUSED @ http://localhost:8000/api/objects/System%20Overview?server=ee8d9159:0
[  318974ms] [ERROR] Error загрузки ee8d9159:overview: TypeError: Failed to fetch
    at fetchObjectData (http://localhost:8000/static/js/app.js:11901:28)
    at loadObjectData (http://localhost:8000/static/js/app.js:13559:28)
    at http://localhost:8000/static/js/app.js:1211:23 @ http://localhost:8000/static/js/app.js:13570
[  319973ms] [ERROR] Failed to load resource: net::ERR_CONNECTION_REFUSED @ http://localhost:8000/api/objects/System%20Overview?server=ee8d9159:0
[  319973ms] [ERROR] Error загрузки ee8d9159:overview: TypeError: Failed to fetch
    at fetchObjectData (http://localhost:8000/static/js/app.js:11901:28)
    at loadObjectData (http://localhost:8000/static/js/app.js:13559:28)
    at http://localhost:8000/static/js/app.js:1211:23 @ http://localhost:8000/static/js/app.js:13570
[  320139ms] [ERROR] Failed to load resource: net::ERR_CONNECTION_REFUSED @ http://localhost:8000/api/recording/status:0
[  320973ms] [ERROR] Failed to load resource: net::ERR_CONNECTION_REFUSED @ http://localhost:8000/api/objects/System%20Overview?server=ee8d9159:0
[  320973ms] [ERROR] Error загрузки ee8d9159:overview: TypeError: Failed to fetch
    at fetchObjectData (http://localhost:8000/static/js/app.js:11901:28)
    at loadObjectData (http://localhost:8000/static/js/app.js:13559:28)
    at http://localhost:8000/static/js/app.js:1211:23 @ http://localhost:8000/static/js/app.js:13570
[  321973ms] [ERROR] Failed to load resource: net::ERR_CONNECTION_REFUSED @ http://localhost:8000/api/objects/System%20Overview?server=ee8d9159:0
[  321973ms] [ERROR] Error загрузки ee8d9159:overview: TypeError: Failed to fetch
    at fetchObjectData (http://localhost:8000/static/js/app.js:11901:28)
    at loadObjectData (http://localhost:8000/static/js/app.js:13559:28)
    at http://localhost:8000/static/js/app.js:1211:23 @ http://localhost:8000/static/js/app.js:13570
[  322973ms] [ERROR] Failed to load resource: net::ERR_CONNECTION_REFUSED @ http://localhost:8000/api/servers:0
[  322973ms] [ERROR] Error обновления списка объектов: TypeError: Failed to fetch
    at fetchServers (http://localhost:8000/static/js/app.js:11827:28)
    at fetchObjects (http://localhost:8000/static/js/app.js:11834:31)
    at refreshObjectsList (http://localhost:8000/static/js/app.js:11882:28)
    at http://localhost:8000/static/js/app.js:1204:9 @ http://localhost:8000/static/js/app.js:11885
[  322973ms] [ERROR] Failed to load resource: net::ERR_CONNECTION_REFUSED @ http://localhost:8000/api/objects/System%20Overview?server=ee8d9159:0
[  322973ms] [ERROR] Error загрузки ee8d9159:overview: TypeError: Failed to fetch
    at fetchObjectData (http://localhost:8000/static/js/app.js:11901:28)
    at loadObjectData (http://localhost:8000/static/js/app.js:13559:28)
    at http://localhost:8000/static/js/app.js:1211:23 @ http://localhost:8000/static/js/app.js:13570
[  323974ms] [ERROR] Failed to load resource: net::ERR_CONNECTION_REFUSED @ http://localhost:8000/api/objects/System%20Overview?server=ee8d9159:0
[  323974ms] [ERROR] Error загрузки ee8d9159:overview: TypeError: Failed to fetch
    at fetchObjectData (http://localhost:8000/static/js/app.js:11901:28)
    at loadObjectData (http://localhost:8000/static/js/app.js:13559:28)
    at http://localhost:8000/static/js/app.js:1211:23 @ http://localhost:8000/static/js/app.js:13570
[  324973ms] [ERROR] Failed to load resource: net::ERR_CONNECTION_REFUSED @ http://localhost:8000/api/objects/System%20Overview?server=ee8d9159:0
[  324973ms] [ERROR] Error загрузки ee8d9159:overview: TypeError: Failed to fetch
    at fetchObjectData (http://localhost:8000/static/js/app.js:11901:28)
    at loadObjectData (http://localhost:8000/static/js/app.js:13559:28)
    at http://localhost:8000/static/js/app.js:1211:23 @ http://localhost:8000/static/js/app.js:13570
[  325137ms] [ERROR] Failed to load resource: net::ERR_CONNECTION_REFUSED @ http://localhost:8000/api/recording/status:0
[  325974ms] [ERROR] Failed to load resource: net::ERR_CONNECTION_REFUSED @ http://localhost:8000/api/objects/System%20Overview?server=ee8d9159:0
[  325974ms] [ERROR] Error загрузки ee8d9159:overview: TypeError: Failed to fetch
    at fetchObjectData (http://localhost:8000/static/js/app.js:11901:28)
    at loadObjectData (http://localhost:8000/static/js/app.js:13559:28)
    at http://localhost:8000/static/js/app.js:1211:23 @ http://localhost:8000/static/js/app.js:13570
[  326973ms] [ERROR] Failed to load resource: net::ERR_CONNECTION_REFUSED @ http://localhost:8000/api/objects/System%20Overview?server=ee8d9159:0
[  326973ms] [ERROR] Error загрузки ee8d9159:overview: TypeError: Failed to fetch
    at fetchObjectData (http://localhost:8000/static/js/app.js:11901:28)
    at loadObjectData (http://localhost:8000/static/js/app.js:13559:28)
    at http://localhost:8000/static/js/app.js:1211:23 @ http://localhost:8000/static/js/app.js:13570
[  327973ms] [ERROR] Failed to load resource: net::ERR_CONNECTION_REFUSED @ http://localhost:8000/api/objects/System%20Overview?server=ee8d9159:0
[  327974ms] [ERROR] Error загрузки ee8d9159:overview: TypeError: Failed to fetch
    at fetchObjectData (http://localhost:8000/static/js/app.js:11901:28)
    at loadObjectData (http://localhost:8000/static/js/app.js:13559:28)
    at http://localhost:8000/static/js/app.js:1211:23 @ http://localhost:8000/static/js/app.js:13570
[  328974ms] [ERROR] Failed to load resource: net::ERR_CONNECTION_REFUSED @ http://localhost:8000/api/servers:0
[  328974ms] [ERROR] Error обновления списка объектов: TypeError: Failed to fetch
    at fetchServers (http://localhost:8000/static/js/app.js:11827:28)
    at fetchObjects (http://localhost:8000/static/js/app.js:11834:31)
    at refreshObjectsList (http://localhost:8000/static/js/app.js:11882:28)
    at http://localhost:8000/static/js/app.js:1204:9 @ http://localhost:8000/static/js/app.js:11885
[  328975ms] [ERROR] Failed to load resource: net::ERR_CONNECTION_REFUSED @ http://localhost:8000/api/objects/System%20Overview?server=ee8d9159:0
[  328975ms] [ERROR] Error загрузки ee8d9159:overview: TypeError: Failed to fetch
    at fetchObjectData (http://localhost:8000/static/js/app.js:11901:28)
    at loadObjectData (http://localhost:8000/static/js/app.js:13559:28)
    at http://localhost:8000/static/js/app.js:1211:23 @ http://localhost:8000/static/js/app.js:13570
[  329974ms] [ERROR] Failed to load resource: net::ERR_CONNECTION_REFUSED @ http://localhost:8000/api/objects/System%20Overview?server=ee8d9159:0
[  329974ms] [ERROR] Error загрузки ee8d9159:overview: TypeError: Failed to fetch
    at fetchObjectData (http://localhost:8000/static/js/app.js:11901:28)
    at loadObjectData (http://localhost:8000/static/js/app.js:13559:28)
    at http://localhost:8000/static/js/app.js:1211:23 @ http://localhost:8000/static/js/app.js:13570
[  330138ms] [ERROR] Failed to load resource: net::ERR_CONNECTION_REFUSED @ http://localhost:8000/api/recording/status:0
[  330973ms] [ERROR] Failed to load resource: net::ERR_CONNECTION_REFUSED @ http://localhost:8000/api/objects/System%20Overview?server=ee8d9159:0
[  330973ms] [ERROR] Error загрузки ee8d9159:overview: TypeError: Failed to fetch
    at fetchObjectData (http://localhost:8000/static/js/app.js:11901:28)
    at loadObjectData (http://localhost:8000/static/js/app.js:13559:28)
    at http://localhost:8000/static/js/app.js:1211:23 @ http://localhost:8000/static/js/app.js:13570
[  331974ms] [ERROR] Failed to load resource: net::ERR_CONNECTION_REFUSED @ http://localhost:8000/api/objects/System%20Overview?server=ee8d9159:0
[  331974ms] [ERROR] Error загрузки ee8d9159:overview: TypeError: Failed to fetch
    at fetchObjectData (http://localhost:8000/static/js/app.js:11901:28)
    at loadObjectData (http://localhost:8000/static/js/app.js:13559:28)
    at http://localhost:8000/static/js/app.js:1211:23 @ http://localhost:8000/static/js/app.js:13570
[  332973ms] [ERROR] Failed to load resource: net::ERR_CONNECTION_REFUSED @ http://localhost:8000/api/objects/System%20Overview?server=ee8d9159:0
[  332973ms] [ERROR] Error загрузки ee8d9159:overview: TypeError: Failed to fetch
    at fetchObjectData (http://localhost:8000/static/js/app.js:11901:28)
    at loadObjectData (http://localhost:8000/static/js/app.js:13559:28)
    at http://localhost:8000/static/js/app.js:1211:23 @ http://localhost:8000/static/js/app.js:13570
[  333973ms] [ERROR] Failed to load resource: net::ERR_CONNECTION_REFUSED @ http://localhost:8000/api/objects/System%20Overview?server=ee8d9159:0
[  333973ms] [ERROR] Error загрузки ee8d9159:overview: TypeError: Failed to fetch
    at fetchObjectData (http://localhost:8000/static/js/app.js:11901:28)
    at loadObjectData (http://localhost:8000/static/js/app.js:13559:28)
    at http://localhost:8000/static/js/app.js:1211:23 @ http://localhost:8000/static/js/app.js:13570
[  334973ms] [ERROR] Failed to load resource: net::ERR_CONNECTION_REFUSED @ http://localhost:8000/api/servers:0
[  334973ms] [ERROR] Error обновления списка объектов: TypeError: Failed to fetch
    at fetchServers (http://localhost:8000/static/js/app.js:11827:28)
    at fetchObjects (http://localhost:8000/static/js/app.js:11834:31)
    at refreshObjectsList (http://localhost:8000/static/js/app.js:11882:28)
    at http://localhost:8000/static/js/app.js:1204:9 @ http://localhost:8000/static/js/app.js:11885
[  334974ms] [ERROR] Failed to load resource: net::ERR_CONNECTION_REFUSED @ http://localhost:8000/api/objects/System%20Overview?server=ee8d9159:0
[  334974ms] [ERROR] Error загрузки ee8d9159:overview: TypeError: Failed to fetch
    at fetchObjectData (http://localhost:8000/static/js/app.js:11901:28)
    at loadObjectData (http://localhost:8000/static/js/app.js:13559:28)
    at http://localhost:8000/static/js/app.js:1211:23 @ http://localhost:8000/static/js/app.js:13570
[  335139ms] [ERROR] Failed to load resource: net::ERR_CONNECTION_REFUSED @ http://localhost:8000/api/recording/status:0
[  335973ms] [ERROR] Failed to load resource: net::ERR_CONNECTION_REFUSED @ http://localhost:8000/api/objects/System%20Overview?server=ee8d9159:0
[  335973ms] [ERROR] Error загрузки ee8d9159:overview: TypeError: Failed to fetch
    at fetchObjectData (http://localhost:8000/static/js/app.js:11901:28)
    at loadObjectData (http://localhost:8000/static/js/app.js:13559:28)
    at http://localhost:8000/static/js/app.js:1211:23 @ http://localhost:8000/static/js/app.js:13570
[  336974ms] [ERROR] Failed to load resource: net::ERR_CONNECTION_REFUSED @ http://localhost:8000/api/objects/System%20Overview?server=ee8d9159:0
[  336974ms] [ERROR] Error загрузки ee8d9159:overview: TypeError: Failed to fetch
    at fetchObjectData (http://localhost:8000/static/js/app.js:11901:28)
    at loadObjectData (http://localhost:8000/static/js/app.js:13559:28)
    at http://localhost:8000/static/js/app.js:1211:23 @ http://localhost:8000/static/js/app.js:13570
[  337973ms] [ERROR] Failed to load resource: net::ERR_CONNECTION_REFUSED @ http://localhost:8000/api/objects/System%20Overview?server=ee8d9159:0
[  337973ms] [ERROR] Error загрузки ee8d9159:overview: TypeError: Failed to fetch
    at fetchObjectData (http://localhost:8000/static/js/app.js:11901:28)
    at loadObjectData (http://localhost:8000/static/js/app.js:13559:28)
    at http://localhost:8000/static/js/app.js:1211:23 @ http://localhost:8000/static/js/app.js:13570
[  338973ms] [ERROR] Failed to load resource: net::ERR_CONNECTION_REFUSED @ http://localhost:8000/api/objects/System%20Overview?server=ee8d9159:0
[  338973ms] [ERROR] Error загрузки ee8d9159:overview: TypeError: Failed to fetch
    at fetchObjectData (http://localhost:8000/static/js/app.js:11901:28)
    at loadObjectData (http://localhost:8000/static/js/app.js:13559:28)
    at http://localhost:8000/static/js/app.js:1211:23 @ http://localhost:8000/static/js/app.js:13570
[  339974ms] [ERROR] Failed to load resource: net::ERR_CONNECTION_REFUSED @ http://localhost:8000/api/objects/System%20Overview?server=ee8d9159:0
[  339974ms] [ERROR] Error загрузки ee8d9159:overview: TypeError: Failed to fetch
    at fetchObjectData (http://localhost:8000/static/js/app.js:11901:28)
    at loadObjectData (http://localhost:8000/static/js/app.js:13559:28)
    at http://localhost:8000/static/js/app.js:1211:23 @ http://localhost:8000/static/js/app.js:13570
[  340138ms] [ERROR] Failed to load resource: net::ERR_CONNECTION_REFUSED @ http://localhost:8000/api/recording/status:0
[  340974ms] [ERROR] Failed to load resource: net::ERR_CONNECTION_REFUSED @ http://localhost:8000/api/servers:0
[  340974ms] [ERROR] Error обновления списка объектов: TypeError: Failed to fetch
    at fetchServers (http://localhost:8000/static/js/app.js:11827:28)
    at fetchObjects (http://localhost:8000/static/js/app.js:11834:31)
    at refreshObjectsList (http://localhost:8000/static/js/app.js:11882:28)
    at http://localhost:8000/static/js/app.js:1204:9 @ http://localhost:8000/static/js/app.js:11885
[  340974ms] [ERROR] Failed to load resource: net::ERR_CONNECTION_REFUSED @ http://localhost:8000/api/objects/System%20Overview?server=ee8d9159:0
[  340974ms] [ERROR] Error загрузки ee8d9159:overview: TypeError: Failed to fetch
    at fetchObjectData (http://localhost:8000/static/js/app.js:11901:28)
    at loadObjectData (http://localhost:8000/static/js/app.js:13559:28)
    at http://localhost:8000/static/js/app.js:1211:23 @ http://localhost:8000/static/js/app.js:13570
[  341973ms] [ERROR] Failed to load resource: net::ERR_CONNECTION_REFUSED @ http://localhost:8000/api/objects/System%20Overview?server=ee8d9159:0
[  341973ms] [ERROR] Error загрузки ee8d9159:overview: TypeError: Failed to fetch
    at fetchObjectData (http://localhost:8000/static/js/app.js:11901:28)
    at loadObjectData (http://localhost:8000/static/js/app.js:13559:28)
    at http://localhost:8000/static/js/app.js:1211:23 @ http://localhost:8000/static/js/app.js:13570
[  342973ms] [ERROR] Failed to load resource: net::ERR_CONNECTION_REFUSED @ http://localhost:8000/api/objects/System%20Overview?server=ee8d9159:0
[  342973ms] [ERROR] Error загрузки ee8d9159:overview: TypeError: Failed to fetch
    at fetchObjectData (http://localhost:8000/static/js/app.js:11901:28)
    at loadObjectData (http://localhost:8000/static/js/app.js:13559:28)
    at http://localhost:8000/static/js/app.js:1211:23 @ http://localhost:8000/static/js/app.js:13570
[  343973ms] [ERROR] Failed to load resource: net::ERR_CONNECTION_REFUSED @ http://localhost:8000/api/objects/System%20Overview?server=ee8d9159:0
[  343973ms] [ERROR] Error загрузки ee8d9159:overview: TypeError: Failed to fetch
    at fetchObjectData (http://localhost:8000/static/js/app.js:11901:28)
    at loadObjectData (http://localhost:8000/static/js/app.js:13559:28)
    at http://localhost:8000/static/js/app.js:1211:23 @ http://localhost:8000/static/js/app.js:13570
[  344974ms] [ERROR] Failed to load resource: net::ERR_CONNECTION_REFUSED @ http://localhost:8000/api/objects/System%20Overview?server=ee8d9159:0
[  344974ms] [ERROR] Error загрузки ee8d9159:overview: TypeError: Failed to fetch
    at fetchObjectData (http://localhost:8000/static/js/app.js:11901:28)
    at loadObjectData (http://localhost:8000/static/js/app.js:13559:28)
    at http://localhost:8000/static/js/app.js:1211:23 @ http://localhost:8000/static/js/app.js:13570
[  345138ms] [ERROR] Failed to load resource: net::ERR_CONNECTION_REFUSED @ http://localhost:8000/api/recording/status:0
[  345973ms] [ERROR] Failed to load resource: net::ERR_CONNECTION_REFUSED @ http://localhost:8000/api/objects/System%20Overview?server=ee8d9159:0
[  345973ms] [ERROR] Error загрузки ee8d9159:overview: TypeError: Failed to fetch
    at fetchObjectData (http://localhost:8000/static/js/app.js:11901:28)
    at loadObjectData (http://localhost:8000/static/js/app.js:13559:28)
    at http://localhost:8000/static/js/app.js:1211:23 @ http://localhost:8000/static/js/app.js:13570
[  346973ms] [ERROR] Failed to load resource: net::ERR_CONNECTION_REFUSED @ http://localhost:8000/api/servers:0
[  346973ms] [ERROR] Error обновления списка объектов: TypeError: Failed to fetch
    at fetchServers (http://localhost:8000/static/js/app.js:11827:28)
    at fetchObjects (http://localhost:8000/static/js/app.js:11834:31)
    at refreshObjectsList (http://localhost:8000/static/js/app.js:11882:28)
    at http://localhost:8000/static/js/app.js:1204:9 @ http://localhost:8000/static/js/app.js:11885
[  346974ms] [ERROR] Failed to load resource: net::ERR_CONNECTION_REFUSED @ http://localhost:8000/api/objects/System%20Overview?server=ee8d9159:0
[  346974ms] [ERROR] Error загрузки ee8d9159:overview: TypeError: Failed to fetch
    at fetchObjectData (http://localhost:8000/static/js/app.js:11901:28)
    at loadObjectData (http://localhost:8000/static/js/app.js:13559:28)
    at http://localhost:8000/static/js/app.js:1211:23 @ http://localhost:8000/static/js/app.js:13570
[  346974ms] [ERROR] Failed to load resource: net::ERR_CONNECTION_REFUSED @ http://localhost:8000/api/version:0
[  347973ms] [ERROR] Failed to load resource: net::ERR_CONNECTION_REFUSED @ http://localhost:8000/api/objects/System%20Overview?server=ee8d9159:0
[  347973ms] [ERROR] Error загрузки ee8d9159:overview: TypeError: Failed to fetch
    at fetchObjectData (http://localhost:8000/static/js/app.js:11901:28)
    at loadObjectData (http://localhost:8000/static/js/app.js:13559:28)
    at http://localhost:8000/static/js/app.js:1211:23 @ http://localhost:8000/static/js/app.js:13570
[  348973ms] [ERROR] Failed to load resource: net::ERR_CONNECTION_REFUSED @ http://localhost:8000/api/objects/System%20Overview?server=ee8d9159:0
[  348973ms] [ERROR] Error загрузки ee8d9159:overview: TypeError: Failed to fetch
    at fetchObjectData (http://localhost:8000/static/js/app.js:11901:28)
    at loadObjectData (http://localhost:8000/static/js/app.js:13559:28)
    at http://localhost:8000/static/js/app.js:1211:23 @ http://localhost:8000/static/js/app.js:13570
[  349973ms] [ERROR] Failed to load resource: net::ERR_CONNECTION_REFUSED @ http://localhost:8000/api/objects/System%20Overview?server=ee8d9159:0
[  349973ms] [ERROR] Error загрузки ee8d9159:overview: TypeError: Failed to fetch
    at fetchObjectData (http://localhost:8000/static/js/app.js:11901:28)
    at loadObjectData (http://localhost:8000/static/js/app.js:13559:28)
    at http://localhost:8000/static/js/app.js:1211:23 @ http://localhost:8000/static/js/app.js:13570
[  350138ms] [ERROR] Failed to load resource: net::ERR_CONNECTION_REFUSED @ http://localhost:8000/api/recording/status:0
[  350974ms] [ERROR] Failed to load resource: net::ERR_CONNECTION_REFUSED @ http://localhost:8000/api/objects/System%20Overview?server=ee8d9159:0
[  350974ms] [ERROR] Error загрузки ee8d9159:overview: TypeError: Failed to fetch
    at fetchObjectData (http://localhost:8000/static/js/app.js:11901:28)
    at loadObjectData (http://localhost:8000/static/js/app.js:13559:28)
    at http://localhost:8000/static/js/app.js:1211:23 @ http://localhost:8000/static/js/app.js:13570
[  351974ms] [ERROR] Failed to load resource: net::ERR_CONNECTION_REFUSED @ http://localhost:8000/api/objects/System%20Overview?server=ee8d9159:0
[  351974ms] [ERROR] Error загрузки ee8d9159:overview: TypeError: Failed to fetch
    at fetchObjectData (http://localhost:8000/static/js/app.js:11901:28)
    at loadObjectData (http://localhost:8000/static/js/app.js:13559:28)
    at http://localhost:8000/static/js/app.js:1211:23 @ http://localhost:8000/static/js/app.js:13570
[  352973ms] [ERROR] Failed to load resource: net::ERR_CONNECTION_REFUSED @ http://localhost:8000/api/servers:0
[  352973ms] [ERROR] Error обновления списка объектов: TypeError: Failed to fetch
    at fetchServers (http://localhost:8000/static/js/app.js:11827:28)
    at fetchObjects (http://localhost:8000/static/js/app.js:11834:31)
    at refreshObjectsList (http://localhost:8000/static/js/app.js:11882:28)
    at http://localhost:8000/static/js/app.js:1204:9 @ http://localhost:8000/static/js/app.js:11885
[  352973ms] [ERROR] Failed to load resource: net::ERR_CONNECTION_REFUSED @ http://localhost:8000/api/objects/System%20Overview?server=ee8d9159:0
[  352973ms] [ERROR] Error загрузки ee8d9159:overview: TypeError: Failed to fetch
    at fetchObjectData (http://localhost:8000/static/js/app.js:11901:28)
    at loadObjectData (http://localhost:8000/static/js/app.js:13559:28)
    at http://localhost:8000/static/js/app.js:1211:23 @ http://localhost:8000/static/js/app.js:13570
[  353973ms] [ERROR] Failed to load resource: net::ERR_CONNECTION_REFUSED @ http://localhost:8000/api/objects/System%20Overview?server=ee8d9159:0
[  353973ms] [ERROR] Error загрузки ee8d9159:overview: TypeError: Failed to fetch
    at fetchObjectData (http://localhost:8000/static/js/app.js:11901:28)
    at loadObjectData (http://localhost:8000/static/js/app.js:13559:28)
    at http://localhost:8000/static/js/app.js:1211:23 @ http://localhost:8000/static/js/app.js:13570
[  354974ms] [ERROR] Failed to load resource: net::ERR_CONNECTION_REFUSED @ http://localhost:8000/api/objects/System%20Overview?server=ee8d9159:0
[  354974ms] [ERROR] Error загрузки ee8d9159:overview: TypeError: Failed to fetch
    at fetchObjectData (http://localhost:8000/static/js/app.js:11901:28)
    at loadObjectData (http://localhost:8000/static/js/app.js:13559:28)
    at http://localhost:8000/static/js/app.js:1211:23 @ http://localhost:8000/static/js/app.js:13570
[  355138ms] [ERROR] Failed to load resource: net::ERR_CONNECTION_REFUSED @ http://localhost:8000/api/recording/status:0
[  355974ms] [ERROR] Failed to load resource: net::ERR_CONNECTION_REFUSED @ http://localhost:8000/api/objects/System%20Overview?server=ee8d9159:0
[  355974ms] [ERROR] Error загрузки ee8d9159:overview: TypeError: Failed to fetch
    at fetchObjectData (http://localhost:8000/static/js/app.js:11901:28)
    at loadObjectData (http://localhost:8000/static/js/app.js:13559:28)
    at http://localhost:8000/static/js/app.js:1211:23 @ http://localhost:8000/static/js/app.js:13570
[  356974ms] [ERROR] Failed to load resource: net::ERR_CONNECTION_REFUSED @ http://localhost:8000/api/objects/System%20Overview?server=ee8d9159:0
[  356974ms] [ERROR] Error загрузки ee8d9159:overview: TypeError: Failed to fetch
    at fetchObjectData (http://localhost:8000/static/js/app.js:11901:28)
    at loadObjectData (http://localhost:8000/static/js/app.js:13559:28)
    at http://localhost:8000/static/js/app.js:1211:23 @ http://localhost:8000/static/js/app.js:13570
[  357973ms] [ERROR] Failed to load resource: net::ERR_CONNECTION_REFUSED @ http://localhost:8000/api/objects/System%20Overview?server=ee8d9159:0
[  357973ms] [ERROR] Error загрузки ee8d9159:overview: TypeError: Failed to fetch
    at fetchObjectData (http://localhost:8000/static/js/app.js:11901:28)
    at loadObjectData (http://localhost:8000/static/js/app.js:13559:28)
    at http://localhost:8000/static/js/app.js:1211:23 @ http://localhost:8000/static/js/app.js:13570
[  358973ms] [ERROR] Failed to load resource: net::ERR_CONNECTION_REFUSED @ http://localhost:8000/api/servers:0
[  358973ms] [ERROR] Error обновления списка объектов: TypeError: Failed to fetch
    at fetchServers (http://localhost:8000/static/js/app.js:11827:28)
    at fetchObjects (http://localhost:8000/static/js/app.js:11834:31)
    at refreshObjectsList (http://localhost:8000/static/js/app.js:11882:28)
    at http://localhost:8000/static/js/app.js:1204:9 @ http://localhost:8000/static/js/app.js:11885
[  358974ms] [ERROR] Failed to load resource: net::ERR_CONNECTION_REFUSED @ http://localhost:8000/api/objects/System%20Overview?server=ee8d9159:0
[  358974ms] [ERROR] Error загрузки ee8d9159:overview: TypeError: Failed to fetch
    at fetchObjectData (http://localhost:8000/static/js/app.js:11901:28)
    at loadObjectData (http://localhost:8000/static/js/app.js:13559:28)
    at http://localhost:8000/static/js/app.js:1211:23 @ http://localhost:8000/static/js/app.js:13570
[  359973ms] [ERROR] Failed to load resource: net::ERR_CONNECTION_REFUSED @ http://localhost:8000/api/objects/System%20Overview?server=ee8d9159:0
[  359973ms] [ERROR] Error загрузки ee8d9159:overview: TypeError: Failed to fetch
    at fetchObjectData (http://localhost:8000/static/js/app.js:11901:28)
    at loadObjectData (http://localhost:8000/static/js/app.js:13559:28)
    at http://localhost:8000/static/js/app.js:1211:23 @ http://localhost:8000/static/js/app.js:13570
[  360138ms] [ERROR] Failed to load resource: net::ERR_CONNECTION_REFUSED @ http://localhost:8000/api/recording/status:0
[  360973ms] [ERROR] Failed to load resource: net::ERR_CONNECTION_REFUSED @ http://localhost:8000/api/objects/System%20Overview?server=ee8d9159:0
[  360974ms] [ERROR] Error загрузки ee8d9159:overview: TypeError: Failed to fetch
    at fetchObjectData (http://localhost:8000/static/js/app.js:11901:28)
    at loadObjectData (http://localhost:8000/static/js/app.js:13559:28)
    at http://localhost:8000/static/js/app.js:1211:23 @ http://localhost:8000/static/js/app.js:13570
[  361974ms] [ERROR] Failed to load resource: net::ERR_CONNECTION_REFUSED @ http://localhost:8000/api/objects/System%20Overview?server=ee8d9159:0
[  361974ms] [ERROR] Error загрузки ee8d9159:overview: TypeError: Failed to fetch
    at fetchObjectData (http://localhost:8000/static/js/app.js:11901:28)
    at loadObjectData (http://localhost:8000/static/js/app.js:13559:28)
    at http://localhost:8000/static/js/app.js:1211:23 @ http://localhost:8000/static/js/app.js:13570
[  362974ms] [ERROR] Failed to load resource: net::ERR_CONNECTION_REFUSED @ http://localhost:8000/api/objects/System%20Overview?server=ee8d9159:0
[  362974ms] [ERROR] Error загрузки ee8d9159:overview: TypeError: Failed to fetch
    at fetchObjectData (http://localhost:8000/static/js/app.js:11901:28)
    at loadObjectData (http://localhost:8000/static/js/app.js:13559:28)
    at http://localhost:8000/static/js/app.js:1211:23 @ http://localhost:8000/static/js/app.js:13570
[  363973ms] [ERROR] Failed to load resource: net::ERR_CONNECTION_REFUSED @ http://localhost:8000/api/objects/System%20Overview?server=ee8d9159:0
[  363973ms] [ERROR] Error загрузки ee8d9159:overview: TypeError: Failed to fetch
    at fetchObjectData (http://localhost:8000/static/js/app.js:11901:28)
    at loadObjectData (http://localhost:8000/static/js/app.js:13559:28)
    at http://localhost:8000/static/js/app.js:1211:23 @ http://localhost:8000/static/js/app.js:13570
[  364974ms] [ERROR] Failed to load resource: net::ERR_CONNECTION_REFUSED @ http://localhost:8000/api/servers:0
[  364974ms] [ERROR] Error обновления списка объектов: TypeError: Failed to fetch
    at fetchServers (http://localhost:8000/static/js/app.js:11827:28)
    at fetchObjects (http://localhost:8000/static/js/app.js:11834:31)
    at refreshObjectsList (http://localhost:8000/static/js/app.js:11882:28)
    at http://localhost:8000/static/js/app.js:1204:9 @ http://localhost:8000/static/js/app.js:11885
[  364974ms] [ERROR] Failed to load resource: net::ERR_CONNECTION_REFUSED @ http://localhost:8000/api/objects/System%20Overview?server=ee8d9159:0
[  364975ms] [ERROR] Error загрузки ee8d9159:overview: TypeError: Failed to fetch
    at fetchObjectData (http://localhost:8000/static/js/app.js:11901:28)
    at loadObjectData (http://localhost:8000/static/js/app.js:13559:28)
    at http://localhost:8000/static/js/app.js:1211:23 @ http://localhost:8000/static/js/app.js:13570
[  365138ms] [ERROR] Failed to load resource: net::ERR_CONNECTION_REFUSED @ http://localhost:8000/api/recording/status:0
[  365974ms] [ERROR] Failed to load resource: net::ERR_CONNECTION_REFUSED @ http://localhost:8000/api/objects/System%20Overview?server=ee8d9159:0
[  365974ms] [ERROR] Error загрузки ee8d9159:overview: TypeError: Failed to fetch
    at fetchObjectData (http://localhost:8000/static/js/app.js:11901:28)
    at loadObjectData (http://localhost:8000/static/js/app.js:13559:28)
    at http://localhost:8000/static/js/app.js:1211:23 @ http://localhost:8000/static/js/app.js:13570
[  366974ms] [ERROR] Failed to load resource: net::ERR_CONNECTION_REFUSED @ http://localhost:8000/api/objects/System%20Overview?server=ee8d9159:0
[  366975ms] [ERROR] Error загрузки ee8d9159:overview: TypeError: Failed to fetch
    at fetchObjectData (http://localhost:8000/static/js/app.js:11901:28)
    at loadObjectData (http://localhost:8000/static/js/app.js:13559:28)
    at http://localhost:8000/static/js/app.js:1211:23 @ http://localhost:8000/static/js/app.js:13570
[  367974ms] [ERROR] Failed to load resource: net::ERR_CONNECTION_REFUSED @ http://localhost:8000/api/objects/System%20Overview?server=ee8d9159:0
[  367974ms] [ERROR] Error загрузки ee8d9159:overview: TypeError: Failed to fetch
    at fetchObjectData (http://localhost:8000/static/js/app.js:11901:28)
    at loadObjectData (http://localhost:8000/static/js/app.js:13559:28)
    at http://localhost:8000/static/js/app.js:1211:23 @ http://localhost:8000/static/js/app.js:13570
[  368973ms] [ERROR] Failed to load resource: net::ERR_CONNECTION_REFUSED @ http://localhost:8000/api/objects/System%20Overview?server=ee8d9159:0
[  368973ms] [ERROR] Error загрузки ee8d9159:overview: TypeError: Failed to fetch
    at fetchObjectData (http://localhost:8000/static/js/app.js:11901:28)
    at loadObjectData (http://localhost:8000/static/js/app.js:13559:28)
    at http://localhost:8000/static/js/app.js:1211:23 @ http://localhost:8000/static/js/app.js:13570
[  369973ms] [ERROR] Failed to load resource: net::ERR_CONNECTION_REFUSED @ http://localhost:8000/api/objects/System%20Overview?server=ee8d9159:0
[  369973ms] [ERROR] Error загрузки ee8d9159:overview: TypeError: Failed to fetch
    at fetchObjectData (http://localhost:8000/static/js/app.js:11901:28)
    at loadObjectData (http://localhost:8000/static/js/app.js:13559:28)
    at http://localhost:8000/static/js/app.js:1211:23 @ http://localhost:8000/static/js/app.js:13570
[  370137ms] [ERROR] Failed to load resource: net::ERR_CONNECTION_REFUSED @ http://localhost:8000/api/recording/status:0
[  370975ms] [ERROR] Failed to load resource: net::ERR_CONNECTION_REFUSED @ http://localhost:8000/api/servers:0
[  370976ms] [ERROR] Error обновления списка объектов: TypeError: Failed to fetch
    at fetchServers (http://localhost:8000/static/js/app.js:11827:28)
    at fetchObjects (http://localhost:8000/static/js/app.js:11834:31)
    at refreshObjectsList (http://localhost:8000/static/js/app.js:11882:28)
    at http://localhost:8000/static/js/app.js:1204:9 @ http://localhost:8000/static/js/app.js:11885
[  370977ms] [ERROR] Failed to load resource: net::ERR_CONNECTION_REFUSED @ http://localhost:8000/api/objects/System%20Overview?server=ee8d9159:0
[  370977ms] [ERROR] Error загрузки ee8d9159:overview: TypeError: Failed to fetch
    at fetchObjectData (http://localhost:8000/static/js/app.js:11901:28)
    at loadObjectData (http://localhost:8000/static/js/app.js:13559:28)
    at http://localhost:8000/static/js/app.js:1211:23 @ http://localhost:8000/static/js/app.js:13570
[  371973ms] [ERROR] Failed to load resource: net::ERR_CONNECTION_REFUSED @ http://localhost:8000/api/objects/System%20Overview?server=ee8d9159:0
[  371973ms] [ERROR] Error загрузки ee8d9159:overview: TypeError: Failed to fetch
    at fetchObjectData (http://localhost:8000/static/js/app.js:11901:28)
    at loadObjectData (http://localhost:8000/static/js/app.js:13559:28)
    at http://localhost:8000/static/js/app.js:1211:23 @ http://localhost:8000/static/js/app.js:13570
[  372973ms] [ERROR] Failed to load resource: net::ERR_CONNECTION_REFUSED @ http://localhost:8000/api/objects/System%20Overview?server=ee8d9159:0
[  372974ms] [ERROR] Error загрузки ee8d9159:overview: TypeError: Failed to fetch
    at fetchObjectData (http://localhost:8000/static/js/app.js:11901:28)
    at loadObjectData (http://localhost:8000/static/js/app.js:13559:28)
    at http://localhost:8000/static/js/app.js:1211:23 @ http://localhost:8000/static/js/app.js:13570
[  373974ms] [ERROR] Failed to load resource: net::ERR_CONNECTION_REFUSED @ http://localhost:8000/api/objects/System%20Overview?server=ee8d9159:0
[  373974ms] [ERROR] Error загрузки ee8d9159:overview: TypeError: Failed to fetch
    at fetchObjectData (http://localhost:8000/static/js/app.js:11901:28)
    at loadObjectData (http://localhost:8000/static/js/app.js:13559:28)
    at http://localhost:8000/static/js/app.js:1211:23 @ http://localhost:8000/static/js/app.js:13570
[  374973ms] [ERROR] Failed to load resource: net::ERR_CONNECTION_REFUSED @ http://localhost:8000/api/objects/System%20Overview?server=ee8d9159:0
[  374973ms] [ERROR] Error загрузки ee8d9159:overview: TypeError: Failed to fetch
    at fetchObjectData (http://localhost:8000/static/js/app.js:11901:28)
    at loadObjectData (http://localhost:8000/static/js/app.js:13559:28)
    at http://localhost:8000/static/js/app.js:1211:23 @ http://localhost:8000/static/js/app.js:13570
[  375138ms] [ERROR] Failed to load resource: net::ERR_CONNECTION_REFUSED @ http://localhost:8000/api/recording/status:0
[  375973ms] [ERROR] Failed to load resource: net::ERR_CONNECTION_REFUSED @ http://localhost:8000/api/objects/System%20Overview?server=ee8d9159:0
[  375973ms] [ERROR] Error загрузки ee8d9159:overview: TypeError: Failed to fetch
    at fetchObjectData (http://localhost:8000/static/js/app.js:11901:28)
    at loadObjectData (http://localhost:8000/static/js/app.js:13559:28)
    at http://localhost:8000/static/js/app.js:1211:23 @ http://localhost:8000/static/js/app.js:13570
[  376976ms] [ERROR] Failed to load resource: net::ERR_CONNECTION_REFUSED @ http://localhost:8000/api/servers:0
[  376976ms] [ERROR] Error обновления списка объектов: TypeError: Failed to fetch
    at fetchServers (http://localhost:8000/static/js/app.js:11827:28)
    at fetchObjects (http://localhost:8000/static/js/app.js:11834:31)
    at refreshObjectsList (http://localhost:8000/static/js/app.js:11882:28)
    at http://localhost:8000/static/js/app.js:1204:9 @ http://localhost:8000/static/js/app.js:11885
[  376976ms] [ERROR] Failed to load resource: net::ERR_CONNECTION_REFUSED @ http://localhost:8000/api/objects/System%20Overview?server=ee8d9159:0
[  376976ms] [ERROR] Error загрузки ee8d9159:overview: TypeError: Failed to fetch
    at fetchObjectData (http://localhost:8000/static/js/app.js:11901:28)
    at loadObjectData (http://localhost:8000/static/js/app.js:13559:28)
    at http://localhost:8000/static/js/app.js:1211:23 @ http://localhost:8000/static/js/app.js:13570
[  376976ms] [ERROR] Failed to load resource: net::ERR_CONNECTION_REFUSED @ http://localhost:8000/api/version:0
[  377974ms] [ERROR] Failed to load resource: net::ERR_CONNECTION_REFUSED @ http://localhost:8000/api/objects/System%20Overview?server=ee8d9159:0
[  377975ms] [ERROR] Error загрузки ee8d9159:overview: TypeError: Failed to fetch
    at fetchObjectData (http://localhost:8000/static/js/app.js:11901:28)
    at loadObjectData (http://localhost:8000/static/js/app.js:13559:28)
    at http://localhost:8000/static/js/app.js:1211:23 @ http://localhost:8000/static/js/app.js:13570
[  378974ms] [ERROR] Failed to load resource: net::ERR_CONNECTION_REFUSED @ http://localhost:8000/api/objects/System%20Overview?server=ee8d9159:0
[  378974ms] [ERROR] Error загрузки ee8d9159:overview: TypeError: Failed to fetch
    at fetchObjectData (http://localhost:8000/static/js/app.js:11901:28)
    at loadObjectData (http://localhost:8000/static/js/app.js:13559:28)
    at http://localhost:8000/static/js/app.js:1211:23 @ http://localhost:8000/static/js/app.js:13570
[  379973ms] [ERROR] Failed to load resource: net::ERR_CONNECTION_REFUSED @ http://localhost:8000/api/objects/System%20Overview?server=ee8d9159:0
[  379973ms] [ERROR] Error загрузки ee8d9159:overview: TypeError: Failed to fetch
    at fetchObjectData (http://localhost:8000/static/js/app.js:11901:28)
    at loadObjectData (http://localhost:8000/static/js/app.js:13559:28)
    at http://localhost:8000/static/js/app.js:1211:23 @ http://localhost:8000/static/js/app.js:13570
[  380137ms] [ERROR] Failed to load resource: net::ERR_CONNECTION_REFUSED @ http://localhost:8000/api/recording/status:0
[  380973ms] [ERROR] Failed to load resource: net::ERR_CONNECTION_REFUSED @ http://localhost:8000/api/objects/System%20Overview?server=ee8d9159:0
[  380973ms] [ERROR] Error загрузки ee8d9159:overview: TypeError: Failed to fetch
    at fetchObjectData (http://localhost:8000/static/js/app.js:11901:28)
    at loadObjectData (http://localhost:8000/static/js/app.js:13559:28)
    at http://localhost:8000/static/js/app.js:1211:23 @ http://localhost:8000/static/js/app.js:13570
[  381973ms] [ERROR] Failed to load resource: net::ERR_CONNECTION_REFUSED @ http://localhost:8000/api/objects/System%20Overview?server=ee8d9159:0
[  381973ms] [ERROR] Error загрузки ee8d9159:overview: TypeError: Failed to fetch
    at fetchObjectData (http://localhost:8000/static/js/app.js:11901:28)
    at loadObjectData (http://localhost:8000/static/js/app.js:13559:28)
    at http://localhost:8000/static/js/app.js:1211:23 @ http://localhost:8000/static/js/app.js:13570
[  382973ms] [ERROR] Failed to load resource: net::ERR_CONNECTION_REFUSED @ http://localhost:8000/api/servers:0
[  382973ms] [ERROR] Error обновления списка объектов: TypeError: Failed to fetch
    at fetchServers (http://localhost:8000/static/js/app.js:11827:28)
    at fetchObjects (http://localhost:8000/static/js/app.js:11834:31)
    at refreshObjectsList (http://localhost:8000/static/js/app.js:11882:28)
    at http://localhost:8000/static/js/app.js:1204:9 @ http://localhost:8000/static/js/app.js:11885
[  382973ms] [ERROR] Failed to load resource: net::ERR_CONNECTION_REFUSED @ http://localhost:8000/api/objects/System%20Overview?server=ee8d9159:0
[  382973ms] [ERROR] Error загрузки ee8d9159:overview: TypeError: Failed to fetch
    at fetchObjectData (http://localhost:8000/static/js/app.js:11901:28)
    at loadObjectData (http://localhost:8000/static/js/app.js:13559:28)
    at http://localhost:8000/static/js/app.js:1211:23 @ http://localhost:8000/static/js/app.js:13570
[  383974ms] [ERROR] Failed to load resource: net::ERR_CONNECTION_REFUSED @ http://localhost:8000/api/objects/System%20Overview?server=ee8d9159:0
[  383974ms] [ERROR] Error загрузки ee8d9159:overview: TypeError: Failed to fetch
    at fetchObjectData (http://localhost:8000/static/js/app.js:11901:28)
    at loadObjectData (http://localhost:8000/static/js/app.js:13559:28)
    at http://localhost:8000/static/js/app.js:1211:23 @ http://localhost:8000/static/js/app.js:13570
[  384973ms] [ERROR] Failed to load resource: net::ERR_CONNECTION_REFUSED @ http://localhost:8000/api/objects/System%20Overview?server=ee8d9159:0
[  384973ms] [ERROR] Error загрузки ee8d9159:overview: TypeError: Failed to fetch
    at fetchObjectData (http://localhost:8000/static/js/app.js:11901:28)
    at loadObjectData (http://localhost:8000/static/js/app.js:13559:28)
    at http://localhost:8000/static/js/app.js:1211:23 @ http://localhost:8000/static/js/app.js:13570
[  385137ms] [ERROR] Failed to load resource: net::ERR_CONNECTION_REFUSED @ http://localhost:8000/api/recording/status:0
[  385975ms] [ERROR] Failed to load resource: net::ERR_CONNECTION_REFUSED @ http://localhost:8000/api/objects/System%20Overview?server=ee8d9159:0
[  385975ms] [ERROR] Error загрузки ee8d9159:overview: TypeError: Failed to fetch
    at fetchObjectData (http://localhost:8000/static/js/app.js:11901:28)
    at loadObjectData (http://localhost:8000/static/js/app.js:13559:28)
    at http://localhost:8000/static/js/app.js:1211:23 @ http://localhost:8000/static/js/app.js:13570
[  386975ms] [ERROR] Failed to load resource: net::ERR_CONNECTION_REFUSED @ http://localhost:8000/api/objects/System%20Overview?server=ee8d9159:0
[  386975ms] [ERROR] Error загрузки ee8d9159:overview: TypeError: Failed to fetch
    at fetchObjectData (http://localhost:8000/static/js/app.js:11901:28)
    at loadObjectData (http://localhost:8000/static/js/app.js:13559:28)
    at http://localhost:8000/static/js/app.js:1211:23 @ http://localhost:8000/static/js/app.js:13570
[  387974ms] [ERROR] Failed to load resource: net::ERR_CONNECTION_REFUSED @ http://localhost:8000/api/objects/System%20Overview?server=ee8d9159:0
[  387975ms] [ERROR] Error загрузки ee8d9159:overview: TypeError: Failed to fetch
    at fetchObjectData (http://localhost:8000/static/js/app.js:11901:28)
    at loadObjectData (http://localhost:8000/static/js/app.js:13559:28)
    at http://localhost:8000/static/js/app.js:1211:23 @ http://localhost:8000/static/js/app.js:13570
[  388975ms] [ERROR] Failed to load resource: net::ERR_CONNECTION_REFUSED @ http://localhost:8000/api/servers:0
[  388975ms] [ERROR] Error обновления списка объектов: TypeError: Failed to fetch
    at fetchServers (http://localhost:8000/static/js/app.js:11827:28)
    at fetchObjects (http://localhost:8000/static/js/app.js:11834:31)
    at refreshObjectsList (http://localhost:8000/static/js/app.js:11882:28)
    at http://localhost:8000/static/js/app.js:1204:9 @ http://localhost:8000/static/js/app.js:11885
[  388976ms] [ERROR] Failed to load resource: net::ERR_CONNECTION_REFUSED @ http://localhost:8000/api/objects/System%20Overview?server=ee8d9159:0
[  388976ms] [ERROR] Error загрузки ee8d9159:overview: TypeError: Failed to fetch
    at fetchObjectData (http://localhost:8000/static/js/app.js:11901:28)
    at loadObjectData (http://localhost:8000/static/js/app.js:13559:28)
    at http://localhost:8000/static/js/app.js:1211:23 @ http://localhost:8000/static/js/app.js:13570
[  389974ms] [ERROR] Failed to load resource: net::ERR_CONNECTION_REFUSED @ http://localhost:8000/api/objects/System%20Overview?server=ee8d9159:0
[  389974ms] [ERROR] Error загрузки ee8d9159:overview: TypeError: Failed to fetch
    at fetchObjectData (http://localhost:8000/static/js/app.js:11901:28)
    at loadObjectData (http://localhost:8000/static/js/app.js:13559:28)
    at http://localhost:8000/static/js/app.js:1211:23 @ http://localhost:8000/static/js/app.js:13570
[  390138ms] [ERROR] Failed to load resource: net::ERR_CONNECTION_REFUSED @ http://localhost:8000/api/recording/status:0
[  390974ms] [ERROR] Failed to load resource: net::ERR_CONNECTION_REFUSED @ http://localhost:8000/api/objects/System%20Overview?server=ee8d9159:0
[  390974ms] [ERROR] Error загрузки ee8d9159:overview: TypeError: Failed to fetch
    at fetchObjectData (http://localhost:8000/static/js/app.js:11901:28)
    at loadObjectData (http://localhost:8000/static/js/app.js:13559:28)
    at http://localhost:8000/static/js/app.js:1211:23 @ http://localhost:8000/static/js/app.js:13570
[  391973ms] [ERROR] Failed to load resource: net::ERR_CONNECTION_REFUSED @ http://localhost:8000/api/objects/System%20Overview?server=ee8d9159:0
[  391973ms] [ERROR] Error загрузки ee8d9159:overview: TypeError: Failed to fetch
    at fetchObjectData (http://localhost:8000/static/js/app.js:11901:28)
    at loadObjectData (http://localhost:8000/static/js/app.js:13559:28)
    at http://localhost:8000/static/js/app.js:1211:23 @ http://localhost:8000/static/js/app.js:13570
[  392973ms] [ERROR] Failed to load resource: net::ERR_CONNECTION_REFUSED @ http://localhost:8000/api/objects/System%20Overview?server=ee8d9159:0
[  392973ms] [ERROR] Error загрузки ee8d9159:overview: TypeError: Failed to fetch
    at fetchObjectData (http://localhost:8000/static/js/app.js:11901:28)
    at loadObjectData (http://localhost:8000/static/js/app.js:13559:28)
    at http://localhost:8000/static/js/app.js:1211:23 @ http://localhost:8000/static/js/app.js:13570
[  393973ms] [ERROR] Failed to load resource: net::ERR_CONNECTION_REFUSED @ http://localhost:8000/api/objects/System%20Overview?server=ee8d9159:0
[  393973ms] [ERROR] Error загрузки ee8d9159:overview: TypeError: Failed to fetch
    at fetchObjectData (http://localhost:8000/static/js/app.js:11901:28)
    at loadObjectData (http://localhost:8000/static/js/app.js:13559:28)
    at http://localhost:8000/static/js/app.js:1211:23 @ http://localhost:8000/static/js/app.js:13570
[  394974ms] [ERROR] Failed to load resource: net::ERR_CONNECTION_REFUSED @ http://localhost:8000/api/servers:0
[  394974ms] [ERROR] Error обновления списка объектов: TypeError: Failed to fetch
    at fetchServers (http://localhost:8000/static/js/app.js:11827:28)
    at fetchObjects (http://localhost:8000/static/js/app.js:11834:31)
    at refreshObjectsList (http://localhost:8000/static/js/app.js:11882:28)
    at http://localhost:8000/static/js/app.js:1204:9 @ http://localhost:8000/static/js/app.js:11885
[  394974ms] [ERROR] Failed to load resource: net::ERR_CONNECTION_REFUSED @ http://localhost:8000/api/objects/System%20Overview?server=ee8d9159:0
[  394974ms] [ERROR] Error загрузки ee8d9159:overview: TypeError: Failed to fetch
    at fetchObjectData (http://localhost:8000/static/js/app.js:11901:28)
    at loadObjectData (http://localhost:8000/static/js/app.js:13559:28)
    at http://localhost:8000/static/js/app.js:1211:23 @ http://localhost:8000/static/js/app.js:13570
[  395139ms] [ERROR] Failed to load resource: net::ERR_CONNECTION_REFUSED @ http://localhost:8000/api/recording/status:0
[  395974ms] [ERROR] Failed to load resource: net::ERR_CONNECTION_REFUSED @ http://localhost:8000/api/objects/System%20Overview?server=ee8d9159:0
[  395974ms] [ERROR] Error загрузки ee8d9159:overview: TypeError: Failed to fetch
    at fetchObjectData (http://localhost:8000/static/js/app.js:11901:28)
    at loadObjectData (http://localhost:8000/static/js/app.js:13559:28)
    at http://localhost:8000/static/js/app.js:1211:23 @ http://localhost:8000/static/js/app.js:13570
[  396975ms] [ERROR] Failed to load resource: net::ERR_CONNECTION_REFUSED @ http://localhost:8000/api/objects/System%20Overview?server=ee8d9159:0
[  396975ms] [ERROR] Error загрузки ee8d9159:overview: TypeError: Failed to fetch
    at fetchObjectData (http://localhost:8000/static/js/app.js:11901:28)
    at loadObjectData (http://localhost:8000/static/js/app.js:13559:28)
    at http://localhost:8000/static/js/app.js:1211:23 @ http://localhost:8000/static/js/app.js:13570
[  397973ms] [ERROR] Failed to load resource: net::ERR_CONNECTION_REFUSED @ http://localhost:8000/api/objects/System%20Overview?server=ee8d9159:0
[  397973ms] [ERROR] Error загрузки ee8d9159:overview: TypeError: Failed to fetch
    at fetchObjectData (http://localhost:8000/static/js/app.js:11901:28)
    at loadObjectData (http://localhost:8000/static/js/app.js:13559:28)
    at http://localhost:8000/static/js/app.js:1211:23 @ http://localhost:8000/static/js/app.js:13570
[  398974ms] [ERROR] Failed to load resource: net::ERR_CONNECTION_REFUSED @ http://localhost:8000/api/objects/System%20Overview?server=ee8d9159:0
[  398974ms] [ERROR] Error загрузки ee8d9159:overview: TypeError: Failed to fetch
    at fetchObjectData (http://localhost:8000/static/js/app.js:11901:28)
    at loadObjectData (http://localhost:8000/static/js/app.js:13559:28)
    at http://localhost:8000/static/js/app.js:1211:23 @ http://localhost:8000/static/js/app.js:13570
[  399974ms] [ERROR] Failed to load resource: net::ERR_CONNECTION_REFUSED @ http://localhost:8000/api/objects/System%20Overview?server=ee8d9159:0
[  399974ms] [ERROR] Error загрузки ee8d9159:overview: TypeError: Failed to fetch
    at fetchObjectData (http://localhost:8000/static/js/app.js:11901:28)
    at loadObjectData (http://localhost:8000/static/js/app.js:13559:28)
    at http://localhost:8000/static/js/app.js:1211:23 @ http://localhost:8000/static/js/app.js:13570
[  400138ms] [ERROR] Failed to load resource: net::ERR_CONNECTION_REFUSED @ http://localhost:8000/api/recording/status:0
[  400974ms] [ERROR] Failed to load resource: net::ERR_CONNECTION_REFUSED @ http://localhost:8000/api/servers:0
[  400974ms] [ERROR] Error обновления списка объектов: TypeError: Failed to fetch
    at fetchServers (http://localhost:8000/static/js/app.js:11827:28)
    at fetchObjects (http://localhost:8000/static/js/app.js:11834:31)
    at refreshObjectsList (http://localhost:8000/static/js/app.js:11882:28)
    at http://localhost:8000/static/js/app.js:1204:9 @ http://localhost:8000/static/js/app.js:11885
[  400974ms] [ERROR] Failed to load resource: net::ERR_CONNECTION_REFUSED @ http://localhost:8000/api/objects/System%20Overview?server=ee8d9159:0
[  400974ms] [ERROR] Error загрузки ee8d9159:overview: TypeError: Failed to fetch
    at fetchObjectData (http://localhost:8000/static/js/app.js:11901:28)
    at loadObjectData (http://localhost:8000/static/js/app.js:13559:28)
    at http://localhost:8000/static/js/app.js:1211:23 @ http://localhost:8000/static/js/app.js:13570
[  401973ms] [ERROR] Failed to load resource: net::ERR_CONNECTION_REFUSED @ http://localhost:8000/api/objects/System%20Overview?server=ee8d9159:0
[  401973ms] [ERROR] Error загрузки ee8d9159:overview: TypeError: Failed to fetch
    at fetchObjectData (http://localhost:8000/static/js/app.js:11901:28)
    at loadObjectData (http://localhost:8000/static/js/app.js:13559:28)
    at http://localhost:8000/static/js/app.js:1211:23 @ http://localhost:8000/static/js/app.js:13570
[  402974ms] [ERROR] Failed to load resource: net::ERR_CONNECTION_REFUSED @ http://localhost:8000/api/objects/System%20Overview?server=ee8d9159:0
[  402974ms] [ERROR] Error загрузки ee8d9159:overview: TypeError: Failed to fetch
    at fetchObjectData (http://localhost:8000/static/js/app.js:11901:28)
    at loadObjectData (http://localhost:8000/static/js/app.js:13559:28)
    at http://localhost:8000/static/js/app.js:1211:23 @ http://localhost:8000/static/js/app.js:13570
[  403974ms] [ERROR] Failed to load resource: net::ERR_CONNECTION_REFUSED @ http://localhost:8000/api/objects/System%20Overview?server=ee8d9159:0
[  403974ms] [ERROR] Error загрузки ee8d9159:overview: TypeError: Failed to fetch
    at fetchObjectData (http://localhost:8000/static/js/app.js:11901:28)
    at loadObjectData (http://localhost:8000/static/js/app.js:13559:28)
    at http://localhost:8000/static/js/app.js:1211:23 @ http://localhost:8000/static/js/app.js:13570
[  404974ms] [ERROR] Failed to load resource: net::ERR_CONNECTION_REFUSED @ http://localhost:8000/api/objects/System%20Overview?server=ee8d9159:0
[  404974ms] [ERROR] Error загрузки ee8d9159:overview: TypeError: Failed to fetch
    at fetchObjectData (http://localhost:8000/static/js/app.js:11901:28)
    at loadObjectData (http://localhost:8000/static/js/app.js:13559:28)
    at http://localhost:8000/static/js/app.js:1211:23 @ http://localhost:8000/static/js/app.js:13570
[  405138ms] [ERROR] Failed to load resource: net::ERR_CONNECTION_REFUSED @ http://localhost:8000/api/recording/status:0
[  405973ms] [ERROR] Failed to load resource: net::ERR_CONNECTION_REFUSED @ http://localhost:8000/api/objects/System%20Overview?server=ee8d9159:0
[  405973ms] [ERROR] Error загрузки ee8d9159:overview: TypeError: Failed to fetch
    at fetchObjectData (http://localhost:8000/static/js/app.js:11901:28)
    at loadObjectData (http://localhost:8000/static/js/app.js:13559:28)
    at http://localhost:8000/static/js/app.js:1211:23 @ http://localhost:8000/static/js/app.js:13570
[  406975ms] [ERROR] Failed to load resource: net::ERR_CONNECTION_REFUSED @ http://localhost:8000/api/servers:0
[  406975ms] [ERROR] Error обновления списка объектов: TypeError: Failed to fetch
    at fetchServers (http://localhost:8000/static/js/app.js:11827:28)
    at fetchObjects (http://localhost:8000/static/js/app.js:11834:31)
    at refreshObjectsList (http://localhost:8000/static/js/app.js:11882:28)
    at http://localhost:8000/static/js/app.js:1204:9 @ http://localhost:8000/static/js/app.js:11885
[  406975ms] [ERROR] Failed to load resource: net::ERR_CONNECTION_REFUSED @ http://localhost:8000/api/objects/System%20Overview?server=ee8d9159:0
[  406975ms] [ERROR] Error загрузки ee8d9159:overview: TypeError: Failed to fetch
    at fetchObjectData (http://localhost:8000/static/js/app.js:11901:28)
    at loadObjectData (http://localhost:8000/static/js/app.js:13559:28)
    at http://localhost:8000/static/js/app.js:1211:23 @ http://localhost:8000/static/js/app.js:13570
[  406976ms] [ERROR] Failed to load resource: net::ERR_CONNECTION_REFUSED @ http://localhost:8000/api/version:0
[  407973ms] [ERROR] Failed to load resource: net::ERR_CONNECTION_REFUSED @ http://localhost:8000/api/objects/System%20Overview?server=ee8d9159:0
[  407973ms] [ERROR] Error загрузки ee8d9159:overview: TypeError: Failed to fetch
    at fetchObjectData (http://localhost:8000/static/js/app.js:11901:28)
    at loadObjectData (http://localhost:8000/static/js/app.js:13559:28)
    at http://localhost:8000/static/js/app.js:1211:23 @ http://localhost:8000/static/js/app.js:13570
[  408974ms] [ERROR] Failed to load resource: net::ERR_CONNECTION_REFUSED @ http://localhost:8000/api/objects/System%20Overview?server=ee8d9159:0
[  408974ms] [ERROR] Error загрузки ee8d9159:overview: TypeError: Failed to fetch
    at fetchObjectData (http://localhost:8000/static/js/app.js:11901:28)
    at loadObjectData (http://localhost:8000/static/js/app.js:13559:28)
    at http://localhost:8000/static/js/app.js:1211:23 @ http://localhost:8000/static/js/app.js:13570
[  409975ms] [ERROR] Failed to load resource: net::ERR_CONNECTION_REFUSED @ http://localhost:8000/api/objects/System%20Overview?server=ee8d9159:0
[  409975ms] [ERROR] Error загрузки ee8d9159:overview: TypeError: Failed to fetch
    at fetchObjectData (http://localhost:8000/static/js/app.js:11901:28)
    at loadObjectData (http://localhost:8000/static/js/app.js:13559:28)
    at http://localhost:8000/static/js/app.js:1211:23 @ http://localhost:8000/static/js/app.js:13570
[  410138ms] [ERROR] Failed to load resource: net::ERR_CONNECTION_REFUSED @ http://localhost:8000/api/recording/status:0
[  410974ms] [ERROR] Failed to load resource: net::ERR_CONNECTION_REFUSED @ http://localhost:8000/api/objects/System%20Overview?server=ee8d9159:0
[  410974ms] [ERROR] Error загрузки ee8d9159:overview: TypeError: Failed to fetch
    at fetchObjectData (http://localhost:8000/static/js/app.js:11901:28)
    at loadObjectData (http://localhost:8000/static/js/app.js:13559:28)
    at http://localhost:8000/static/js/app.js:1211:23 @ http://localhost:8000/static/js/app.js:13570
[  411977ms] [ERROR] Failed to load resource: net::ERR_CONNECTION_REFUSED @ http://localhost:8000/api/objects/System%20Overview?server=ee8d9159:0
[  411977ms] [ERROR] Error загрузки ee8d9159:overview: TypeError: Failed to fetch
    at fetchObjectData (http://localhost:8000/static/js/app.js:11901:28)
    at loadObjectData (http://localhost:8000/static/js/app.js:13559:28)
    at http://localhost:8000/static/js/app.js:1211:23 @ http://localhost:8000/static/js/app.js:13570
[  412974ms] [ERROR] Failed to load resource: net::ERR_CONNECTION_REFUSED @ http://localhost:8000/api/servers:0
[  412974ms] [ERROR] Error обновления списка объектов: TypeError: Failed to fetch
    at fetchServers (http://localhost:8000/static/js/app.js:11827:28)
    at fetchObjects (http://localhost:8000/static/js/app.js:11834:31)
    at refreshObjectsList (http://localhost:8000/static/js/app.js:11882:28)
    at http://localhost:8000/static/js/app.js:1204:9 @ http://localhost:8000/static/js/app.js:11885
[  412975ms] [ERROR] Failed to load resource: net::ERR_CONNECTION_REFUSED @ http://localhost:8000/api/objects/System%20Overview?server=ee8d9159:0
[  412975ms] [ERROR] Error загрузки ee8d9159:overview: TypeError: Failed to fetch
    at fetchObjectData (http://localhost:8000/static/js/app.js:11901:28)
    at loadObjectData (http://localhost:8000/static/js/app.js:13559:28)
    at http://localhost:8000/static/js/app.js:1211:23 @ http://localhost:8000/static/js/app.js:13570
[  413973ms] [ERROR] Failed to load resource: net::ERR_CONNECTION_REFUSED @ http://localhost:8000/api/objects/System%20Overview?server=ee8d9159:0
[  413973ms] [ERROR] Error загрузки ee8d9159:overview: TypeError: Failed to fetch
    at fetchObjectData (http://localhost:8000/static/js/app.js:11901:28)
    at loadObjectData (http://localhost:8000/static/js/app.js:13559:28)
    at http://localhost:8000/static/js/app.js:1211:23 @ http://localhost:8000/static/js/app.js:13570
[  414974ms] [ERROR] Failed to load resource: net::ERR_CONNECTION_REFUSED @ http://localhost:8000/api/objects/System%20Overview?server=ee8d9159:0
[  414975ms] [ERROR] Error загрузки ee8d9159:overview: TypeError: Failed to fetch
    at fetchObjectData (http://localhost:8000/static/js/app.js:11901:28)
    at loadObjectData (http://localhost:8000/static/js/app.js:13559:28)
    at http://localhost:8000/static/js/app.js:1211:23 @ http://localhost:8000/static/js/app.js:13570
[  415139ms] [ERROR] Failed to load resource: net::ERR_CONNECTION_REFUSED @ http://localhost:8000/api/recording/status:0
[  415973ms] [ERROR] Failed to load resource: net::ERR_CONNECTION_REFUSED @ http://localhost:8000/api/objects/System%20Overview?server=ee8d9159:0
[  415973ms] [ERROR] Error загрузки ee8d9159:overview: TypeError: Failed to fetch
    at fetchObjectData (http://localhost:8000/static/js/app.js:11901:28)
    at loadObjectData (http://localhost:8000/static/js/app.js:13559:28)
    at http://localhost:8000/static/js/app.js:1211:23 @ http://localhost:8000/static/js/app.js:13570
[  416980ms] [ERROR] Failed to load resource: net::ERR_CONNECTION_REFUSED @ http://localhost:8000/api/objects/System%20Overview?server=ee8d9159:0
[  416980ms] [ERROR] Error загрузки ee8d9159:overview: TypeError: Failed to fetch
    at fetchObjectData (http://localhost:8000/static/js/app.js:11901:28)
    at loadObjectData (http://localhost:8000/static/js/app.js:13559:28)
    at http://localhost:8000/static/js/app.js:1211:23 @ http://localhost:8000/static/js/app.js:13570
[  417973ms] [ERROR] Failed to load resource: net::ERR_CONNECTION_REFUSED @ http://localhost:8000/api/objects/System%20Overview?server=ee8d9159:0
[  417973ms] [ERROR] Error загрузки ee8d9159:overview: TypeError: Failed to fetch
    at fetchObjectData (http://localhost:8000/static/js/app.js:11901:28)
    at loadObjectData (http://localhost:8000/static/js/app.js:13559:28)
    at http://localhost:8000/static/js/app.js:1211:23 @ http://localhost:8000/static/js/app.js:13570
[  418974ms] [ERROR] Failed to load resource: net::ERR_CONNECTION_REFUSED @ http://localhost:8000/api/servers:0
[  418975ms] [ERROR] Error обновления списка объектов: TypeError: Failed to fetch
    at fetchServers (http://localhost:8000/static/js/app.js:11827:28)
    at fetchObjects (http://localhost:8000/static/js/app.js:11834:31)
    at refreshObjectsList (http://localhost:8000/static/js/app.js:11882:28)
    at http://localhost:8000/static/js/app.js:1204:9 @ http://localhost:8000/static/js/app.js:11885
[  418975ms] [ERROR] Failed to load resource: net::ERR_CONNECTION_REFUSED @ http://localhost:8000/api/objects/System%20Overview?server=ee8d9159:0
[  418975ms] [ERROR] Error загрузки ee8d9159:overview: TypeError: Failed to fetch
    at fetchObjectData (http://localhost:8000/static/js/app.js:11901:28)
    at loadObjectData (http://localhost:8000/static/js/app.js:13559:28)
    at http://localhost:8000/static/js/app.js:1211:23 @ http://localhost:8000/static/js/app.js:13570
[  419973ms] [ERROR] Failed to load resource: net::ERR_CONNECTION_REFUSED @ http://localhost:8000/api/objects/System%20Overview?server=ee8d9159:0
[  419973ms] [ERROR] Error загрузки ee8d9159:overview: TypeError: Failed to fetch
    at fetchObjectData (http://localhost:8000/static/js/app.js:11901:28)
    at loadObjectData (http://localhost:8000/static/js/app.js:13559:28)
    at http://localhost:8000/static/js/app.js:1211:23 @ http://localhost:8000/static/js/app.js:13570
[  420138ms] [ERROR] Failed to load resource: net::ERR_CONNECTION_REFUSED @ http://localhost:8000/api/recording/status:0
[  420973ms] [ERROR] Failed to load resource: net::ERR_CONNECTION_REFUSED @ http://localhost:8000/api/objects/System%20Overview?server=ee8d9159:0
[  420973ms] [ERROR] Error загрузки ee8d9159:overview: TypeError: Failed to fetch
    at fetchObjectData (http://localhost:8000/static/js/app.js:11901:28)
    at loadObjectData (http://localhost:8000/static/js/app.js:13559:28)
    at http://localhost:8000/static/js/app.js:1211:23 @ http://localhost:8000/static/js/app.js:13570
[  421973ms] [ERROR] Failed to load resource: net::ERR_CONNECTION_REFUSED @ http://localhost:8000/api/objects/System%20Overview?server=ee8d9159:0
[  421974ms] [ERROR] Error загрузки ee8d9159:overview: TypeError: Failed to fetch
    at fetchObjectData (http://localhost:8000/static/js/app.js:11901:28)
    at loadObjectData (http://localhost:8000/static/js/app.js:13559:28)
    at http://localhost:8000/static/js/app.js:1211:23 @ http://localhost:8000/static/js/app.js:13570
[  422974ms] [ERROR] Failed to load resource: net::ERR_CONNECTION_REFUSED @ http://localhost:8000/api/objects/System%20Overview?server=ee8d9159:0
[  422974ms] [ERROR] Error загрузки ee8d9159:overview: TypeError: Failed to fetch
    at fetchObjectData (http://localhost:8000/static/js/app.js:11901:28)
    at loadObjectData (http://localhost:8000/static/js/app.js:13559:28)
    at http://localhost:8000/static/js/app.js:1211:23 @ http://localhost:8000/static/js/app.js:13570
[  423973ms] [ERROR] Failed to load resource: net::ERR_CONNECTION_REFUSED @ http://localhost:8000/api/objects/System%20Overview?server=ee8d9159:0
[  423973ms] [ERROR] Error загрузки ee8d9159:overview: TypeError: Failed to fetch
    at fetchObjectData (http://localhost:8000/static/js/app.js:11901:28)
    at loadObjectData (http://localhost:8000/static/js/app.js:13559:28)
    at http://localhost:8000/static/js/app.js:1211:23 @ http://localhost:8000/static/js/app.js:13570
[  424974ms] [ERROR] Failed to load resource: net::ERR_CONNECTION_REFUSED @ http://localhost:8000/api/servers:0
[  424974ms] [ERROR] Error обновления списка объектов: TypeError: Failed to fetch
    at fetchServers (http://localhost:8000/static/js/app.js:11827:28)
    at fetchObjects (http://localhost:8000/static/js/app.js:11834:31)
    at refreshObjectsList (http://localhost:8000/static/js/app.js:11882:28)
    at http://localhost:8000/static/js/app.js:1204:9 @ http://localhost:8000/static/js/app.js:11885
[  424974ms] [ERROR] Failed to load resource: net::ERR_CONNECTION_REFUSED @ http://localhost:8000/api/objects/System%20Overview?server=ee8d9159:0
[  424974ms] [ERROR] Error загрузки ee8d9159:overview: TypeError: Failed to fetch
    at fetchObjectData (http://localhost:8000/static/js/app.js:11901:28)
    at loadObjectData (http://localhost:8000/static/js/app.js:13559:28)
    at http://localhost:8000/static/js/app.js:1211:23 @ http://localhost:8000/static/js/app.js:13570
[  425138ms] [ERROR] Failed to load resource: net::ERR_CONNECTION_REFUSED @ http://localhost:8000/api/recording/status:0
[  425973ms] [ERROR] Failed to load resource: net::ERR_CONNECTION_REFUSED @ http://localhost:8000/api/objects/System%20Overview?server=ee8d9159:0
[  425973ms] [ERROR] Error загрузки ee8d9159:overview: TypeError: Failed to fetch
    at fetchObjectData (http://localhost:8000/static/js/app.js:11901:28)
    at loadObjectData (http://localhost:8000/static/js/app.js:13559:28)
    at http://localhost:8000/static/js/app.js:1211:23 @ http://localhost:8000/static/js/app.js:13570
[  426974ms] [ERROR] Failed to load resource: net::ERR_CONNECTION_REFUSED @ http://localhost:8000/api/objects/System%20Overview?server=ee8d9159:0
[  426974ms] [ERROR] Error загрузки ee8d9159:overview: TypeError: Failed to fetch
    at fetchObjectData (http://localhost:8000/static/js/app.js:11901:28)
    at loadObjectData (http://localhost:8000/static/js/app.js:13559:28)
    at http://localhost:8000/static/js/app.js:1211:23 @ http://localhost:8000/static/js/app.js:13570
[  427974ms] [ERROR] Failed to load resource: net::ERR_CONNECTION_REFUSED @ http://localhost:8000/api/objects/System%20Overview?server=ee8d9159:0
[  427974ms] [ERROR] Error загрузки ee8d9159:overview: TypeError: Failed to fetch
    at fetchObjectData (http://localhost:8000/static/js/app.js:11901:28)
    at loadObjectData (http://localhost:8000/static/js/app.js:13559:28)
    at http://localhost:8000/static/js/app.js:1211:23 @ http://localhost:8000/static/js/app.js:13570
[  428973ms] [ERROR] Failed to load resource: net::ERR_CONNECTION_REFUSED @ http://localhost:8000/api/objects/System%20Overview?server=ee8d9159:0
[  428973ms] [ERROR] Error загрузки ee8d9159:overview: TypeError: Failed to fetch
    at fetchObjectData (http://localhost:8000/static/js/app.js:11901:28)
    at loadObjectData (http://localhost:8000/static/js/app.js:13559:28)
    at http://localhost:8000/static/js/app.js:1211:23 @ http://localhost:8000/static/js/app.js:13570
[  429973ms] [ERROR] Failed to load resource: net::ERR_CONNECTION_REFUSED @ http://localhost:8000/api/objects/System%20Overview?server=ee8d9159:0
[  429973ms] [ERROR] Error загрузки ee8d9159:overview: TypeError: Failed to fetch
    at fetchObjectData (http://localhost:8000/static/js/app.js:11901:28)
    at loadObjectData (http://localhost:8000/static/js/app.js:13559:28)
    at http://localhost:8000/static/js/app.js:1211:23 @ http://localhost:8000/static/js/app.js:13570
[  430138ms] [ERROR] Failed to load resource: net::ERR_CONNECTION_REFUSED @ http://localhost:8000/api/recording/status:0
[  430974ms] [ERROR] Failed to load resource: net::ERR_CONNECTION_REFUSED @ http://localhost:8000/api/servers:0
[  430974ms] [ERROR] Error обновления списка объектов: TypeError: Failed to fetch
    at fetchServers (http://localhost:8000/static/js/app.js:11827:28)
    at fetchObjects (http://localhost:8000/static/js/app.js:11834:31)
    at refreshObjectsList (http://localhost:8000/static/js/app.js:11882:28)
    at http://localhost:8000/static/js/app.js:1204:9 @ http://localhost:8000/static/js/app.js:11885
[  430975ms] [ERROR] Failed to load resource: net::ERR_CONNECTION_REFUSED @ http://localhost:8000/api/objects/System%20Overview?server=ee8d9159:0
[  430975ms] [ERROR] Error загрузки ee8d9159:overview: TypeError: Failed to fetch
    at fetchObjectData (http://localhost:8000/static/js/app.js:11901:28)
    at loadObjectData (http://localhost:8000/static/js/app.js:13559:28)
    at http://localhost:8000/static/js/app.js:1211:23 @ http://localhost:8000/static/js/app.js:13570
[  431974ms] [ERROR] Failed to load resource: net::ERR_CONNECTION_REFUSED @ http://localhost:8000/api/objects/System%20Overview?server=ee8d9159:0
[  431974ms] [ERROR] Error загрузки ee8d9159:overview: TypeError: Failed to fetch
    at fetchObjectData (http://localhost:8000/static/js/app.js:11901:28)
    at loadObjectData (http://localhost:8000/static/js/app.js:13559:28)
    at http://localhost:8000/static/js/app.js:1211:23 @ http://localhost:8000/static/js/app.js:13570
[  432974ms] [ERROR] Failed to load resource: net::ERR_CONNECTION_REFUSED @ http://localhost:8000/api/objects/System%20Overview?server=ee8d9159:0
[  432974ms] [ERROR] Error загрузки ee8d9159:overview: TypeError: Failed to fetch
    at fetchObjectData (http://localhost:8000/static/js/app.js:11901:28)
    at loadObjectData (http://localhost:8000/static/js/app.js:13559:28)
    at http://localhost:8000/static/js/app.js:1211:23 @ http://localhost:8000/static/js/app.js:13570
[  433974ms] [ERROR] Failed to load resource: net::ERR_CONNECTION_REFUSED @ http://localhost:8000/api/objects/System%20Overview?server=ee8d9159:0
[  433974ms] [ERROR] Error загрузки ee8d9159:overview: TypeError: Failed to fetch
    at fetchObjectData (http://localhost:8000/static/js/app.js:11901:28)
    at loadObjectData (http://localhost:8000/static/js/app.js:13559:28)
    at http://localhost:8000/static/js/app.js:1211:23 @ http://localhost:8000/static/js/app.js:13570
[  434973ms] [ERROR] Failed to load resource: net::ERR_CONNECTION_REFUSED @ http://localhost:8000/api/objects/System%20Overview?server=ee8d9159:0
[  434974ms] [ERROR] Error загрузки ee8d9159:overview: TypeError: Failed to fetch
    at fetchObjectData (http://localhost:8000/static/js/app.js:11901:28)
    at loadObjectData (http://localhost:8000/static/js/app.js:13559:28)
    at http://localhost:8000/static/js/app.js:1211:23 @ http://localhost:8000/static/js/app.js:13570
[  435139ms] [ERROR] Failed to load resource: net::ERR_CONNECTION_REFUSED @ http://localhost:8000/api/recording/status:0
[  435975ms] [ERROR] Failed to load resource: net::ERR_CONNECTION_REFUSED @ http://localhost:8000/api/objects/System%20Overview?server=ee8d9159:0
[  435975ms] [ERROR] Error загрузки ee8d9159:overview: TypeError: Failed to fetch
    at fetchObjectData (http://localhost:8000/static/js/app.js:11901:28)
    at loadObjectData (http://localhost:8000/static/js/app.js:13559:28)
    at http://localhost:8000/static/js/app.js:1211:23 @ http://localhost:8000/static/js/app.js:13570
[  436974ms] [ERROR] Failed to load resource: net::ERR_CONNECTION_REFUSED @ http://localhost:8000/api/servers:0
[  436974ms] [ERROR] Error обновления списка объектов: TypeError: Failed to fetch
    at fetchServers (http://localhost:8000/static/js/app.js:11827:28)
    at fetchObjects (http://localhost:8000/static/js/app.js:11834:31)
    at refreshObjectsList (http://localhost:8000/static/js/app.js:11882:28)
    at http://localhost:8000/static/js/app.js:1204:9 @ http://localhost:8000/static/js/app.js:11885
[  436975ms] [ERROR] Failed to load resource: net::ERR_CONNECTION_REFUSED @ http://localhost:8000/api/objects/System%20Overview?server=ee8d9159:0
[  436975ms] [ERROR] Error загрузки ee8d9159:overview: TypeError: Failed to fetch
    at fetchObjectData (http://localhost:8000/static/js/app.js:11901:28)
    at loadObjectData (http://localhost:8000/static/js/app.js:13559:28)
    at http://localhost:8000/static/js/app.js:1211:23 @ http://localhost:8000/static/js/app.js:13570
[  436975ms] [ERROR] Failed to load resource: net::ERR_CONNECTION_REFUSED @ http://localhost:8000/api/version:0
[  437974ms] [ERROR] Failed to load resource: net::ERR_CONNECTION_REFUSED @ http://localhost:8000/api/objects/System%20Overview?server=ee8d9159:0
[  437975ms] [ERROR] Error загрузки ee8d9159:overview: TypeError: Failed to fetch
    at fetchObjectData (http://localhost:8000/static/js/app.js:11901:28)
    at loadObjectData (http://localhost:8000/static/js/app.js:13559:28)
    at http://localhost:8000/static/js/app.js:1211:23 @ http://localhost:8000/static/js/app.js:13570
[  438973ms] [ERROR] Failed to load resource: net::ERR_CONNECTION_REFUSED @ http://localhost:8000/api/objects/System%20Overview?server=ee8d9159:0
[  438973ms] [ERROR] Error загрузки ee8d9159:overview: TypeError: Failed to fetch
    at fetchObjectData (http://localhost:8000/static/js/app.js:11901:28)
    at loadObjectData (http://localhost:8000/static/js/app.js:13559:28)
    at http://localhost:8000/static/js/app.js:1211:23 @ http://localhost:8000/static/js/app.js:13570
[  439973ms] [ERROR] Failed to load resource: net::ERR_CONNECTION_REFUSED @ http://localhost:8000/api/objects/System%20Overview?server=ee8d9159:0
[  439973ms] [ERROR] Error загрузки ee8d9159:overview: TypeError: Failed to fetch
    at fetchObjectData (http://localhost:8000/static/js/app.js:11901:28)
    at loadObjectData (http://localhost:8000/static/js/app.js:13559:28)
    at http://localhost:8000/static/js/app.js:1211:23 @ http://localhost:8000/static/js/app.js:13570
[  440138ms] [ERROR] Failed to load resource: net::ERR_CONNECTION_REFUSED @ http://localhost:8000/api/recording/status:0
[  440973ms] [ERROR] Failed to load resource: net::ERR_CONNECTION_REFUSED @ http://localhost:8000/api/objects/System%20Overview?server=ee8d9159:0
[  440973ms] [ERROR] Error загрузки ee8d9159:overview: TypeError: Failed to fetch
    at fetchObjectData (http://localhost:8000/static/js/app.js:11901:28)
    at loadObjectData (http://localhost:8000/static/js/app.js:13559:28)
    at http://localhost:8000/static/js/app.js:1211:23 @ http://localhost:8000/static/js/app.js:13570
[  441973ms] [ERROR] Failed to load resource: net::ERR_CONNECTION_REFUSED @ http://localhost:8000/api/objects/System%20Overview?server=ee8d9159:0
[  441973ms] [ERROR] Error загрузки ee8d9159:overview: TypeError: Failed to fetch
    at fetchObjectData (http://localhost:8000/static/js/app.js:11901:28)
    at loadObjectData (http://localhost:8000/static/js/app.js:13559:28)
    at http://localhost:8000/static/js/app.js:1211:23 @ http://localhost:8000/static/js/app.js:13570
[  442974ms] [ERROR] Failed to load resource: net::ERR_CONNECTION_REFUSED @ http://localhost:8000/api/servers:0
[  442974ms] [ERROR] Error обновления списка объектов: TypeError: Failed to fetch
    at fetchServers (http://localhost:8000/static/js/app.js:11827:28)
    at fetchObjects (http://localhost:8000/static/js/app.js:11834:31)
    at refreshObjectsList (http://localhost:8000/static/js/app.js:11882:28)
    at http://localhost:8000/static/js/app.js:1204:9 @ http://localhost:8000/static/js/app.js:11885
[  442975ms] [ERROR] Failed to load resource: net::ERR_CONNECTION_REFUSED @ http://localhost:8000/api/objects/System%20Overview?server=ee8d9159:0
[  442975ms] [ERROR] Error загрузки ee8d9159:overview: TypeError: Failed to fetch
    at fetchObjectData (http://localhost:8000/static/js/app.js:11901:28)
    at loadObjectData (http://localhost:8000/static/js/app.js:13559:28)
    at http://localhost:8000/static/js/app.js:1211:23 @ http://localhost:8000/static/js/app.js:13570
[  443974ms] [ERROR] Failed to load resource: net::ERR_CONNECTION_REFUSED @ http://localhost:8000/api/objects/System%20Overview?server=ee8d9159:0
[  443974ms] [ERROR] Error загрузки ee8d9159:overview: TypeError: Failed to fetch
    at fetchObjectData (http://localhost:8000/static/js/app.js:11901:28)
    at loadObjectData (http://localhost:8000/static/js/app.js:13559:28)
    at http://localhost:8000/static/js/app.js:1211:23 @ http://localhost:8000/static/js/app.js:13570
[  444973ms] [ERROR] Failed to load resource: net::ERR_CONNECTION_REFUSED @ http://localhost:8000/api/objects/System%20Overview?server=ee8d9159:0
[  444973ms] [ERROR] Error загрузки ee8d9159:overview: TypeError: Failed to fetch
    at fetchObjectData (http://localhost:8000/static/js/app.js:11901:28)
    at loadObjectData (http://localhost:8000/static/js/app.js:13559:28)
    at http://localhost:8000/static/js/app.js:1211:23 @ http://localhost:8000/static/js/app.js:13570
[  445138ms] [ERROR] Failed to load resource: net::ERR_CONNECTION_REFUSED @ http://localhost:8000/api/recording/status:0
[  445974ms] [ERROR] Failed to load resource: net::ERR_CONNECTION_REFUSED @ http://localhost:8000/api/objects/System%20Overview?server=ee8d9159:0
[  445974ms] [ERROR] Error загрузки ee8d9159:overview: TypeError: Failed to fetch
    at fetchObjectData (http://localhost:8000/static/js/app.js:11901:28)
    at loadObjectData (http://localhost:8000/static/js/app.js:13559:28)
    at http://localhost:8000/static/js/app.js:1211:23 @ http://localhost:8000/static/js/app.js:13570
[  446974ms] [ERROR] Failed to load resource: net::ERR_CONNECTION_REFUSED @ http://localhost:8000/api/objects/System%20Overview?server=ee8d9159:0
[  446974ms] [ERROR] Error загрузки ee8d9159:overview: TypeError: Failed to fetch
    at fetchObjectData (http://localhost:8000/static/js/app.js:11901:28)
    at loadObjectData (http://localhost:8000/static/js/app.js:13559:28)
    at http://localhost:8000/static/js/app.js:1211:23 @ http://localhost:8000/static/js/app.js:13570
[  447974ms] [ERROR] Failed to load resource: net::ERR_CONNECTION_REFUSED @ http://localhost:8000/api/objects/System%20Overview?server=ee8d9159:0
[  447975ms] [ERROR] Error загрузки ee8d9159:overview: TypeError: Failed to fetch
    at fetchObjectData (http://localhost:8000/static/js/app.js:11901:28)
    at loadObjectData (http://localhost:8000/static/js/app.js:13559:28)
    at http://localhost:8000/static/js/app.js:1211:23 @ http://localhost:8000/static/js/app.js:13570
[  448974ms] [ERROR] Failed to load resource: net::ERR_CONNECTION_REFUSED @ http://localhost:8000/api/servers:0
[  448974ms] [ERROR] Error обновления списка объектов: TypeError: Failed to fetch
    at fetchServers (http://localhost:8000/static/js/app.js:11827:28)
    at fetchObjects (http://localhost:8000/static/js/app.js:11834:31)
    at refreshObjectsList (http://localhost:8000/static/js/app.js:11882:28)
    at http://localhost:8000/static/js/app.js:1204:9 @ http://localhost:8000/static/js/app.js:11885
[  448974ms] [ERROR] Failed to load resource: net::ERR_CONNECTION_REFUSED @ http://localhost:8000/api/objects/System%20Overview?server=ee8d9159:0
[  448974ms] [ERROR] Error загрузки ee8d9159:overview: TypeError: Failed to fetch
    at fetchObjectData (http://localhost:8000/static/js/app.js:11901:28)
    at loadObjectData (http://localhost:8000/static/js/app.js:13559:28)
    at http://localhost:8000/static/js/app.js:1211:23 @ http://localhost:8000/static/js/app.js:13570
[  449973ms] [ERROR] Failed to load resource: net::ERR_CONNECTION_REFUSED @ http://localhost:8000/api/objects/System%20Overview?server=ee8d9159:0
[  449973ms] [ERROR] Error загрузки ee8d9159:overview: TypeError: Failed to fetch
    at fetchObjectData (http://localhost:8000/static/js/app.js:11901:28)
    at loadObjectData (http://localhost:8000/static/js/app.js:13559:28)
    at http://localhost:8000/static/js/app.js:1211:23 @ http://localhost:8000/static/js/app.js:13570
[  450139ms] [ERROR] Failed to load resource: net::ERR_CONNECTION_REFUSED @ http://localhost:8000/api/recording/status:0
[  450974ms] [ERROR] Failed to load resource: net::ERR_CONNECTION_REFUSED @ http://localhost:8000/api/objects/System%20Overview?server=ee8d9159:0
[  450974ms] [ERROR] Error загрузки ee8d9159:overview: TypeError: Failed to fetch
    at fetchObjectData (http://localhost:8000/static/js/app.js:11901:28)
    at loadObjectData (http://localhost:8000/static/js/app.js:13559:28)
    at http://localhost:8000/static/js/app.js:1211:23 @ http://localhost:8000/static/js/app.js:13570
[  451973ms] [ERROR] Failed to load resource: net::ERR_CONNECTION_REFUSED @ http://localhost:8000/api/objects/System%20Overview?server=ee8d9159:0
[  451973ms] [ERROR] Error загрузки ee8d9159:overview: TypeError: Failed to fetch
    at fetchObjectData (http://localhost:8000/static/js/app.js:11901:28)
    at loadObjectData (http://localhost:8000/static/js/app.js:13559:28)
    at http://localhost:8000/static/js/app.js:1211:23 @ http://localhost:8000/static/js/app.js:13570
[  452973ms] [ERROR] Failed to load resource: net::ERR_CONNECTION_REFUSED @ http://localhost:8000/api/objects/System%20Overview?server=ee8d9159:0
[  452973ms] [ERROR] Error загрузки ee8d9159:overview: TypeError: Failed to fetch
    at fetchObjectData (http://localhost:8000/static/js/app.js:11901:28)
    at loadObjectData (http://localhost:8000/static/js/app.js:13559:28)
    at http://localhost:8000/static/js/app.js:1211:23 @ http://localhost:8000/static/js/app.js:13570
[  453973ms] [ERROR] Failed to load resource: net::ERR_CONNECTION_REFUSED @ http://localhost:8000/api/objects/System%20Overview?server=ee8d9159:0
[  453973ms] [ERROR] Error загрузки ee8d9159:overview: TypeError: Failed to fetch
    at fetchObjectData (http://localhost:8000/static/js/app.js:11901:28)
    at loadObjectData (http://localhost:8000/static/js/app.js:13559:28)
    at http://localhost:8000/static/js/app.js:1211:23 @ http://localhost:8000/static/js/app.js:13570
[  454974ms] [ERROR] Failed to load resource: net::ERR_CONNECTION_REFUSED @ http://localhost:8000/api/servers:0
[  454974ms] [ERROR] Error обновления списка объектов: TypeError: Failed to fetch
    at fetchServers (http://localhost:8000/static/js/app.js:11827:28)
    at fetchObjects (http://localhost:8000/static/js/app.js:11834:31)
    at refreshObjectsList (http://localhost:8000/static/js/app.js:11882:28)
    at http://localhost:8000/static/js/app.js:1204:9 @ http://localhost:8000/static/js/app.js:11885
[  454974ms] [ERROR] Failed to load resource: net::ERR_CONNECTION_REFUSED @ http://localhost:8000/api/objects/System%20Overview?server=ee8d9159:0
[  454974ms] [ERROR] Error загрузки ee8d9159:overview: TypeError: Failed to fetch
    at fetchObjectData (http://localhost:8000/static/js/app.js:11901:28)
    at loadObjectData (http://localhost:8000/static/js/app.js:13559:28)
    at http://localhost:8000/static/js/app.js:1211:23 @ http://localhost:8000/static/js/app.js:13570
[  455138ms] [ERROR] Failed to load resource: net::ERR_CONNECTION_REFUSED @ http://localhost:8000/api/recording/status:0
[  455974ms] [ERROR] Failed to load resource: net::ERR_CONNECTION_REFUSED @ http://localhost:8000/api/objects/System%20Overview?server=ee8d9159:0
[  455974ms] [ERROR] Error загрузки ee8d9159:overview: TypeError: Failed to fetch
    at fetchObjectData (http://localhost:8000/static/js/app.js:11901:28)
    at loadObjectData (http://localhost:8000/static/js/app.js:13559:28)
    at http://localhost:8000/static/js/app.js:1211:23 @ http://localhost:8000/static/js/app.js:13570
[  456973ms] [ERROR] Failed to load resource: net::ERR_CONNECTION_REFUSED @ http://localhost:8000/api/objects/System%20Overview?server=ee8d9159:0
[  456973ms] [ERROR] Error загрузки ee8d9159:overview: TypeError: Failed to fetch
    at fetchObjectData (http://localhost:8000/static/js/app.js:11901:28)
    at loadObjectData (http://localhost:8000/static/js/app.js:13559:28)
    at http://localhost:8000/static/js/app.js:1211:23 @ http://localhost:8000/static/js/app.js:13570
[  457974ms] [ERROR] Failed to load resource: net::ERR_CONNECTION_REFUSED @ http://localhost:8000/api/objects/System%20Overview?server=ee8d9159:0
[  457974ms] [ERROR] Error загрузки ee8d9159:overview: TypeError: Failed to fetch
    at fetchObjectData (http://localhost:8000/static/js/app.js:11901:28)
    at loadObjectData (http://localhost:8000/static/js/app.js:13559:28)
    at http://localhost:8000/static/js/app.js:1211:23 @ http://localhost:8000/static/js/app.js:13570
[  458973ms] [ERROR] Failed to load resource: net::ERR_CONNECTION_REFUSED @ http://localhost:8000/api/objects/System%20Overview?server=ee8d9159:0
[  458973ms] [ERROR] Error загрузки ee8d9159:overview: TypeError: Failed to fetch
    at fetchObjectData (http://localhost:8000/static/js/app.js:11901:28)
    at loadObjectData (http://localhost:8000/static/js/app.js:13559:28)
    at http://localhost:8000/static/js/app.js:1211:23 @ http://localhost:8000/static/js/app.js:13570
[  459973ms] [ERROR] Failed to load resource: net::ERR_CONNECTION_REFUSED @ http://localhost:8000/api/objects/System%20Overview?server=ee8d9159:0
[  459973ms] [ERROR] Error загрузки ee8d9159:overview: TypeError: Failed to fetch
    at fetchObjectData (http://localhost:8000/static/js/app.js:11901:28)
    at loadObjectData (http://localhost:8000/static/js/app.js:13559:28)
    at http://localhost:8000/static/js/app.js:1211:23 @ http://localhost:8000/static/js/app.js:13570
[  460138ms] [ERROR] Failed to load resource: net::ERR_CONNECTION_REFUSED @ http://localhost:8000/api/recording/status:0
[  460974ms] [ERROR] Failed to load resource: net::ERR_CONNECTION_REFUSED @ http://localhost:8000/api/servers:0
[  460974ms] [ERROR] Error обновления списка объектов: TypeError: Failed to fetch
    at fetchServers (http://localhost:8000/static/js/app.js:11827:28)
    at fetchObjects (http://localhost:8000/static/js/app.js:11834:31)
    at refreshObjectsList (http://localhost:8000/static/js/app.js:11882:28)
    at http://localhost:8000/static/js/app.js:1204:9 @ http://localhost:8000/static/js/app.js:11885
[  460974ms] [ERROR] Failed to load resource: net::ERR_CONNECTION_REFUSED @ http://localhost:8000/api/objects/System%20Overview?server=ee8d9159:0
[  460974ms] [ERROR] Error загрузки ee8d9159:overview: TypeError: Failed to fetch
    at fetchObjectData (http://localhost:8000/static/js/app.js:11901:28)
    at loadObjectData (http://localhost:8000/static/js/app.js:13559:28)
    at http://localhost:8000/static/js/app.js:1211:23 @ http://localhost:8000/static/js/app.js:13570
[  461974ms] [ERROR] Failed to load resource: net::ERR_CONNECTION_REFUSED @ http://localhost:8000/api/objects/System%20Overview?server=ee8d9159:0
[  461974ms] [ERROR] Error загрузки ee8d9159:overview: TypeError: Failed to fetch
    at fetchObjectData (http://localhost:8000/static/js/app.js:11901:28)
    at loadObjectData (http://localhost:8000/static/js/app.js:13559:28)
    at http://localhost:8000/static/js/app.js:1211:23 @ http://localhost:8000/static/js/app.js:13570
[  462973ms] [ERROR] Failed to load resource: net::ERR_CONNECTION_REFUSED @ http://localhost:8000/api/objects/System%20Overview?server=ee8d9159:0
[  462974ms] [ERROR] Error загрузки ee8d9159:overview: TypeError: Failed to fetch
    at fetchObjectData (http://localhost:8000/static/js/app.js:11901:28)
    at loadObjectData (http://localhost:8000/static/js/app.js:13559:28)
    at http://localhost:8000/static/js/app.js:1211:23 @ http://localhost:8000/static/js/app.js:13570
[  463974ms] [ERROR] Failed to load resource: net::ERR_CONNECTION_REFUSED @ http://localhost:8000/api/objects/System%20Overview?server=ee8d9159:0
[  463974ms] [ERROR] Error загрузки ee8d9159:overview: TypeError: Failed to fetch
    at fetchObjectData (http://localhost:8000/static/js/app.js:11901:28)
    at loadObjectData (http://localhost:8000/static/js/app.js:13559:28)
    at http://localhost:8000/static/js/app.js:1211:23 @ http://localhost:8000/static/js/app.js:13570
[  464973ms] [ERROR] Failed to load resource: net::ERR_CONNECTION_REFUSED @ http://localhost:8000/api/objects/System%20Overview?server=ee8d9159:0
[  464973ms] [ERROR] Error загрузки ee8d9159:overview: TypeError: Failed to fetch
    at fetchObjectData (http://localhost:8000/static/js/app.js:11901:28)
    at loadObjectData (http://localhost:8000/static/js/app.js:13559:28)
    at http://localhost:8000/static/js/app.js:1211:23 @ http://localhost:8000/static/js/app.js:13570
[  465138ms] [ERROR] Failed to load resource: net::ERR_CONNECTION_REFUSED @ http://localhost:8000/api/recording/status:0
[  465973ms] [ERROR] Failed to load resource: net::ERR_CONNECTION_REFUSED @ http://localhost:8000/api/objects/System%20Overview?server=ee8d9159:0
[  465973ms] [ERROR] Error загрузки ee8d9159:overview: TypeError: Failed to fetch
    at fetchObjectData (http://localhost:8000/static/js/app.js:11901:28)
    at loadObjectData (http://localhost:8000/static/js/app.js:13559:28)
    at http://localhost:8000/static/js/app.js:1211:23 @ http://localhost:8000/static/js/app.js:13570
[  466975ms] [ERROR] Failed to load resource: net::ERR_CONNECTION_REFUSED @ http://localhost:8000/api/servers:0
[  466976ms] [ERROR] Error обновления списка объектов: TypeError: Failed to fetch
    at fetchServers (http://localhost:8000/static/js/app.js:11827:28)
    at fetchObjects (http://localhost:8000/static/js/app.js:11834:31)
    at refreshObjectsList (http://localhost:8000/static/js/app.js:11882:28)
    at http://localhost:8000/static/js/app.js:1204:9 @ http://localhost:8000/static/js/app.js:11885
[  466976ms] [ERROR] Failed to load resource: net::ERR_CONNECTION_REFUSED @ http://localhost:8000/api/objects/System%20Overview?server=ee8d9159:0
[  466976ms] [ERROR] Error загрузки ee8d9159:overview: TypeError: Failed to fetch
    at fetchObjectData (http://localhost:8000/static/js/app.js:11901:28)
    at loadObjectData (http://localhost:8000/static/js/app.js:13559:28)
    at http://localhost:8000/static/js/app.js:1211:23 @ http://localhost:8000/static/js/app.js:13570
[  466976ms] [ERROR] Failed to load resource: net::ERR_CONNECTION_REFUSED @ http://localhost:8000/api/version:0
[  467974ms] [ERROR] Failed to load resource: net::ERR_CONNECTION_REFUSED @ http://localhost:8000/api/objects/System%20Overview?server=ee8d9159:0
[  467974ms] [ERROR] Error загрузки ee8d9159:overview: TypeError: Failed to fetch
    at fetchObjectData (http://localhost:8000/static/js/app.js:11901:28)
    at loadObjectData (http://localhost:8000/static/js/app.js:13559:28)
    at http://localhost:8000/static/js/app.js:1211:23 @ http://localhost:8000/static/js/app.js:13570
[  468973ms] [ERROR] Failed to load resource: net::ERR_CONNECTION_REFUSED @ http://localhost:8000/api/objects/System%20Overview?server=ee8d9159:0
[  468973ms] [ERROR] Error загрузки ee8d9159:overview: TypeError: Failed to fetch
    at fetchObjectData (http://localhost:8000/static/js/app.js:11901:28)
    at loadObjectData (http://localhost:8000/static/js/app.js:13559:28)
    at http://localhost:8000/static/js/app.js:1211:23 @ http://localhost:8000/static/js/app.js:13570
[  469974ms] [ERROR] Failed to load resource: net::ERR_CONNECTION_REFUSED @ http://localhost:8000/api/objects/System%20Overview?server=ee8d9159:0
[  469974ms] [ERROR] Error загрузки ee8d9159:overview: TypeError: Failed to fetch
    at fetchObjectData (http://localhost:8000/static/js/app.js:11901:28)
    at loadObjectData (http://localhost:8000/static/js/app.js:13559:28)
    at http://localhost:8000/static/js/app.js:1211:23 @ http://localhost:8000/static/js/app.js:13570
[  470138ms] [ERROR] Failed to load resource: net::ERR_CONNECTION_REFUSED @ http://localhost:8000/api/recording/status:0
[  470973ms] [ERROR] Failed to load resource: net::ERR_CONNECTION_REFUSED @ http://localhost:8000/api/objects/System%20Overview?server=ee8d9159:0
[  470974ms] [ERROR] Error загрузки ee8d9159:overview: TypeError: Failed to fetch
    at fetchObjectData (http://localhost:8000/static/js/app.js:11901:28)
    at loadObjectData (http://localhost:8000/static/js/app.js:13559:28)
    at http://localhost:8000/static/js/app.js:1211:23 @ http://localhost:8000/static/js/app.js:13570
[  471974ms] [ERROR] Failed to load resource: net::ERR_CONNECTION_REFUSED @ http://localhost:8000/api/objects/System%20Overview?server=ee8d9159:0
[  471974ms] [ERROR] Error загрузки ee8d9159:overview: TypeError: Failed to fetch
    at fetchObjectData (http://localhost:8000/static/js/app.js:11901:28)
    at loadObjectData (http://localhost:8000/static/js/app.js:13559:28)
    at http://localhost:8000/static/js/app.js:1211:23 @ http://localhost:8000/static/js/app.js:13570
[  472974ms] [ERROR] Failed to load resource: net::ERR_CONNECTION_REFUSED @ http://localhost:8000/api/servers:0
[  472974ms] [ERROR] Error обновления списка объектов: TypeError: Failed to fetch
    at fetchServers (http://localhost:8000/static/js/app.js:11827:28)
    at fetchObjects (http://localhost:8000/static/js/app.js:11834:31)
    at refreshObjectsList (http://localhost:8000/static/js/app.js:11882:28)
    at http://localhost:8000/static/js/app.js:1204:9 @ http://localhost:8000/static/js/app.js:11885
[  472975ms] [ERROR] Failed to load resource: net::ERR_CONNECTION_REFUSED @ http://localhost:8000/api/objects/System%20Overview?server=ee8d9159:0
[  472975ms] [ERROR] Error загрузки ee8d9159:overview: TypeError: Failed to fetch
    at fetchObjectData (http://localhost:8000/static/js/app.js:11901:28)
    at loadObjectData (http://localhost:8000/static/js/app.js:13559:28)
    at http://localhost:8000/static/js/app.js:1211:23 @ http://localhost:8000/static/js/app.js:13570
[  473974ms] [ERROR] Failed to load resource: net::ERR_CONNECTION_REFUSED @ http://localhost:8000/api/objects/System%20Overview?server=ee8d9159:0
[  473974ms] [ERROR] Error загрузки ee8d9159:overview: TypeError: Failed to fetch
    at fetchObjectData (http://localhost:8000/static/js/app.js:11901:28)
    at loadObjectData (http://localhost:8000/static/js/app.js:13559:28)
    at http://localhost:8000/static/js/app.js:1211:23 @ http://localhost:8000/static/js/app.js:13570
[  474974ms] [ERROR] Failed to load resource: net::ERR_CONNECTION_REFUSED @ http://localhost:8000/api/objects/System%20Overview?server=ee8d9159:0
[  474974ms] [ERROR] Error загрузки ee8d9159:overview: TypeError: Failed to fetch
    at fetchObjectData (http://localhost:8000/static/js/app.js:11901:28)
    at loadObjectData (http://localhost:8000/static/js/app.js:13559:28)
    at http://localhost:8000/static/js/app.js:1211:23 @ http://localhost:8000/static/js/app.js:13570
[  475138ms] [ERROR] Failed to load resource: net::ERR_CONNECTION_REFUSED @ http://localhost:8000/api/recording/status:0
[  475973ms] [ERROR] Failed to load resource: net::ERR_CONNECTION_REFUSED @ http://localhost:8000/api/objects/System%20Overview?server=ee8d9159:0
[  475973ms] [ERROR] Error загрузки ee8d9159:overview: TypeError: Failed to fetch
    at fetchObjectData (http://localhost:8000/static/js/app.js:11901:28)
    at loadObjectData (http://localhost:8000/static/js/app.js:13559:28)
    at http://localhost:8000/static/js/app.js:1211:23 @ http://localhost:8000/static/js/app.js:13570
[  476973ms] [ERROR] Failed to load resource: net::ERR_CONNECTION_REFUSED @ http://localhost:8000/api/objects/System%20Overview?server=ee8d9159:0
[  476973ms] [ERROR] Error загрузки ee8d9159:overview: TypeError: Failed to fetch
    at fetchObjectData (http://localhost:8000/static/js/app.js:11901:28)
    at loadObjectData (http://localhost:8000/static/js/app.js:13559:28)
    at http://localhost:8000/static/js/app.js:1211:23 @ http://localhost:8000/static/js/app.js:13570
[  477973ms] [ERROR] Failed to load resource: net::ERR_CONNECTION_REFUSED @ http://localhost:8000/api/objects/System%20Overview?server=ee8d9159:0
[  477973ms] [ERROR] Error загрузки ee8d9159:overview: TypeError: Failed to fetch
    at fetchObjectData (http://localhost:8000/static/js/app.js:11901:28)
    at loadObjectData (http://localhost:8000/static/js/app.js:13559:28)
    at http://localhost:8000/static/js/app.js:1211:23 @ http://localhost:8000/static/js/app.js:13570
[  478973ms] [ERROR] Failed to load resource: net::ERR_CONNECTION_REFUSED @ http://localhost:8000/api/servers:0
[  478973ms] [ERROR] Error обновления списка объектов: TypeError: Failed to fetch
    at fetchServers (http://localhost:8000/static/js/app.js:11827:28)
    at fetchObjects (http://localhost:8000/static/js/app.js:11834:31)
    at refreshObjectsList (http://localhost:8000/static/js/app.js:11882:28)
    at http://localhost:8000/static/js/app.js:1204:9 @ http://localhost:8000/static/js/app.js:11885
[  478973ms] [ERROR] Failed to load resource: net::ERR_CONNECTION_REFUSED @ http://localhost:8000/api/objects/System%20Overview?server=ee8d9159:0
[  478973ms] [ERROR] Error загрузки ee8d9159:overview: TypeError: Failed to fetch
    at fetchObjectData (http://localhost:8000/static/js/app.js:11901:28)
    at loadObjectData (http://localhost:8000/static/js/app.js:13559:28)
    at http://localhost:8000/static/js/app.js:1211:23 @ http://localhost:8000/static/js/app.js:13570
[  479973ms] [ERROR] Failed to load resource: net::ERR_CONNECTION_REFUSED @ http://localhost:8000/api/objects/System%20Overview?server=ee8d9159:0
[  479973ms] [ERROR] Error загрузки ee8d9159:overview: TypeError: Failed to fetch
    at fetchObjectData (http://localhost:8000/static/js/app.js:11901:28)
    at loadObjectData (http://localhost:8000/static/js/app.js:13559:28)
    at http://localhost:8000/static/js/app.js:1211:23 @ http://localhost:8000/static/js/app.js:13570
[  480138ms] [ERROR] Failed to load resource: net::ERR_CONNECTION_REFUSED @ http://localhost:8000/api/recording/status:0
[  480973ms] [ERROR] Failed to load resource: net::ERR_CONNECTION_REFUSED @ http://localhost:8000/api/objects/System%20Overview?server=ee8d9159:0
[  480973ms] [ERROR] Error загрузки ee8d9159:overview: TypeError: Failed to fetch
    at fetchObjectData (http://localhost:8000/static/js/app.js:11901:28)
    at loadObjectData (http://localhost:8000/static/js/app.js:13559:28)
    at http://localhost:8000/static/js/app.js:1211:23 @ http://localhost:8000/static/js/app.js:13570
[  481973ms] [ERROR] Failed to load resource: net::ERR_CONNECTION_REFUSED @ http://localhost:8000/api/objects/System%20Overview?server=ee8d9159:0
[  481973ms] [ERROR] Error загрузки ee8d9159:overview: TypeError: Failed to fetch
    at fetchObjectData (http://localhost:8000/static/js/app.js:11901:28)
    at loadObjectData (http://localhost:8000/static/js/app.js:13559:28)
    at http://localhost:8000/static/js/app.js:1211:23 @ http://localhost:8000/static/js/app.js:13570
[  482974ms] [ERROR] Failed to load resource: net::ERR_CONNECTION_REFUSED @ http://localhost:8000/api/objects/System%20Overview?server=ee8d9159:0
[  482974ms] [ERROR] Error загрузки ee8d9159:overview: TypeError: Failed to fetch
    at fetchObjectData (http://localhost:8000/static/js/app.js:11901:28)
    at loadObjectData (http://localhost:8000/static/js/app.js:13559:28)
    at http://localhost:8000/static/js/app.js:1211:23 @ http://localhost:8000/static/js/app.js:13570
[  483975ms] [ERROR] Failed to load resource: net::ERR_CONNECTION_REFUSED @ http://localhost:8000/api/objects/System%20Overview?server=ee8d9159:0
[  483975ms] [ERROR] Error загрузки ee8d9159:overview: TypeError: Failed to fetch
    at fetchObjectData (http://localhost:8000/static/js/app.js:11901:28)
    at loadObjectData (http://localhost:8000/static/js/app.js:13559:28)
    at http://localhost:8000/static/js/app.js:1211:23 @ http://localhost:8000/static/js/app.js:13570
[  484974ms] [ERROR] Failed to load resource: net::ERR_CONNECTION_REFUSED @ http://localhost:8000/api/servers:0
[  484974ms] [ERROR] Error обновления списка объектов: TypeError: Failed to fetch
    at fetchServers (http://localhost:8000/static/js/app.js:11827:28)
    at fetchObjects (http://localhost:8000/static/js/app.js:11834:31)
    at refreshObjectsList (http://localhost:8000/static/js/app.js:11882:28)
    at http://localhost:8000/static/js/app.js:1204:9 @ http://localhost:8000/static/js/app.js:11885
[  484974ms] [ERROR] Failed to load resource: net::ERR_CONNECTION_REFUSED @ http://localhost:8000/api/objects/System%20Overview?server=ee8d9159:0
[  484974ms] [ERROR] Error загрузки ee8d9159:overview: TypeError: Failed to fetch
    at fetchObjectData (http://localhost:8000/static/js/app.js:11901:28)
    at loadObjectData (http://localhost:8000/static/js/app.js:13559:28)
    at http://localhost:8000/static/js/app.js:1211:23 @ http://localhost:8000/static/js/app.js:13570
[  485138ms] [ERROR] Failed to load resource: net::ERR_CONNECTION_REFUSED @ http://localhost:8000/api/recording/status:0
[  485973ms] [ERROR] Failed to load resource: net::ERR_CONNECTION_REFUSED @ http://localhost:8000/api/objects/System%20Overview?server=ee8d9159:0
[  485973ms] [ERROR] Error загрузки ee8d9159:overview: TypeError: Failed to fetch
    at fetchObjectData (http://localhost:8000/static/js/app.js:11901:28)
    at loadObjectData (http://localhost:8000/static/js/app.js:13559:28)
    at http://localhost:8000/static/js/app.js:1211:23 @ http://localhost:8000/static/js/app.js:13570
[  486974ms] [ERROR] Failed to load resource: net::ERR_CONNECTION_REFUSED @ http://localhost:8000/api/objects/System%20Overview?server=ee8d9159:0
[  486974ms] [ERROR] Error загрузки ee8d9159:overview: TypeError: Failed to fetch
    at fetchObjectData (http://localhost:8000/static/js/app.js:11901:28)
    at loadObjectData (http://localhost:8000/static/js/app.js:13559:28)
    at http://localhost:8000/static/js/app.js:1211:23 @ http://localhost:8000/static/js/app.js:13570
[  487973ms] [ERROR] Failed to load resource: net::ERR_CONNECTION_REFUSED @ http://localhost:8000/api/objects/System%20Overview?server=ee8d9159:0
[  487973ms] [ERROR] Error загрузки ee8d9159:overview: TypeError: Failed to fetch
    at fetchObjectData (http://localhost:8000/static/js/app.js:11901:28)
    at loadObjectData (http://localhost:8000/static/js/app.js:13559:28)
    at http://localhost:8000/static/js/app.js:1211:23 @ http://localhost:8000/static/js/app.js:13570
[  488974ms] [ERROR] Failed to load resource: net::ERR_CONNECTION_REFUSED @ http://localhost:8000/api/objects/System%20Overview?server=ee8d9159:0
[  488974ms] [ERROR] Error загрузки ee8d9159:overview: TypeError: Failed to fetch
    at fetchObjectData (http://localhost:8000/static/js/app.js:11901:28)
    at loadObjectData (http://localhost:8000/static/js/app.js:13559:28)
    at http://localhost:8000/static/js/app.js:1211:23 @ http://localhost:8000/static/js/app.js:13570
[  489973ms] [ERROR] Failed to load resource: net::ERR_CONNECTION_REFUSED @ http://localhost:8000/api/objects/System%20Overview?server=ee8d9159:0
[  489973ms] [ERROR] Error загрузки ee8d9159:overview: TypeError: Failed to fetch
    at fetchObjectData (http://localhost:8000/static/js/app.js:11901:28)
    at loadObjectData (http://localhost:8000/static/js/app.js:13559:28)
    at http://localhost:8000/static/js/app.js:1211:23 @ http://localhost:8000/static/js/app.js:13570
[  490138ms] [ERROR] Failed to load resource: net::ERR_CONNECTION_REFUSED @ http://localhost:8000/api/recording/status:0
[  490973ms] [ERROR] Failed to load resource: net::ERR_CONNECTION_REFUSED @ http://localhost:8000/api/servers:0
[  490973ms] [ERROR] Error обновления списка объектов: TypeError: Failed to fetch
    at fetchServers (http://localhost:8000/static/js/app.js:11827:28)
    at fetchObjects (http://localhost:8000/static/js/app.js:11834:31)
    at refreshObjectsList (http://localhost:8000/static/js/app.js:11882:28)
    at http://localhost:8000/static/js/app.js:1204:9 @ http://localhost:8000/static/js/app.js:11885
[  490973ms] [ERROR] Failed to load resource: net::ERR_CONNECTION_REFUSED @ http://localhost:8000/api/objects/System%20Overview?server=ee8d9159:0
[  490973ms] [ERROR] Error загрузки ee8d9159:overview: TypeError: Failed to fetch
    at fetchObjectData (http://localhost:8000/static/js/app.js:11901:28)
    at loadObjectData (http://localhost:8000/static/js/app.js:13559:28)
    at http://localhost:8000/static/js/app.js:1211:23 @ http://localhost:8000/static/js/app.js:13570
[  491973ms] [ERROR] Failed to load resource: net::ERR_CONNECTION_REFUSED @ http://localhost:8000/api/objects/System%20Overview?server=ee8d9159:0
[  491973ms] [ERROR] Error загрузки ee8d9159:overview: TypeError: Failed to fetch
    at fetchObjectData (http://localhost:8000/static/js/app.js:11901:28)
    at loadObjectData (http://localhost:8000/static/js/app.js:13559:28)
    at http://localhost:8000/static/js/app.js:1211:23 @ http://localhost:8000/static/js/app.js:13570
[  492973ms] [ERROR] Failed to load resource: net::ERR_CONNECTION_REFUSED @ http://localhost:8000/api/objects/System%20Overview?server=ee8d9159:0
[  492973ms] [ERROR] Error загрузки ee8d9159:overview: TypeError: Failed to fetch
    at fetchObjectData (http://localhost:8000/static/js/app.js:11901:28)
    at loadObjectData (http://localhost:8000/static/js/app.js:13559:28)
    at http://localhost:8000/static/js/app.js:1211:23 @ http://localhost:8000/static/js/app.js:13570
[  493974ms] [ERROR] Failed to load resource: net::ERR_CONNECTION_REFUSED @ http://localhost:8000/api/objects/System%20Overview?server=ee8d9159:0
[  493974ms] [ERROR] Error загрузки ee8d9159:overview: TypeError: Failed to fetch
    at fetchObjectData (http://localhost:8000/static/js/app.js:11901:28)
    at loadObjectData (http://localhost:8000/static/js/app.js:13559:28)
    at http://localhost:8000/static/js/app.js:1211:23 @ http://localhost:8000/static/js/app.js:13570
[  494973ms] [ERROR] Failed to load resource: net::ERR_CONNECTION_REFUSED @ http://localhost:8000/api/objects/System%20Overview?server=ee8d9159:0
[  494973ms] [ERROR] Error загрузки ee8d9159:overview: TypeError: Failed to fetch
    at fetchObjectData (http://localhost:8000/static/js/app.js:11901:28)
    at loadObjectData (http://localhost:8000/static/js/app.js:13559:28)
    at http://localhost:8000/static/js/app.js:1211:23 @ http://localhost:8000/static/js/app.js:13570
[  495137ms] [ERROR] Failed to load resource: net::ERR_CONNECTION_REFUSED @ http://localhost:8000/api/recording/status:0
[  495973ms] [ERROR] Failed to load resource: net::ERR_CONNECTION_REFUSED @ http://localhost:8000/api/objects/System%20Overview?server=ee8d9159:0
[  495973ms] [ERROR] Error загрузки ee8d9159:overview: TypeError: Failed to fetch
    at fetchObjectData (http://localhost:8000/static/js/app.js:11901:28)
    at loadObjectData (http://localhost:8000/static/js/app.js:13559:28)
    at http://localhost:8000/static/js/app.js:1211:23 @ http://localhost:8000/static/js/app.js:13570
[  496973ms] [ERROR] Failed to load resource: net::ERR_CONNECTION_REFUSED @ http://localhost:8000/api/servers:0
[  496973ms] [ERROR] Error обновления списка объектов: TypeError: Failed to fetch
    at fetchServers (http://localhost:8000/static/js/app.js:11827:28)
    at fetchObjects (http://localhost:8000/static/js/app.js:11834:31)
    at refreshObjectsList (http://localhost:8000/static/js/app.js:11882:28)
    at http://localhost:8000/static/js/app.js:1204:9 @ http://localhost:8000/static/js/app.js:11885
[  496973ms] [ERROR] Failed to load resource: net::ERR_CONNECTION_REFUSED @ http://localhost:8000/api/objects/System%20Overview?server=ee8d9159:0
[  496973ms] [ERROR] Error загрузки ee8d9159:overview: TypeError: Failed to fetch
    at fetchObjectData (http://localhost:8000/static/js/app.js:11901:28)
    at loadObjectData (http://localhost:8000/static/js/app.js:13559:28)
    at http://localhost:8000/static/js/app.js:1211:23 @ http://localhost:8000/static/js/app.js:13570
[  496973ms] [ERROR] Failed to load resource: net::ERR_CONNECTION_REFUSED @ http://localhost:8000/api/version:0
[  497973ms] [ERROR] Failed to load resource: net::ERR_CONNECTION_REFUSED @ http://localhost:8000/api/objects/System%20Overview?server=ee8d9159:0
[  497974ms] [ERROR] Error загрузки ee8d9159:overview: TypeError: Failed to fetch
    at fetchObjectData (http://localhost:8000/static/js/app.js:11901:28)
    at loadObjectData (http://localhost:8000/static/js/app.js:13559:28)
    at http://localhost:8000/static/js/app.js:1211:23 @ http://localhost:8000/static/js/app.js:13570
[  498974ms] [ERROR] Failed to load resource: net::ERR_CONNECTION_REFUSED @ http://localhost:8000/api/objects/System%20Overview?server=ee8d9159:0
[  498975ms] [ERROR] Error загрузки ee8d9159:overview: TypeError: Failed to fetch
    at fetchObjectData (http://localhost:8000/static/js/app.js:11901:28)
    at loadObjectData (http://localhost:8000/static/js/app.js:13559:28)
    at http://localhost:8000/static/js/app.js:1211:23 @ http://localhost:8000/static/js/app.js:13570
[  499972ms] [ERROR] Failed to load resource: net::ERR_CONNECTION_REFUSED @ http://localhost:8000/api/objects/System%20Overview?server=ee8d9159:0
[  499972ms] [ERROR] Error загрузки ee8d9159:overview: TypeError: Failed to fetch
    at fetchObjectData (http://localhost:8000/static/js/app.js:11901:28)
    at loadObjectData (http://localhost:8000/static/js/app.js:13559:28)
    at http://localhost:8000/static/js/app.js:1211:23 @ http://localhost:8000/static/js/app.js:13570
[  500139ms] [ERROR] Failed to load resource: net::ERR_CONNECTION_REFUSED @ http://localhost:8000/api/recording/status:0
[  500973ms] [ERROR] Failed to load resource: net::ERR_CONNECTION_REFUSED @ http://localhost:8000/api/objects/System%20Overview?server=ee8d9159:0
[  500973ms] [ERROR] Error загрузки ee8d9159:overview: TypeError: Failed to fetch
    at fetchObjectData (http://localhost:8000/static/js/app.js:11901:28)
    at loadObjectData (http://localhost:8000/static/js/app.js:13559:28)
    at http://localhost:8000/static/js/app.js:1211:23 @ http://localhost:8000/static/js/app.js:13570
[  501974ms] [ERROR] Failed to load resource: net::ERR_CONNECTION_REFUSED @ http://localhost:8000/api/objects/System%20Overview?server=ee8d9159:0
[  501974ms] [ERROR] Error загрузки ee8d9159:overview: TypeError: Failed to fetch
    at fetchObjectData (http://localhost:8000/static/js/app.js:11901:28)
    at loadObjectData (http://localhost:8000/static/js/app.js:13559:28)
    at http://localhost:8000/static/js/app.js:1211:23 @ http://localhost:8000/static/js/app.js:13570
[  502975ms] [ERROR] Failed to load resource: net::ERR_CONNECTION_REFUSED @ http://localhost:8000/api/servers:0
[  502975ms] [ERROR] Error обновления списка объектов: TypeError: Failed to fetch
    at fetchServers (http://localhost:8000/static/js/app.js:11827:28)
    at fetchObjects (http://localhost:8000/static/js/app.js:11834:31)
    at refreshObjectsList (http://localhost:8000/static/js/app.js:11882:28)
    at http://localhost:8000/static/js/app.js:1204:9 @ http://localhost:8000/static/js/app.js:11885
[  502975ms] [ERROR] Failed to load resource: net::ERR_CONNECTION_REFUSED @ http://localhost:8000/api/objects/System%20Overview?server=ee8d9159:0
[  502975ms] [ERROR] Error загрузки ee8d9159:overview: TypeError: Failed to fetch
    at fetchObjectData (http://localhost:8000/static/js/app.js:11901:28)
    at loadObjectData (http://localhost:8000/static/js/app.js:13559:28)
    at http://localhost:8000/static/js/app.js:1211:23 @ http://localhost:8000/static/js/app.js:13570
[  503973ms] [ERROR] Failed to load resource: net::ERR_CONNECTION_REFUSED @ http://localhost:8000/api/objects/System%20Overview?server=ee8d9159:0
[  503973ms] [ERROR] Error загрузки ee8d9159:overview: TypeError: Failed to fetch
    at fetchObjectData (http://localhost:8000/static/js/app.js:11901:28)
    at loadObjectData (http://localhost:8000/static/js/app.js:13559:28)
    at http://localhost:8000/static/js/app.js:1211:23 @ http://localhost:8000/static/js/app.js:13570
[  504973ms] [ERROR] Failed to load resource: net::ERR_CONNECTION_REFUSED @ http://localhost:8000/api/objects/System%20Overview?server=ee8d9159:0
[  504973ms] [ERROR] Error загрузки ee8d9159:overview: TypeError: Failed to fetch
    at fetchObjectData (http://localhost:8000/static/js/app.js:11901:28)
    at loadObjectData (http://localhost:8000/static/js/app.js:13559:28)
    at http://localhost:8000/static/js/app.js:1211:23 @ http://localhost:8000/static/js/app.js:13570
[  505138ms] [ERROR] Failed to load resource: net::ERR_CONNECTION_REFUSED @ http://localhost:8000/api/recording/status:0
[  505974ms] [ERROR] Failed to load resource: net::ERR_CONNECTION_REFUSED @ http://localhost:8000/api/objects/System%20Overview?server=ee8d9159:0
[  505974ms] [ERROR] Error загрузки ee8d9159:overview: TypeError: Failed to fetch
    at fetchObjectData (http://localhost:8000/static/js/app.js:11901:28)
    at loadObjectData (http://localhost:8000/static/js/app.js:13559:28)
    at http://localhost:8000/static/js/app.js:1211:23 @ http://localhost:8000/static/js/app.js:13570
[  506974ms] [ERROR] Failed to load resource: net::ERR_CONNECTION_REFUSED @ http://localhost:8000/api/objects/System%20Overview?server=ee8d9159:0
[  506974ms] [ERROR] Error загрузки ee8d9159:overview: TypeError: Failed to fetch
    at fetchObjectData (http://localhost:8000/static/js/app.js:11901:28)
    at loadObjectData (http://localhost:8000/static/js/app.js:13559:28)
    at http://localhost:8000/static/js/app.js:1211:23 @ http://localhost:8000/static/js/app.js:13570
[  507973ms] [ERROR] Failed to load resource: net::ERR_CONNECTION_REFUSED @ http://localhost:8000/api/objects/System%20Overview?server=ee8d9159:0
[  507973ms] [ERROR] Error загрузки ee8d9159:overview: TypeError: Failed to fetch
    at fetchObjectData (http://localhost:8000/static/js/app.js:11901:28)
    at loadObjectData (http://localhost:8000/static/js/app.js:13559:28)
    at http://localhost:8000/static/js/app.js:1211:23 @ http://localhost:8000/static/js/app.js:13570
[  508974ms] [ERROR] Failed to load resource: net::ERR_CONNECTION_REFUSED @ http://localhost:8000/api/servers:0
[  508974ms] [ERROR] Error обновления списка объектов: TypeError: Failed to fetch
    at fetchServers (http://localhost:8000/static/js/app.js:11827:28)
    at fetchObjects (http://localhost:8000/static/js/app.js:11834:31)
    at refreshObjectsList (http://localhost:8000/static/js/app.js:11882:28)
    at http://localhost:8000/static/js/app.js:1204:9 @ http://localhost:8000/static/js/app.js:11885
[  508974ms] [ERROR] Failed to load resource: net::ERR_CONNECTION_REFUSED @ http://localhost:8000/api/objects/System%20Overview?server=ee8d9159:0
[  508974ms] [ERROR] Error загрузки ee8d9159:overview: TypeError: Failed to fetch
    at fetchObjectData (http://localhost:8000/static/js/app.js:11901:28)
    at loadObjectData (http://localhost:8000/static/js/app.js:13559:28)
    at http://localhost:8000/static/js/app.js:1211:23 @ http://localhost:8000/static/js/app.js:13570
[  509973ms] [ERROR] Failed to load resource: net::ERR_CONNECTION_REFUSED @ http://localhost:8000/api/objects/System%20Overview?server=ee8d9159:0
[  509973ms] [ERROR] Error загрузки ee8d9159:overview: TypeError: Failed to fetch
    at fetchObjectData (http://localhost:8000/static/js/app.js:11901:28)
    at loadObjectData (http://localhost:8000/static/js/app.js:13559:28)
    at http://localhost:8000/static/js/app.js:1211:23 @ http://localhost:8000/static/js/app.js:13570
[  510138ms] [ERROR] Failed to load resource: net::ERR_CONNECTION_REFUSED @ http://localhost:8000/api/recording/status:0
[  510974ms] [ERROR] Failed to load resource: net::ERR_CONNECTION_REFUSED @ http://localhost:8000/api/objects/System%20Overview?server=ee8d9159:0
[  510974ms] [ERROR] Error загрузки ee8d9159:overview: TypeError: Failed to fetch
    at fetchObjectData (http://localhost:8000/static/js/app.js:11901:28)
    at loadObjectData (http://localhost:8000/static/js/app.js:13559:28)
    at http://localhost:8000/static/js/app.js:1211:23 @ http://localhost:8000/static/js/app.js:13570
[  511974ms] [ERROR] Failed to load resource: net::ERR_CONNECTION_REFUSED @ http://localhost:8000/api/objects/System%20Overview?server=ee8d9159:0
[  511974ms] [ERROR] Error загрузки ee8d9159:overview: TypeError: Failed to fetch
    at fetchObjectData (http://localhost:8000/static/js/app.js:11901:28)
    at loadObjectData (http://localhost:8000/static/js/app.js:13559:28)
    at http://localhost:8000/static/js/app.js:1211:23 @ http://localhost:8000/static/js/app.js:13570
[  512974ms] [ERROR] Failed to load resource: net::ERR_CONNECTION_REFUSED @ http://localhost:8000/api/objects/System%20Overview?server=ee8d9159:0
[  512974ms] [ERROR] Error загрузки ee8d9159:overview: TypeError: Failed to fetch
    at fetchObjectData (http://localhost:8000/static/js/app.js:11901:28)
    at loadObjectData (http://localhost:8000/static/js/app.js:13559:28)
    at http://localhost:8000/static/js/app.js:1211:23 @ http://localhost:8000/static/js/app.js:13570
[  513973ms] [ERROR] Failed to load resource: net::ERR_CONNECTION_REFUSED @ http://localhost:8000/api/objects/System%20Overview?server=ee8d9159:0
[  513973ms] [ERROR] Error загрузки ee8d9159:overview: TypeError: Failed to fetch
    at fetchObjectData (http://localhost:8000/static/js/app.js:11901:28)
    at loadObjectData (http://localhost:8000/static/js/app.js:13559:28)
    at http://localhost:8000/static/js/app.js:1211:23 @ http://localhost:8000/static/js/app.js:13570
[  514974ms] [ERROR] Failed to load resource: net::ERR_CONNECTION_REFUSED @ http://localhost:8000/api/servers:0
[  514974ms] [ERROR] Error обновления списка объектов: TypeError: Failed to fetch
    at fetchServers (http://localhost:8000/static/js/app.js:11827:28)
    at fetchObjects (http://localhost:8000/static/js/app.js:11834:31)
    at refreshObjectsList (http://localhost:8000/static/js/app.js:11882:28)
    at http://localhost:8000/static/js/app.js:1204:9 @ http://localhost:8000/static/js/app.js:11885
[  514974ms] [ERROR] Failed to load resource: net::ERR_CONNECTION_REFUSED @ http://localhost:8000/api/objects/System%20Overview?server=ee8d9159:0
[  514974ms] [ERROR] Error загрузки ee8d9159:overview: TypeError: Failed to fetch
    at fetchObjectData (http://localhost:8000/static/js/app.js:11901:28)
    at loadObjectData (http://localhost:8000/static/js/app.js:13559:28)
    at http://localhost:8000/static/js/app.js:1211:23 @ http://localhost:8000/static/js/app.js:13570
[  515138ms] [ERROR] Failed to load resource: net::ERR_CONNECTION_REFUSED @ http://localhost:8000/api/recording/status:0
[  515973ms] [ERROR] Failed to load resource: net::ERR_CONNECTION_REFUSED @ http://localhost:8000/api/objects/System%20Overview?server=ee8d9159:0
[  515973ms] [ERROR] Error загрузки ee8d9159:overview: TypeError: Failed to fetch
    at fetchObjectData (http://localhost:8000/static/js/app.js:11901:28)
    at loadObjectData (http://localhost:8000/static/js/app.js:13559:28)
    at http://localhost:8000/static/js/app.js:1211:23 @ http://localhost:8000/static/js/app.js:13570
[  516973ms] [ERROR] Failed to load resource: net::ERR_CONNECTION_REFUSED @ http://localhost:8000/api/objects/System%20Overview?server=ee8d9159:0
[  516973ms] [ERROR] Error загрузки ee8d9159:overview: TypeError: Failed to fetch
    at fetchObjectData (http://localhost:8000/static/js/app.js:11901:28)
    at loadObjectData (http://localhost:8000/static/js/app.js:13559:28)
    at http://localhost:8000/static/js/app.js:1211:23 @ http://localhost:8000/static/js/app.js:13570
[  517973ms] [ERROR] Failed to load resource: net::ERR_CONNECTION_REFUSED @ http://localhost:8000/api/objects/System%20Overview?server=ee8d9159:0
[  517973ms] [ERROR] Error загрузки ee8d9159:overview: TypeError: Failed to fetch
    at fetchObjectData (http://localhost:8000/static/js/app.js:11901:28)
    at loadObjectData (http://localhost:8000/static/js/app.js:13559:28)
    at http://localhost:8000/static/js/app.js:1211:23 @ http://localhost:8000/static/js/app.js:13570
[  518974ms] [ERROR] Failed to load resource: net::ERR_CONNECTION_REFUSED @ http://localhost:8000/api/objects/System%20Overview?server=ee8d9159:0
[  518974ms] [ERROR] Error загрузки ee8d9159:overview: TypeError: Failed to fetch
    at fetchObjectData (http://localhost:8000/static/js/app.js:11901:28)
    at loadObjectData (http://localhost:8000/static/js/app.js:13559:28)
    at http://localhost:8000/static/js/app.js:1211:23 @ http://localhost:8000/static/js/app.js:13570
[  519973ms] [ERROR] Failed to load resource: net::ERR_CONNECTION_REFUSED @ http://localhost:8000/api/objects/System%20Overview?server=ee8d9159:0
[  519973ms] [ERROR] Error загрузки ee8d9159:overview: TypeError: Failed to fetch
    at fetchObjectData (http://localhost:8000/static/js/app.js:11901:28)
    at loadObjectData (http://localhost:8000/static/js/app.js:13559:28)
    at http://localhost:8000/static/js/app.js:1211:23 @ http://localhost:8000/static/js/app.js:13570
[  520138ms] [ERROR] Failed to load resource: net::ERR_CONNECTION_REFUSED @ http://localhost:8000/api/recording/status:0
[  520974ms] [ERROR] Failed to load resource: net::ERR_CONNECTION_REFUSED @ http://localhost:8000/api/servers:0
[  520974ms] [ERROR] Error обновления списка объектов: TypeError: Failed to fetch
    at fetchServers (http://localhost:8000/static/js/app.js:11827:28)
    at fetchObjects (http://localhost:8000/static/js/app.js:11834:31)
    at refreshObjectsList (http://localhost:8000/static/js/app.js:11882:28)
    at http://localhost:8000/static/js/app.js:1204:9 @ http://localhost:8000/static/js/app.js:11885
[  520975ms] [ERROR] Failed to load resource: net::ERR_CONNECTION_REFUSED @ http://localhost:8000/api/objects/System%20Overview?server=ee8d9159:0
[  520975ms] [ERROR] Error загрузки ee8d9159:overview: TypeError: Failed to fetch
    at fetchObjectData (http://localhost:8000/static/js/app.js:11901:28)
    at loadObjectData (http://localhost:8000/static/js/app.js:13559:28)
    at http://localhost:8000/static/js/app.js:1211:23 @ http://localhost:8000/static/js/app.js:13570
[  521973ms] [ERROR] Failed to load resource: net::ERR_CONNECTION_REFUSED @ http://localhost:8000/api/objects/System%20Overview?server=ee8d9159:0
[  521973ms] [ERROR] Error загрузки ee8d9159:overview: TypeError: Failed to fetch
    at fetchObjectData (http://localhost:8000/static/js/app.js:11901:28)
    at loadObjectData (http://localhost:8000/static/js/app.js:13559:28)
    at http://localhost:8000/static/js/app.js:1211:23 @ http://localhost:8000/static/js/app.js:13570
[  522973ms] [ERROR] Failed to load resource: net::ERR_CONNECTION_REFUSED @ http://localhost:8000/api/objects/System%20Overview?server=ee8d9159:0
[  522973ms] [ERROR] Error загрузки ee8d9159:overview: TypeError: Failed to fetch
    at fetchObjectData (http://localhost:8000/static/js/app.js:11901:28)
    at loadObjectData (http://localhost:8000/static/js/app.js:13559:28)
    at http://localhost:8000/static/js/app.js:1211:23 @ http://localhost:8000/static/js/app.js:13570
[  523973ms] [ERROR] Failed to load resource: net::ERR_CONNECTION_REFUSED @ http://localhost:8000/api/objects/System%20Overview?server=ee8d9159:0
[  523973ms] [ERROR] Error загрузки ee8d9159:overview: TypeError: Failed to fetch
    at fetchObjectData (http://localhost:8000/static/js/app.js:11901:28)
    at loadObjectData (http://localhost:8000/static/js/app.js:13559:28)
    at http://localhost:8000/static/js/app.js:1211:23 @ http://localhost:8000/static/js/app.js:13570
[  524974ms] [ERROR] Failed to load resource: net::ERR_CONNECTION_REFUSED @ http://localhost:8000/api/objects/System%20Overview?server=ee8d9159:0
[  524974ms] [ERROR] Error загрузки ee8d9159:overview: TypeError: Failed to fetch
    at fetchObjectData (http://localhost:8000/static/js/app.js:11901:28)
    at loadObjectData (http://localhost:8000/static/js/app.js:13559:28)
    at http://localhost:8000/static/js/app.js:1211:23 @ http://localhost:8000/static/js/app.js:13570
[  525138ms] [ERROR] Failed to load resource: net::ERR_CONNECTION_REFUSED @ http://localhost:8000/api/recording/status:0
[  525974ms] [ERROR] Failed to load resource: net::ERR_CONNECTION_REFUSED @ http://localhost:8000/api/objects/System%20Overview?server=ee8d9159:0
[  525974ms] [ERROR] Error загрузки ee8d9159:overview: TypeError: Failed to fetch
    at fetchObjectData (http://localhost:8000/static/js/app.js:11901:28)
    at loadObjectData (http://localhost:8000/static/js/app.js:13559:28)
    at http://localhost:8000/static/js/app.js:1211:23 @ http://localhost:8000/static/js/app.js:13570
[  526975ms] [ERROR] Failed to load resource: net::ERR_CONNECTION_REFUSED @ http://localhost:8000/api/servers:0
[  526975ms] [ERROR] Error обновления списка объектов: TypeError: Failed to fetch
    at fetchServers (http://localhost:8000/static/js/app.js:11827:28)
    at fetchObjects (http://localhost:8000/static/js/app.js:11834:31)
    at refreshObjectsList (http://localhost:8000/static/js/app.js:11882:28)
    at http://localhost:8000/static/js/app.js:1204:9 @ http://localhost:8000/static/js/app.js:11885
[  526976ms] [ERROR] Failed to load resource: net::ERR_CONNECTION_REFUSED @ http://localhost:8000/api/objects/System%20Overview?server=ee8d9159:0
[  526976ms] [ERROR] Error загрузки ee8d9159:overview: TypeError: Failed to fetch
    at fetchObjectData (http://localhost:8000/static/js/app.js:11901:28)
    at loadObjectData (http://localhost:8000/static/js/app.js:13559:28)
    at http://localhost:8000/static/js/app.js:1211:23 @ http://localhost:8000/static/js/app.js:13570
[  526976ms] [ERROR] Failed to load resource: net::ERR_CONNECTION_REFUSED @ http://localhost:8000/api/version:0
[  527973ms] [ERROR] Failed to load resource: net::ERR_CONNECTION_REFUSED @ http://localhost:8000/api/objects/System%20Overview?server=ee8d9159:0
[  527973ms] [ERROR] Error загрузки ee8d9159:overview: TypeError: Failed to fetch
    at fetchObjectData (http://localhost:8000/static/js/app.js:11901:28)
    at loadObjectData (http://localhost:8000/static/js/app.js:13559:28)
    at http://localhost:8000/static/js/app.js:1211:23 @ http://localhost:8000/static/js/app.js:13570
[  528973ms] [ERROR] Failed to load resource: net::ERR_CONNECTION_REFUSED @ http://localhost:8000/api/objects/System%20Overview?server=ee8d9159:0
[  528973ms] [ERROR] Error загрузки ee8d9159:overview: TypeError: Failed to fetch
    at fetchObjectData (http://localhost:8000/static/js/app.js:11901:28)
    at loadObjectData (http://localhost:8000/static/js/app.js:13559:28)
    at http://localhost:8000/static/js/app.js:1211:23 @ http://localhost:8000/static/js/app.js:13570
[  529974ms] [ERROR] Failed to load resource: net::ERR_CONNECTION_REFUSED @ http://localhost:8000/api/objects/System%20Overview?server=ee8d9159:0
[  529974ms] [ERROR] Error загрузки ee8d9159:overview: TypeError: Failed to fetch
    at fetchObjectData (http://localhost:8000/static/js/app.js:11901:28)
    at loadObjectData (http://localhost:8000/static/js/app.js:13559:28)
    at http://localhost:8000/static/js/app.js:1211:23 @ http://localhost:8000/static/js/app.js:13570
[  530138ms] [ERROR] Failed to load resource: net::ERR_CONNECTION_REFUSED @ http://localhost:8000/api/recording/status:0
[  530973ms] [ERROR] Failed to load resource: net::ERR_CONNECTION_REFUSED @ http://localhost:8000/api/objects/System%20Overview?server=ee8d9159:0
[  530973ms] [ERROR] Error загрузки ee8d9159:overview: TypeError: Failed to fetch
    at fetchObjectData (http://localhost:8000/static/js/app.js:11901:28)
    at loadObjectData (http://localhost:8000/static/js/app.js:13559:28)
    at http://localhost:8000/static/js/app.js:1211:23 @ http://localhost:8000/static/js/app.js:13570
[  531974ms] [ERROR] Failed to load resource: net::ERR_CONNECTION_REFUSED @ http://localhost:8000/api/objects/System%20Overview?server=ee8d9159:0
[  531974ms] [ERROR] Error загрузки ee8d9159:overview: TypeError: Failed to fetch
    at fetchObjectData (http://localhost:8000/static/js/app.js:11901:28)
    at loadObjectData (http://localhost:8000/static/js/app.js:13559:28)
    at http://localhost:8000/static/js/app.js:1211:23 @ http://localhost:8000/static/js/app.js:13570
[  532973ms] [ERROR] Failed to load resource: net::ERR_CONNECTION_REFUSED @ http://localhost:8000/api/servers:0
[  532973ms] [ERROR] Error обновления списка объектов: TypeError: Failed to fetch
    at fetchServers (http://localhost:8000/static/js/app.js:11827:28)
    at fetchObjects (http://localhost:8000/static/js/app.js:11834:31)
    at refreshObjectsList (http://localhost:8000/static/js/app.js:11882:28)
    at http://localhost:8000/static/js/app.js:1204:9 @ http://localhost:8000/static/js/app.js:11885
[  532974ms] [ERROR] Failed to load resource: net::ERR_CONNECTION_REFUSED @ http://localhost:8000/api/objects/System%20Overview?server=ee8d9159:0
[  532974ms] [ERROR] Error загрузки ee8d9159:overview: TypeError: Failed to fetch
    at fetchObjectData (http://localhost:8000/static/js/app.js:11901:28)
    at loadObjectData (http://localhost:8000/static/js/app.js:13559:28)
    at http://localhost:8000/static/js/app.js:1211:23 @ http://localhost:8000/static/js/app.js:13570
[  533975ms] [ERROR] Failed to load resource: net::ERR_CONNECTION_REFUSED @ http://localhost:8000/api/objects/System%20Overview?server=ee8d9159:0
[  533975ms] [ERROR] Error загрузки ee8d9159:overview: TypeError: Failed to fetch
    at fetchObjectData (http://localhost:8000/static/js/app.js:11901:28)
    at loadObjectData (http://localhost:8000/static/js/app.js:13559:28)
    at http://localhost:8000/static/js/app.js:1211:23 @ http://localhost:8000/static/js/app.js:13570
[  534973ms] [ERROR] Failed to load resource: net::ERR_CONNECTION_REFUSED @ http://localhost:8000/api/objects/System%20Overview?server=ee8d9159:0
[  534973ms] [ERROR] Error загрузки ee8d9159:overview: TypeError: Failed to fetch
    at fetchObjectData (http://localhost:8000/static/js/app.js:11901:28)
    at loadObjectData (http://localhost:8000/static/js/app.js:13559:28)
    at http://localhost:8000/static/js/app.js:1211:23 @ http://localhost:8000/static/js/app.js:13570
[  535137ms] [ERROR] Failed to load resource: net::ERR_CONNECTION_REFUSED @ http://localhost:8000/api/recording/status:0
[  535974ms] [ERROR] Failed to load resource: net::ERR_CONNECTION_REFUSED @ http://localhost:8000/api/objects/System%20Overview?server=ee8d9159:0
[  535974ms] [ERROR] Error загрузки ee8d9159:overview: TypeError: Failed to fetch
    at fetchObjectData (http://localhost:8000/static/js/app.js:11901:28)
    at loadObjectData (http://localhost:8000/static/js/app.js:13559:28)
    at http://localhost:8000/static/js/app.js:1211:23 @ http://localhost:8000/static/js/app.js:13570
[  536974ms] [ERROR] Failed to load resource: net::ERR_CONNECTION_REFUSED @ http://localhost:8000/api/objects/System%20Overview?server=ee8d9159:0
[  536974ms] [ERROR] Error загрузки ee8d9159:overview: TypeError: Failed to fetch
    at fetchObjectData (http://localhost:8000/static/js/app.js:11901:28)
    at loadObjectData (http://localhost:8000/static/js/app.js:13559:28)
    at http://localhost:8000/static/js/app.js:1211:23 @ http://localhost:8000/static/js/app.js:13570
[  537973ms] [ERROR] Failed to load resource: net::ERR_CONNECTION_REFUSED @ http://localhost:8000/api/objects/System%20Overview?server=ee8d9159:0
[  537973ms] [ERROR] Error загрузки ee8d9159:overview: TypeError: Failed to fetch
    at fetchObjectData (http://localhost:8000/static/js/app.js:11901:28)
    at loadObjectData (http://localhost:8000/static/js/app.js:13559:28)
    at http://localhost:8000/static/js/app.js:1211:23 @ http://localhost:8000/static/js/app.js:13570
[  538974ms] [ERROR] Failed to load resource: net::ERR_CONNECTION_REFUSED @ http://localhost:8000/api/servers:0
[  538974ms] [ERROR] Error обновления списка объектов: TypeError: Failed to fetch
    at fetchServers (http://localhost:8000/static/js/app.js:11827:28)
    at fetchObjects (http://localhost:8000/static/js/app.js:11834:31)
    at refreshObjectsList (http://localhost:8000/static/js/app.js:11882:28)
    at http://localhost:8000/static/js/app.js:1204:9 @ http://localhost:8000/static/js/app.js:11885
[  538974ms] [ERROR] Failed to load resource: net::ERR_CONNECTION_REFUSED @ http://localhost:8000/api/objects/System%20Overview?server=ee8d9159:0
[  538974ms] [ERROR] Error загрузки ee8d9159:overview: TypeError: Failed to fetch
    at fetchObjectData (http://localhost:8000/static/js/app.js:11901:28)
    at loadObjectData (http://localhost:8000/static/js/app.js:13559:28)
    at http://localhost:8000/static/js/app.js:1211:23 @ http://localhost:8000/static/js/app.js:13570
[  539973ms] [ERROR] Failed to load resource: net::ERR_CONNECTION_REFUSED @ http://localhost:8000/api/objects/System%20Overview?server=ee8d9159:0
[  539973ms] [ERROR] Error загрузки ee8d9159:overview: TypeError: Failed to fetch
    at fetchObjectData (http://localhost:8000/static/js/app.js:11901:28)
    at loadObjectData (http://localhost:8000/static/js/app.js:13559:28)
    at http://localhost:8000/static/js/app.js:1211:23 @ http://localhost:8000/static/js/app.js:13570
[  540138ms] [ERROR] Failed to load resource: net::ERR_CONNECTION_REFUSED @ http://localhost:8000/api/recording/status:0
[  540973ms] [ERROR] Failed to load resource: net::ERR_CONNECTION_REFUSED @ http://localhost:8000/api/objects/System%20Overview?server=ee8d9159:0
[  540973ms] [ERROR] Error загрузки ee8d9159:overview: TypeError: Failed to fetch
    at fetchObjectData (http://localhost:8000/static/js/app.js:11901:28)
    at loadObjectData (http://localhost:8000/static/js/app.js:13559:28)
    at http://localhost:8000/static/js/app.js:1211:23 @ http://localhost:8000/static/js/app.js:13570
[  541973ms] [ERROR] Failed to load resource: net::ERR_CONNECTION_REFUSED @ http://localhost:8000/api/objects/System%20Overview?server=ee8d9159:0
[  541973ms] [ERROR] Error загрузки ee8d9159:overview: TypeError: Failed to fetch
    at fetchObjectData (http://localhost:8000/static/js/app.js:11901:28)
    at loadObjectData (http://localhost:8000/static/js/app.js:13559:28)
    at http://localhost:8000/static/js/app.js:1211:23 @ http://localhost:8000/static/js/app.js:13570
[  542974ms] [ERROR] Failed to load resource: net::ERR_CONNECTION_REFUSED @ http://localhost:8000/api/objects/System%20Overview?server=ee8d9159:0
[  542974ms] [ERROR] Error загрузки ee8d9159:overview: TypeError: Failed to fetch
    at fetchObjectData (http://localhost:8000/static/js/app.js:11901:28)
    at loadObjectData (http://localhost:8000/static/js/app.js:13559:28)
    at http://localhost:8000/static/js/app.js:1211:23 @ http://localhost:8000/static/js/app.js:13570
[  543974ms] [ERROR] Failed to load resource: net::ERR_CONNECTION_REFUSED @ http://localhost:8000/api/objects/System%20Overview?server=ee8d9159:0
[  543974ms] [ERROR] Error загрузки ee8d9159:overview: TypeError: Failed to fetch
    at fetchObjectData (http://localhost:8000/static/js/app.js:11901:28)
    at loadObjectData (http://localhost:8000/static/js/app.js:13559:28)
    at http://localhost:8000/static/js/app.js:1211:23 @ http://localhost:8000/static/js/app.js:13570
[  544974ms] [ERROR] Failed to load resource: net::ERR_CONNECTION_REFUSED @ http://localhost:8000/api/servers:0
[  544975ms] [ERROR] Error обновления списка объектов: TypeError: Failed to fetch
    at fetchServers (http://localhost:8000/static/js/app.js:11827:28)
    at fetchObjects (http://localhost:8000/static/js/app.js:11834:31)
    at refreshObjectsList (http://localhost:8000/static/js/app.js:11882:28)
    at http://localhost:8000/static/js/app.js:1204:9 @ http://localhost:8000/static/js/app.js:11885
[  544975ms] [ERROR] Failed to load resource: net::ERR_CONNECTION_REFUSED @ http://localhost:8000/api/objects/System%20Overview?server=ee8d9159:0
[  544975ms] [ERROR] Error загрузки ee8d9159:overview: TypeError: Failed to fetch
    at fetchObjectData (http://localhost:8000/static/js/app.js:11901:28)
    at loadObjectData (http://localhost:8000/static/js/app.js:13559:28)
    at http://localhost:8000/static/js/app.js:1211:23 @ http://localhost:8000/static/js/app.js:13570
[  545138ms] [ERROR] Failed to load resource: net::ERR_CONNECTION_REFUSED @ http://localhost:8000/api/recording/status:0
[  545973ms] [ERROR] Failed to load resource: net::ERR_CONNECTION_REFUSED @ http://localhost:8000/api/objects/System%20Overview?server=ee8d9159:0
[  545973ms] [ERROR] Error загрузки ee8d9159:overview: TypeError: Failed to fetch
    at fetchObjectData (http://localhost:8000/static/js/app.js:11901:28)
    at loadObjectData (http://localhost:8000/static/js/app.js:13559:28)
    at http://localhost:8000/static/js/app.js:1211:23 @ http://localhost:8000/static/js/app.js:13570
[  546973ms] [ERROR] Failed to load resource: net::ERR_CONNECTION_REFUSED @ http://localhost:8000/api/objects/System%20Overview?server=ee8d9159:0
[  546973ms] [ERROR] Error загрузки ee8d9159:overview: TypeError: Failed to fetch
    at fetchObjectData (http://localhost:8000/static/js/app.js:11901:28)
    at loadObjectData (http://localhost:8000/static/js/app.js:13559:28)
    at http://localhost:8000/static/js/app.js:1211:23 @ http://localhost:8000/static/js/app.js:13570
[  547973ms] [ERROR] Failed to load resource: net::ERR_CONNECTION_REFUSED @ http://localhost:8000/api/objects/System%20Overview?server=ee8d9159:0
[  547973ms] [ERROR] Error загрузки ee8d9159:overview: TypeError: Failed to fetch
    at fetchObjectData (http://localhost:8000/static/js/app.js:11901:28)
    at loadObjectData (http://localhost:8000/static/js/app.js:13559:28)
    at http://localhost:8000/static/js/app.js:1211:23 @ http://localhost:8000/static/js/app.js:13570
[  548973ms] [ERROR] Failed to load resource: net::ERR_CONNECTION_REFUSED @ http://localhost:8000/api/objects/System%20Overview?server=ee8d9159:0
[  548973ms] [ERROR] Error загрузки ee8d9159:overview: TypeError: Failed to fetch
    at fetchObjectData (http://localhost:8000/static/js/app.js:11901:28)
    at loadObjectData (http://localhost:8000/static/js/app.js:13559:28)
    at http://localhost:8000/static/js/app.js:1211:23 @ http://localhost:8000/static/js/app.js:13570
[  549973ms] [ERROR] Failed to load resource: net::ERR_CONNECTION_REFUSED @ http://localhost:8000/api/objects/System%20Overview?server=ee8d9159:0
[  549973ms] [ERROR] Error загрузки ee8d9159:overview: TypeError: Failed to fetch
    at fetchObjectData (http://localhost:8000/static/js/app.js:11901:28)
    at loadObjectData (http://localhost:8000/static/js/app.js:13559:28)
    at http://localhost:8000/static/js/app.js:1211:23 @ http://localhost:8000/static/js/app.js:13570
[  550138ms] [ERROR] Failed to load resource: net::ERR_CONNECTION_REFUSED @ http://localhost:8000/api/recording/status:0
[  550975ms] [ERROR] Failed to load resource: net::ERR_CONNECTION_REFUSED @ http://localhost:8000/api/servers:0
[  550975ms] [ERROR] Error обновления списка объектов: TypeError: Failed to fetch
    at fetchServers (http://localhost:8000/static/js/app.js:11827:28)
    at fetchObjects (http://localhost:8000/static/js/app.js:11834:31)
    at refreshObjectsList (http://localhost:8000/static/js/app.js:11882:28)
    at http://localhost:8000/static/js/app.js:1204:9 @ http://localhost:8000/static/js/app.js:11885
[  550975ms] [ERROR] Failed to load resource: net::ERR_CONNECTION_REFUSED @ http://localhost:8000/api/objects/System%20Overview?server=ee8d9159:0
[  550975ms] [ERROR] Error загрузки ee8d9159:overview: TypeError: Failed to fetch
    at fetchObjectData (http://localhost:8000/static/js/app.js:11901:28)
    at loadObjectData (http://localhost:8000/static/js/app.js:13559:28)
    at http://localhost:8000/static/js/app.js:1211:23 @ http://localhost:8000/static/js/app.js:13570
[  551973ms] [ERROR] Failed to load resource: net::ERR_CONNECTION_REFUSED @ http://localhost:8000/api/objects/System%20Overview?server=ee8d9159:0
[  551973ms] [ERROR] Error загрузки ee8d9159:overview: TypeError: Failed to fetch
    at fetchObjectData (http://localhost:8000/static/js/app.js:11901:28)
    at loadObjectData (http://localhost:8000/static/js/app.js:13559:28)
    at http://localhost:8000/static/js/app.js:1211:23 @ http://localhost:8000/static/js/app.js:13570
[  552973ms] [ERROR] Failed to load resource: net::ERR_CONNECTION_REFUSED @ http://localhost:8000/api/objects/System%20Overview?server=ee8d9159:0
[  552973ms] [ERROR] Error загрузки ee8d9159:overview: TypeError: Failed to fetch
    at fetchObjectData (http://localhost:8000/static/js/app.js:11901:28)
    at loadObjectData (http://localhost:8000/static/js/app.js:13559:28)
    at http://localhost:8000/static/js/app.js:1211:23 @ http://localhost:8000/static/js/app.js:13570
[  553973ms] [ERROR] Failed to load resource: net::ERR_CONNECTION_REFUSED @ http://localhost:8000/api/objects/System%20Overview?server=ee8d9159:0
[  553973ms] [ERROR] Error загрузки ee8d9159:overview: TypeError: Failed to fetch
    at fetchObjectData (http://localhost:8000/static/js/app.js:11901:28)
    at loadObjectData (http://localhost:8000/static/js/app.js:13559:28)
    at http://localhost:8000/static/js/app.js:1211:23 @ http://localhost:8000/static/js/app.js:13570
[  554974ms] [ERROR] Failed to load resource: net::ERR_CONNECTION_REFUSED @ http://localhost:8000/api/objects/System%20Overview?server=ee8d9159:0
[  554974ms] [ERROR] Error загрузки ee8d9159:overview: TypeError: Failed to fetch
    at fetchObjectData (http://localhost:8000/static/js/app.js:11901:28)
    at loadObjectData (http://localhost:8000/static/js/app.js:13559:28)
    at http://localhost:8000/static/js/app.js:1211:23 @ http://localhost:8000/static/js/app.js:13570
[  555138ms] [ERROR] Failed to load resource: net::ERR_CONNECTION_REFUSED @ http://localhost:8000/api/recording/status:0
[  555973ms] [ERROR] Failed to load resource: net::ERR_CONNECTION_REFUSED @ http://localhost:8000/api/objects/System%20Overview?server=ee8d9159:0
[  555973ms] [ERROR] Error загрузки ee8d9159:overview: TypeError: Failed to fetch
    at fetchObjectData (http://localhost:8000/static/js/app.js:11901:28)
    at loadObjectData (http://localhost:8000/static/js/app.js:13559:28)
    at http://localhost:8000/static/js/app.js:1211:23 @ http://localhost:8000/static/js/app.js:13570
[  556975ms] [ERROR] Failed to load resource: net::ERR_CONNECTION_REFUSED @ http://localhost:8000/api/servers:0
[  556975ms] [ERROR] Error обновления списка объектов: TypeError: Failed to fetch
    at fetchServers (http://localhost:8000/static/js/app.js:11827:28)
    at fetchObjects (http://localhost:8000/static/js/app.js:11834:31)
    at refreshObjectsList (http://localhost:8000/static/js/app.js:11882:28)
    at http://localhost:8000/static/js/app.js:1204:9 @ http://localhost:8000/static/js/app.js:11885
[  556976ms] [ERROR] Failed to load resource: net::ERR_CONNECTION_REFUSED @ http://localhost:8000/api/objects/System%20Overview?server=ee8d9159:0
[  556976ms] [ERROR] Error загрузки ee8d9159:overview: TypeError: Failed to fetch
    at fetchObjectData (http://localhost:8000/static/js/app.js:11901:28)
    at loadObjectData (http://localhost:8000/static/js/app.js:13559:28)
    at http://localhost:8000/static/js/app.js:1211:23 @ http://localhost:8000/static/js/app.js:13570
[  556976ms] [ERROR] Failed to load resource: net::ERR_CONNECTION_REFUSED @ http://localhost:8000/api/version:0
[  557974ms] [ERROR] Failed to load resource: net::ERR_CONNECTION_REFUSED @ http://localhost:8000/api/objects/System%20Overview?server=ee8d9159:0
[  557974ms] [ERROR] Error загрузки ee8d9159:overview: TypeError: Failed to fetch
    at fetchObjectData (http://localhost:8000/static/js/app.js:11901:28)
    at loadObjectData (http://localhost:8000/static/js/app.js:13559:28)
    at http://localhost:8000/static/js/app.js:1211:23 @ http://localhost:8000/static/js/app.js:13570
[  558973ms] [ERROR] Failed to load resource: net::ERR_CONNECTION_REFUSED @ http://localhost:8000/api/objects/System%20Overview?server=ee8d9159:0
[  558974ms] [ERROR] Error загрузки ee8d9159:overview: TypeError: Failed to fetch
    at fetchObjectData (http://localhost:8000/static/js/app.js:11901:28)
    at loadObjectData (http://localhost:8000/static/js/app.js:13559:28)
    at http://localhost:8000/static/js/app.js:1211:23 @ http://localhost:8000/static/js/app.js:13570
[  559974ms] [ERROR] Failed to load resource: net::ERR_CONNECTION_REFUSED @ http://localhost:8000/api/objects/System%20Overview?server=ee8d9159:0
[  559974ms] [ERROR] Error загрузки ee8d9159:overview: TypeError: Failed to fetch
    at fetchObjectData (http://localhost:8000/static/js/app.js:11901:28)
    at loadObjectData (http://localhost:8000/static/js/app.js:13559:28)
    at http://localhost:8000/static/js/app.js:1211:23 @ http://localhost:8000/static/js/app.js:13570
[  560138ms] [ERROR] Failed to load resource: net::ERR_CONNECTION_REFUSED @ http://localhost:8000/api/recording/status:0
[  560973ms] [ERROR] Failed to load resource: net::ERR_CONNECTION_REFUSED @ http://localhost:8000/api/objects/System%20Overview?server=ee8d9159:0
[  560973ms] [ERROR] Error загрузки ee8d9159:overview: TypeError: Failed to fetch
    at fetchObjectData (http://localhost:8000/static/js/app.js:11901:28)
    at loadObjectData (http://localhost:8000/static/js/app.js:13559:28)
    at http://localhost:8000/static/js/app.js:1211:23 @ http://localhost:8000/static/js/app.js:13570
[  561974ms] [ERROR] Failed to load resource: net::ERR_CONNECTION_REFUSED @ http://localhost:8000/api/objects/System%20Overview?server=ee8d9159:0
[  561974ms] [ERROR] Error загрузки ee8d9159:overview: TypeError: Failed to fetch
    at fetchObjectData (http://localhost:8000/static/js/app.js:11901:28)
    at loadObjectData (http://localhost:8000/static/js/app.js:13559:28)
    at http://localhost:8000/static/js/app.js:1211:23 @ http://localhost:8000/static/js/app.js:13570
[  562973ms] [ERROR] Failed to load resource: net::ERR_CONNECTION_REFUSED @ http://localhost:8000/api/servers:0
[  562973ms] [ERROR] Error обновления списка объектов: TypeError: Failed to fetch
    at fetchServers (http://localhost:8000/static/js/app.js:11827:28)
    at fetchObjects (http://localhost:8000/static/js/app.js:11834:31)
    at refreshObjectsList (http://localhost:8000/static/js/app.js:11882:28)
    at http://localhost:8000/static/js/app.js:1204:9 @ http://localhost:8000/static/js/app.js:11885
[  562973ms] [ERROR] Failed to load resource: net::ERR_CONNECTION_REFUSED @ http://localhost:8000/api/objects/System%20Overview?server=ee8d9159:0
[  562973ms] [ERROR] Error загрузки ee8d9159:overview: TypeError: Failed to fetch
    at fetchObjectData (http://localhost:8000/static/js/app.js:11901:28)
    at loadObjectData (http://localhost:8000/static/js/app.js:13559:28)
    at http://localhost:8000/static/js/app.js:1211:23 @ http://localhost:8000/static/js/app.js:13570
[  563973ms] [ERROR] Failed to load resource: net::ERR_CONNECTION_REFUSED @ http://localhost:8000/api/objects/System%20Overview?server=ee8d9159:0
[  563973ms] [ERROR] Error загрузки ee8d9159:overview: TypeError: Failed to fetch
    at fetchObjectData (http://localhost:8000/static/js/app.js:11901:28)
    at loadObjectData (http://localhost:8000/static/js/app.js:13559:28)
    at http://localhost:8000/static/js/app.js:1211:23 @ http://localhost:8000/static/js/app.js:13570
[  564973ms] [ERROR] Failed to load resource: net::ERR_CONNECTION_REFUSED @ http://localhost:8000/api/objects/System%20Overview?server=ee8d9159:0
[  564973ms] [ERROR] Error загрузки ee8d9159:overview: TypeError: Failed to fetch
    at fetchObjectData (http://localhost:8000/static/js/app.js:11901:28)
    at loadObjectData (http://localhost:8000/static/js/app.js:13559:28)
    at http://localhost:8000/static/js/app.js:1211:23 @ http://localhost:8000/static/js/app.js:13570
[  565137ms] [ERROR] Failed to load resource: net::ERR_CONNECTION_REFUSED @ http://localhost:8000/api/recording/status:0
[  565973ms] [ERROR] Failed to load resource: net::ERR_CONNECTION_REFUSED @ http://localhost:8000/api/objects/System%20Overview?server=ee8d9159:0
[  565973ms] [ERROR] Error загрузки ee8d9159:overview: TypeError: Failed to fetch
    at fetchObjectData (http://localhost:8000/static/js/app.js:11901:28)
    at loadObjectData (http://localhost:8000/static/js/app.js:13559:28)
    at http://localhost:8000/static/js/app.js:1211:23 @ http://localhost:8000/static/js/app.js:13570
[  566975ms] [ERROR] Failed to load resource: net::ERR_CONNECTION_REFUSED @ http://localhost:8000/api/objects/System%20Overview?server=ee8d9159:0
[  566975ms] [ERROR] Error загрузки ee8d9159:overview: TypeError: Failed to fetch
    at fetchObjectData (http://localhost:8000/static/js/app.js:11901:28)
    at loadObjectData (http://localhost:8000/static/js/app.js:13559:28)
    at http://localhost:8000/static/js/app.js:1211:23 @ http://localhost:8000/static/js/app.js:13570
[  567974ms] [ERROR] Failed to load resource: net::ERR_CONNECTION_REFUSED @ http://localhost:8000/api/objects/System%20Overview?server=ee8d9159:0
[  567974ms] [ERROR] Error загрузки ee8d9159:overview: TypeError: Failed to fetch
    at fetchObjectData (http://localhost:8000/static/js/app.js:11901:28)
    at loadObjectData (http://localhost:8000/static/js/app.js:13559:28)
    at http://localhost:8000/static/js/app.js:1211:23 @ http://localhost:8000/static/js/app.js:13570
[  568975ms] [ERROR] Failed to load resource: net::ERR_CONNECTION_REFUSED @ http://localhost:8000/api/servers:0
[  568975ms] [ERROR] Error обновления списка объектов: TypeError: Failed to fetch
    at fetchServers (http://localhost:8000/static/js/app.js:11827:28)
    at fetchObjects (http://localhost:8000/static/js/app.js:11834:31)
    at refreshObjectsList (http://localhost:8000/static/js/app.js:11882:28)
    at http://localhost:8000/static/js/app.js:1204:9 @ http://localhost:8000/static/js/app.js:11885
[  568976ms] [ERROR] Failed to load resource: net::ERR_CONNECTION_REFUSED @ http://localhost:8000/api/objects/System%20Overview?server=ee8d9159:0
[  568976ms] [ERROR] Error загрузки ee8d9159:overview: TypeError: Failed to fetch
    at fetchObjectData (http://localhost:8000/static/js/app.js:11901:28)
    at loadObjectData (http://localhost:8000/static/js/app.js:13559:28)
    at http://localhost:8000/static/js/app.js:1211:23 @ http://localhost:8000/static/js/app.js:13570
[  569974ms] [ERROR] Failed to load resource: net::ERR_CONNECTION_REFUSED @ http://localhost:8000/api/objects/System%20Overview?server=ee8d9159:0
[  569974ms] [ERROR] Error загрузки ee8d9159:overview: TypeError: Failed to fetch
    at fetchObjectData (http://localhost:8000/static/js/app.js:11901:28)
    at loadObjectData (http://localhost:8000/static/js/app.js:13559:28)
    at http://localhost:8000/static/js/app.js:1211:23 @ http://localhost:8000/static/js/app.js:13570
[  570138ms] [ERROR] Failed to load resource: net::ERR_CONNECTION_REFUSED @ http://localhost:8000/api/recording/status:0
[  570974ms] [ERROR] Failed to load resource: net::ERR_CONNECTION_REFUSED @ http://localhost:8000/api/objects/System%20Overview?server=ee8d9159:0
[  570974ms] [ERROR] Error загрузки ee8d9159:overview: TypeError: Failed to fetch
    at fetchObjectData (http://localhost:8000/static/js/app.js:11901:28)
    at loadObjectData (http://localhost:8000/static/js/app.js:13559:28)
    at http://localhost:8000/static/js/app.js:1211:23 @ http://localhost:8000/static/js/app.js:13570
[  571974ms] [ERROR] Failed to load resource: net::ERR_CONNECTION_REFUSED @ http://localhost:8000/api/objects/System%20Overview?server=ee8d9159:0
[  571974ms] [ERROR] Error загрузки ee8d9159:overview: TypeError: Failed to fetch
    at fetchObjectData (http://localhost:8000/static/js/app.js:11901:28)
    at loadObjectData (http://localhost:8000/static/js/app.js:13559:28)
    at http://localhost:8000/static/js/app.js:1211:23 @ http://localhost:8000/static/js/app.js:13570
[  572973ms] [ERROR] Failed to load resource: net::ERR_CONNECTION_REFUSED @ http://localhost:8000/api/objects/System%20Overview?server=ee8d9159:0
[  572973ms] [ERROR] Error загрузки ee8d9159:overview: TypeError: Failed to fetch
    at fetchObjectData (http://localhost:8000/static/js/app.js:11901:28)
    at loadObjectData (http://localhost:8000/static/js/app.js:13559:28)
    at http://localhost:8000/static/js/app.js:1211:23 @ http://localhost:8000/static/js/app.js:13570
[  573974ms] [ERROR] Failed to load resource: net::ERR_CONNECTION_REFUSED @ http://localhost:8000/api/objects/System%20Overview?server=ee8d9159:0
[  573974ms] [ERROR] Error загрузки ee8d9159:overview: TypeError: Failed to fetch
    at fetchObjectData (http://localhost:8000/static/js/app.js:11901:28)
    at loadObjectData (http://localhost:8000/static/js/app.js:13559:28)
    at http://localhost:8000/static/js/app.js:1211:23 @ http://localhost:8000/static/js/app.js:13570
[  574973ms] [ERROR] Failed to load resource: net::ERR_CONNECTION_REFUSED @ http://localhost:8000/api/servers:0
[  574974ms] [ERROR] Error обновления списка объектов: TypeError: Failed to fetch
    at fetchServers (http://localhost:8000/static/js/app.js:11827:28)
    at fetchObjects (http://localhost:8000/static/js/app.js:11834:31)
    at refreshObjectsList (http://localhost:8000/static/js/app.js:11882:28)
    at http://localhost:8000/static/js/app.js:1204:9 @ http://localhost:8000/static/js/app.js:11885
[  574974ms] [ERROR] Failed to load resource: net::ERR_CONNECTION_REFUSED @ http://localhost:8000/api/objects/System%20Overview?server=ee8d9159:0
[  574974ms] [ERROR] Error загрузки ee8d9159:overview: TypeError: Failed to fetch
    at fetchObjectData (http://localhost:8000/static/js/app.js:11901:28)
    at loadObjectData (http://localhost:8000/static/js/app.js:13559:28)
    at http://localhost:8000/static/js/app.js:1211:23 @ http://localhost:8000/static/js/app.js:13570
[  575138ms] [ERROR] Failed to load resource: net::ERR_CONNECTION_REFUSED @ http://localhost:8000/api/recording/status:0
[  575973ms] [ERROR] Failed to load resource: net::ERR_CONNECTION_REFUSED @ http://localhost:8000/api/objects/System%20Overview?server=ee8d9159:0
[  575973ms] [ERROR] Error загрузки ee8d9159:overview: TypeError: Failed to fetch
    at fetchObjectData (http://localhost:8000/static/js/app.js:11901:28)
    at loadObjectData (http://localhost:8000/static/js/app.js:13559:28)
    at http://localhost:8000/static/js/app.js:1211:23 @ http://localhost:8000/static/js/app.js:13570
[  576974ms] [ERROR] Failed to load resource: net::ERR_CONNECTION_REFUSED @ http://localhost:8000/api/objects/System%20Overview?server=ee8d9159:0
[  576974ms] [ERROR] Error загрузки ee8d9159:overview: TypeError: Failed to fetch
    at fetchObjectData (http://localhost:8000/static/js/app.js:11901:28)
    at loadObjectData (http://localhost:8000/static/js/app.js:13559:28)
    at http://localhost:8000/static/js/app.js:1211:23 @ http://localhost:8000/static/js/app.js:13570
[  577975ms] [ERROR] Failed to load resource: net::ERR_CONNECTION_REFUSED @ http://localhost:8000/api/objects/System%20Overview?server=ee8d9159:0
[  577975ms] [ERROR] Error загрузки ee8d9159:overview: TypeError: Failed to fetch
    at fetchObjectData (http://localhost:8000/static/js/app.js:11901:28)
    at loadObjectData (http://localhost:8000/static/js/app.js:13559:28)
    at http://localhost:8000/static/js/app.js:1211:23 @ http://localhost:8000/static/js/app.js:13570
[  578974ms] [ERROR] Failed to load resource: net::ERR_CONNECTION_REFUSED @ http://localhost:8000/api/objects/System%20Overview?server=ee8d9159:0
[  578974ms] [ERROR] Error загрузки ee8d9159:overview: TypeError: Failed to fetch
    at fetchObjectData (http://localhost:8000/static/js/app.js:11901:28)
    at loadObjectData (http://localhost:8000/static/js/app.js:13559:28)
    at http://localhost:8000/static/js/app.js:1211:23 @ http://localhost:8000/static/js/app.js:13570
[  579974ms] [ERROR] Failed to load resource: net::ERR_CONNECTION_REFUSED @ http://localhost:8000/api/objects/System%20Overview?server=ee8d9159:0
[  579974ms] [ERROR] Error загрузки ee8d9159:overview: TypeError: Failed to fetch
    at fetchObjectData (http://localhost:8000/static/js/app.js:11901:28)
    at loadObjectData (http://localhost:8000/static/js/app.js:13559:28)
    at http://localhost:8000/static/js/app.js:1211:23 @ http://localhost:8000/static/js/app.js:13570
[  580138ms] [ERROR] Failed to load resource: net::ERR_CONNECTION_REFUSED @ http://localhost:8000/api/recording/status:0
[  580975ms] [ERROR] Failed to load resource: net::ERR_CONNECTION_REFUSED @ http://localhost:8000/api/servers:0
[  580975ms] [ERROR] Error обновления списка объектов: TypeError: Failed to fetch
    at fetchServers (http://localhost:8000/static/js/app.js:11827:28)
    at fetchObjects (http://localhost:8000/static/js/app.js:11834:31)
    at refreshObjectsList (http://localhost:8000/static/js/app.js:11882:28)
    at http://localhost:8000/static/js/app.js:1204:9 @ http://localhost:8000/static/js/app.js:11885
[  580975ms] [ERROR] Failed to load resource: net::ERR_CONNECTION_REFUSED @ http://localhost:8000/api/objects/System%20Overview?server=ee8d9159:0
[  580975ms] [ERROR] Error загрузки ee8d9159:overview: TypeError: Failed to fetch
    at fetchObjectData (http://localhost:8000/static/js/app.js:11901:28)
    at loadObjectData (http://localhost:8000/static/js/app.js:13559:28)
    at http://localhost:8000/static/js/app.js:1211:23 @ http://localhost:8000/static/js/app.js:13570
[  581974ms] [ERROR] Failed to load resource: net::ERR_CONNECTION_REFUSED @ http://localhost:8000/api/objects/System%20Overview?server=ee8d9159:0
[  581975ms] [ERROR] Error загрузки ee8d9159:overview: TypeError: Failed to fetch
    at fetchObjectData (http://localhost:8000/static/js/app.js:11901:28)
    at loadObjectData (http://localhost:8000/static/js/app.js:13559:28)
    at http://localhost:8000/static/js/app.js:1211:23 @ http://localhost:8000/static/js/app.js:13570
[  582973ms] [ERROR] Failed to load resource: net::ERR_CONNECTION_REFUSED @ http://localhost:8000/api/objects/System%20Overview?server=ee8d9159:0
[  582973ms] [ERROR] Error загрузки ee8d9159:overview: TypeError: Failed to fetch
    at fetchObjectData (http://localhost:8000/static/js/app.js:11901:28)
    at loadObjectData (http://localhost:8000/static/js/app.js:13559:28)
    at http://localhost:8000/static/js/app.js:1211:23 @ http://localhost:8000/static/js/app.js:13570
[  583974ms] [ERROR] Failed to load resource: net::ERR_CONNECTION_REFUSED @ http://localhost:8000/api/objects/System%20Overview?server=ee8d9159:0
[  583974ms] [ERROR] Error загрузки ee8d9159:overview: TypeError: Failed to fetch
    at fetchObjectData (http://localhost:8000/static/js/app.js:11901:28)
    at loadObjectData (http://localhost:8000/static/js/app.js:13559:28)
    at http://localhost:8000/static/js/app.js:1211:23 @ http://localhost:8000/static/js/app.js:13570
[  584973ms] [ERROR] Failed to load resource: net::ERR_CONNECTION_REFUSED @ http://localhost:8000/api/objects/System%20Overview?server=ee8d9159:0
[  584973ms] [ERROR] Error загрузки ee8d9159:overview: TypeError: Failed to fetch
    at fetchObjectData (http://localhost:8000/static/js/app.js:11901:28)
    at loadObjectData (http://localhost:8000/static/js/app.js:13559:28)
    at http://localhost:8000/static/js/app.js:1211:23 @ http://localhost:8000/static/js/app.js:13570
[  585138ms] [ERROR] Failed to load resource: net::ERR_CONNECTION_REFUSED @ http://localhost:8000/api/recording/status:0
[  585973ms] [ERROR] Failed to load resource: net::ERR_CONNECTION_REFUSED @ http://localhost:8000/api/objects/System%20Overview?server=ee8d9159:0
[  585973ms] [ERROR] Error загрузки ee8d9159:overview: TypeError: Failed to fetch
    at fetchObjectData (http://localhost:8000/static/js/app.js:11901:28)
    at loadObjectData (http://localhost:8000/static/js/app.js:13559:28)
    at http://localhost:8000/static/js/app.js:1211:23 @ http://localhost:8000/static/js/app.js:13570
[  586974ms] [ERROR] Failed to load resource: net::ERR_CONNECTION_REFUSED @ http://localhost:8000/api/servers:0
[  586974ms] [ERROR] Error обновления списка объектов: TypeError: Failed to fetch
    at fetchServers (http://localhost:8000/static/js/app.js:11827:28)
    at fetchObjects (http://localhost:8000/static/js/app.js:11834:31)
    at refreshObjectsList (http://localhost:8000/static/js/app.js:11882:28)
    at http://localhost:8000/static/js/app.js:1204:9 @ http://localhost:8000/static/js/app.js:11885
[  586974ms] [ERROR] Failed to load resource: net::ERR_CONNECTION_REFUSED @ http://localhost:8000/api/objects/System%20Overview?server=ee8d9159:0
[  586974ms] [ERROR] Error загрузки ee8d9159:overview: TypeError: Failed to fetch
    at fetchObjectData (http://localhost:8000/static/js/app.js:11901:28)
    at loadObjectData (http://localhost:8000/static/js/app.js:13559:28)
    at http://localhost:8000/static/js/app.js:1211:23 @ http://localhost:8000/static/js/app.js:13570
[  586974ms] [ERROR] Failed to load resource: net::ERR_CONNECTION_REFUSED @ http://localhost:8000/api/version:0
[  587973ms] [ERROR] Failed to load resource: net::ERR_CONNECTION_REFUSED @ http://localhost:8000/api/objects/System%20Overview?server=ee8d9159:0
[  587973ms] [ERROR] Error загрузки ee8d9159:overview: TypeError: Failed to fetch
    at fetchObjectData (http://localhost:8000/static/js/app.js:11901:28)
    at loadObjectData (http://localhost:8000/static/js/app.js:13559:28)
    at http://localhost:8000/static/js/app.js:1211:23 @ http://localhost:8000/static/js/app.js:13570
[  588974ms] [ERROR] Failed to load resource: net::ERR_CONNECTION_REFUSED @ http://localhost:8000/api/objects/System%20Overview?server=ee8d9159:0
[  588974ms] [ERROR] Error загрузки ee8d9159:overview: TypeError: Failed to fetch
    at fetchObjectData (http://localhost:8000/static/js/app.js:11901:28)
    at loadObjectData (http://localhost:8000/static/js/app.js:13559:28)
    at http://localhost:8000/static/js/app.js:1211:23 @ http://localhost:8000/static/js/app.js:13570
[  589973ms] [ERROR] Failed to load resource: net::ERR_CONNECTION_REFUSED @ http://localhost:8000/api/objects/System%20Overview?server=ee8d9159:0
[  589973ms] [ERROR] Error загрузки ee8d9159:overview: TypeError: Failed to fetch
    at fetchObjectData (http://localhost:8000/static/js/app.js:11901:28)
    at loadObjectData (http://localhost:8000/static/js/app.js:13559:28)
    at http://localhost:8000/static/js/app.js:1211:23 @ http://localhost:8000/static/js/app.js:13570
[  590138ms] [ERROR] Failed to load resource: net::ERR_CONNECTION_REFUSED @ http://localhost:8000/api/recording/status:0
[  590973ms] [ERROR] Failed to load resource: net::ERR_CONNECTION_REFUSED @ http://localhost:8000/api/objects/System%20Overview?server=ee8d9159:0
[  590974ms] [ERROR] Error загрузки ee8d9159:overview: TypeError: Failed to fetch
    at fetchObjectData (http://localhost:8000/static/js/app.js:11901:28)
    at loadObjectData (http://localhost:8000/static/js/app.js:13559:28)
    at http://localhost:8000/static/js/app.js:1211:23 @ http://localhost:8000/static/js/app.js:13570
[  591973ms] [ERROR] Failed to load resource: net::ERR_CONNECTION_REFUSED @ http://localhost:8000/api/objects/System%20Overview?server=ee8d9159:0
[  591973ms] [ERROR] Error загрузки ee8d9159:overview: TypeError: Failed to fetch
    at fetchObjectData (http://localhost:8000/static/js/app.js:11901:28)
    at loadObjectData (http://localhost:8000/static/js/app.js:13559:28)
    at http://localhost:8000/static/js/app.js:1211:23 @ http://localhost:8000/static/js/app.js:13570
[  592975ms] [ERROR] Failed to load resource: net::ERR_CONNECTION_REFUSED @ http://localhost:8000/api/servers:0
[  592975ms] [ERROR] Error обновления списка объектов: TypeError: Failed to fetch
    at fetchServers (http://localhost:8000/static/js/app.js:11827:28)
    at fetchObjects (http://localhost:8000/static/js/app.js:11834:31)
    at refreshObjectsList (http://localhost:8000/static/js/app.js:11882:28)
    at http://localhost:8000/static/js/app.js:1204:9 @ http://localhost:8000/static/js/app.js:11885
[  592976ms] [ERROR] Failed to load resource: net::ERR_CONNECTION_REFUSED @ http://localhost:8000/api/objects/System%20Overview?server=ee8d9159:0
[  592976ms] [ERROR] Error загрузки ee8d9159:overview: TypeError: Failed to fetch
    at fetchObjectData (http://localhost:8000/static/js/app.js:11901:28)
    at loadObjectData (http://localhost:8000/static/js/app.js:13559:28)
    at http://localhost:8000/static/js/app.js:1211:23 @ http://localhost:8000/static/js/app.js:13570
[  593973ms] [ERROR] Failed to load resource: net::ERR_CONNECTION_REFUSED @ http://localhost:8000/api/objects/System%20Overview?server=ee8d9159:0
[  593973ms] [ERROR] Error загрузки ee8d9159:overview: TypeError: Failed to fetch
    at fetchObjectData (http://localhost:8000/static/js/app.js:11901:28)
    at loadObjectData (http://localhost:8000/static/js/app.js:13559:28)
    at http://localhost:8000/static/js/app.js:1211:23 @ http://localhost:8000/static/js/app.js:13570
[  594973ms] [ERROR] Failed to load resource: net::ERR_CONNECTION_REFUSED @ http://localhost:8000/api/objects/System%20Overview?server=ee8d9159:0
[  594973ms] [ERROR] Error загрузки ee8d9159:overview: TypeError: Failed to fetch
    at fetchObjectData (http://localhost:8000/static/js/app.js:11901:28)
    at loadObjectData (http://localhost:8000/static/js/app.js:13559:28)
    at http://localhost:8000/static/js/app.js:1211:23 @ http://localhost:8000/static/js/app.js:13570
[  595137ms] [ERROR] Failed to load resource: net::ERR_CONNECTION_REFUSED @ http://localhost:8000/api/recording/status:0
[  595973ms] [ERROR] Failed to load resource: net::ERR_CONNECTION_REFUSED @ http://localhost:8000/api/objects/System%20Overview?server=ee8d9159:0
[  595973ms] [ERROR] Error загрузки ee8d9159:overview: TypeError: Failed to fetch
    at fetchObjectData (http://localhost:8000/static/js/app.js:11901:28)
    at loadObjectData (http://localhost:8000/static/js/app.js:13559:28)
    at http://localhost:8000/static/js/app.js:1211:23 @ http://localhost:8000/static/js/app.js:13570
[  596973ms] [ERROR] Failed to load resource: net::ERR_CONNECTION_REFUSED @ http://localhost:8000/api/objects/System%20Overview?server=ee8d9159:0
[  596973ms] [ERROR] Error загрузки ee8d9159:overview: TypeError: Failed to fetch
    at fetchObjectData (http://localhost:8000/static/js/app.js:11901:28)
    at loadObjectData (http://localhost:8000/static/js/app.js:13559:28)
    at http://localhost:8000/static/js/app.js:1211:23 @ http://localhost:8000/static/js/app.js:13570
[  597973ms] [ERROR] Failed to load resource: net::ERR_CONNECTION_REFUSED @ http://localhost:8000/api/objects/System%20Overview?server=ee8d9159:0
[  597973ms] [ERROR] Error загрузки ee8d9159:overview: TypeError: Failed to fetch
    at fetchObjectData (http://localhost:8000/static/js/app.js:11901:28)
    at loadObjectData (http://localhost:8000/static/js/app.js:13559:28)
    at http://localhost:8000/static/js/app.js:1211:23 @ http://localhost:8000/static/js/app.js:13570
[  598973ms] [ERROR] Failed to load resource: net::ERR_CONNECTION_REFUSED @ http://localhost:8000/api/servers:0
[  598973ms] [ERROR] Error обновления списка объектов: TypeError: Failed to fetch
    at fetchServers (http://localhost:8000/static/js/app.js:11827:28)
    at fetchObjects (http://localhost:8000/static/js/app.js:11834:31)
    at refreshObjectsList (http://localhost:8000/static/js/app.js:11882:28)
    at http://localhost:8000/static/js/app.js:1204:9 @ http://localhost:8000/static/js/app.js:11885
[  598974ms] [ERROR] Failed to load resource: net::ERR_CONNECTION_REFUSED @ http://localhost:8000/api/objects/System%20Overview?server=ee8d9159:0
[  598974ms] [ERROR] Error загрузки ee8d9159:overview: TypeError: Failed to fetch
    at fetchObjectData (http://localhost:8000/static/js/app.js:11901:28)
    at loadObjectData (http://localhost:8000/static/js/app.js:13559:28)
    at http://localhost:8000/static/js/app.js:1211:23 @ http://localhost:8000/static/js/app.js:13570
[  599974ms] [ERROR] Failed to load resource: net::ERR_CONNECTION_REFUSED @ http://localhost:8000/api/objects/System%20Overview?server=ee8d9159:0
[  599974ms] [ERROR] Error загрузки ee8d9159:overview: TypeError: Failed to fetch
    at fetchObjectData (http://localhost:8000/static/js/app.js:11901:28)
    at loadObjectData (http://localhost:8000/static/js/app.js:13559:28)
    at http://localhost:8000/static/js/app.js:1211:23 @ http://localhost:8000/static/js/app.js:13570
[  600138ms] [ERROR] Failed to load resource: net::ERR_CONNECTION_REFUSED @ http://localhost:8000/api/recording/status:0
[  600974ms] [ERROR] Failed to load resource: net::ERR_CONNECTION_REFUSED @ http://localhost:8000/api/objects/System%20Overview?server=ee8d9159:0
[  600974ms] [ERROR] Error загрузки ee8d9159:overview: TypeError: Failed to fetch
    at fetchObjectData (http://localhost:8000/static/js/app.js:11901:28)
    at loadObjectData (http://localhost:8000/static/js/app.js:13559:28)
    at http://localhost:8000/static/js/app.js:1211:23 @ http://localhost:8000/static/js/app.js:13570
[  601973ms] [ERROR] Failed to load resource: net::ERR_CONNECTION_REFUSED @ http://localhost:8000/api/objects/System%20Overview?server=ee8d9159:0
[  601973ms] [ERROR] Error загрузки ee8d9159:overview: TypeError: Failed to fetch
    at fetchObjectData (http://localhost:8000/static/js/app.js:11901:28)
    at loadObjectData (http://localhost:8000/static/js/app.js:13559:28)
    at http://localhost:8000/static/js/app.js:1211:23 @ http://localhost:8000/static/js/app.js:13570
[  602974ms] [ERROR] Failed to load resource: net::ERR_CONNECTION_REFUSED @ http://localhost:8000/api/objects/System%20Overview?server=ee8d9159:0
[  602974ms] [ERROR] Error загрузки ee8d9159:overview: TypeError: Failed to fetch
    at fetchObjectData (http://localhost:8000/static/js/app.js:11901:28)
    at loadObjectData (http://localhost:8000/static/js/app.js:13559:28)
    at http://localhost:8000/static/js/app.js:1211:23 @ http://localhost:8000/static/js/app.js:13570
[  603975ms] [ERROR] Failed to load resource: net::ERR_CONNECTION_REFUSED @ http://localhost:8000/api/objects/System%20Overview?server=ee8d9159:0
[  603975ms] [ERROR] Error загрузки ee8d9159:overview: TypeError: Failed to fetch
    at fetchObjectData (http://localhost:8000/static/js/app.js:11901:28)
    at loadObjectData (http://localhost:8000/static/js/app.js:13559:28)
    at http://localhost:8000/static/js/app.js:1211:23 @ http://localhost:8000/static/js/app.js:13570
[  604973ms] [ERROR] Failed to load resource: net::ERR_CONNECTION_REFUSED @ http://localhost:8000/api/servers:0
[  604973ms] [ERROR] Error обновления списка объектов: TypeError: Failed to fetch
    at fetchServers (http://localhost:8000/static/js/app.js:11827:28)
    at fetchObjects (http://localhost:8000/static/js/app.js:11834:31)
    at refreshObjectsList (http://localhost:8000/static/js/app.js:11882:28)
    at http://localhost:8000/static/js/app.js:1204:9 @ http://localhost:8000/static/js/app.js:11885
[  604974ms] [ERROR] Failed to load resource: net::ERR_CONNECTION_REFUSED @ http://localhost:8000/api/objects/System%20Overview?server=ee8d9159:0
[  604974ms] [ERROR] Error загрузки ee8d9159:overview: TypeError: Failed to fetch
    at fetchObjectData (http://localhost:8000/static/js/app.js:11901:28)
    at loadObjectData (http://localhost:8000/static/js/app.js:13559:28)
    at http://localhost:8000/static/js/app.js:1211:23 @ http://localhost:8000/static/js/app.js:13570
[  605138ms] [ERROR] Failed to load resource: net::ERR_CONNECTION_REFUSED @ http://localhost:8000/api/recording/status:0
[  605975ms] [ERROR] Failed to load resource: net::ERR_CONNECTION_REFUSED @ http://localhost:8000/api/objects/System%20Overview?server=ee8d9159:0
[  605975ms] [ERROR] Error загрузки ee8d9159:overview: TypeError: Failed to fetch
    at fetchObjectData (http://localhost:8000/static/js/app.js:11901:28)
    at loadObjectData (http://localhost:8000/static/js/app.js:13559:28)
    at http://localhost:8000/static/js/app.js:1211:23 @ http://localhost:8000/static/js/app.js:13570
[  606975ms] [ERROR] Failed to load resource: net::ERR_CONNECTION_REFUSED @ http://localhost:8000/api/objects/System%20Overview?server=ee8d9159:0
[  606975ms] [ERROR] Error загрузки ee8d9159:overview: TypeError: Failed to fetch
    at fetchObjectData (http://localhost:8000/static/js/app.js:11901:28)
    at loadObjectData (http://localhost:8000/static/js/app.js:13559:28)
    at http://localhost:8000/static/js/app.js:1211:23 @ http://localhost:8000/static/js/app.js:13570
[  607973ms] [ERROR] Failed to load resource: net::ERR_CONNECTION_REFUSED @ http://localhost:8000/api/objects/System%20Overview?server=ee8d9159:0
[  607973ms] [ERROR] Error загрузки ee8d9159:overview: TypeError: Failed to fetch
    at fetchObjectData (http://localhost:8000/static/js/app.js:11901:28)
    at loadObjectData (http://localhost:8000/static/js/app.js:13559:28)
    at http://localhost:8000/static/js/app.js:1211:23 @ http://localhost:8000/static/js/app.js:13570
[  608975ms] [ERROR] Failed to load resource: net::ERR_CONNECTION_REFUSED @ http://localhost:8000/api/objects/System%20Overview?server=ee8d9159:0
[  608975ms] [ERROR] Error загрузки ee8d9159:overview: TypeError: Failed to fetch
    at fetchObjectData (http://localhost:8000/static/js/app.js:11901:28)
    at loadObjectData (http://localhost:8000/static/js/app.js:13559:28)
    at http://localhost:8000/static/js/app.js:1211:23 @ http://localhost:8000/static/js/app.js:13570
[  609973ms] [ERROR] Failed to load resource: net::ERR_CONNECTION_REFUSED @ http://localhost:8000/api/objects/System%20Overview?server=ee8d9159:0
[  609973ms] [ERROR] Error загрузки ee8d9159:overview: TypeError: Failed to fetch
    at fetchObjectData (http://localhost:8000/static/js/app.js:11901:28)
    at loadObjectData (http://localhost:8000/static/js/app.js:13559:28)
    at http://localhost:8000/static/js/app.js:1211:23 @ http://localhost:8000/static/js/app.js:13570
[  610138ms] [ERROR] Failed to load resource: net::ERR_CONNECTION_REFUSED @ http://localhost:8000/api/recording/status:0
[  610973ms] [ERROR] Failed to load resource: net::ERR_CONNECTION_REFUSED @ http://localhost:8000/api/servers:0
[  610973ms] [ERROR] Error обновления списка объектов: TypeError: Failed to fetch
    at fetchServers (http://localhost:8000/static/js/app.js:11827:28)
    at fetchObjects (http://localhost:8000/static/js/app.js:11834:31)
    at refreshObjectsList (http://localhost:8000/static/js/app.js:11882:28)
    at http://localhost:8000/static/js/app.js:1204:9 @ http://localhost:8000/static/js/app.js:11885
[  610973ms] [ERROR] Failed to load resource: net::ERR_CONNECTION_REFUSED @ http://localhost:8000/api/objects/System%20Overview?server=ee8d9159:0
[  610973ms] [ERROR] Error загрузки ee8d9159:overview: TypeError: Failed to fetch
    at fetchObjectData (http://localhost:8000/static/js/app.js:11901:28)
    at loadObjectData (http://localhost:8000/static/js/app.js:13559:28)
    at http://localhost:8000/static/js/app.js:1211:23 @ http://localhost:8000/static/js/app.js:13570
[  611974ms] [ERROR] Failed to load resource: net::ERR_CONNECTION_REFUSED @ http://localhost:8000/api/objects/System%20Overview?server=ee8d9159:0
[  611974ms] [ERROR] Error загрузки ee8d9159:overview: TypeError: Failed to fetch
    at fetchObjectData (http://localhost:8000/static/js/app.js:11901:28)
    at loadObjectData (http://localhost:8000/static/js/app.js:13559:28)
    at http://localhost:8000/static/js/app.js:1211:23 @ http://localhost:8000/static/js/app.js:13570
[  612973ms] [ERROR] Failed to load resource: net::ERR_CONNECTION_REFUSED @ http://localhost:8000/api/objects/System%20Overview?server=ee8d9159:0
[  612973ms] [ERROR] Error загрузки ee8d9159:overview: TypeError: Failed to fetch
    at fetchObjectData (http://localhost:8000/static/js/app.js:11901:28)
    at loadObjectData (http://localhost:8000/static/js/app.js:13559:28)
    at http://localhost:8000/static/js/app.js:1211:23 @ http://localhost:8000/static/js/app.js:13570
[  613973ms] [ERROR] Failed to load resource: net::ERR_CONNECTION_REFUSED @ http://localhost:8000/api/objects/System%20Overview?server=ee8d9159:0
[  613973ms] [ERROR] Error загрузки ee8d9159:overview: TypeError: Failed to fetch
    at fetchObjectData (http://localhost:8000/static/js/app.js:11901:28)
    at loadObjectData (http://localhost:8000/static/js/app.js:13559:28)
    at http://localhost:8000/static/js/app.js:1211:23 @ http://localhost:8000/static/js/app.js:13570
[  614974ms] [ERROR] Failed to load resource: net::ERR_CONNECTION_REFUSED @ http://localhost:8000/api/objects/System%20Overview?server=ee8d9159:0
[  614974ms] [ERROR] Error загрузки ee8d9159:overview: TypeError: Failed to fetch
    at fetchObjectData (http://localhost:8000/static/js/app.js:11901:28)
    at loadObjectData (http://localhost:8000/static/js/app.js:13559:28)
    at http://localhost:8000/static/js/app.js:1211:23 @ http://localhost:8000/static/js/app.js:13570
[  615138ms] [ERROR] Failed to load resource: net::ERR_CONNECTION_REFUSED @ http://localhost:8000/api/recording/status:0
[  615973ms] [ERROR] Failed to load resource: net::ERR_CONNECTION_REFUSED @ http://localhost:8000/api/objects/System%20Overview?server=ee8d9159:0
[  615973ms] [ERROR] Error загрузки ee8d9159:overview: TypeError: Failed to fetch
    at fetchObjectData (http://localhost:8000/static/js/app.js:11901:28)
    at loadObjectData (http://localhost:8000/static/js/app.js:13559:28)
    at http://localhost:8000/static/js/app.js:1211:23 @ http://localhost:8000/static/js/app.js:13570
[  616973ms] [ERROR] Failed to load resource: net::ERR_CONNECTION_REFUSED @ http://localhost:8000/api/servers:0
[  616973ms] [ERROR] Error обновления списка объектов: TypeError: Failed to fetch
    at fetchServers (http://localhost:8000/static/js/app.js:11827:28)
    at fetchObjects (http://localhost:8000/static/js/app.js:11834:31)
    at refreshObjectsList (http://localhost:8000/static/js/app.js:11882:28)
    at http://localhost:8000/static/js/app.js:1204:9 @ http://localhost:8000/static/js/app.js:11885
[  616974ms] [ERROR] Failed to load resource: net::ERR_CONNECTION_REFUSED @ http://localhost:8000/api/objects/System%20Overview?server=ee8d9159:0
[  616974ms] [ERROR] Error загрузки ee8d9159:overview: TypeError: Failed to fetch
    at fetchObjectData (http://localhost:8000/static/js/app.js:11901:28)
    at loadObjectData (http://localhost:8000/static/js/app.js:13559:28)
    at http://localhost:8000/static/js/app.js:1211:23 @ http://localhost:8000/static/js/app.js:13570
[  616974ms] [ERROR] Failed to load resource: net::ERR_CONNECTION_REFUSED @ http://localhost:8000/api/version:0
[  617973ms] [ERROR] Failed to load resource: net::ERR_CONNECTION_REFUSED @ http://localhost:8000/api/objects/System%20Overview?server=ee8d9159:0
[  617973ms] [ERROR] Error загрузки ee8d9159:overview: TypeError: Failed to fetch
    at fetchObjectData (http://localhost:8000/static/js/app.js:11901:28)
    at loadObjectData (http://localhost:8000/static/js/app.js:13559:28)
    at http://localhost:8000/static/js/app.js:1211:23 @ http://localhost:8000/static/js/app.js:13570
[  618973ms] [ERROR] Failed to load resource: net::ERR_CONNECTION_REFUSED @ http://localhost:8000/api/objects/System%20Overview?server=ee8d9159:0
[  618973ms] [ERROR] Error загрузки ee8d9159:overview: TypeError: Failed to fetch
    at fetchObjectData (http://localhost:8000/static/js/app.js:11901:28)
    at loadObjectData (http://localhost:8000/static/js/app.js:13559:28)
    at http://localhost:8000/static/js/app.js:1211:23 @ http://localhost:8000/static/js/app.js:13570
[  619975ms] [ERROR] Failed to load resource: net::ERR_CONNECTION_REFUSED @ http://localhost:8000/api/objects/System%20Overview?server=ee8d9159:0
[  619975ms] [ERROR] Error загрузки ee8d9159:overview: TypeError: Failed to fetch
    at fetchObjectData (http://localhost:8000/static/js/app.js:11901:28)
    at loadObjectData (http://localhost:8000/static/js/app.js:13559:28)
    at http://localhost:8000/static/js/app.js:1211:23 @ http://localhost:8000/static/js/app.js:13570
[  620137ms] [ERROR] Failed to load resource: net::ERR_CONNECTION_REFUSED @ http://localhost:8000/api/recording/status:0
[  620973ms] [ERROR] Failed to load resource: net::ERR_CONNECTION_REFUSED @ http://localhost:8000/api/objects/System%20Overview?server=ee8d9159:0
[  620973ms] [ERROR] Error загрузки ee8d9159:overview: TypeError: Failed to fetch
    at fetchObjectData (http://localhost:8000/static/js/app.js:11901:28)
    at loadObjectData (http://localhost:8000/static/js/app.js:13559:28)
    at http://localhost:8000/static/js/app.js:1211:23 @ http://localhost:8000/static/js/app.js:13570
[  621973ms] [ERROR] Failed to load resource: net::ERR_CONNECTION_REFUSED @ http://localhost:8000/api/objects/System%20Overview?server=ee8d9159:0
[  621974ms] [ERROR] Error загрузки ee8d9159:overview: TypeError: Failed to fetch
    at fetchObjectData (http://localhost:8000/static/js/app.js:11901:28)
    at loadObjectData (http://localhost:8000/static/js/app.js:13559:28)
    at http://localhost:8000/static/js/app.js:1211:23 @ http://localhost:8000/static/js/app.js:13570
[  622976ms] [ERROR] Failed to load resource: net::ERR_CONNECTION_REFUSED @ http://localhost:8000/api/servers:0
[  622976ms] [ERROR] Error обновления списка объектов: TypeError: Failed to fetch
    at fetchServers (http://localhost:8000/static/js/app.js:11827:28)
    at fetchObjects (http://localhost:8000/static/js/app.js:11834:31)
    at refreshObjectsList (http://localhost:8000/static/js/app.js:11882:28)
    at http://localhost:8000/static/js/app.js:1204:9 @ http://localhost:8000/static/js/app.js:11885
[  622977ms] [ERROR] Failed to load resource: net::ERR_CONNECTION_REFUSED @ http://localhost:8000/api/objects/System%20Overview?server=ee8d9159:0
[  622977ms] [ERROR] Error загрузки ee8d9159:overview: TypeError: Failed to fetch
    at fetchObjectData (http://localhost:8000/static/js/app.js:11901:28)
    at loadObjectData (http://localhost:8000/static/js/app.js:13559:28)
    at http://localhost:8000/static/js/app.js:1211:23 @ http://localhost:8000/static/js/app.js:13570
[  623974ms] [ERROR] Failed to load resource: net::ERR_CONNECTION_REFUSED @ http://localhost:8000/api/objects/System%20Overview?server=ee8d9159:0
[  623974ms] [ERROR] Error загрузки ee8d9159:overview: TypeError: Failed to fetch
    at fetchObjectData (http://localhost:8000/static/js/app.js:11901:28)
    at loadObjectData (http://localhost:8000/static/js/app.js:13559:28)
    at http://localhost:8000/static/js/app.js:1211:23 @ http://localhost:8000/static/js/app.js:13570
[  624973ms] [ERROR] Failed to load resource: net::ERR_CONNECTION_REFUSED @ http://localhost:8000/api/objects/System%20Overview?server=ee8d9159:0
[  624973ms] [ERROR] Error загрузки ee8d9159:overview: TypeError: Failed to fetch
    at fetchObjectData (http://localhost:8000/static/js/app.js:11901:28)
    at loadObjectData (http://localhost:8000/static/js/app.js:13559:28)
    at http://localhost:8000/static/js/app.js:1211:23 @ http://localhost:8000/static/js/app.js:13570
[  625137ms] [ERROR] Failed to load resource: net::ERR_CONNECTION_REFUSED @ http://localhost:8000/api/recording/status:0
[  625973ms] [ERROR] Failed to load resource: net::ERR_CONNECTION_REFUSED @ http://localhost:8000/api/objects/System%20Overview?server=ee8d9159:0
[  625973ms] [ERROR] Error загрузки ee8d9159:overview: TypeError: Failed to fetch
    at fetchObjectData (http://localhost:8000/static/js/app.js:11901:28)
    at loadObjectData (http://localhost:8000/static/js/app.js:13559:28)
    at http://localhost:8000/static/js/app.js:1211:23 @ http://localhost:8000/static/js/app.js:13570
[  626973ms] [ERROR] Failed to load resource: net::ERR_CONNECTION_REFUSED @ http://localhost:8000/api/objects/System%20Overview?server=ee8d9159:0
[  626973ms] [ERROR] Error загрузки ee8d9159:overview: TypeError: Failed to fetch
    at fetchObjectData (http://localhost:8000/static/js/app.js:11901:28)
    at loadObjectData (http://localhost:8000/static/js/app.js:13559:28)
    at http://localhost:8000/static/js/app.js:1211:23 @ http://localhost:8000/static/js/app.js:13570
[  627973ms] [ERROR] Failed to load resource: net::ERR_CONNECTION_REFUSED @ http://localhost:8000/api/objects/System%20Overview?server=ee8d9159:0
[  627973ms] [ERROR] Error загрузки ee8d9159:overview: TypeError: Failed to fetch
    at fetchObjectData (http://localhost:8000/static/js/app.js:11901:28)
    at loadObjectData (http://localhost:8000/static/js/app.js:13559:28)
    at http://localhost:8000/static/js/app.js:1211:23 @ http://localhost:8000/static/js/app.js:13570
[  628973ms] [ERROR] Failed to load resource: net::ERR_CONNECTION_REFUSED @ http://localhost:8000/api/servers:0
[  628974ms] [ERROR] Error обновления списка объектов: TypeError: Failed to fetch
    at fetchServers (http://localhost:8000/static/js/app.js:11827:28)
    at fetchObjects (http://localhost:8000/static/js/app.js:11834:31)
    at refreshObjectsList (http://localhost:8000/static/js/app.js:11882:28)
    at http://localhost:8000/static/js/app.js:1204:9 @ http://localhost:8000/static/js/app.js:11885
[  628974ms] [ERROR] Failed to load resource: net::ERR_CONNECTION_REFUSED @ http://localhost:8000/api/objects/System%20Overview?server=ee8d9159:0
[  628974ms] [ERROR] Error загрузки ee8d9159:overview: TypeError: Failed to fetch
    at fetchObjectData (http://localhost:8000/static/js/app.js:11901:28)
    at loadObjectData (http://localhost:8000/static/js/app.js:13559:28)
    at http://localhost:8000/static/js/app.js:1211:23 @ http://localhost:8000/static/js/app.js:13570
[  629974ms] [ERROR] Failed to load resource: net::ERR_CONNECTION_REFUSED @ http://localhost:8000/api/objects/System%20Overview?server=ee8d9159:0
[  629975ms] [ERROR] Error загрузки ee8d9159:overview: TypeError: Failed to fetch
    at fetchObjectData (http://localhost:8000/static/js/app.js:11901:28)
    at loadObjectData (http://localhost:8000/static/js/app.js:13559:28)
    at http://localhost:8000/static/js/app.js:1211:23 @ http://localhost:8000/static/js/app.js:13570
[  630138ms] [ERROR] Failed to load resource: net::ERR_CONNECTION_REFUSED @ http://localhost:8000/api/recording/status:0
[  630973ms] [ERROR] Failed to load resource: net::ERR_CONNECTION_REFUSED @ http://localhost:8000/api/objects/System%20Overview?server=ee8d9159:0
[  630973ms] [ERROR] Error загрузки ee8d9159:overview: TypeError: Failed to fetch
    at fetchObjectData (http://localhost:8000/static/js/app.js:11901:28)
    at loadObjectData (http://localhost:8000/static/js/app.js:13559:28)
    at http://localhost:8000/static/js/app.js:1211:23 @ http://localhost:8000/static/js/app.js:13570
[  631973ms] [ERROR] Failed to load resource: net::ERR_CONNECTION_REFUSED @ http://localhost:8000/api/objects/System%20Overview?server=ee8d9159:0
[  631973ms] [ERROR] Error загрузки ee8d9159:overview: TypeError: Failed to fetch
    at fetchObjectData (http://localhost:8000/static/js/app.js:11901:28)
    at loadObjectData (http://localhost:8000/static/js/app.js:13559:28)
    at http://localhost:8000/static/js/app.js:1211:23 @ http://localhost:8000/static/js/app.js:13570
[  632973ms] [ERROR] Failed to load resource: net::ERR_CONNECTION_REFUSED @ http://localhost:8000/api/objects/System%20Overview?server=ee8d9159:0
[  632973ms] [ERROR] Error загрузки ee8d9159:overview: TypeError: Failed to fetch
    at fetchObjectData (http://localhost:8000/static/js/app.js:11901:28)
    at loadObjectData (http://localhost:8000/static/js/app.js:13559:28)
    at http://localhost:8000/static/js/app.js:1211:23 @ http://localhost:8000/static/js/app.js:13570
[  633973ms] [ERROR] Failed to load resource: net::ERR_CONNECTION_REFUSED @ http://localhost:8000/api/objects/System%20Overview?server=ee8d9159:0
[  633973ms] [ERROR] Error загрузки ee8d9159:overview: TypeError: Failed to fetch
    at fetchObjectData (http://localhost:8000/static/js/app.js:11901:28)
    at loadObjectData (http://localhost:8000/static/js/app.js:13559:28)
    at http://localhost:8000/static/js/app.js:1211:23 @ http://localhost:8000/static/js/app.js:13570
[  634973ms] [ERROR] Failed to load resource: net::ERR_CONNECTION_REFUSED @ http://localhost:8000/api/servers:0
[  634974ms] [ERROR] Error обновления списка объектов: TypeError: Failed to fetch
    at fetchServers (http://localhost:8000/static/js/app.js:11827:28)
    at fetchObjects (http://localhost:8000/static/js/app.js:11834:31)
    at refreshObjectsList (http://localhost:8000/static/js/app.js:11882:28)
    at http://localhost:8000/static/js/app.js:1204:9 @ http://localhost:8000/static/js/app.js:11885
[  634974ms] [ERROR] Failed to load resource: net::ERR_CONNECTION_REFUSED @ http://localhost:8000/api/objects/System%20Overview?server=ee8d9159:0
[  634974ms] [ERROR] Error загрузки ee8d9159:overview: TypeError: Failed to fetch
    at fetchObjectData (http://localhost:8000/static/js/app.js:11901:28)
    at loadObjectData (http://localhost:8000/static/js/app.js:13559:28)
    at http://localhost:8000/static/js/app.js:1211:23 @ http://localhost:8000/static/js/app.js:13570
[  635138ms] [ERROR] Failed to load resource: net::ERR_CONNECTION_REFUSED @ http://localhost:8000/api/recording/status:0
[  635973ms] [ERROR] Failed to load resource: net::ERR_CONNECTION_REFUSED @ http://localhost:8000/api/objects/System%20Overview?server=ee8d9159:0
[  635973ms] [ERROR] Error загрузки ee8d9159:overview: TypeError: Failed to fetch
    at fetchObjectData (http://localhost:8000/static/js/app.js:11901:28)
    at loadObjectData (http://localhost:8000/static/js/app.js:13559:28)
    at http://localhost:8000/static/js/app.js:1211:23 @ http://localhost:8000/static/js/app.js:13570
[  636973ms] [ERROR] Failed to load resource: net::ERR_CONNECTION_REFUSED @ http://localhost:8000/api/objects/System%20Overview?server=ee8d9159:0
[  636973ms] [ERROR] Error загрузки ee8d9159:overview: TypeError: Failed to fetch
    at fetchObjectData (http://localhost:8000/static/js/app.js:11901:28)
    at loadObjectData (http://localhost:8000/static/js/app.js:13559:28)
    at http://localhost:8000/static/js/app.js:1211:23 @ http://localhost:8000/static/js/app.js:13570
[  637974ms] [ERROR] Failed to load resource: net::ERR_CONNECTION_REFUSED @ http://localhost:8000/api/objects/System%20Overview?server=ee8d9159:0
[  637974ms] [ERROR] Error загрузки ee8d9159:overview: TypeError: Failed to fetch
    at fetchObjectData (http://localhost:8000/static/js/app.js:11901:28)
    at loadObjectData (http://localhost:8000/static/js/app.js:13559:28)
    at http://localhost:8000/static/js/app.js:1211:23 @ http://localhost:8000/static/js/app.js:13570
[  638976ms] [ERROR] Failed to load resource: net::ERR_CONNECTION_REFUSED @ http://localhost:8000/api/objects/System%20Overview?server=ee8d9159:0
[  638977ms] [ERROR] Error загрузки ee8d9159:overview: TypeError: Failed to fetch
    at fetchObjectData (http://localhost:8000/static/js/app.js:11901:28)
    at loadObjectData (http://localhost:8000/static/js/app.js:13559:28)
    at http://localhost:8000/static/js/app.js:1211:23 @ http://localhost:8000/static/js/app.js:13570
[  639973ms] [ERROR] Failed to load resource: net::ERR_CONNECTION_REFUSED @ http://localhost:8000/api/objects/System%20Overview?server=ee8d9159:0
[  639973ms] [ERROR] Error загрузки ee8d9159:overview: TypeError: Failed to fetch
    at fetchObjectData (http://localhost:8000/static/js/app.js:11901:28)
    at loadObjectData (http://localhost:8000/static/js/app.js:13559:28)
    at http://localhost:8000/static/js/app.js:1211:23 @ http://localhost:8000/static/js/app.js:13570
[  640138ms] [ERROR] Failed to load resource: net::ERR_CONNECTION_REFUSED @ http://localhost:8000/api/recording/status:0
[  640973ms] [ERROR] Failed to load resource: net::ERR_CONNECTION_REFUSED @ http://localhost:8000/api/servers:0
[  640973ms] [ERROR] Error обновления списка объектов: TypeError: Failed to fetch
    at fetchServers (http://localhost:8000/static/js/app.js:11827:28)
    at fetchObjects (http://localhost:8000/static/js/app.js:11834:31)
    at refreshObjectsList (http://localhost:8000/static/js/app.js:11882:28)
    at http://localhost:8000/static/js/app.js:1204:9 @ http://localhost:8000/static/js/app.js:11885
[  640974ms] [ERROR] Failed to load resource: net::ERR_CONNECTION_REFUSED @ http://localhost:8000/api/objects/System%20Overview?server=ee8d9159:0
[  640974ms] [ERROR] Error загрузки ee8d9159:overview: TypeError: Failed to fetch
    at fetchObjectData (http://localhost:8000/static/js/app.js:11901:28)
    at loadObjectData (http://localhost:8000/static/js/app.js:13559:28)
    at http://localhost:8000/static/js/app.js:1211:23 @ http://localhost:8000/static/js/app.js:13570
[  641973ms] [ERROR] Failed to load resource: net::ERR_CONNECTION_REFUSED @ http://localhost:8000/api/objects/System%20Overview?server=ee8d9159:0
[  641973ms] [ERROR] Error загрузки ee8d9159:overview: TypeError: Failed to fetch
    at fetchObjectData (http://localhost:8000/static/js/app.js:11901:28)
    at loadObjectData (http://localhost:8000/static/js/app.js:13559:28)
    at http://localhost:8000/static/js/app.js:1211:23 @ http://localhost:8000/static/js/app.js:13570
[  642975ms] [ERROR] Failed to load resource: net::ERR_CONNECTION_REFUSED @ http://localhost:8000/api/objects/System%20Overview?server=ee8d9159:0
[  642975ms] [ERROR] Error загрузки ee8d9159:overview: TypeError: Failed to fetch
    at fetchObjectData (http://localhost:8000/static/js/app.js:11901:28)
    at loadObjectData (http://localhost:8000/static/js/app.js:13559:28)
    at http://localhost:8000/static/js/app.js:1211:23 @ http://localhost:8000/static/js/app.js:13570
[  643973ms] [ERROR] Failed to load resource: net::ERR_CONNECTION_REFUSED @ http://localhost:8000/api/objects/System%20Overview?server=ee8d9159:0
[  643973ms] [ERROR] Error загрузки ee8d9159:overview: TypeError: Failed to fetch
    at fetchObjectData (http://localhost:8000/static/js/app.js:11901:28)
    at loadObjectData (http://localhost:8000/static/js/app.js:13559:28)
    at http://localhost:8000/static/js/app.js:1211:23 @ http://localhost:8000/static/js/app.js:13570
[  644973ms] [ERROR] Failed to load resource: net::ERR_CONNECTION_REFUSED @ http://localhost:8000/api/objects/System%20Overview?server=ee8d9159:0
[  644973ms] [ERROR] Error загрузки ee8d9159:overview: TypeError: Failed to fetch
    at fetchObjectData (http://localhost:8000/static/js/app.js:11901:28)
    at loadObjectData (http://localhost:8000/static/js/app.js:13559:28)
    at http://localhost:8000/static/js/app.js:1211:23 @ http://localhost:8000/static/js/app.js:13570
[  645137ms] [ERROR] Failed to load resource: net::ERR_CONNECTION_REFUSED @ http://localhost:8000/api/recording/status:0
[  645974ms] [ERROR] Failed to load resource: net::ERR_CONNECTION_REFUSED @ http://localhost:8000/api/objects/System%20Overview?server=ee8d9159:0
[  645974ms] [ERROR] Error загрузки ee8d9159:overview: TypeError: Failed to fetch
    at fetchObjectData (http://localhost:8000/static/js/app.js:11901:28)
    at loadObjectData (http://localhost:8000/static/js/app.js:13559:28)
    at http://localhost:8000/static/js/app.js:1211:23 @ http://localhost:8000/static/js/app.js:13570
[  646975ms] [ERROR] Failed to load resource: net::ERR_CONNECTION_REFUSED @ http://localhost:8000/api/servers:0
[  646975ms] [ERROR] Error обновления списка объектов: TypeError: Failed to fetch
    at fetchServers (http://localhost:8000/static/js/app.js:11827:28)
    at fetchObjects (http://localhost:8000/static/js/app.js:11834:31)
    at refreshObjectsList (http://localhost:8000/static/js/app.js:11882:28)
    at http://localhost:8000/static/js/app.js:1204:9 @ http://localhost:8000/static/js/app.js:11885
[  646975ms] [ERROR] Failed to load resource: net::ERR_CONNECTION_REFUSED @ http://localhost:8000/api/objects/System%20Overview?server=ee8d9159:0
[  646976ms] [ERROR] Error загрузки ee8d9159:overview: TypeError: Failed to fetch
    at fetchObjectData (http://localhost:8000/static/js/app.js:11901:28)
    at loadObjectData (http://localhost:8000/static/js/app.js:13559:28)
    at http://localhost:8000/static/js/app.js:1211:23 @ http://localhost:8000/static/js/app.js:13570
[  646976ms] [ERROR] Failed to load resource: net::ERR_CONNECTION_REFUSED @ http://localhost:8000/api/version:0
[  647974ms] [ERROR] Failed to load resource: net::ERR_CONNECTION_REFUSED @ http://localhost:8000/api/objects/System%20Overview?server=ee8d9159:0
[  647974ms] [ERROR] Error загрузки ee8d9159:overview: TypeError: Failed to fetch
    at fetchObjectData (http://localhost:8000/static/js/app.js:11901:28)
    at loadObjectData (http://localhost:8000/static/js/app.js:13559:28)
    at http://localhost:8000/static/js/app.js:1211:23 @ http://localhost:8000/static/js/app.js:13570
[  648973ms] [ERROR] Failed to load resource: net::ERR_CONNECTION_REFUSED @ http://localhost:8000/api/objects/System%20Overview?server=ee8d9159:0
[  648973ms] [ERROR] Error загрузки ee8d9159:overview: TypeError: Failed to fetch
    at fetchObjectData (http://localhost:8000/static/js/app.js:11901:28)
    at loadObjectData (http://localhost:8000/static/js/app.js:13559:28)
    at http://localhost:8000/static/js/app.js:1211:23 @ http://localhost:8000/static/js/app.js:13570
[  649974ms] [ERROR] Failed to load resource: net::ERR_CONNECTION_REFUSED @ http://localhost:8000/api/objects/System%20Overview?server=ee8d9159:0
[  649974ms] [ERROR] Error загрузки ee8d9159:overview: TypeError: Failed to fetch
    at fetchObjectData (http://localhost:8000/static/js/app.js:11901:28)
    at loadObjectData (http://localhost:8000/static/js/app.js:13559:28)
    at http://localhost:8000/static/js/app.js:1211:23 @ http://localhost:8000/static/js/app.js:13570
[  650139ms] [ERROR] Failed to load resource: net::ERR_CONNECTION_REFUSED @ http://localhost:8000/api/recording/status:0
[  650973ms] [ERROR] Failed to load resource: net::ERR_CONNECTION_REFUSED @ http://localhost:8000/api/objects/System%20Overview?server=ee8d9159:0
[  650973ms] [ERROR] Error загрузки ee8d9159:overview: TypeError: Failed to fetch
    at fetchObjectData (http://localhost:8000/static/js/app.js:11901:28)
    at loadObjectData (http://localhost:8000/static/js/app.js:13559:28)
    at http://localhost:8000/static/js/app.js:1211:23 @ http://localhost:8000/static/js/app.js:13570
[  651974ms] [ERROR] Failed to load resource: net::ERR_CONNECTION_REFUSED @ http://localhost:8000/api/objects/System%20Overview?server=ee8d9159:0
[  651974ms] [ERROR] Error загрузки ee8d9159:overview: TypeError: Failed to fetch
    at fetchObjectData (http://localhost:8000/static/js/app.js:11901:28)
    at loadObjectData (http://localhost:8000/static/js/app.js:13559:28)
    at http://localhost:8000/static/js/app.js:1211:23 @ http://localhost:8000/static/js/app.js:13570
[  652973ms] [ERROR] Failed to load resource: net::ERR_CONNECTION_REFUSED @ http://localhost:8000/api/servers:0
[  652973ms] [ERROR] Error обновления списка объектов: TypeError: Failed to fetch
    at fetchServers (http://localhost:8000/static/js/app.js:11827:28)
    at fetchObjects (http://localhost:8000/static/js/app.js:11834:31)
    at refreshObjectsList (http://localhost:8000/static/js/app.js:11882:28)
    at http://localhost:8000/static/js/app.js:1204:9 @ http://localhost:8000/static/js/app.js:11885
[  652973ms] [ERROR] Failed to load resource: net::ERR_CONNECTION_REFUSED @ http://localhost:8000/api/objects/System%20Overview?server=ee8d9159:0
[  652973ms] [ERROR] Error загрузки ee8d9159:overview: TypeError: Failed to fetch
    at fetchObjectData (http://localhost:8000/static/js/app.js:11901:28)
    at loadObjectData (http://localhost:8000/static/js/app.js:13559:28)
    at http://localhost:8000/static/js/app.js:1211:23 @ http://localhost:8000/static/js/app.js:13570
[  653974ms] [ERROR] Failed to load resource: net::ERR_CONNECTION_REFUSED @ http://localhost:8000/api/objects/System%20Overview?server=ee8d9159:0
[  653974ms] [ERROR] Error загрузки ee8d9159:overview: TypeError: Failed to fetch
    at fetchObjectData (http://localhost:8000/static/js/app.js:11901:28)
    at loadObjectData (http://localhost:8000/static/js/app.js:13559:28)
    at http://localhost:8000/static/js/app.js:1211:23 @ http://localhost:8000/static/js/app.js:13570
[  654974ms] [ERROR] Failed to load resource: net::ERR_CONNECTION_REFUSED @ http://localhost:8000/api/objects/System%20Overview?server=ee8d9159:0
[  654974ms] [ERROR] Error загрузки ee8d9159:overview: TypeError: Failed to fetch
    at fetchObjectData (http://localhost:8000/static/js/app.js:11901:28)
    at loadObjectData (http://localhost:8000/static/js/app.js:13559:28)
    at http://localhost:8000/static/js/app.js:1211:23 @ http://localhost:8000/static/js/app.js:13570
[  655138ms] [ERROR] Failed to load resource: net::ERR_CONNECTION_REFUSED @ http://localhost:8000/api/recording/status:0
[  655973ms] [ERROR] Failed to load resource: net::ERR_CONNECTION_REFUSED @ http://localhost:8000/api/objects/System%20Overview?server=ee8d9159:0
[  655973ms] [ERROR] Error загрузки ee8d9159:overview: TypeError: Failed to fetch
    at fetchObjectData (http://localhost:8000/static/js/app.js:11901:28)
    at loadObjectData (http://localhost:8000/static/js/app.js:13559:28)
    at http://localhost:8000/static/js/app.js:1211:23 @ http://localhost:8000/static/js/app.js:13570
[  656974ms] [ERROR] Failed to load resource: net::ERR_CONNECTION_REFUSED @ http://localhost:8000/api/objects/System%20Overview?server=ee8d9159:0
[  656974ms] [ERROR] Error загрузки ee8d9159:overview: TypeError: Failed to fetch
    at fetchObjectData (http://localhost:8000/static/js/app.js:11901:28)
    at loadObjectData (http://localhost:8000/static/js/app.js:13559:28)
    at http://localhost:8000/static/js/app.js:1211:23 @ http://localhost:8000/static/js/app.js:13570
[  657973ms] [ERROR] Failed to load resource: net::ERR_CONNECTION_REFUSED @ http://localhost:8000/api/objects/System%20Overview?server=ee8d9159:0
[  657973ms] [ERROR] Error загрузки ee8d9159:overview: TypeError: Failed to fetch
    at fetchObjectData (http://localhost:8000/static/js/app.js:11901:28)
    at loadObjectData (http://localhost:8000/static/js/app.js:13559:28)
    at http://localhost:8000/static/js/app.js:1211:23 @ http://localhost:8000/static/js/app.js:13570
[  658973ms] [ERROR] Failed to load resource: net::ERR_CONNECTION_REFUSED @ http://localhost:8000/api/servers:0
[  658973ms] [ERROR] Error обновления списка объектов: TypeError: Failed to fetch
    at fetchServers (http://localhost:8000/static/js/app.js:11827:28)
    at fetchObjects (http://localhost:8000/static/js/app.js:11834:31)
    at refreshObjectsList (http://localhost:8000/static/js/app.js:11882:28)
    at http://localhost:8000/static/js/app.js:1204:9 @ http://localhost:8000/static/js/app.js:11885
[  658973ms] [ERROR] Failed to load resource: net::ERR_CONNECTION_REFUSED @ http://localhost:8000/api/objects/System%20Overview?server=ee8d9159:0
[  658973ms] [ERROR] Error загрузки ee8d9159:overview: TypeError: Failed to fetch
    at fetchObjectData (http://localhost:8000/static/js/app.js:11901:28)
    at loadObjectData (http://localhost:8000/static/js/app.js:13559:28)
    at http://localhost:8000/static/js/app.js:1211:23 @ http://localhost:8000/static/js/app.js:13570
[  659974ms] [ERROR] Failed to load resource: net::ERR_CONNECTION_REFUSED @ http://localhost:8000/api/objects/System%20Overview?server=ee8d9159:0
[  659974ms] [ERROR] Error загрузки ee8d9159:overview: TypeError: Failed to fetch
    at fetchObjectData (http://localhost:8000/static/js/app.js:11901:28)
    at loadObjectData (http://localhost:8000/static/js/app.js:13559:28)
    at http://localhost:8000/static/js/app.js:1211:23 @ http://localhost:8000/static/js/app.js:13570
[  660138ms] [ERROR] Failed to load resource: net::ERR_CONNECTION_REFUSED @ http://localhost:8000/api/recording/status:0
[  660973ms] [ERROR] Failed to load resource: net::ERR_CONNECTION_REFUSED @ http://localhost:8000/api/objects/System%20Overview?server=ee8d9159:0
[  660973ms] [ERROR] Error загрузки ee8d9159:overview: TypeError: Failed to fetch
    at fetchObjectData (http://localhost:8000/static/js/app.js:11901:28)
    at loadObjectData (http://localhost:8000/static/js/app.js:13559:28)
    at http://localhost:8000/static/js/app.js:1211:23 @ http://localhost:8000/static/js/app.js:13570
[  661974ms] [ERROR] Failed to load resource: net::ERR_CONNECTION_REFUSED @ http://localhost:8000/api/objects/System%20Overview?server=ee8d9159:0
[  661974ms] [ERROR] Error загрузки ee8d9159:overview: TypeError: Failed to fetch
    at fetchObjectData (http://localhost:8000/static/js/app.js:11901:28)
    at loadObjectData (http://localhost:8000/static/js/app.js:13559:28)
    at http://localhost:8000/static/js/app.js:1211:23 @ http://localhost:8000/static/js/app.js:13570
[  662973ms] [ERROR] Failed to load resource: net::ERR_CONNECTION_REFUSED @ http://localhost:8000/api/objects/System%20Overview?server=ee8d9159:0
[  662973ms] [ERROR] Error загрузки ee8d9159:overview: TypeError: Failed to fetch
    at fetchObjectData (http://localhost:8000/static/js/app.js:11901:28)
    at loadObjectData (http://localhost:8000/static/js/app.js:13559:28)
    at http://localhost:8000/static/js/app.js:1211:23 @ http://localhost:8000/static/js/app.js:13570
[  663975ms] [ERROR] Failed to load resource: net::ERR_CONNECTION_REFUSED @ http://localhost:8000/api/objects/System%20Overview?server=ee8d9159:0
[  663975ms] [ERROR] Error загрузки ee8d9159:overview: TypeError: Failed to fetch
    at fetchObjectData (http://localhost:8000/static/js/app.js:11901:28)
    at loadObjectData (http://localhost:8000/static/js/app.js:13559:28)
    at http://localhost:8000/static/js/app.js:1211:23 @ http://localhost:8000/static/js/app.js:13570
[  664976ms] [ERROR] Failed to load resource: net::ERR_CONNECTION_REFUSED @ http://localhost:8000/api/servers:0
[  664976ms] [ERROR] Error обновления списка объектов: TypeError: Failed to fetch
    at fetchServers (http://localhost:8000/static/js/app.js:11827:28)
    at fetchObjects (http://localhost:8000/static/js/app.js:11834:31)
    at refreshObjectsList (http://localhost:8000/static/js/app.js:11882:28)
    at http://localhost:8000/static/js/app.js:1204:9 @ http://localhost:8000/static/js/app.js:11885
[  664976ms] [ERROR] Failed to load resource: net::ERR_CONNECTION_REFUSED @ http://localhost:8000/api/objects/System%20Overview?server=ee8d9159:0
[  664976ms] [ERROR] Error загрузки ee8d9159:overview: TypeError: Failed to fetch
    at fetchObjectData (http://localhost:8000/static/js/app.js:11901:28)
    at loadObjectData (http://localhost:8000/static/js/app.js:13559:28)
    at http://localhost:8000/static/js/app.js:1211:23 @ http://localhost:8000/static/js/app.js:13570
[  665137ms] [ERROR] Failed to load resource: net::ERR_CONNECTION_REFUSED @ http://localhost:8000/api/recording/status:0
[  665973ms] [ERROR] Failed to load resource: net::ERR_CONNECTION_REFUSED @ http://localhost:8000/api/objects/System%20Overview?server=ee8d9159:0
[  665973ms] [ERROR] Error загрузки ee8d9159:overview: TypeError: Failed to fetch
    at fetchObjectData (http://localhost:8000/static/js/app.js:11901:28)
    at loadObjectData (http://localhost:8000/static/js/app.js:13559:28)
    at http://localhost:8000/static/js/app.js:1211:23 @ http://localhost:8000/static/js/app.js:13570
[  666973ms] [ERROR] Failed to load resource: net::ERR_CONNECTION_REFUSED @ http://localhost:8000/api/objects/System%20Overview?server=ee8d9159:0
[  666973ms] [ERROR] Error загрузки ee8d9159:overview: TypeError: Failed to fetch
    at fetchObjectData (http://localhost:8000/static/js/app.js:11901:28)
    at loadObjectData (http://localhost:8000/static/js/app.js:13559:28)
    at http://localhost:8000/static/js/app.js:1211:23 @ http://localhost:8000/static/js/app.js:13570
[  667973ms] [ERROR] Failed to load resource: net::ERR_CONNECTION_REFUSED @ http://localhost:8000/api/objects/System%20Overview?server=ee8d9159:0
[  667973ms] [ERROR] Error загрузки ee8d9159:overview: TypeError: Failed to fetch
    at fetchObjectData (http://localhost:8000/static/js/app.js:11901:28)
    at loadObjectData (http://localhost:8000/static/js/app.js:13559:28)
    at http://localhost:8000/static/js/app.js:1211:23 @ http://localhost:8000/static/js/app.js:13570
[  668973ms] [ERROR] Failed to load resource: net::ERR_CONNECTION_REFUSED @ http://localhost:8000/api/objects/System%20Overview?server=ee8d9159:0
[  668973ms] [ERROR] Error загрузки ee8d9159:overview: TypeError: Failed to fetch
    at fetchObjectData (http://localhost:8000/static/js/app.js:11901:28)
    at loadObjectData (http://localhost:8000/static/js/app.js:13559:28)
    at http://localhost:8000/static/js/app.js:1211:23 @ http://localhost:8000/static/js/app.js:13570
[  669973ms] [ERROR] Failed to load resource: net::ERR_CONNECTION_REFUSED @ http://localhost:8000/api/objects/System%20Overview?server=ee8d9159:0
[  669974ms] [ERROR] Error загрузки ee8d9159:overview: TypeError: Failed to fetch
    at fetchObjectData (http://localhost:8000/static/js/app.js:11901:28)
    at loadObjectData (http://localhost:8000/static/js/app.js:13559:28)
    at http://localhost:8000/static/js/app.js:1211:23 @ http://localhost:8000/static/js/app.js:13570
[  670138ms] [ERROR] Failed to load resource: net::ERR_CONNECTION_REFUSED @ http://localhost:8000/api/recording/status:0
[  670973ms] [ERROR] Failed to load resource: net::ERR_CONNECTION_REFUSED @ http://localhost:8000/api/servers:0
[  670973ms] [ERROR] Error обновления списка объектов: TypeError: Failed to fetch
    at fetchServers (http://localhost:8000/static/js/app.js:11827:28)
    at fetchObjects (http://localhost:8000/static/js/app.js:11834:31)
    at refreshObjectsList (http://localhost:8000/static/js/app.js:11882:28)
    at http://localhost:8000/static/js/app.js:1204:9 @ http://localhost:8000/static/js/app.js:11885
[  670974ms] [ERROR] Failed to load resource: net::ERR_CONNECTION_REFUSED @ http://localhost:8000/api/objects/System%20Overview?server=ee8d9159:0
[  670974ms] [ERROR] Error загрузки ee8d9159:overview: TypeError: Failed to fetch
    at fetchObjectData (http://localhost:8000/static/js/app.js:11901:28)
    at loadObjectData (http://localhost:8000/static/js/app.js:13559:28)
    at http://localhost:8000/static/js/app.js:1211:23 @ http://localhost:8000/static/js/app.js:13570
[  671974ms] [ERROR] Failed to load resource: net::ERR_CONNECTION_REFUSED @ http://localhost:8000/api/objects/System%20Overview?server=ee8d9159:0
[  671974ms] [ERROR] Error загрузки ee8d9159:overview: TypeError: Failed to fetch
    at fetchObjectData (http://localhost:8000/static/js/app.js:11901:28)
    at loadObjectData (http://localhost:8000/static/js/app.js:13559:28)
    at http://localhost:8000/static/js/app.js:1211:23 @ http://localhost:8000/static/js/app.js:13570
[  672973ms] [ERROR] Failed to load resource: net::ERR_CONNECTION_REFUSED @ http://localhost:8000/api/objects/System%20Overview?server=ee8d9159:0
[  672974ms] [ERROR] Error загрузки ee8d9159:overview: TypeError: Failed to fetch
    at fetchObjectData (http://localhost:8000/static/js/app.js:11901:28)
    at loadObjectData (http://localhost:8000/static/js/app.js:13559:28)
    at http://localhost:8000/static/js/app.js:1211:23 @ http://localhost:8000/static/js/app.js:13570
[  673973ms] [ERROR] Failed to load resource: net::ERR_CONNECTION_REFUSED @ http://localhost:8000/api/objects/System%20Overview?server=ee8d9159:0
[  673974ms] [ERROR] Error загрузки ee8d9159:overview: TypeError: Failed to fetch
    at fetchObjectData (http://localhost:8000/static/js/app.js:11901:28)
    at loadObjectData (http://localhost:8000/static/js/app.js:13559:28)
    at http://localhost:8000/static/js/app.js:1211:23 @ http://localhost:8000/static/js/app.js:13570
[  674973ms] [ERROR] Failed to load resource: net::ERR_CONNECTION_REFUSED @ http://localhost:8000/api/objects/System%20Overview?server=ee8d9159:0
[  674973ms] [ERROR] Error загрузки ee8d9159:overview: TypeError: Failed to fetch
    at fetchObjectData (http://localhost:8000/static/js/app.js:11901:28)
    at loadObjectData (http://localhost:8000/static/js/app.js:13559:28)
    at http://localhost:8000/static/js/app.js:1211:23 @ http://localhost:8000/static/js/app.js:13570
[  675138ms] [ERROR] Failed to load resource: net::ERR_CONNECTION_REFUSED @ http://localhost:8000/api/recording/status:0
[  675974ms] [ERROR] Failed to load resource: net::ERR_CONNECTION_REFUSED @ http://localhost:8000/api/objects/System%20Overview?server=ee8d9159:0
[  675974ms] [ERROR] Error загрузки ee8d9159:overview: TypeError: Failed to fetch
    at fetchObjectData (http://localhost:8000/static/js/app.js:11901:28)
    at loadObjectData (http://localhost:8000/static/js/app.js:13559:28)
    at http://localhost:8000/static/js/app.js:1211:23 @ http://localhost:8000/static/js/app.js:13570
[  676976ms] [ERROR] Failed to load resource: net::ERR_CONNECTION_REFUSED @ http://localhost:8000/api/servers:0
[  676976ms] [ERROR] Error обновления списка объектов: TypeError: Failed to fetch
    at fetchServers (http://localhost:8000/static/js/app.js:11827:28)
    at fetchObjects (http://localhost:8000/static/js/app.js:11834:31)
    at refreshObjectsList (http://localhost:8000/static/js/app.js:11882:28)
    at http://localhost:8000/static/js/app.js:1204:9 @ http://localhost:8000/static/js/app.js:11885
[  676977ms] [ERROR] Failed to load resource: net::ERR_CONNECTION_REFUSED @ http://localhost:8000/api/objects/System%20Overview?server=ee8d9159:0
[  676977ms] [ERROR] Error загрузки ee8d9159:overview: TypeError: Failed to fetch
    at fetchObjectData (http://localhost:8000/static/js/app.js:11901:28)
    at loadObjectData (http://localhost:8000/static/js/app.js:13559:28)
    at http://localhost:8000/static/js/app.js:1211:23 @ http://localhost:8000/static/js/app.js:13570
[  676977ms] [ERROR] Failed to load resource: net::ERR_CONNECTION_REFUSED @ http://localhost:8000/api/version:0
[  677973ms] [ERROR] Failed to load resource: net::ERR_CONNECTION_REFUSED @ http://localhost:8000/api/objects/System%20Overview?server=ee8d9159:0
[  677973ms] [ERROR] Error загрузки ee8d9159:overview: TypeError: Failed to fetch
    at fetchObjectData (http://localhost:8000/static/js/app.js:11901:28)
    at loadObjectData (http://localhost:8000/static/js/app.js:13559:28)
    at http://localhost:8000/static/js/app.js:1211:23 @ http://localhost:8000/static/js/app.js:13570
[  678974ms] [ERROR] Failed to load resource: net::ERR_CONNECTION_REFUSED @ http://localhost:8000/api/objects/System%20Overview?server=ee8d9159:0
[  678974ms] [ERROR] Error загрузки ee8d9159:overview: TypeError: Failed to fetch
    at fetchObjectData (http://localhost:8000/static/js/app.js:11901:28)
    at loadObjectData (http://localhost:8000/static/js/app.js:13559:28)
    at http://localhost:8000/static/js/app.js:1211:23 @ http://localhost:8000/static/js/app.js:13570
[  679973ms] [ERROR] Failed to load resource: net::ERR_CONNECTION_REFUSED @ http://localhost:8000/api/objects/System%20Overview?server=ee8d9159:0
[  679973ms] [ERROR] Error загрузки ee8d9159:overview: TypeError: Failed to fetch
    at fetchObjectData (http://localhost:8000/static/js/app.js:11901:28)
    at loadObjectData (http://localhost:8000/static/js/app.js:13559:28)
    at http://localhost:8000/static/js/app.js:1211:23 @ http://localhost:8000/static/js/app.js:13570
[  680138ms] [ERROR] Failed to load resource: net::ERR_CONNECTION_REFUSED @ http://localhost:8000/api/recording/status:0
[  680973ms] [ERROR] Failed to load resource: net::ERR_CONNECTION_REFUSED @ http://localhost:8000/api/objects/System%20Overview?server=ee8d9159:0
[  680973ms] [ERROR] Error загрузки ee8d9159:overview: TypeError: Failed to fetch
    at fetchObjectData (http://localhost:8000/static/js/app.js:11901:28)
    at loadObjectData (http://localhost:8000/static/js/app.js:13559:28)
    at http://localhost:8000/static/js/app.js:1211:23 @ http://localhost:8000/static/js/app.js:13570
[  681974ms] [ERROR] Failed to load resource: net::ERR_CONNECTION_REFUSED @ http://localhost:8000/api/objects/System%20Overview?server=ee8d9159:0
[  681974ms] [ERROR] Error загрузки ee8d9159:overview: TypeError: Failed to fetch
    at fetchObjectData (http://localhost:8000/static/js/app.js:11901:28)
    at loadObjectData (http://localhost:8000/static/js/app.js:13559:28)
    at http://localhost:8000/static/js/app.js:1211:23 @ http://localhost:8000/static/js/app.js:13570
[  682973ms] [ERROR] Failed to load resource: net::ERR_CONNECTION_REFUSED @ http://localhost:8000/api/servers:0
[  682974ms] [ERROR] Error обновления списка объектов: TypeError: Failed to fetch
    at fetchServers (http://localhost:8000/static/js/app.js:11827:28)
    at fetchObjects (http://localhost:8000/static/js/app.js:11834:31)
    at refreshObjectsList (http://localhost:8000/static/js/app.js:11882:28)
    at http://localhost:8000/static/js/app.js:1204:9 @ http://localhost:8000/static/js/app.js:11885
[  682974ms] [ERROR] Failed to load resource: net::ERR_CONNECTION_REFUSED @ http://localhost:8000/api/objects/System%20Overview?server=ee8d9159:0
[  682974ms] [ERROR] Error загрузки ee8d9159:overview: TypeError: Failed to fetch
    at fetchObjectData (http://localhost:8000/static/js/app.js:11901:28)
    at loadObjectData (http://localhost:8000/static/js/app.js:13559:28)
    at http://localhost:8000/static/js/app.js:1211:23 @ http://localhost:8000/static/js/app.js:13570
[  683974ms] [ERROR] Failed to load resource: net::ERR_CONNECTION_REFUSED @ http://localhost:8000/api/objects/System%20Overview?server=ee8d9159:0
[  683974ms] [ERROR] Error загрузки ee8d9159:overview: TypeError: Failed to fetch
    at fetchObjectData (http://localhost:8000/static/js/app.js:11901:28)
    at loadObjectData (http://localhost:8000/static/js/app.js:13559:28)
    at http://localhost:8000/static/js/app.js:1211:23 @ http://localhost:8000/static/js/app.js:13570
[  684973ms] [ERROR] Failed to load resource: net::ERR_CONNECTION_REFUSED @ http://localhost:8000/api/objects/System%20Overview?server=ee8d9159:0
[  684973ms] [ERROR] Error загрузки ee8d9159:overview: TypeError: Failed to fetch
    at fetchObjectData (http://localhost:8000/static/js/app.js:11901:28)
    at loadObjectData (http://localhost:8000/static/js/app.js:13559:28)
    at http://localhost:8000/static/js/app.js:1211:23 @ http://localhost:8000/static/js/app.js:13570
[  685138ms] [ERROR] Failed to load resource: net::ERR_CONNECTION_REFUSED @ http://localhost:8000/api/recording/status:0
[  685973ms] [ERROR] Failed to load resource: net::ERR_CONNECTION_REFUSED @ http://localhost:8000/api/objects/System%20Overview?server=ee8d9159:0
[  685973ms] [ERROR] Error загрузки ee8d9159:overview: TypeError: Failed to fetch
    at fetchObjectData (http://localhost:8000/static/js/app.js:11901:28)
    at loadObjectData (http://localhost:8000/static/js/app.js:13559:28)
    at http://localhost:8000/static/js/app.js:1211:23 @ http://localhost:8000/static/js/app.js:13570
[  686973ms] [ERROR] Failed to load resource: net::ERR_CONNECTION_REFUSED @ http://localhost:8000/api/objects/System%20Overview?server=ee8d9159:0
[  686973ms] [ERROR] Error загрузки ee8d9159:overview: TypeError: Failed to fetch
    at fetchObjectData (http://localhost:8000/static/js/app.js:11901:28)
    at loadObjectData (http://localhost:8000/static/js/app.js:13559:28)
    at http://localhost:8000/static/js/app.js:1211:23 @ http://localhost:8000/static/js/app.js:13570
[  687973ms] [ERROR] Failed to load resource: net::ERR_CONNECTION_REFUSED @ http://localhost:8000/api/objects/System%20Overview?server=ee8d9159:0
[  687973ms] [ERROR] Error загрузки ee8d9159:overview: TypeError: Failed to fetch
    at fetchObjectData (http://localhost:8000/static/js/app.js:11901:28)
    at loadObjectData (http://localhost:8000/static/js/app.js:13559:28)
    at http://localhost:8000/static/js/app.js:1211:23 @ http://localhost:8000/static/js/app.js:13570
[  688975ms] [ERROR] Failed to load resource: net::ERR_CONNECTION_REFUSED @ http://localhost:8000/api/servers:0
[  688975ms] [ERROR] Error обновления списка объектов: TypeError: Failed to fetch
    at fetchServers (http://localhost:8000/static/js/app.js:11827:28)
    at fetchObjects (http://localhost:8000/static/js/app.js:11834:31)
    at refreshObjectsList (http://localhost:8000/static/js/app.js:11882:28)
    at http://localhost:8000/static/js/app.js:1204:9 @ http://localhost:8000/static/js/app.js:11885
[  688975ms] [ERROR] Failed to load resource: net::ERR_CONNECTION_REFUSED @ http://localhost:8000/api/objects/System%20Overview?server=ee8d9159:0
[  688975ms] [ERROR] Error загрузки ee8d9159:overview: TypeError: Failed to fetch
    at fetchObjectData (http://localhost:8000/static/js/app.js:11901:28)
    at loadObjectData (http://localhost:8000/static/js/app.js:13559:28)
    at http://localhost:8000/static/js/app.js:1211:23 @ http://localhost:8000/static/js/app.js:13570
[  689974ms] [ERROR] Failed to load resource: net::ERR_CONNECTION_REFUSED @ http://localhost:8000/api/objects/System%20Overview?server=ee8d9159:0
[  689974ms] [ERROR] Error загрузки ee8d9159:overview: TypeError: Failed to fetch
    at fetchObjectData (http://localhost:8000/static/js/app.js:11901:28)
    at loadObjectData (http://localhost:8000/static/js/app.js:13559:28)
    at http://localhost:8000/static/js/app.js:1211:23 @ http://localhost:8000/static/js/app.js:13570
[  690138ms] [ERROR] Failed to load resource: net::ERR_CONNECTION_REFUSED @ http://localhost:8000/api/recording/status:0
[  690973ms] [ERROR] Failed to load resource: net::ERR_CONNECTION_REFUSED @ http://localhost:8000/api/objects/System%20Overview?server=ee8d9159:0
[  690973ms] [ERROR] Error загрузки ee8d9159:overview: TypeError: Failed to fetch
    at fetchObjectData (http://localhost:8000/static/js/app.js:11901:28)
    at loadObjectData (http://localhost:8000/static/js/app.js:13559:28)
    at http://localhost:8000/static/js/app.js:1211:23 @ http://localhost:8000/static/js/app.js:13570
[  691973ms] [ERROR] Failed to load resource: net::ERR_CONNECTION_REFUSED @ http://localhost:8000/api/objects/System%20Overview?server=ee8d9159:0
[  691973ms] [ERROR] Error загрузки ee8d9159:overview: TypeError: Failed to fetch
    at fetchObjectData (http://localhost:8000/static/js/app.js:11901:28)
    at loadObjectData (http://localhost:8000/static/js/app.js:13559:28)
    at http://localhost:8000/static/js/app.js:1211:23 @ http://localhost:8000/static/js/app.js:13570
[  692973ms] [ERROR] Failed to load resource: net::ERR_CONNECTION_REFUSED @ http://localhost:8000/api/objects/System%20Overview?server=ee8d9159:0
[  692974ms] [ERROR] Error загрузки ee8d9159:overview: TypeError: Failed to fetch
    at fetchObjectData (http://localhost:8000/static/js/app.js:11901:28)
    at loadObjectData (http://localhost:8000/static/js/app.js:13559:28)
    at http://localhost:8000/static/js/app.js:1211:23 @ http://localhost:8000/static/js/app.js:13570
[  693973ms] [ERROR] Failed to load resource: net::ERR_CONNECTION_REFUSED @ http://localhost:8000/api/objects/System%20Overview?server=ee8d9159:0
[  693973ms] [ERROR] Error загрузки ee8d9159:overview: TypeError: Failed to fetch
    at fetchObjectData (http://localhost:8000/static/js/app.js:11901:28)
    at loadObjectData (http://localhost:8000/static/js/app.js:13559:28)
    at http://localhost:8000/static/js/app.js:1211:23 @ http://localhost:8000/static/js/app.js:13570
[  694974ms] [ERROR] Failed to load resource: net::ERR_CONNECTION_REFUSED @ http://localhost:8000/api/servers:0
[  694974ms] [ERROR] Error обновления списка объектов: TypeError: Failed to fetch
    at fetchServers (http://localhost:8000/static/js/app.js:11827:28)
    at fetchObjects (http://localhost:8000/static/js/app.js:11834:31)
    at refreshObjectsList (http://localhost:8000/static/js/app.js:11882:28)
    at http://localhost:8000/static/js/app.js:1204:9 @ http://localhost:8000/static/js/app.js:11885
[  694975ms] [ERROR] Failed to load resource: net::ERR_CONNECTION_REFUSED @ http://localhost:8000/api/objects/System%20Overview?server=ee8d9159:0
[  694975ms] [ERROR] Error загрузки ee8d9159:overview: TypeError: Failed to fetch
    at fetchObjectData (http://localhost:8000/static/js/app.js:11901:28)
    at loadObjectData (http://localhost:8000/static/js/app.js:13559:28)
    at http://localhost:8000/static/js/app.js:1211:23 @ http://localhost:8000/static/js/app.js:13570
[  695138ms] [ERROR] Failed to load resource: net::ERR_CONNECTION_REFUSED @ http://localhost:8000/api/recording/status:0
[  695973ms] [ERROR] Failed to load resource: net::ERR_CONNECTION_REFUSED @ http://localhost:8000/api/objects/System%20Overview?server=ee8d9159:0
[  695973ms] [ERROR] Error загрузки ee8d9159:overview: TypeError: Failed to fetch
    at fetchObjectData (http://localhost:8000/static/js/app.js:11901:28)
    at loadObjectData (http://localhost:8000/static/js/app.js:13559:28)
    at http://localhost:8000/static/js/app.js:1211:23 @ http://localhost:8000/static/js/app.js:13570
[  696973ms] [ERROR] Failed to load resource: net::ERR_CONNECTION_REFUSED @ http://localhost:8000/api/objects/System%20Overview?server=ee8d9159:0
[  696973ms] [ERROR] Error загрузки ee8d9159:overview: TypeError: Failed to fetch
    at fetchObjectData (http://localhost:8000/static/js/app.js:11901:28)
    at loadObjectData (http://localhost:8000/static/js/app.js:13559:28)
    at http://localhost:8000/static/js/app.js:1211:23 @ http://localhost:8000/static/js/app.js:13570
[  697973ms] [ERROR] Failed to load resource: net::ERR_CONNECTION_REFUSED @ http://localhost:8000/api/objects/System%20Overview?server=ee8d9159:0
[  697973ms] [ERROR] Error загрузки ee8d9159:overview: TypeError: Failed to fetch
    at fetchObjectData (http://localhost:8000/static/js/app.js:11901:28)
    at loadObjectData (http://localhost:8000/static/js/app.js:13559:28)
    at http://localhost:8000/static/js/app.js:1211:23 @ http://localhost:8000/static/js/app.js:13570
[  698974ms] [ERROR] Failed to load resource: net::ERR_CONNECTION_REFUSED @ http://localhost:8000/api/objects/System%20Overview?server=ee8d9159:0
[  698974ms] [ERROR] Error загрузки ee8d9159:overview: TypeError: Failed to fetch
    at fetchObjectData (http://localhost:8000/static/js/app.js:11901:28)
    at loadObjectData (http://localhost:8000/static/js/app.js:13559:28)
    at http://localhost:8000/static/js/app.js:1211:23 @ http://localhost:8000/static/js/app.js:13570
[  699973ms] [ERROR] Failed to load resource: net::ERR_CONNECTION_REFUSED @ http://localhost:8000/api/objects/System%20Overview?server=ee8d9159:0
[  699973ms] [ERROR] Error загрузки ee8d9159:overview: TypeError: Failed to fetch
    at fetchObjectData (http://localhost:8000/static/js/app.js:11901:28)
    at loadObjectData (http://localhost:8000/static/js/app.js:13559:28)
    at http://localhost:8000/static/js/app.js:1211:23 @ http://localhost:8000/static/js/app.js:13570
[  700138ms] [ERROR] Failed to load resource: net::ERR_CONNECTION_REFUSED @ http://localhost:8000/api/recording/status:0
[  700974ms] [ERROR] Failed to load resource: net::ERR_CONNECTION_REFUSED @ http://localhost:8000/api/servers:0
[  700974ms] [ERROR] Error обновления списка объектов: TypeError: Failed to fetch
    at fetchServers (http://localhost:8000/static/js/app.js:11827:28)
    at fetchObjects (http://localhost:8000/static/js/app.js:11834:31)
    at refreshObjectsList (http://localhost:8000/static/js/app.js:11882:28)
    at http://localhost:8000/static/js/app.js:1204:9 @ http://localhost:8000/static/js/app.js:11885
[  700974ms] [ERROR] Failed to load resource: net::ERR_CONNECTION_REFUSED @ http://localhost:8000/api/objects/System%20Overview?server=ee8d9159:0
[  700974ms] [ERROR] Error загрузки ee8d9159:overview: TypeError: Failed to fetch
    at fetchObjectData (http://localhost:8000/static/js/app.js:11901:28)
    at loadObjectData (http://localhost:8000/static/js/app.js:13559:28)
    at http://localhost:8000/static/js/app.js:1211:23 @ http://localhost:8000/static/js/app.js:13570
[  701973ms] [ERROR] Failed to load resource: net::ERR_CONNECTION_REFUSED @ http://localhost:8000/api/objects/System%20Overview?server=ee8d9159:0
[  701974ms] [ERROR] Error загрузки ee8d9159:overview: TypeError: Failed to fetch
    at fetchObjectData (http://localhost:8000/static/js/app.js:11901:28)
    at loadObjectData (http://localhost:8000/static/js/app.js:13559:28)
    at http://localhost:8000/static/js/app.js:1211:23 @ http://localhost:8000/static/js/app.js:13570
[  702973ms] [ERROR] Failed to load resource: net::ERR_CONNECTION_REFUSED @ http://localhost:8000/api/objects/System%20Overview?server=ee8d9159:0
[  702973ms] [ERROR] Error загрузки ee8d9159:overview: TypeError: Failed to fetch
    at fetchObjectData (http://localhost:8000/static/js/app.js:11901:28)
    at loadObjectData (http://localhost:8000/static/js/app.js:13559:28)
    at http://localhost:8000/static/js/app.js:1211:23 @ http://localhost:8000/static/js/app.js:13570
[  703973ms] [ERROR] Failed to load resource: net::ERR_CONNECTION_REFUSED @ http://localhost:8000/api/objects/System%20Overview?server=ee8d9159:0
[  703973ms] [ERROR] Error загрузки ee8d9159:overview: TypeError: Failed to fetch
    at fetchObjectData (http://localhost:8000/static/js/app.js:11901:28)
    at loadObjectData (http://localhost:8000/static/js/app.js:13559:28)
    at http://localhost:8000/static/js/app.js:1211:23 @ http://localhost:8000/static/js/app.js:13570
[  704973ms] [ERROR] Failed to load resource: net::ERR_CONNECTION_REFUSED @ http://localhost:8000/api/objects/System%20Overview?server=ee8d9159:0
[  704973ms] [ERROR] Error загрузки ee8d9159:overview: TypeError: Failed to fetch
    at fetchObjectData (http://localhost:8000/static/js/app.js:11901:28)
    at loadObjectData (http://localhost:8000/static/js/app.js:13559:28)
    at http://localhost:8000/static/js/app.js:1211:23 @ http://localhost:8000/static/js/app.js:13570
[  705137ms] [ERROR] Failed to load resource: net::ERR_CONNECTION_REFUSED @ http://localhost:8000/api/recording/status:0
[  705975ms] [ERROR] Failed to load resource: net::ERR_CONNECTION_REFUSED @ http://localhost:8000/api/objects/System%20Overview?server=ee8d9159:0
[  705975ms] [ERROR] Error загрузки ee8d9159:overview: TypeError: Failed to fetch
    at fetchObjectData (http://localhost:8000/static/js/app.js:11901:28)
    at loadObjectData (http://localhost:8000/static/js/app.js:13559:28)
    at http://localhost:8000/static/js/app.js:1211:23 @ http://localhost:8000/static/js/app.js:13570
[  706975ms] [ERROR] Failed to load resource: net::ERR_CONNECTION_REFUSED @ http://localhost:8000/api/servers:0
[  706976ms] [ERROR] Error обновления списка объектов: TypeError: Failed to fetch
    at fetchServers (http://localhost:8000/static/js/app.js:11827:28)
    at fetchObjects (http://localhost:8000/static/js/app.js:11834:31)
    at refreshObjectsList (http://localhost:8000/static/js/app.js:11882:28)
    at http://localhost:8000/static/js/app.js:1204:9 @ http://localhost:8000/static/js/app.js:11885
[  706976ms] [ERROR] Failed to load resource: net::ERR_CONNECTION_REFUSED @ http://localhost:8000/api/objects/System%20Overview?server=ee8d9159:0
[  706976ms] [ERROR] Error загрузки ee8d9159:overview: TypeError: Failed to fetch
    at fetchObjectData (http://localhost:8000/static/js/app.js:11901:28)
    at loadObjectData (http://localhost:8000/static/js/app.js:13559:28)
    at http://localhost:8000/static/js/app.js:1211:23 @ http://localhost:8000/static/js/app.js:13570
[  706976ms] [ERROR] Failed to load resource: net::ERR_CONNECTION_REFUSED @ http://localhost:8000/api/version:0
[  707974ms] [ERROR] Failed to load resource: net::ERR_CONNECTION_REFUSED @ http://localhost:8000/api/objects/System%20Overview?server=ee8d9159:0
[  707974ms] [ERROR] Error загрузки ee8d9159:overview: TypeError: Failed to fetch
    at fetchObjectData (http://localhost:8000/static/js/app.js:11901:28)
    at loadObjectData (http://localhost:8000/static/js/app.js:13559:28)
    at http://localhost:8000/static/js/app.js:1211:23 @ http://localhost:8000/static/js/app.js:13570
[  708974ms] [ERROR] Failed to load resource: net::ERR_CONNECTION_REFUSED @ http://localhost:8000/api/objects/System%20Overview?server=ee8d9159:0
[  708974ms] [ERROR] Error загрузки ee8d9159:overview: TypeError: Failed to fetch
    at fetchObjectData (http://localhost:8000/static/js/app.js:11901:28)
    at loadObjectData (http://localhost:8000/static/js/app.js:13559:28)
    at http://localhost:8000/static/js/app.js:1211:23 @ http://localhost:8000/static/js/app.js:13570
[  709973ms] [ERROR] Failed to load resource: net::ERR_CONNECTION_REFUSED @ http://localhost:8000/api/objects/System%20Overview?server=ee8d9159:0
[  709973ms] [ERROR] Error загрузки ee8d9159:overview: TypeError: Failed to fetch
    at fetchObjectData (http://localhost:8000/static/js/app.js:11901:28)
    at loadObjectData (http://localhost:8000/static/js/app.js:13559:28)
    at http://localhost:8000/static/js/app.js:1211:23 @ http://localhost:8000/static/js/app.js:13570
[  710138ms] [ERROR] Failed to load resource: net::ERR_CONNECTION_REFUSED @ http://localhost:8000/api/recording/status:0
[  710974ms] [ERROR] Failed to load resource: net::ERR_CONNECTION_REFUSED @ http://localhost:8000/api/objects/System%20Overview?server=ee8d9159:0
[  710975ms] [ERROR] Error загрузки ee8d9159:overview: TypeError: Failed to fetch
    at fetchObjectData (http://localhost:8000/static/js/app.js:11901:28)
    at loadObjectData (http://localhost:8000/static/js/app.js:13559:28)
    at http://localhost:8000/static/js/app.js:1211:23 @ http://localhost:8000/static/js/app.js:13570
[  711974ms] [ERROR] Failed to load resource: net::ERR_CONNECTION_REFUSED @ http://localhost:8000/api/objects/System%20Overview?server=ee8d9159:0
[  711974ms] [ERROR] Error загрузки ee8d9159:overview: TypeError: Failed to fetch
    at fetchObjectData (http://localhost:8000/static/js/app.js:11901:28)
    at loadObjectData (http://localhost:8000/static/js/app.js:13559:28)
    at http://localhost:8000/static/js/app.js:1211:23 @ http://localhost:8000/static/js/app.js:13570
[  712973ms] [ERROR] Failed to load resource: net::ERR_CONNECTION_REFUSED @ http://localhost:8000/api/servers:0
[  712973ms] [ERROR] Error обновления списка объектов: TypeError: Failed to fetch
    at fetchServers (http://localhost:8000/static/js/app.js:11827:28)
    at fetchObjects (http://localhost:8000/static/js/app.js:11834:31)
    at refreshObjectsList (http://localhost:8000/static/js/app.js:11882:28)
    at http://localhost:8000/static/js/app.js:1204:9 @ http://localhost:8000/static/js/app.js:11885
[  712974ms] [ERROR] Failed to load resource: net::ERR_CONNECTION_REFUSED @ http://localhost:8000/api/objects/System%20Overview?server=ee8d9159:0
[  712974ms] [ERROR] Error загрузки ee8d9159:overview: TypeError: Failed to fetch
    at fetchObjectData (http://localhost:8000/static/js/app.js:11901:28)
    at loadObjectData (http://localhost:8000/static/js/app.js:13559:28)
    at http://localhost:8000/static/js/app.js:1211:23 @ http://localhost:8000/static/js/app.js:13570
[  713975ms] [ERROR] Failed to load resource: net::ERR_CONNECTION_REFUSED @ http://localhost:8000/api/objects/System%20Overview?server=ee8d9159:0
[  713975ms] [ERROR] Error загрузки ee8d9159:overview: TypeError: Failed to fetch
    at fetchObjectData (http://localhost:8000/static/js/app.js:11901:28)
    at loadObjectData (http://localhost:8000/static/js/app.js:13559:28)
    at http://localhost:8000/static/js/app.js:1211:23 @ http://localhost:8000/static/js/app.js:13570
[  714973ms] [ERROR] Failed to load resource: net::ERR_CONNECTION_REFUSED @ http://localhost:8000/api/objects/System%20Overview?server=ee8d9159:0
[  714973ms] [ERROR] Error загрузки ee8d9159:overview: TypeError: Failed to fetch
    at fetchObjectData (http://localhost:8000/static/js/app.js:11901:28)
    at loadObjectData (http://localhost:8000/static/js/app.js:13559:28)
    at http://localhost:8000/static/js/app.js:1211:23 @ http://localhost:8000/static/js/app.js:13570
[  715138ms] [ERROR] Failed to load resource: net::ERR_CONNECTION_REFUSED @ http://localhost:8000/api/recording/status:0
[  715973ms] [ERROR] Failed to load resource: net::ERR_CONNECTION_REFUSED @ http://localhost:8000/api/objects/System%20Overview?server=ee8d9159:0
[  715973ms] [ERROR] Error загрузки ee8d9159:overview: TypeError: Failed to fetch
    at fetchObjectData (http://localhost:8000/static/js/app.js:11901:28)
    at loadObjectData (http://localhost:8000/static/js/app.js:13559:28)
    at http://localhost:8000/static/js/app.js:1211:23 @ http://localhost:8000/static/js/app.js:13570
[  716975ms] [ERROR] Failed to load resource: net::ERR_CONNECTION_REFUSED @ http://localhost:8000/api/objects/System%20Overview?server=ee8d9159:0
[  716975ms] [ERROR] Error загрузки ee8d9159:overview: TypeError: Failed to fetch
    at fetchObjectData (http://localhost:8000/static/js/app.js:11901:28)
    at loadObjectData (http://localhost:8000/static/js/app.js:13559:28)
    at http://localhost:8000/static/js/app.js:1211:23 @ http://localhost:8000/static/js/app.js:13570
[  717974ms] [ERROR] Failed to load resource: net::ERR_CONNECTION_REFUSED @ http://localhost:8000/api/objects/System%20Overview?server=ee8d9159:0
[  717974ms] [ERROR] Error загрузки ee8d9159:overview: TypeError: Failed to fetch
    at fetchObjectData (http://localhost:8000/static/js/app.js:11901:28)
    at loadObjectData (http://localhost:8000/static/js/app.js:13559:28)
    at http://localhost:8000/static/js/app.js:1211:23 @ http://localhost:8000/static/js/app.js:13570
[  718975ms] [ERROR] Failed to load resource: net::ERR_CONNECTION_REFUSED @ http://localhost:8000/api/servers:0
[  718975ms] [ERROR] Error обновления списка объектов: TypeError: Failed to fetch
    at fetchServers (http://localhost:8000/static/js/app.js:11827:28)
    at fetchObjects (http://localhost:8000/static/js/app.js:11834:31)
    at refreshObjectsList (http://localhost:8000/static/js/app.js:11882:28)
    at http://localhost:8000/static/js/app.js:1204:9 @ http://localhost:8000/static/js/app.js:11885
[  718976ms] [ERROR] Failed to load resource: net::ERR_CONNECTION_REFUSED @ http://localhost:8000/api/objects/System%20Overview?server=ee8d9159:0
[  718976ms] [ERROR] Error загрузки ee8d9159:overview: TypeError: Failed to fetch
    at fetchObjectData (http://localhost:8000/static/js/app.js:11901:28)
    at loadObjectData (http://localhost:8000/static/js/app.js:13559:28)
    at http://localhost:8000/static/js/app.js:1211:23 @ http://localhost:8000/static/js/app.js:13570
[  719975ms] [ERROR] Failed to load resource: net::ERR_CONNECTION_REFUSED @ http://localhost:8000/api/objects/System%20Overview?server=ee8d9159:0
[  719975ms] [ERROR] Error загрузки ee8d9159:overview: TypeError: Failed to fetch
    at fetchObjectData (http://localhost:8000/static/js/app.js:11901:28)
    at loadObjectData (http://localhost:8000/static/js/app.js:13559:28)
    at http://localhost:8000/static/js/app.js:1211:23 @ http://localhost:8000/static/js/app.js:13570
[  720138ms] [ERROR] Failed to load resource: net::ERR_CONNECTION_REFUSED @ http://localhost:8000/api/recording/status:0
[  720975ms] [ERROR] Failed to load resource: net::ERR_CONNECTION_REFUSED @ http://localhost:8000/api/objects/System%20Overview?server=ee8d9159:0
[  720975ms] [ERROR] Error загрузки ee8d9159:overview: TypeError: Failed to fetch
    at fetchObjectData (http://localhost:8000/static/js/app.js:11901:28)
    at loadObjectData (http://localhost:8000/static/js/app.js:13559:28)
    at http://localhost:8000/static/js/app.js:1211:23 @ http://localhost:8000/static/js/app.js:13570
[  721973ms] [ERROR] Failed to load resource: net::ERR_CONNECTION_REFUSED @ http://localhost:8000/api/objects/System%20Overview?server=ee8d9159:0
[  721973ms] [ERROR] Error загрузки ee8d9159:overview: TypeError: Failed to fetch
    at fetchObjectData (http://localhost:8000/static/js/app.js:11901:28)
    at loadObjectData (http://localhost:8000/static/js/app.js:13559:28)
    at http://localhost:8000/static/js/app.js:1211:23 @ http://localhost:8000/static/js/app.js:13570
[  722975ms] [ERROR] Failed to load resource: net::ERR_CONNECTION_REFUSED @ http://localhost:8000/api/objects/System%20Overview?server=ee8d9159:0
[  722975ms] [ERROR] Error загрузки ee8d9159:overview: TypeError: Failed to fetch
    at fetchObjectData (http://localhost:8000/static/js/app.js:11901:28)
    at loadObjectData (http://localhost:8000/static/js/app.js:13559:28)
    at http://localhost:8000/static/js/app.js:1211:23 @ http://localhost:8000/static/js/app.js:13570
[  723975ms] [ERROR] Failed to load resource: net::ERR_CONNECTION_REFUSED @ http://localhost:8000/api/objects/System%20Overview?server=ee8d9159:0
[  723975ms] [ERROR] Error загрузки ee8d9159:overview: TypeError: Failed to fetch
    at fetchObjectData (http://localhost:8000/static/js/app.js:11901:28)
    at loadObjectData (http://localhost:8000/static/js/app.js:13559:28)
    at http://localhost:8000/static/js/app.js:1211:23 @ http://localhost:8000/static/js/app.js:13570
[  724973ms] [ERROR] Failed to load resource: net::ERR_CONNECTION_REFUSED @ http://localhost:8000/api/servers:0
[  724973ms] [ERROR] Error обновления списка объектов: TypeError: Failed to fetch
    at fetchServers (http://localhost:8000/static/js/app.js:11827:28)
    at fetchObjects (http://localhost:8000/static/js/app.js:11834:31)
    at refreshObjectsList (http://localhost:8000/static/js/app.js:11882:28)
    at http://localhost:8000/static/js/app.js:1204:9 @ http://localhost:8000/static/js/app.js:11885
[  724973ms] [ERROR] Failed to load resource: net::ERR_CONNECTION_REFUSED @ http://localhost:8000/api/objects/System%20Overview?server=ee8d9159:0
[  724973ms] [ERROR] Error загрузки ee8d9159:overview: TypeError: Failed to fetch
    at fetchObjectData (http://localhost:8000/static/js/app.js:11901:28)
    at loadObjectData (http://localhost:8000/static/js/app.js:13559:28)
    at http://localhost:8000/static/js/app.js:1211:23 @ http://localhost:8000/static/js/app.js:13570
[  725138ms] [ERROR] Failed to load resource: net::ERR_CONNECTION_REFUSED @ http://localhost:8000/api/recording/status:0
[  725973ms] [ERROR] Failed to load resource: net::ERR_CONNECTION_REFUSED @ http://localhost:8000/api/objects/System%20Overview?server=ee8d9159:0
[  725973ms] [ERROR] Error загрузки ee8d9159:overview: TypeError: Failed to fetch
    at fetchObjectData (http://localhost:8000/static/js/app.js:11901:28)
    at loadObjectData (http://localhost:8000/static/js/app.js:13559:28)
    at http://localhost:8000/static/js/app.js:1211:23 @ http://localhost:8000/static/js/app.js:13570
[  726973ms] [ERROR] Failed to load resource: net::ERR_CONNECTION_REFUSED @ http://localhost:8000/api/objects/System%20Overview?server=ee8d9159:0
[  726973ms] [ERROR] Error загрузки ee8d9159:overview: TypeError: Failed to fetch
    at fetchObjectData (http://localhost:8000/static/js/app.js:11901:28)
    at loadObjectData (http://localhost:8000/static/js/app.js:13559:28)
    at http://localhost:8000/static/js/app.js:1211:23 @ http://localhost:8000/static/js/app.js:13570
[  727973ms] [ERROR] Failed to load resource: net::ERR_CONNECTION_REFUSED @ http://localhost:8000/api/objects/System%20Overview?server=ee8d9159:0
[  727973ms] [ERROR] Error загрузки ee8d9159:overview: TypeError: Failed to fetch
    at fetchObjectData (http://localhost:8000/static/js/app.js:11901:28)
    at loadObjectData (http://localhost:8000/static/js/app.js:13559:28)
    at http://localhost:8000/static/js/app.js:1211:23 @ http://localhost:8000/static/js/app.js:13570
[  728975ms] [ERROR] Failed to load resource: net::ERR_CONNECTION_REFUSED @ http://localhost:8000/api/objects/System%20Overview?server=ee8d9159:0
[  728975ms] [ERROR] Error загрузки ee8d9159:overview: TypeError: Failed to fetch
    at fetchObjectData (http://localhost:8000/static/js/app.js:11901:28)
    at loadObjectData (http://localhost:8000/static/js/app.js:13559:28)
    at http://localhost:8000/static/js/app.js:1211:23 @ http://localhost:8000/static/js/app.js:13570
[  729975ms] [ERROR] Failed to load resource: net::ERR_CONNECTION_REFUSED @ http://localhost:8000/api/objects/System%20Overview?server=ee8d9159:0
[  729975ms] [ERROR] Error загрузки ee8d9159:overview: TypeError: Failed to fetch
    at fetchObjectData (http://localhost:8000/static/js/app.js:11901:28)
    at loadObjectData (http://localhost:8000/static/js/app.js:13559:28)
    at http://localhost:8000/static/js/app.js:1211:23 @ http://localhost:8000/static/js/app.js:13570
[  730138ms] [ERROR] Failed to load resource: net::ERR_CONNECTION_REFUSED @ http://localhost:8000/api/recording/status:0
[  730975ms] [ERROR] Failed to load resource: net::ERR_CONNECTION_REFUSED @ http://localhost:8000/api/servers:0
[  730975ms] [ERROR] Error обновления списка объектов: TypeError: Failed to fetch
    at fetchServers (http://localhost:8000/static/js/app.js:11827:28)
    at fetchObjects (http://localhost:8000/static/js/app.js:11834:31)
    at refreshObjectsList (http://localhost:8000/static/js/app.js:11882:28)
    at http://localhost:8000/static/js/app.js:1204:9 @ http://localhost:8000/static/js/app.js:11885
[  730975ms] [ERROR] Failed to load resource: net::ERR_CONNECTION_REFUSED @ http://localhost:8000/api/objects/System%20Overview?server=ee8d9159:0
[  730975ms] [ERROR] Error загрузки ee8d9159:overview: TypeError: Failed to fetch
    at fetchObjectData (http://localhost:8000/static/js/app.js:11901:28)
    at loadObjectData (http://localhost:8000/static/js/app.js:13559:28)
    at http://localhost:8000/static/js/app.js:1211:23 @ http://localhost:8000/static/js/app.js:13570
[  731973ms] [ERROR] Failed to load resource: net::ERR_CONNECTION_REFUSED @ http://localhost:8000/api/objects/System%20Overview?server=ee8d9159:0
[  731973ms] [ERROR] Error загрузки ee8d9159:overview: TypeError: Failed to fetch
    at fetchObjectData (http://localhost:8000/static/js/app.js:11901:28)
    at loadObjectData (http://localhost:8000/static/js/app.js:13559:28)
    at http://localhost:8000/static/js/app.js:1211:23 @ http://localhost:8000/static/js/app.js:13570
[  732974ms] [ERROR] Failed to load resource: net::ERR_CONNECTION_REFUSED @ http://localhost:8000/api/objects/System%20Overview?server=ee8d9159:0
[  732974ms] [ERROR] Error загрузки ee8d9159:overview: TypeError: Failed to fetch
    at fetchObjectData (http://localhost:8000/static/js/app.js:11901:28)
    at loadObjectData (http://localhost:8000/static/js/app.js:13559:28)
    at http://localhost:8000/static/js/app.js:1211:23 @ http://localhost:8000/static/js/app.js:13570
[  733974ms] [ERROR] Failed to load resource: net::ERR_CONNECTION_REFUSED @ http://localhost:8000/api/objects/System%20Overview?server=ee8d9159:0
[  733974ms] [ERROR] Error загрузки ee8d9159:overview: TypeError: Failed to fetch
    at fetchObjectData (http://localhost:8000/static/js/app.js:11901:28)
    at loadObjectData (http://localhost:8000/static/js/app.js:13559:28)
    at http://localhost:8000/static/js/app.js:1211:23 @ http://localhost:8000/static/js/app.js:13570
[  734974ms] [ERROR] Failed to load resource: net::ERR_CONNECTION_REFUSED @ http://localhost:8000/api/objects/System%20Overview?server=ee8d9159:0
[  734974ms] [ERROR] Error загрузки ee8d9159:overview: TypeError: Failed to fetch
    at fetchObjectData (http://localhost:8000/static/js/app.js:11901:28)
    at loadObjectData (http://localhost:8000/static/js/app.js:13559:28)
    at http://localhost:8000/static/js/app.js:1211:23 @ http://localhost:8000/static/js/app.js:13570
[  735138ms] [ERROR] Failed to load resource: net::ERR_CONNECTION_REFUSED @ http://localhost:8000/api/recording/status:0
[  735973ms] [ERROR] Failed to load resource: net::ERR_CONNECTION_REFUSED @ http://localhost:8000/api/objects/System%20Overview?server=ee8d9159:0
[  735973ms] [ERROR] Error загрузки ee8d9159:overview: TypeError: Failed to fetch
    at fetchObjectData (http://localhost:8000/static/js/app.js:11901:28)
    at loadObjectData (http://localhost:8000/static/js/app.js:13559:28)
    at http://localhost:8000/static/js/app.js:1211:23 @ http://localhost:8000/static/js/app.js:13570
[  736973ms] [ERROR] Failed to load resource: net::ERR_CONNECTION_REFUSED @ http://localhost:8000/api/servers:0
[  736973ms] [ERROR] Error обновления списка объектов: TypeError: Failed to fetch
    at fetchServers (http://localhost:8000/static/js/app.js:11827:28)
    at fetchObjects (http://localhost:8000/static/js/app.js:11834:31)
    at refreshObjectsList (http://localhost:8000/static/js/app.js:11882:28)
    at http://localhost:8000/static/js/app.js:1204:9 @ http://localhost:8000/static/js/app.js:11885
[  736974ms] [ERROR] Failed to load resource: net::ERR_CONNECTION_REFUSED @ http://localhost:8000/api/objects/System%20Overview?server=ee8d9159:0
[  736974ms] [ERROR] Error загрузки ee8d9159:overview: TypeError: Failed to fetch
    at fetchObjectData (http://localhost:8000/static/js/app.js:11901:28)
    at loadObjectData (http://localhost:8000/static/js/app.js:13559:28)
    at http://localhost:8000/static/js/app.js:1211:23 @ http://localhost:8000/static/js/app.js:13570
[  736974ms] [ERROR] Failed to load resource: net::ERR_CONNECTION_REFUSED @ http://localhost:8000/api/version:0
[  737973ms] [ERROR] Failed to load resource: net::ERR_CONNECTION_REFUSED @ http://localhost:8000/api/objects/System%20Overview?server=ee8d9159:0
[  737973ms] [ERROR] Error загрузки ee8d9159:overview: TypeError: Failed to fetch
    at fetchObjectData (http://localhost:8000/static/js/app.js:11901:28)
    at loadObjectData (http://localhost:8000/static/js/app.js:13559:28)
    at http://localhost:8000/static/js/app.js:1211:23 @ http://localhost:8000/static/js/app.js:13570
[  738973ms] [ERROR] Failed to load resource: net::ERR_CONNECTION_REFUSED @ http://localhost:8000/api/objects/System%20Overview?server=ee8d9159:0
[  738973ms] [ERROR] Error загрузки ee8d9159:overview: TypeError: Failed to fetch
    at fetchObjectData (http://localhost:8000/static/js/app.js:11901:28)
    at loadObjectData (http://localhost:8000/static/js/app.js:13559:28)
    at http://localhost:8000/static/js/app.js:1211:23 @ http://localhost:8000/static/js/app.js:13570
[  739974ms] [ERROR] Failed to load resource: net::ERR_CONNECTION_REFUSED @ http://localhost:8000/api/objects/System%20Overview?server=ee8d9159:0
[  739974ms] [ERROR] Error загрузки ee8d9159:overview: TypeError: Failed to fetch
    at fetchObjectData (http://localhost:8000/static/js/app.js:11901:28)
    at loadObjectData (http://localhost:8000/static/js/app.js:13559:28)
    at http://localhost:8000/static/js/app.js:1211:23 @ http://localhost:8000/static/js/app.js:13570
[  740138ms] [ERROR] Failed to load resource: net::ERR_CONNECTION_REFUSED @ http://localhost:8000/api/recording/status:0
[  740974ms] [ERROR] Failed to load resource: net::ERR_CONNECTION_REFUSED @ http://localhost:8000/api/objects/System%20Overview?server=ee8d9159:0
[  740974ms] [ERROR] Error загрузки ee8d9159:overview: TypeError: Failed to fetch
    at fetchObjectData (http://localhost:8000/static/js/app.js:11901:28)
    at loadObjectData (http://localhost:8000/static/js/app.js:13559:28)
    at http://localhost:8000/static/js/app.js:1211:23 @ http://localhost:8000/static/js/app.js:13570
[  741975ms] [ERROR] Failed to load resource: net::ERR_CONNECTION_REFUSED @ http://localhost:8000/api/objects/System%20Overview?server=ee8d9159:0
[  741975ms] [ERROR] Error загрузки ee8d9159:overview: TypeError: Failed to fetch
    at fetchObjectData (http://localhost:8000/static/js/app.js:11901:28)
    at loadObjectData (http://localhost:8000/static/js/app.js:13559:28)
    at http://localhost:8000/static/js/app.js:1211:23 @ http://localhost:8000/static/js/app.js:13570
[  742975ms] [ERROR] Failed to load resource: net::ERR_CONNECTION_REFUSED @ http://localhost:8000/api/servers:0
[  742975ms] [ERROR] Error обновления списка объектов: TypeError: Failed to fetch
    at fetchServers (http://localhost:8000/static/js/app.js:11827:28)
    at fetchObjects (http://localhost:8000/static/js/app.js:11834:31)
    at refreshObjectsList (http://localhost:8000/static/js/app.js:11882:28)
    at http://localhost:8000/static/js/app.js:1204:9 @ http://localhost:8000/static/js/app.js:11885
[  742975ms] [ERROR] Failed to load resource: net::ERR_CONNECTION_REFUSED @ http://localhost:8000/api/objects/System%20Overview?server=ee8d9159:0
[  742975ms] [ERROR] Error загрузки ee8d9159:overview: TypeError: Failed to fetch
    at fetchObjectData (http://localhost:8000/static/js/app.js:11901:28)
    at loadObjectData (http://localhost:8000/static/js/app.js:13559:28)
    at http://localhost:8000/static/js/app.js:1211:23 @ http://localhost:8000/static/js/app.js:13570
[  743975ms] [ERROR] Failed to load resource: net::ERR_CONNECTION_REFUSED @ http://localhost:8000/api/objects/System%20Overview?server=ee8d9159:0
[  743975ms] [ERROR] Error загрузки ee8d9159:overview: TypeError: Failed to fetch
    at fetchObjectData (http://localhost:8000/static/js/app.js:11901:28)
    at loadObjectData (http://localhost:8000/static/js/app.js:13559:28)
    at http://localhost:8000/static/js/app.js:1211:23 @ http://localhost:8000/static/js/app.js:13570
[  744975ms] [ERROR] Failed to load resource: net::ERR_CONNECTION_REFUSED @ http://localhost:8000/api/objects/System%20Overview?server=ee8d9159:0
[  744976ms] [ERROR] Error загрузки ee8d9159:overview: TypeError: Failed to fetch
    at fetchObjectData (http://localhost:8000/static/js/app.js:11901:28)
    at loadObjectData (http://localhost:8000/static/js/app.js:13559:28)
    at http://localhost:8000/static/js/app.js:1211:23 @ http://localhost:8000/static/js/app.js:13570
[  745138ms] [ERROR] Failed to load resource: net::ERR_CONNECTION_REFUSED @ http://localhost:8000/api/recording/status:0
[  745973ms] [ERROR] Failed to load resource: net::ERR_CONNECTION_REFUSED @ http://localhost:8000/api/objects/System%20Overview?server=ee8d9159:0
[  745973ms] [ERROR] Error загрузки ee8d9159:overview: TypeError: Failed to fetch
    at fetchObjectData (http://localhost:8000/static/js/app.js:11901:28)
    at loadObjectData (http://localhost:8000/static/js/app.js:13559:28)
    at http://localhost:8000/static/js/app.js:1211:23 @ http://localhost:8000/static/js/app.js:13570
[  746975ms] [ERROR] Failed to load resource: net::ERR_CONNECTION_REFUSED @ http://localhost:8000/api/objects/System%20Overview?server=ee8d9159:0
[  746975ms] [ERROR] Error загрузки ee8d9159:overview: TypeError: Failed to fetch
    at fetchObjectData (http://localhost:8000/static/js/app.js:11901:28)
    at loadObjectData (http://localhost:8000/static/js/app.js:13559:28)
    at http://localhost:8000/static/js/app.js:1211:23 @ http://localhost:8000/static/js/app.js:13570
[  747975ms] [ERROR] Failed to load resource: net::ERR_CONNECTION_REFUSED @ http://localhost:8000/api/objects/System%20Overview?server=ee8d9159:0
[  747975ms] [ERROR] Error загрузки ee8d9159:overview: TypeError: Failed to fetch
    at fetchObjectData (http://localhost:8000/static/js/app.js:11901:28)
    at loadObjectData (http://localhost:8000/static/js/app.js:13559:28)
    at http://localhost:8000/static/js/app.js:1211:23 @ http://localhost:8000/static/js/app.js:13570
[  748973ms] [ERROR] Failed to load resource: net::ERR_CONNECTION_REFUSED @ http://localhost:8000/api/servers:0
[  748973ms] [ERROR] Error обновления списка объектов: TypeError: Failed to fetch
    at fetchServers (http://localhost:8000/static/js/app.js:11827:28)
    at fetchObjects (http://localhost:8000/static/js/app.js:11834:31)
    at refreshObjectsList (http://localhost:8000/static/js/app.js:11882:28)
    at http://localhost:8000/static/js/app.js:1204:9 @ http://localhost:8000/static/js/app.js:11885
[  748973ms] [ERROR] Failed to load resource: net::ERR_CONNECTION_REFUSED @ http://localhost:8000/api/objects/System%20Overview?server=ee8d9159:0
[  748973ms] [ERROR] Error загрузки ee8d9159:overview: TypeError: Failed to fetch
    at fetchObjectData (http://localhost:8000/static/js/app.js:11901:28)
    at loadObjectData (http://localhost:8000/static/js/app.js:13559:28)
    at http://localhost:8000/static/js/app.js:1211:23 @ http://localhost:8000/static/js/app.js:13570
[  749973ms] [ERROR] Failed to load resource: net::ERR_CONNECTION_REFUSED @ http://localhost:8000/api/objects/System%20Overview?server=ee8d9159:0
[  749973ms] [ERROR] Error загрузки ee8d9159:overview: TypeError: Failed to fetch
    at fetchObjectData (http://localhost:8000/static/js/app.js:11901:28)
    at loadObjectData (http://localhost:8000/static/js/app.js:13559:28)
    at http://localhost:8000/static/js/app.js:1211:23 @ http://localhost:8000/static/js/app.js:13570
[  750138ms] [ERROR] Failed to load resource: net::ERR_CONNECTION_REFUSED @ http://localhost:8000/api/recording/status:0
[  750973ms] [ERROR] Failed to load resource: net::ERR_CONNECTION_REFUSED @ http://localhost:8000/api/objects/System%20Overview?server=ee8d9159:0
[  750973ms] [ERROR] Error загрузки ee8d9159:overview: TypeError: Failed to fetch
    at fetchObjectData (http://localhost:8000/static/js/app.js:11901:28)
    at loadObjectData (http://localhost:8000/static/js/app.js:13559:28)
    at http://localhost:8000/static/js/app.js:1211:23 @ http://localhost:8000/static/js/app.js:13570
[  751974ms] [ERROR] Failed to load resource: net::ERR_CONNECTION_REFUSED @ http://localhost:8000/api/objects/System%20Overview?server=ee8d9159:0
[  751974ms] [ERROR] Error загрузки ee8d9159:overview: TypeError: Failed to fetch
    at fetchObjectData (http://localhost:8000/static/js/app.js:11901:28)
    at loadObjectData (http://localhost:8000/static/js/app.js:13559:28)
    at http://localhost:8000/static/js/app.js:1211:23 @ http://localhost:8000/static/js/app.js:13570
[  752975ms] [ERROR] Failed to load resource: net::ERR_CONNECTION_REFUSED @ http://localhost:8000/api/objects/System%20Overview?server=ee8d9159:0
[  752975ms] [ERROR] Error загрузки ee8d9159:overview: TypeError: Failed to fetch
    at fetchObjectData (http://localhost:8000/static/js/app.js:11901:28)
    at loadObjectData (http://localhost:8000/static/js/app.js:13559:28)
    at http://localhost:8000/static/js/app.js:1211:23 @ http://localhost:8000/static/js/app.js:13570
[  753973ms] [ERROR] Failed to load resource: net::ERR_CONNECTION_REFUSED @ http://localhost:8000/api/objects/System%20Overview?server=ee8d9159:0
[  753973ms] [ERROR] Error загрузки ee8d9159:overview: TypeError: Failed to fetch
    at fetchObjectData (http://localhost:8000/static/js/app.js:11901:28)
    at loadObjectData (http://localhost:8000/static/js/app.js:13559:28)
    at http://localhost:8000/static/js/app.js:1211:23 @ http://localhost:8000/static/js/app.js:13570
[  754976ms] [ERROR] Failed to load resource: net::ERR_CONNECTION_REFUSED @ http://localhost:8000/api/servers:0
[  754976ms] [ERROR] Error обновления списка объектов: TypeError: Failed to fetch
    at fetchServers (http://localhost:8000/static/js/app.js:11827:28)
    at fetchObjects (http://localhost:8000/static/js/app.js:11834:31)
    at refreshObjectsList (http://localhost:8000/static/js/app.js:11882:28)
    at http://localhost:8000/static/js/app.js:1204:9 @ http://localhost:8000/static/js/app.js:11885
[  754977ms] [ERROR] Failed to load resource: net::ERR_CONNECTION_REFUSED @ http://localhost:8000/api/objects/System%20Overview?server=ee8d9159:0
[  754977ms] [ERROR] Error загрузки ee8d9159:overview: TypeError: Failed to fetch
    at fetchObjectData (http://localhost:8000/static/js/app.js:11901:28)
    at loadObjectData (http://localhost:8000/static/js/app.js:13559:28)
    at http://localhost:8000/static/js/app.js:1211:23 @ http://localhost:8000/static/js/app.js:13570
[  755138ms] [ERROR] Failed to load resource: net::ERR_CONNECTION_REFUSED @ http://localhost:8000/api/recording/status:0
[  755975ms] [ERROR] Failed to load resource: net::ERR_CONNECTION_REFUSED @ http://localhost:8000/api/objects/System%20Overview?server=ee8d9159:0
[  755975ms] [ERROR] Error загрузки ee8d9159:overview: TypeError: Failed to fetch
    at fetchObjectData (http://localhost:8000/static/js/app.js:11901:28)
    at loadObjectData (http://localhost:8000/static/js/app.js:13559:28)
    at http://localhost:8000/static/js/app.js:1211:23 @ http://localhost:8000/static/js/app.js:13570
[  756975ms] [ERROR] Failed to load resource: net::ERR_CONNECTION_REFUSED @ http://localhost:8000/api/objects/System%20Overview?server=ee8d9159:0
[  756976ms] [ERROR] Error загрузки ee8d9159:overview: TypeError: Failed to fetch
    at fetchObjectData (http://localhost:8000/static/js/app.js:11901:28)
    at loadObjectData (http://localhost:8000/static/js/app.js:13559:28)
    at http://localhost:8000/static/js/app.js:1211:23 @ http://localhost:8000/static/js/app.js:13570
[  757973ms] [ERROR] Failed to load resource: net::ERR_CONNECTION_REFUSED @ http://localhost:8000/api/objects/System%20Overview?server=ee8d9159:0
[  757973ms] [ERROR] Error загрузки ee8d9159:overview: TypeError: Failed to fetch
    at fetchObjectData (http://localhost:8000/static/js/app.js:11901:28)
    at loadObjectData (http://localhost:8000/static/js/app.js:13559:28)
    at http://localhost:8000/static/js/app.js:1211:23 @ http://localhost:8000/static/js/app.js:13570
[  758975ms] [ERROR] Failed to load resource: net::ERR_CONNECTION_REFUSED @ http://localhost:8000/api/objects/System%20Overview?server=ee8d9159:0
[  758975ms] [ERROR] Error загрузки ee8d9159:overview: TypeError: Failed to fetch
    at fetchObjectData (http://localhost:8000/static/js/app.js:11901:28)
    at loadObjectData (http://localhost:8000/static/js/app.js:13559:28)
    at http://localhost:8000/static/js/app.js:1211:23 @ http://localhost:8000/static/js/app.js:13570
[  759975ms] [ERROR] Failed to load resource: net::ERR_CONNECTION_REFUSED @ http://localhost:8000/api/objects/System%20Overview?server=ee8d9159:0
[  759975ms] [ERROR] Error загрузки ee8d9159:overview: TypeError: Failed to fetch
    at fetchObjectData (http://localhost:8000/static/js/app.js:11901:28)
    at loadObjectData (http://localhost:8000/static/js/app.js:13559:28)
    at http://localhost:8000/static/js/app.js:1211:23 @ http://localhost:8000/static/js/app.js:13570
[  760138ms] [ERROR] Failed to load resource: net::ERR_CONNECTION_REFUSED @ http://localhost:8000/api/recording/status:0
[  760975ms] [ERROR] Failed to load resource: net::ERR_CONNECTION_REFUSED @ http://localhost:8000/api/servers:0
[  760975ms] [ERROR] Error обновления списка объектов: TypeError: Failed to fetch
    at fetchServers (http://localhost:8000/static/js/app.js:11827:28)
    at fetchObjects (http://localhost:8000/static/js/app.js:11834:31)
    at refreshObjectsList (http://localhost:8000/static/js/app.js:11882:28)
    at http://localhost:8000/static/js/app.js:1204:9 @ http://localhost:8000/static/js/app.js:11885
[  760976ms] [ERROR] Failed to load resource: net::ERR_CONNECTION_REFUSED @ http://localhost:8000/api/objects/System%20Overview?server=ee8d9159:0
[  760976ms] [ERROR] Error загрузки ee8d9159:overview: TypeError: Failed to fetch
    at fetchObjectData (http://localhost:8000/static/js/app.js:11901:28)
    at loadObjectData (http://localhost:8000/static/js/app.js:13559:28)
    at http://localhost:8000/static/js/app.js:1211:23 @ http://localhost:8000/static/js/app.js:13570
[  761973ms] [ERROR] Failed to load resource: net::ERR_CONNECTION_REFUSED @ http://localhost:8000/api/objects/System%20Overview?server=ee8d9159:0
[  761973ms] [ERROR] Error загрузки ee8d9159:overview: TypeError: Failed to fetch
    at fetchObjectData (http://localhost:8000/static/js/app.js:11901:28)
    at loadObjectData (http://localhost:8000/static/js/app.js:13559:28)
    at http://localhost:8000/static/js/app.js:1211:23 @ http://localhost:8000/static/js/app.js:13570
[  762973ms] [ERROR] Failed to load resource: net::ERR_CONNECTION_REFUSED @ http://localhost:8000/api/objects/System%20Overview?server=ee8d9159:0
[  762973ms] [ERROR] Error загрузки ee8d9159:overview: TypeError: Failed to fetch
    at fetchObjectData (http://localhost:8000/static/js/app.js:11901:28)
    at loadObjectData (http://localhost:8000/static/js/app.js:13559:28)
    at http://localhost:8000/static/js/app.js:1211:23 @ http://localhost:8000/static/js/app.js:13570
[  763974ms] [ERROR] Failed to load resource: net::ERR_CONNECTION_REFUSED @ http://localhost:8000/api/objects/System%20Overview?server=ee8d9159:0
[  763974ms] [ERROR] Error загрузки ee8d9159:overview: TypeError: Failed to fetch
    at fetchObjectData (http://localhost:8000/static/js/app.js:11901:28)
    at loadObjectData (http://localhost:8000/static/js/app.js:13559:28)
    at http://localhost:8000/static/js/app.js:1211:23 @ http://localhost:8000/static/js/app.js:13570
[  764975ms] [ERROR] Failed to load resource: net::ERR_CONNECTION_REFUSED @ http://localhost:8000/api/objects/System%20Overview?server=ee8d9159:0
[  764975ms] [ERROR] Error загрузки ee8d9159:overview: TypeError: Failed to fetch
    at fetchObjectData (http://localhost:8000/static/js/app.js:11901:28)
    at loadObjectData (http://localhost:8000/static/js/app.js:13559:28)
    at http://localhost:8000/static/js/app.js:1211:23 @ http://localhost:8000/static/js/app.js:13570
[  765138ms] [ERROR] Failed to load resource: net::ERR_CONNECTION_REFUSED @ http://localhost:8000/api/recording/status:0
[  765974ms] [ERROR] Failed to load resource: net::ERR_CONNECTION_REFUSED @ http://localhost:8000/api/objects/System%20Overview?server=ee8d9159:0
[  765975ms] [ERROR] Error загрузки ee8d9159:overview: TypeError: Failed to fetch
    at fetchObjectData (http://localhost:8000/static/js/app.js:11901:28)
    at loadObjectData (http://localhost:8000/static/js/app.js:13559:28)
    at http://localhost:8000/static/js/app.js:1211:23 @ http://localhost:8000/static/js/app.js:13570
[  766974ms] [ERROR] Failed to load resource: net::ERR_CONNECTION_REFUSED @ http://localhost:8000/api/servers:0
[  766974ms] [ERROR] Error обновления списка объектов: TypeError: Failed to fetch
    at fetchServers (http://localhost:8000/static/js/app.js:11827:28)
    at fetchObjects (http://localhost:8000/static/js/app.js:11834:31)
    at refreshObjectsList (http://localhost:8000/static/js/app.js:11882:28)
    at http://localhost:8000/static/js/app.js:1204:9 @ http://localhost:8000/static/js/app.js:11885
[  766974ms] [ERROR] Failed to load resource: net::ERR_CONNECTION_REFUSED @ http://localhost:8000/api/objects/System%20Overview?server=ee8d9159:0
[  766974ms] [ERROR] Error загрузки ee8d9159:overview: TypeError: Failed to fetch
    at fetchObjectData (http://localhost:8000/static/js/app.js:11901:28)
    at loadObjectData (http://localhost:8000/static/js/app.js:13559:28)
    at http://localhost:8000/static/js/app.js:1211:23 @ http://localhost:8000/static/js/app.js:13570
[  766975ms] [ERROR] Failed to load resource: net::ERR_CONNECTION_REFUSED @ http://localhost:8000/api/version:0
[  767975ms] [ERROR] Failed to load resource: net::ERR_CONNECTION_REFUSED @ http://localhost:8000/api/objects/System%20Overview?server=ee8d9159:0
[  767975ms] [ERROR] Error загрузки ee8d9159:overview: TypeError: Failed to fetch
    at fetchObjectData (http://localhost:8000/static/js/app.js:11901:28)
    at loadObjectData (http://localhost:8000/static/js/app.js:13559:28)
    at http://localhost:8000/static/js/app.js:1211:23 @ http://localhost:8000/static/js/app.js:13570
[  768974ms] [ERROR] Failed to load resource: net::ERR_CONNECTION_REFUSED @ http://localhost:8000/api/objects/System%20Overview?server=ee8d9159:0
[  768975ms] [ERROR] Error загрузки ee8d9159:overview: TypeError: Failed to fetch
    at fetchObjectData (http://localhost:8000/static/js/app.js:11901:28)
    at loadObjectData (http://localhost:8000/static/js/app.js:13559:28)
    at http://localhost:8000/static/js/app.js:1211:23 @ http://localhost:8000/static/js/app.js:13570
[  769975ms] [ERROR] Failed to load resource: net::ERR_CONNECTION_REFUSED @ http://localhost:8000/api/objects/System%20Overview?server=ee8d9159:0
[  769975ms] [ERROR] Error загрузки ee8d9159:overview: TypeError: Failed to fetch
    at fetchObjectData (http://localhost:8000/static/js/app.js:11901:28)
    at loadObjectData (http://localhost:8000/static/js/app.js:13559:28)
    at http://localhost:8000/static/js/app.js:1211:23 @ http://localhost:8000/static/js/app.js:13570
[  770138ms] [ERROR] Failed to load resource: net::ERR_CONNECTION_REFUSED @ http://localhost:8000/api/recording/status:0
[  770973ms] [ERROR] Failed to load resource: net::ERR_CONNECTION_REFUSED @ http://localhost:8000/api/objects/System%20Overview?server=ee8d9159:0
[  770973ms] [ERROR] Error загрузки ee8d9159:overview: TypeError: Failed to fetch
    at fetchObjectData (http://localhost:8000/static/js/app.js:11901:28)
    at loadObjectData (http://localhost:8000/static/js/app.js:13559:28)
    at http://localhost:8000/static/js/app.js:1211:23 @ http://localhost:8000/static/js/app.js:13570
[  771974ms] [ERROR] Failed to load resource: net::ERR_CONNECTION_REFUSED @ http://localhost:8000/api/objects/System%20Overview?server=ee8d9159:0
[  771975ms] [ERROR] Error загрузки ee8d9159:overview: TypeError: Failed to fetch
    at fetchObjectData (http://localhost:8000/static/js/app.js:11901:28)
    at loadObjectData (http://localhost:8000/static/js/app.js:13559:28)
    at http://localhost:8000/static/js/app.js:1211:23 @ http://localhost:8000/static/js/app.js:13570
[  772974ms] [ERROR] Failed to load resource: net::ERR_CONNECTION_REFUSED @ http://localhost:8000/api/servers:0
[  772974ms] [ERROR] Error обновления списка объектов: TypeError: Failed to fetch
    at fetchServers (http://localhost:8000/static/js/app.js:11827:28)
    at fetchObjects (http://localhost:8000/static/js/app.js:11834:31)
    at refreshObjectsList (http://localhost:8000/static/js/app.js:11882:28)
    at http://localhost:8000/static/js/app.js:1204:9 @ http://localhost:8000/static/js/app.js:11885
[  772974ms] [ERROR] Failed to load resource: net::ERR_CONNECTION_REFUSED @ http://localhost:8000/api/objects/System%20Overview?server=ee8d9159:0
[  772974ms] [ERROR] Error загрузки ee8d9159:overview: TypeError: Failed to fetch
    at fetchObjectData (http://localhost:8000/static/js/app.js:11901:28)
    at loadObjectData (http://localhost:8000/static/js/app.js:13559:28)
    at http://localhost:8000/static/js/app.js:1211:23 @ http://localhost:8000/static/js/app.js:13570
[  773973ms] [ERROR] Failed to load resource: net::ERR_CONNECTION_REFUSED @ http://localhost:8000/api/objects/System%20Overview?server=ee8d9159:0
[  773973ms] [ERROR] Error загрузки ee8d9159:overview: TypeError: Failed to fetch
    at fetchObjectData (http://localhost:8000/static/js/app.js:11901:28)
    at loadObjectData (http://localhost:8000/static/js/app.js:13559:28)
    at http://localhost:8000/static/js/app.js:1211:23 @ http://localhost:8000/static/js/app.js:13570
[  774973ms] [ERROR] Failed to load resource: net::ERR_CONNECTION_REFUSED @ http://localhost:8000/api/objects/System%20Overview?server=ee8d9159:0
[  774973ms] [ERROR] Error загрузки ee8d9159:overview: TypeError: Failed to fetch
    at fetchObjectData (http://localhost:8000/static/js/app.js:11901:28)
    at loadObjectData (http://localhost:8000/static/js/app.js:13559:28)
    at http://localhost:8000/static/js/app.js:1211:23 @ http://localhost:8000/static/js/app.js:13570
[  775137ms] [ERROR] Failed to load resource: net::ERR_CONNECTION_REFUSED @ http://localhost:8000/api/recording/status:0
[  775973ms] [ERROR] Failed to load resource: net::ERR_CONNECTION_REFUSED @ http://localhost:8000/api/objects/System%20Overview?server=ee8d9159:0
[  775973ms] [ERROR] Error загрузки ee8d9159:overview: TypeError: Failed to fetch
    at fetchObjectData (http://localhost:8000/static/js/app.js:11901:28)
    at loadObjectData (http://localhost:8000/static/js/app.js:13559:28)
    at http://localhost:8000/static/js/app.js:1211:23 @ http://localhost:8000/static/js/app.js:13570
[  776975ms] [ERROR] Failed to load resource: net::ERR_CONNECTION_REFUSED @ http://localhost:8000/api/objects/System%20Overview?server=ee8d9159:0
[  776975ms] [ERROR] Error загрузки ee8d9159:overview: TypeError: Failed to fetch
    at fetchObjectData (http://localhost:8000/static/js/app.js:11901:28)
    at loadObjectData (http://localhost:8000/static/js/app.js:13559:28)
    at http://localhost:8000/static/js/app.js:1211:23 @ http://localhost:8000/static/js/app.js:13570
[  777973ms] [ERROR] Failed to load resource: net::ERR_CONNECTION_REFUSED @ http://localhost:8000/api/objects/System%20Overview?server=ee8d9159:0
[  777974ms] [ERROR] Error загрузки ee8d9159:overview: TypeError: Failed to fetch
    at fetchObjectData (http://localhost:8000/static/js/app.js:11901:28)
    at loadObjectData (http://localhost:8000/static/js/app.js:13559:28)
    at http://localhost:8000/static/js/app.js:1211:23 @ http://localhost:8000/static/js/app.js:13570
[  778975ms] [ERROR] Failed to load resource: net::ERR_CONNECTION_REFUSED @ http://localhost:8000/api/servers:0
[  778975ms] [ERROR] Error обновления списка объектов: TypeError: Failed to fetch
    at fetchServers (http://localhost:8000/static/js/app.js:11827:28)
    at fetchObjects (http://localhost:8000/static/js/app.js:11834:31)
    at refreshObjectsList (http://localhost:8000/static/js/app.js:11882:28)
    at http://localhost:8000/static/js/app.js:1204:9 @ http://localhost:8000/static/js/app.js:11885
[  778976ms] [ERROR] Failed to load resource: net::ERR_CONNECTION_REFUSED @ http://localhost:8000/api/objects/System%20Overview?server=ee8d9159:0
[  778976ms] [ERROR] Error загрузки ee8d9159:overview: TypeError: Failed to fetch
    at fetchObjectData (http://localhost:8000/static/js/app.js:11901:28)
    at loadObjectData (http://localhost:8000/static/js/app.js:13559:28)
    at http://localhost:8000/static/js/app.js:1211:23 @ http://localhost:8000/static/js/app.js:13570
[  779973ms] [ERROR] Failed to load resource: net::ERR_CONNECTION_REFUSED @ http://localhost:8000/api/objects/System%20Overview?server=ee8d9159:0
[  779973ms] [ERROR] Error загрузки ee8d9159:overview: TypeError: Failed to fetch
    at fetchObjectData (http://localhost:8000/static/js/app.js:11901:28)
    at loadObjectData (http://localhost:8000/static/js/app.js:13559:28)
    at http://localhost:8000/static/js/app.js:1211:23 @ http://localhost:8000/static/js/app.js:13570
[  780138ms] [ERROR] Failed to load resource: net::ERR_CONNECTION_REFUSED @ http://localhost:8000/api/recording/status:0
[  780975ms] [ERROR] Failed to load resource: net::ERR_CONNECTION_REFUSED @ http://localhost:8000/api/objects/System%20Overview?server=ee8d9159:0
[  780975ms] [ERROR] Error загрузки ee8d9159:overview: TypeError: Failed to fetch
    at fetchObjectData (http://localhost:8000/static/js/app.js:11901:28)
    at loadObjectData (http://localhost:8000/static/js/app.js:13559:28)
    at http://localhost:8000/static/js/app.js:1211:23 @ http://localhost:8000/static/js/app.js:13570
[  781974ms] [ERROR] Failed to load resource: net::ERR_CONNECTION_REFUSED @ http://localhost:8000/api/objects/System%20Overview?server=ee8d9159:0
[  781974ms] [ERROR] Error загрузки ee8d9159:overview: TypeError: Failed to fetch
    at fetchObjectData (http://localhost:8000/static/js/app.js:11901:28)
    at loadObjectData (http://localhost:8000/static/js/app.js:13559:28)
    at http://localhost:8000/static/js/app.js:1211:23 @ http://localhost:8000/static/js/app.js:13570
[  782973ms] [ERROR] Failed to load resource: net::ERR_CONNECTION_REFUSED @ http://localhost:8000/api/objects/System%20Overview?server=ee8d9159:0
[  782974ms] [ERROR] Error загрузки ee8d9159:overview: TypeError: Failed to fetch
    at fetchObjectData (http://localhost:8000/static/js/app.js:11901:28)
    at loadObjectData (http://localhost:8000/static/js/app.js:13559:28)
    at http://localhost:8000/static/js/app.js:1211:23 @ http://localhost:8000/static/js/app.js:13570
[  783973ms] [ERROR] Failed to load resource: net::ERR_CONNECTION_REFUSED @ http://localhost:8000/api/objects/System%20Overview?server=ee8d9159:0
[  783973ms] [ERROR] Error загрузки ee8d9159:overview: TypeError: Failed to fetch
    at fetchObjectData (http://localhost:8000/static/js/app.js:11901:28)
    at loadObjectData (http://localhost:8000/static/js/app.js:13559:28)
    at http://localhost:8000/static/js/app.js:1211:23 @ http://localhost:8000/static/js/app.js:13570
[  784973ms] [ERROR] Failed to load resource: net::ERR_CONNECTION_REFUSED @ http://localhost:8000/api/servers:0
[  784974ms] [ERROR] Error обновления списка объектов: TypeError: Failed to fetch
    at fetchServers (http://localhost:8000/static/js/app.js:11827:28)
    at fetchObjects (http://localhost:8000/static/js/app.js:11834:31)
    at refreshObjectsList (http://localhost:8000/static/js/app.js:11882:28)
    at http://localhost:8000/static/js/app.js:1204:9 @ http://localhost:8000/static/js/app.js:11885
[  784974ms] [ERROR] Failed to load resource: net::ERR_CONNECTION_REFUSED @ http://localhost:8000/api/objects/System%20Overview?server=ee8d9159:0
[  784974ms] [ERROR] Error загрузки ee8d9159:overview: TypeError: Failed to fetch
    at fetchObjectData (http://localhost:8000/static/js/app.js:11901:28)
    at loadObjectData (http://localhost:8000/static/js/app.js:13559:28)
    at http://localhost:8000/static/js/app.js:1211:23 @ http://localhost:8000/static/js/app.js:13570
[  785138ms] [ERROR] Failed to load resource: net::ERR_CONNECTION_REFUSED @ http://localhost:8000/api/recording/status:0
[  785973ms] [ERROR] Failed to load resource: net::ERR_CONNECTION_REFUSED @ http://localhost:8000/api/objects/System%20Overview?server=ee8d9159:0
[  785973ms] [ERROR] Error загрузки ee8d9159:overview: TypeError: Failed to fetch
    at fetchObjectData (http://localhost:8000/static/js/app.js:11901:28)
    at loadObjectData (http://localhost:8000/static/js/app.js:13559:28)
    at http://localhost:8000/static/js/app.js:1211:23 @ http://localhost:8000/static/js/app.js:13570
[  786973ms] [ERROR] Failed to load resource: net::ERR_CONNECTION_REFUSED @ http://localhost:8000/api/objects/System%20Overview?server=ee8d9159:0
[  786973ms] [ERROR] Error загрузки ee8d9159:overview: TypeError: Failed to fetch
    at fetchObjectData (http://localhost:8000/static/js/app.js:11901:28)
    at loadObjectData (http://localhost:8000/static/js/app.js:13559:28)
    at http://localhost:8000/static/js/app.js:1211:23 @ http://localhost:8000/static/js/app.js:13570
[  787975ms] [ERROR] Failed to load resource: net::ERR_CONNECTION_REFUSED @ http://localhost:8000/api/objects/System%20Overview?server=ee8d9159:0
[  787975ms] [ERROR] Error загрузки ee8d9159:overview: TypeError: Failed to fetch
    at fetchObjectData (http://localhost:8000/static/js/app.js:11901:28)
    at loadObjectData (http://localhost:8000/static/js/app.js:13559:28)
    at http://localhost:8000/static/js/app.js:1211:23 @ http://localhost:8000/static/js/app.js:13570
[  788973ms] [ERROR] Failed to load resource: net::ERR_CONNECTION_REFUSED @ http://localhost:8000/api/objects/System%20Overview?server=ee8d9159:0
[  788973ms] [ERROR] Error загрузки ee8d9159:overview: TypeError: Failed to fetch
    at fetchObjectData (http://localhost:8000/static/js/app.js:11901:28)
    at loadObjectData (http://localhost:8000/static/js/app.js:13559:28)
    at http://localhost:8000/static/js/app.js:1211:23 @ http://localhost:8000/static/js/app.js:13570
[  789975ms] [ERROR] Failed to load resource: net::ERR_CONNECTION_REFUSED @ http://localhost:8000/api/objects/System%20Overview?server=ee8d9159:0
[  789975ms] [ERROR] Error загрузки ee8d9159:overview: TypeError: Failed to fetch
    at fetchObjectData (http://localhost:8000/static/js/app.js:11901:28)
    at loadObjectData (http://localhost:8000/static/js/app.js:13559:28)
    at http://localhost:8000/static/js/app.js:1211:23 @ http://localhost:8000/static/js/app.js:13570
[  790138ms] [ERROR] Failed to load resource: net::ERR_CONNECTION_REFUSED @ http://localhost:8000/api/recording/status:0
[  790976ms] [ERROR] Failed to load resource: net::ERR_CONNECTION_REFUSED @ http://localhost:8000/api/servers:0
[  790976ms] [ERROR] Error обновления списка объектов: TypeError: Failed to fetch
    at fetchServers (http://localhost:8000/static/js/app.js:11827:28)
    at fetchObjects (http://localhost:8000/static/js/app.js:11834:31)
    at refreshObjectsList (http://localhost:8000/static/js/app.js:11882:28)
    at http://localhost:8000/static/js/app.js:1204:9 @ http://localhost:8000/static/js/app.js:11885
[  790977ms] [ERROR] Failed to load resource: net::ERR_CONNECTION_REFUSED @ http://localhost:8000/api/objects/System%20Overview?server=ee8d9159:0
[  790977ms] [ERROR] Error загрузки ee8d9159:overview: TypeError: Failed to fetch
    at fetchObjectData (http://localhost:8000/static/js/app.js:11901:28)
    at loadObjectData (http://localhost:8000/static/js/app.js:13559:28)
    at http://localhost:8000/static/js/app.js:1211:23 @ http://localhost:8000/static/js/app.js:13570
[  791975ms] [ERROR] Failed to load resource: net::ERR_CONNECTION_REFUSED @ http://localhost:8000/api/objects/System%20Overview?server=ee8d9159:0
[  791976ms] [ERROR] Error загрузки ee8d9159:overview: TypeError: Failed to fetch
    at fetchObjectData (http://localhost:8000/static/js/app.js:11901:28)
    at loadObjectData (http://localhost:8000/static/js/app.js:13559:28)
    at http://localhost:8000/static/js/app.js:1211:23 @ http://localhost:8000/static/js/app.js:13570
[  792974ms] [ERROR] Failed to load resource: net::ERR_CONNECTION_REFUSED @ http://localhost:8000/api/objects/System%20Overview?server=ee8d9159:0
[  792974ms] [ERROR] Error загрузки ee8d9159:overview: TypeError: Failed to fetch
    at fetchObjectData (http://localhost:8000/static/js/app.js:11901:28)
    at loadObjectData (http://localhost:8000/static/js/app.js:13559:28)
    at http://localhost:8000/static/js/app.js:1211:23 @ http://localhost:8000/static/js/app.js:13570
[  793973ms] [ERROR] Failed to load resource: net::ERR_CONNECTION_REFUSED @ http://localhost:8000/api/objects/System%20Overview?server=ee8d9159:0
[  793973ms] [ERROR] Error загрузки ee8d9159:overview: TypeError: Failed to fetch
    at fetchObjectData (http://localhost:8000/static/js/app.js:11901:28)
    at loadObjectData (http://localhost:8000/static/js/app.js:13559:28)
    at http://localhost:8000/static/js/app.js:1211:23 @ http://localhost:8000/static/js/app.js:13570
[  794975ms] [ERROR] Failed to load resource: net::ERR_CONNECTION_REFUSED @ http://localhost:8000/api/objects/System%20Overview?server=ee8d9159:0
[  794975ms] [ERROR] Error загрузки ee8d9159:overview: TypeError: Failed to fetch
    at fetchObjectData (http://localhost:8000/static/js/app.js:11901:28)
    at loadObjectData (http://localhost:8000/static/js/app.js:13559:28)
    at http://localhost:8000/static/js/app.js:1211:23 @ http://localhost:8000/static/js/app.js:13570
[  795138ms] [ERROR] Failed to load resource: net::ERR_CONNECTION_REFUSED @ http://localhost:8000/api/recording/status:0
[  795973ms] [ERROR] Failed to load resource: net::ERR_CONNECTION_REFUSED @ http://localhost:8000/api/objects/System%20Overview?server=ee8d9159:0
[  795974ms] [ERROR] Error загрузки ee8d9159:overview: TypeError: Failed to fetch
    at fetchObjectData (http://localhost:8000/static/js/app.js:11901:28)
    at loadObjectData (http://localhost:8000/static/js/app.js:13559:28)
    at http://localhost:8000/static/js/app.js:1211:23 @ http://localhost:8000/static/js/app.js:13570
[  796976ms] [ERROR] Failed to load resource: net::ERR_CONNECTION_REFUSED @ http://localhost:8000/api/servers:0
[  796976ms] [ERROR] Error обновления списка объектов: TypeError: Failed to fetch
    at fetchServers (http://localhost:8000/static/js/app.js:11827:28)
    at fetchObjects (http://localhost:8000/static/js/app.js:11834:31)
    at refreshObjectsList (http://localhost:8000/static/js/app.js:11882:28)
    at http://localhost:8000/static/js/app.js:1204:9 @ http://localhost:8000/static/js/app.js:11885
[  796977ms] [ERROR] Failed to load resource: net::ERR_CONNECTION_REFUSED @ http://localhost:8000/api/objects/System%20Overview?server=ee8d9159:0
[  796977ms] [ERROR] Error загрузки ee8d9159:overview: TypeError: Failed to fetch
    at fetchObjectData (http://localhost:8000/static/js/app.js:11901:28)
    at loadObjectData (http://localhost:8000/static/js/app.js:13559:28)
    at http://localhost:8000/static/js/app.js:1211:23 @ http://localhost:8000/static/js/app.js:13570
[  796977ms] [ERROR] Failed to load resource: net::ERR_CONNECTION_REFUSED @ http://localhost:8000/api/version:0
[  797972ms] [ERROR] Failed to load resource: net::ERR_CONNECTION_REFUSED @ http://localhost:8000/api/objects/System%20Overview?server=ee8d9159:0
[  797973ms] [ERROR] Error загрузки ee8d9159:overview: TypeError: Failed to fetch
    at fetchObjectData (http://localhost:8000/static/js/app.js:11901:28)
    at loadObjectData (http://localhost:8000/static/js/app.js:13559:28)
    at http://localhost:8000/static/js/app.js:1211:23 @ http://localhost:8000/static/js/app.js:13570
[  798973ms] [ERROR] Failed to load resource: net::ERR_CONNECTION_REFUSED @ http://localhost:8000/api/objects/System%20Overview?server=ee8d9159:0
[  798973ms] [ERROR] Error загрузки ee8d9159:overview: TypeError: Failed to fetch
    at fetchObjectData (http://localhost:8000/static/js/app.js:11901:28)
    at loadObjectData (http://localhost:8000/static/js/app.js:13559:28)
    at http://localhost:8000/static/js/app.js:1211:23 @ http://localhost:8000/static/js/app.js:13570
[  799973ms] [ERROR] Failed to load resource: net::ERR_CONNECTION_REFUSED @ http://localhost:8000/api/objects/System%20Overview?server=ee8d9159:0
[  799973ms] [ERROR] Error загрузки ee8d9159:overview: TypeError: Failed to fetch
    at fetchObjectData (http://localhost:8000/static/js/app.js:11901:28)
    at loadObjectData (http://localhost:8000/static/js/app.js:13559:28)
    at http://localhost:8000/static/js/app.js:1211:23 @ http://localhost:8000/static/js/app.js:13570
[  800139ms] [ERROR] Failed to load resource: net::ERR_CONNECTION_REFUSED @ http://localhost:8000/api/recording/status:0
[  800975ms] [ERROR] Failed to load resource: net::ERR_CONNECTION_REFUSED @ http://localhost:8000/api/objects/System%20Overview?server=ee8d9159:0
[  800975ms] [ERROR] Error загрузки ee8d9159:overview: TypeError: Failed to fetch
    at fetchObjectData (http://localhost:8000/static/js/app.js:11901:28)
    at loadObjectData (http://localhost:8000/static/js/app.js:13559:28)
    at http://localhost:8000/static/js/app.js:1211:23 @ http://localhost:8000/static/js/app.js:13570
[  801973ms] [ERROR] Failed to load resource: net::ERR_CONNECTION_REFUSED @ http://localhost:8000/api/objects/System%20Overview?server=ee8d9159:0
[  801973ms] [ERROR] Error загрузки ee8d9159:overview: TypeError: Failed to fetch
    at fetchObjectData (http://localhost:8000/static/js/app.js:11901:28)
    at loadObjectData (http://localhost:8000/static/js/app.js:13559:28)
    at http://localhost:8000/static/js/app.js:1211:23 @ http://localhost:8000/static/js/app.js:13570
[  802974ms] [ERROR] Failed to load resource: net::ERR_CONNECTION_REFUSED @ http://localhost:8000/api/servers:0
[  802974ms] [ERROR] Error обновления списка объектов: TypeError: Failed to fetch
    at fetchServers (http://localhost:8000/static/js/app.js:11827:28)
    at fetchObjects (http://localhost:8000/static/js/app.js:11834:31)
    at refreshObjectsList (http://localhost:8000/static/js/app.js:11882:28)
    at http://localhost:8000/static/js/app.js:1204:9 @ http://localhost:8000/static/js/app.js:11885
[  802975ms] [ERROR] Failed to load resource: net::ERR_CONNECTION_REFUSED @ http://localhost:8000/api/objects/System%20Overview?server=ee8d9159:0
[  802975ms] [ERROR] Error загрузки ee8d9159:overview: TypeError: Failed to fetch
    at fetchObjectData (http://localhost:8000/static/js/app.js:11901:28)
    at loadObjectData (http://localhost:8000/static/js/app.js:13559:28)
    at http://localhost:8000/static/js/app.js:1211:23 @ http://localhost:8000/static/js/app.js:13570
[  803974ms] [ERROR] Failed to load resource: net::ERR_CONNECTION_REFUSED @ http://localhost:8000/api/objects/System%20Overview?server=ee8d9159:0
[  803974ms] [ERROR] Error загрузки ee8d9159:overview: TypeError: Failed to fetch
    at fetchObjectData (http://localhost:8000/static/js/app.js:11901:28)
    at loadObjectData (http://localhost:8000/static/js/app.js:13559:28)
    at http://localhost:8000/static/js/app.js:1211:23 @ http://localhost:8000/static/js/app.js:13570
[  804973ms] [ERROR] Failed to load resource: net::ERR_CONNECTION_REFUSED @ http://localhost:8000/api/objects/System%20Overview?server=ee8d9159:0
[  804973ms] [ERROR] Error загрузки ee8d9159:overview: TypeError: Failed to fetch
    at fetchObjectData (http://localhost:8000/static/js/app.js:11901:28)
    at loadObjectData (http://localhost:8000/static/js/app.js:13559:28)
    at http://localhost:8000/static/js/app.js:1211:23 @ http://localhost:8000/static/js/app.js:13570
[  805137ms] [ERROR] Failed to load resource: net::ERR_CONNECTION_REFUSED @ http://localhost:8000/api/recording/status:0
[  805973ms] [ERROR] Failed to load resource: net::ERR_CONNECTION_REFUSED @ http://localhost:8000/api/objects/System%20Overview?server=ee8d9159:0
[  805973ms] [ERROR] Error загрузки ee8d9159:overview: TypeError: Failed to fetch
    at fetchObjectData (http://localhost:8000/static/js/app.js:11901:28)
    at loadObjectData (http://localhost:8000/static/js/app.js:13559:28)
    at http://localhost:8000/static/js/app.js:1211:23 @ http://localhost:8000/static/js/app.js:13570
[  806974ms] [ERROR] Failed to load resource: net::ERR_CONNECTION_REFUSED @ http://localhost:8000/api/objects/System%20Overview?server=ee8d9159:0
[  806974ms] [ERROR] Error загрузки ee8d9159:overview: TypeError: Failed to fetch
    at fetchObjectData (http://localhost:8000/static/js/app.js:11901:28)
    at loadObjectData (http://localhost:8000/static/js/app.js:13559:28)
    at http://localhost:8000/static/js/app.js:1211:23 @ http://localhost:8000/static/js/app.js:13570
[  807973ms] [ERROR] Failed to load resource: net::ERR_CONNECTION_REFUSED @ http://localhost:8000/api/objects/System%20Overview?server=ee8d9159:0
[  807973ms] [ERROR] Error загрузки ee8d9159:overview: TypeError: Failed to fetch
    at fetchObjectData (http://localhost:8000/static/js/app.js:11901:28)
    at loadObjectData (http://localhost:8000/static/js/app.js:13559:28)
    at http://localhost:8000/static/js/app.js:1211:23 @ http://localhost:8000/static/js/app.js:13570
[  808973ms] [ERROR] Failed to load resource: net::ERR_CONNECTION_REFUSED @ http://localhost:8000/api/servers:0
[  808973ms] [ERROR] Error обновления списка объектов: TypeError: Failed to fetch
    at fetchServers (http://localhost:8000/static/js/app.js:11827:28)
    at fetchObjects (http://localhost:8000/static/js/app.js:11834:31)
    at refreshObjectsList (http://localhost:8000/static/js/app.js:11882:28)
    at http://localhost:8000/static/js/app.js:1204:9 @ http://localhost:8000/static/js/app.js:11885
[  808974ms] [ERROR] Failed to load resource: net::ERR_CONNECTION_REFUSED @ http://localhost:8000/api/objects/System%20Overview?server=ee8d9159:0
[  808974ms] [ERROR] Error загрузки ee8d9159:overview: TypeError: Failed to fetch
    at fetchObjectData (http://localhost:8000/static/js/app.js:11901:28)
    at loadObjectData (http://localhost:8000/static/js/app.js:13559:28)
    at http://localhost:8000/static/js/app.js:1211:23 @ http://localhost:8000/static/js/app.js:13570
[  809973ms] [ERROR] Failed to load resource: net::ERR_CONNECTION_REFUSED @ http://localhost:8000/api/objects/System%20Overview?server=ee8d9159:0
[  809973ms] [ERROR] Error загрузки ee8d9159:overview: TypeError: Failed to fetch
    at fetchObjectData (http://localhost:8000/static/js/app.js:11901:28)
    at loadObjectData (http://localhost:8000/static/js/app.js:13559:28)
    at http://localhost:8000/static/js/app.js:1211:23 @ http://localhost:8000/static/js/app.js:13570
[  810138ms] [ERROR] Failed to load resource: net::ERR_CONNECTION_REFUSED @ http://localhost:8000/api/recording/status:0
[  810973ms] [ERROR] Failed to load resource: net::ERR_CONNECTION_REFUSED @ http://localhost:8000/api/objects/System%20Overview?server=ee8d9159:0
[  810973ms] [ERROR] Error загрузки ee8d9159:overview: TypeError: Failed to fetch
    at fetchObjectData (http://localhost:8000/static/js/app.js:11901:28)
    at loadObjectData (http://localhost:8000/static/js/app.js:13559:28)
    at http://localhost:8000/static/js/app.js:1211:23 @ http://localhost:8000/static/js/app.js:13570
[  811973ms] [ERROR] Failed to load resource: net::ERR_CONNECTION_REFUSED @ http://localhost:8000/api/objects/System%20Overview?server=ee8d9159:0
[  811973ms] [ERROR] Error загрузки ee8d9159:overview: TypeError: Failed to fetch
    at fetchObjectData (http://localhost:8000/static/js/app.js:11901:28)
    at loadObjectData (http://localhost:8000/static/js/app.js:13559:28)
    at http://localhost:8000/static/js/app.js:1211:23 @ http://localhost:8000/static/js/app.js:13570
[  812974ms] [ERROR] Failed to load resource: net::ERR_CONNECTION_REFUSED @ http://localhost:8000/api/objects/System%20Overview?server=ee8d9159:0
[  812974ms] [ERROR] Error загрузки ee8d9159:overview: TypeError: Failed to fetch
    at fetchObjectData (http://localhost:8000/static/js/app.js:11901:28)
    at loadObjectData (http://localhost:8000/static/js/app.js:13559:28)
    at http://localhost:8000/static/js/app.js:1211:23 @ http://localhost:8000/static/js/app.js:13570
[  813974ms] [ERROR] Failed to load resource: net::ERR_CONNECTION_REFUSED @ http://localhost:8000/api/objects/System%20Overview?server=ee8d9159:0
[  813975ms] [ERROR] Error загрузки ee8d9159:overview: TypeError: Failed to fetch
    at fetchObjectData (http://localhost:8000/static/js/app.js:11901:28)
    at loadObjectData (http://localhost:8000/static/js/app.js:13559:28)
    at http://localhost:8000/static/js/app.js:1211:23 @ http://localhost:8000/static/js/app.js:13570
[  814974ms] [ERROR] Failed to load resource: net::ERR_CONNECTION_REFUSED @ http://localhost:8000/api/servers:0
[  814974ms] [ERROR] Error обновления списка объектов: TypeError: Failed to fetch
    at fetchServers (http://localhost:8000/static/js/app.js:11827:28)
    at fetchObjects (http://localhost:8000/static/js/app.js:11834:31)
    at refreshObjectsList (http://localhost:8000/static/js/app.js:11882:28)
    at http://localhost:8000/static/js/app.js:1204:9 @ http://localhost:8000/static/js/app.js:11885
[  814974ms] [ERROR] Failed to load resource: net::ERR_CONNECTION_REFUSED @ http://localhost:8000/api/objects/System%20Overview?server=ee8d9159:0
[  814974ms] [ERROR] Error загрузки ee8d9159:overview: TypeError: Failed to fetch
    at fetchObjectData (http://localhost:8000/static/js/app.js:11901:28)
    at loadObjectData (http://localhost:8000/static/js/app.js:13559:28)
    at http://localhost:8000/static/js/app.js:1211:23 @ http://localhost:8000/static/js/app.js:13570
[  815138ms] [ERROR] Failed to load resource: net::ERR_CONNECTION_REFUSED @ http://localhost:8000/api/recording/status:0
[  815974ms] [ERROR] Failed to load resource: net::ERR_CONNECTION_REFUSED @ http://localhost:8000/api/objects/System%20Overview?server=ee8d9159:0
[  815974ms] [ERROR] Error загрузки ee8d9159:overview: TypeError: Failed to fetch
    at fetchObjectData (http://localhost:8000/static/js/app.js:11901:28)
    at loadObjectData (http://localhost:8000/static/js/app.js:13559:28)
    at http://localhost:8000/static/js/app.js:1211:23 @ http://localhost:8000/static/js/app.js:13570
[  816975ms] [ERROR] Failed to load resource: net::ERR_CONNECTION_REFUSED @ http://localhost:8000/api/objects/System%20Overview?server=ee8d9159:0
[  816975ms] [ERROR] Error загрузки ee8d9159:overview: TypeError: Failed to fetch
    at fetchObjectData (http://localhost:8000/static/js/app.js:11901:28)
    at loadObjectData (http://localhost:8000/static/js/app.js:13559:28)
    at http://localhost:8000/static/js/app.js:1211:23 @ http://localhost:8000/static/js/app.js:13570
[  817974ms] [ERROR] Failed to load resource: net::ERR_CONNECTION_REFUSED @ http://localhost:8000/api/objects/System%20Overview?server=ee8d9159:0
[  817974ms] [ERROR] Error загрузки ee8d9159:overview: TypeError: Failed to fetch
    at fetchObjectData (http://localhost:8000/static/js/app.js:11901:28)
    at loadObjectData (http://localhost:8000/static/js/app.js:13559:28)
    at http://localhost:8000/static/js/app.js:1211:23 @ http://localhost:8000/static/js/app.js:13570
[  818973ms] [ERROR] Failed to load resource: net::ERR_CONNECTION_REFUSED @ http://localhost:8000/api/objects/System%20Overview?server=ee8d9159:0
[  818973ms] [ERROR] Error загрузки ee8d9159:overview: TypeError: Failed to fetch
    at fetchObjectData (http://localhost:8000/static/js/app.js:11901:28)
    at loadObjectData (http://localhost:8000/static/js/app.js:13559:28)
    at http://localhost:8000/static/js/app.js:1211:23 @ http://localhost:8000/static/js/app.js:13570
[  819974ms] [ERROR] Failed to load resource: net::ERR_CONNECTION_REFUSED @ http://localhost:8000/api/objects/System%20Overview?server=ee8d9159:0
[  819974ms] [ERROR] Error загрузки ee8d9159:overview: TypeError: Failed to fetch
    at fetchObjectData (http://localhost:8000/static/js/app.js:11901:28)
    at loadObjectData (http://localhost:8000/static/js/app.js:13559:28)
    at http://localhost:8000/static/js/app.js:1211:23 @ http://localhost:8000/static/js/app.js:13570
[  820138ms] [ERROR] Failed to load resource: net::ERR_CONNECTION_REFUSED @ http://localhost:8000/api/recording/status:0
[  820974ms] [ERROR] Failed to load resource: net::ERR_CONNECTION_REFUSED @ http://localhost:8000/api/servers:0
[  820974ms] [ERROR] Error обновления списка объектов: TypeError: Failed to fetch
    at fetchServers (http://localhost:8000/static/js/app.js:11827:28)
    at fetchObjects (http://localhost:8000/static/js/app.js:11834:31)
    at refreshObjectsList (http://localhost:8000/static/js/app.js:11882:28)
    at http://localhost:8000/static/js/app.js:1204:9 @ http://localhost:8000/static/js/app.js:11885
[  820974ms] [ERROR] Failed to load resource: net::ERR_CONNECTION_REFUSED @ http://localhost:8000/api/objects/System%20Overview?server=ee8d9159:0
[  820974ms] [ERROR] Error загрузки ee8d9159:overview: TypeError: Failed to fetch
    at fetchObjectData (http://localhost:8000/static/js/app.js:11901:28)
    at loadObjectData (http://localhost:8000/static/js/app.js:13559:28)
    at http://localhost:8000/static/js/app.js:1211:23 @ http://localhost:8000/static/js/app.js:13570
[  821973ms] [ERROR] Failed to load resource: net::ERR_CONNECTION_REFUSED @ http://localhost:8000/api/objects/System%20Overview?server=ee8d9159:0
[  821973ms] [ERROR] Error загрузки ee8d9159:overview: TypeError: Failed to fetch
    at fetchObjectData (http://localhost:8000/static/js/app.js:11901:28)
    at loadObjectData (http://localhost:8000/static/js/app.js:13559:28)
    at http://localhost:8000/static/js/app.js:1211:23 @ http://localhost:8000/static/js/app.js:13570
[  822974ms] [ERROR] Failed to load resource: net::ERR_CONNECTION_REFUSED @ http://localhost:8000/api/objects/System%20Overview?server=ee8d9159:0
[  822974ms] [ERROR] Error загрузки ee8d9159:overview: TypeError: Failed to fetch
    at fetchObjectData (http://localhost:8000/static/js/app.js:11901:28)
    at loadObjectData (http://localhost:8000/static/js/app.js:13559:28)
    at http://localhost:8000/static/js/app.js:1211:23 @ http://localhost:8000/static/js/app.js:13570
[  823973ms] [ERROR] Failed to load resource: net::ERR_CONNECTION_REFUSED @ http://localhost:8000/api/objects/System%20Overview?server=ee8d9159:0
[  823973ms] [ERROR] Error загрузки ee8d9159:overview: TypeError: Failed to fetch
    at fetchObjectData (http://localhost:8000/static/js/app.js:11901:28)
    at loadObjectData (http://localhost:8000/static/js/app.js:13559:28)
    at http://localhost:8000/static/js/app.js:1211:23 @ http://localhost:8000/static/js/app.js:13570
[  824974ms] [ERROR] Failed to load resource: net::ERR_CONNECTION_REFUSED @ http://localhost:8000/api/objects/System%20Overview?server=ee8d9159:0
[  824974ms] [ERROR] Error загрузки ee8d9159:overview: TypeError: Failed to fetch
    at fetchObjectData (http://localhost:8000/static/js/app.js:11901:28)
    at loadObjectData (http://localhost:8000/static/js/app.js:13559:28)
    at http://localhost:8000/static/js/app.js:1211:23 @ http://localhost:8000/static/js/app.js:13570
[  825139ms] [ERROR] Failed to load resource: net::ERR_CONNECTION_REFUSED @ http://localhost:8000/api/recording/status:0
[  825974ms] [ERROR] Failed to load resource: net::ERR_CONNECTION_REFUSED @ http://localhost:8000/api/objects/System%20Overview?server=ee8d9159:0
[  825974ms] [ERROR] Error загрузки ee8d9159:overview: TypeError: Failed to fetch
    at fetchObjectData (http://localhost:8000/static/js/app.js:11901:28)
    at loadObjectData (http://localhost:8000/static/js/app.js:13559:28)
    at http://localhost:8000/static/js/app.js:1211:23 @ http://localhost:8000/static/js/app.js:13570
[  826976ms] [ERROR] Failed to load resource: net::ERR_CONNECTION_REFUSED @ http://localhost:8000/api/servers:0
[  826976ms] [ERROR] Error обновления списка объектов: TypeError: Failed to fetch
    at fetchServers (http://localhost:8000/static/js/app.js:11827:28)
    at fetchObjects (http://localhost:8000/static/js/app.js:11834:31)
    at refreshObjectsList (http://localhost:8000/static/js/app.js:11882:28)
    at http://localhost:8000/static/js/app.js:1204:9 @ http://localhost:8000/static/js/app.js:11885
[  826976ms] [ERROR] Failed to load resource: net::ERR_CONNECTION_REFUSED @ http://localhost:8000/api/objects/System%20Overview?server=ee8d9159:0
[  826976ms] [ERROR] Error загрузки ee8d9159:overview: TypeError: Failed to fetch
    at fetchObjectData (http://localhost:8000/static/js/app.js:11901:28)
    at loadObjectData (http://localhost:8000/static/js/app.js:13559:28)
    at http://localhost:8000/static/js/app.js:1211:23 @ http://localhost:8000/static/js/app.js:13570
[  826976ms] [ERROR] Failed to load resource: net::ERR_CONNECTION_REFUSED @ http://localhost:8000/api/version:0
[  827973ms] [ERROR] Failed to load resource: net::ERR_CONNECTION_REFUSED @ http://localhost:8000/api/objects/System%20Overview?server=ee8d9159:0
[  827973ms] [ERROR] Error загрузки ee8d9159:overview: TypeError: Failed to fetch
    at fetchObjectData (http://localhost:8000/static/js/app.js:11901:28)
    at loadObjectData (http://localhost:8000/static/js/app.js:13559:28)
    at http://localhost:8000/static/js/app.js:1211:23 @ http://localhost:8000/static/js/app.js:13570
[  828974ms] [ERROR] Failed to load resource: net::ERR_CONNECTION_REFUSED @ http://localhost:8000/api/objects/System%20Overview?server=ee8d9159:0
[  828974ms] [ERROR] Error загрузки ee8d9159:overview: TypeError: Failed to fetch
    at fetchObjectData (http://localhost:8000/static/js/app.js:11901:28)
    at loadObjectData (http://localhost:8000/static/js/app.js:13559:28)
    at http://localhost:8000/static/js/app.js:1211:23 @ http://localhost:8000/static/js/app.js:13570
[  829973ms] [ERROR] Failed to load resource: net::ERR_CONNECTION_REFUSED @ http://localhost:8000/api/objects/System%20Overview?server=ee8d9159:0
[  829973ms] [ERROR] Error загрузки ee8d9159:overview: TypeError: Failed to fetch
    at fetchObjectData (http://localhost:8000/static/js/app.js:11901:28)
    at loadObjectData (http://localhost:8000/static/js/app.js:13559:28)
    at http://localhost:8000/static/js/app.js:1211:23 @ http://localhost:8000/static/js/app.js:13570
[  830139ms] [ERROR] Failed to load resource: net::ERR_CONNECTION_REFUSED @ http://localhost:8000/api/recording/status:0
[  830974ms] [ERROR] Failed to load resource: net::ERR_CONNECTION_REFUSED @ http://localhost:8000/api/objects/System%20Overview?server=ee8d9159:0
[  830974ms] [ERROR] Error загрузки ee8d9159:overview: TypeError: Failed to fetch
    at fetchObjectData (http://localhost:8000/static/js/app.js:11901:28)
    at loadObjectData (http://localhost:8000/static/js/app.js:13559:28)
    at http://localhost:8000/static/js/app.js:1211:23 @ http://localhost:8000/static/js/app.js:13570
[  831974ms] [ERROR] Failed to load resource: net::ERR_CONNECTION_REFUSED @ http://localhost:8000/api/objects/System%20Overview?server=ee8d9159:0
[  831974ms] [ERROR] Error загрузки ee8d9159:overview: TypeError: Failed to fetch
    at fetchObjectData (http://localhost:8000/static/js/app.js:11901:28)
    at loadObjectData (http://localhost:8000/static/js/app.js:13559:28)
    at http://localhost:8000/static/js/app.js:1211:23 @ http://localhost:8000/static/js/app.js:13570
[  832974ms] [ERROR] Failed to load resource: net::ERR_CONNECTION_REFUSED @ http://localhost:8000/api/servers:0
[  832974ms] [ERROR] Error обновления списка объектов: TypeError: Failed to fetch
    at fetchServers (http://localhost:8000/static/js/app.js:11827:28)
    at fetchObjects (http://localhost:8000/static/js/app.js:11834:31)
    at refreshObjectsList (http://localhost:8000/static/js/app.js:11882:28)
    at http://localhost:8000/static/js/app.js:1204:9 @ http://localhost:8000/static/js/app.js:11885
[  832975ms] [ERROR] Failed to load resource: net::ERR_CONNECTION_REFUSED @ http://localhost:8000/api/objects/System%20Overview?server=ee8d9159:0
[  832975ms] [ERROR] Error загрузки ee8d9159:overview: TypeError: Failed to fetch
    at fetchObjectData (http://localhost:8000/static/js/app.js:11901:28)
    at loadObjectData (http://localhost:8000/static/js/app.js:13559:28)
    at http://localhost:8000/static/js/app.js:1211:23 @ http://localhost:8000/static/js/app.js:13570
[  833973ms] [ERROR] Failed to load resource: net::ERR_CONNECTION_REFUSED @ http://localhost:8000/api/objects/System%20Overview?server=ee8d9159:0
[  833973ms] [ERROR] Error загрузки ee8d9159:overview: TypeError: Failed to fetch
    at fetchObjectData (http://localhost:8000/static/js/app.js:11901:28)
    at loadObjectData (http://localhost:8000/static/js/app.js:13559:28)
    at http://localhost:8000/static/js/app.js:1211:23 @ http://localhost:8000/static/js/app.js:13570
[  834973ms] [ERROR] Failed to load resource: net::ERR_CONNECTION_REFUSED @ http://localhost:8000/api/objects/System%20Overview?server=ee8d9159:0
[  834973ms] [ERROR] Error загрузки ee8d9159:overview: TypeError: Failed to fetch
    at fetchObjectData (http://localhost:8000/static/js/app.js:11901:28)
    at loadObjectData (http://localhost:8000/static/js/app.js:13559:28)
    at http://localhost:8000/static/js/app.js:1211:23 @ http://localhost:8000/static/js/app.js:13570
[  835139ms] [ERROR] Failed to load resource: net::ERR_CONNECTION_REFUSED @ http://localhost:8000/api/recording/status:0
[  835974ms] [ERROR] Failed to load resource: net::ERR_CONNECTION_REFUSED @ http://localhost:8000/api/objects/System%20Overview?server=ee8d9159:0
[  835974ms] [ERROR] Error загрузки ee8d9159:overview: TypeError: Failed to fetch
    at fetchObjectData (http://localhost:8000/static/js/app.js:11901:28)
    at loadObjectData (http://localhost:8000/static/js/app.js:13559:28)
    at http://localhost:8000/static/js/app.js:1211:23 @ http://localhost:8000/static/js/app.js:13570
[  836973ms] [ERROR] Failed to load resource: net::ERR_CONNECTION_REFUSED @ http://localhost:8000/api/objects/System%20Overview?server=ee8d9159:0
[  836973ms] [ERROR] Error загрузки ee8d9159:overview: TypeError: Failed to fetch
    at fetchObjectData (http://localhost:8000/static/js/app.js:11901:28)
    at loadObjectData (http://localhost:8000/static/js/app.js:13559:28)
    at http://localhost:8000/static/js/app.js:1211:23 @ http://localhost:8000/static/js/app.js:13570
[  837975ms] [ERROR] Failed to load resource: net::ERR_CONNECTION_REFUSED @ http://localhost:8000/api/objects/System%20Overview?server=ee8d9159:0
[  837975ms] [ERROR] Error загрузки ee8d9159:overview: TypeError: Failed to fetch
    at fetchObjectData (http://localhost:8000/static/js/app.js:11901:28)
    at loadObjectData (http://localhost:8000/static/js/app.js:13559:28)
    at http://localhost:8000/static/js/app.js:1211:23 @ http://localhost:8000/static/js/app.js:13570
[  838974ms] [ERROR] Failed to load resource: net::ERR_CONNECTION_REFUSED @ http://localhost:8000/api/servers:0
[  838974ms] [ERROR] Error обновления списка объектов: TypeError: Failed to fetch
    at fetchServers (http://localhost:8000/static/js/app.js:11827:28)
    at fetchObjects (http://localhost:8000/static/js/app.js:11834:31)
    at refreshObjectsList (http://localhost:8000/static/js/app.js:11882:28)
    at http://localhost:8000/static/js/app.js:1204:9 @ http://localhost:8000/static/js/app.js:11885
[  838975ms] [ERROR] Failed to load resource: net::ERR_CONNECTION_REFUSED @ http://localhost:8000/api/objects/System%20Overview?server=ee8d9159:0
[  838975ms] [ERROR] Error загрузки ee8d9159:overview: TypeError: Failed to fetch
    at fetchObjectData (http://localhost:8000/static/js/app.js:11901:28)
    at loadObjectData (http://localhost:8000/static/js/app.js:13559:28)
    at http://localhost:8000/static/js/app.js:1211:23 @ http://localhost:8000/static/js/app.js:13570
[  839974ms] [ERROR] Failed to load resource: net::ERR_CONNECTION_REFUSED @ http://localhost:8000/api/objects/System%20Overview?server=ee8d9159:0
[  839974ms] [ERROR] Error загрузки ee8d9159:overview: TypeError: Failed to fetch
    at fetchObjectData (http://localhost:8000/static/js/app.js:11901:28)
    at loadObjectData (http://localhost:8000/static/js/app.js:13559:28)
    at http://localhost:8000/static/js/app.js:1211:23 @ http://localhost:8000/static/js/app.js:13570
[  840138ms] [ERROR] Failed to load resource: net::ERR_CONNECTION_REFUSED @ http://localhost:8000/api/recording/status:0
[  840973ms] [ERROR] Failed to load resource: net::ERR_CONNECTION_REFUSED @ http://localhost:8000/api/objects/System%20Overview?server=ee8d9159:0
[  840973ms] [ERROR] Error загрузки ee8d9159:overview: TypeError: Failed to fetch
    at fetchObjectData (http://localhost:8000/static/js/app.js:11901:28)
    at loadObjectData (http://localhost:8000/static/js/app.js:13559:28)
    at http://localhost:8000/static/js/app.js:1211:23 @ http://localhost:8000/static/js/app.js:13570
[  841974ms] [ERROR] Failed to load resource: net::ERR_CONNECTION_REFUSED @ http://localhost:8000/api/objects/System%20Overview?server=ee8d9159:0
[  841974ms] [ERROR] Error загрузки ee8d9159:overview: TypeError: Failed to fetch
    at fetchObjectData (http://localhost:8000/static/js/app.js:11901:28)
    at loadObjectData (http://localhost:8000/static/js/app.js:13559:28)
    at http://localhost:8000/static/js/app.js:1211:23 @ http://localhost:8000/static/js/app.js:13570
[  842973ms] [ERROR] Failed to load resource: net::ERR_CONNECTION_REFUSED @ http://localhost:8000/api/objects/System%20Overview?server=ee8d9159:0
[  842974ms] [ERROR] Error загрузки ee8d9159:overview: TypeError: Failed to fetch
    at fetchObjectData (http://localhost:8000/static/js/app.js:11901:28)
    at loadObjectData (http://localhost:8000/static/js/app.js:13559:28)
    at http://localhost:8000/static/js/app.js:1211:23 @ http://localhost:8000/static/js/app.js:13570
[  843973ms] [ERROR] Failed to load resource: net::ERR_CONNECTION_REFUSED @ http://localhost:8000/api/objects/System%20Overview?server=ee8d9159:0
[  843973ms] [ERROR] Error загрузки ee8d9159:overview: TypeError: Failed to fetch
    at fetchObjectData (http://localhost:8000/static/js/app.js:11901:28)
    at loadObjectData (http://localhost:8000/static/js/app.js:13559:28)
    at http://localhost:8000/static/js/app.js:1211:23 @ http://localhost:8000/static/js/app.js:13570
[  844973ms] [ERROR] Failed to load resource: net::ERR_CONNECTION_REFUSED @ http://localhost:8000/api/servers:0
[  844973ms] [ERROR] Error обновления списка объектов: TypeError: Failed to fetch
    at fetchServers (http://localhost:8000/static/js/app.js:11827:28)
    at fetchObjects (http://localhost:8000/static/js/app.js:11834:31)
    at refreshObjectsList (http://localhost:8000/static/js/app.js:11882:28)
    at http://localhost:8000/static/js/app.js:1204:9 @ http://localhost:8000/static/js/app.js:11885
[  844974ms] [ERROR] Failed to load resource: net::ERR_CONNECTION_REFUSED @ http://localhost:8000/api/objects/System%20Overview?server=ee8d9159:0
[  844974ms] [ERROR] Error загрузки ee8d9159:overview: TypeError: Failed to fetch
    at fetchObjectData (http://localhost:8000/static/js/app.js:11901:28)
    at loadObjectData (http://localhost:8000/static/js/app.js:13559:28)
    at http://localhost:8000/static/js/app.js:1211:23 @ http://localhost:8000/static/js/app.js:13570
[  845137ms] [ERROR] Failed to load resource: net::ERR_CONNECTION_REFUSED @ http://localhost:8000/api/recording/status:0
[  845973ms] [ERROR] Failed to load resource: net::ERR_CONNECTION_REFUSED @ http://localhost:8000/api/objects/System%20Overview?server=ee8d9159:0
[  845973ms] [ERROR] Error загрузки ee8d9159:overview: TypeError: Failed to fetch
    at fetchObjectData (http://localhost:8000/static/js/app.js:11901:28)
    at loadObjectData (http://localhost:8000/static/js/app.js:13559:28)
    at http://localhost:8000/static/js/app.js:1211:23 @ http://localhost:8000/static/js/app.js:13570
[  846974ms] [ERROR] Failed to load resource: net::ERR_CONNECTION_REFUSED @ http://localhost:8000/api/objects/System%20Overview?server=ee8d9159:0
[  846974ms] [ERROR] Error загрузки ee8d9159:overview: TypeError: Failed to fetch
    at fetchObjectData (http://localhost:8000/static/js/app.js:11901:28)
    at loadObjectData (http://localhost:8000/static/js/app.js:13559:28)
    at http://localhost:8000/static/js/app.js:1211:23 @ http://localhost:8000/static/js/app.js:13570
[  847974ms] [ERROR] Failed to load resource: net::ERR_CONNECTION_REFUSED @ http://localhost:8000/api/objects/System%20Overview?server=ee8d9159:0
[  847974ms] [ERROR] Error загрузки ee8d9159:overview: TypeError: Failed to fetch
    at fetchObjectData (http://localhost:8000/static/js/app.js:11901:28)
    at loadObjectData (http://localhost:8000/static/js/app.js:13559:28)
    at http://localhost:8000/static/js/app.js:1211:23 @ http://localhost:8000/static/js/app.js:13570
[  848973ms] [ERROR] Failed to load resource: net::ERR_CONNECTION_REFUSED @ http://localhost:8000/api/objects/System%20Overview?server=ee8d9159:0
[  848973ms] [ERROR] Error загрузки ee8d9159:overview: TypeError: Failed to fetch
    at fetchObjectData (http://localhost:8000/static/js/app.js:11901:28)
    at loadObjectData (http://localhost:8000/static/js/app.js:13559:28)
    at http://localhost:8000/static/js/app.js:1211:23 @ http://localhost:8000/static/js/app.js:13570
[  849974ms] [ERROR] Failed to load resource: net::ERR_CONNECTION_REFUSED @ http://localhost:8000/api/objects/System%20Overview?server=ee8d9159:0
[  849974ms] [ERROR] Error загрузки ee8d9159:overview: TypeError: Failed to fetch
    at fetchObjectData (http://localhost:8000/static/js/app.js:11901:28)
    at loadObjectData (http://localhost:8000/static/js/app.js:13559:28)
    at http://localhost:8000/static/js/app.js:1211:23 @ http://localhost:8000/static/js/app.js:13570
[  850137ms] [ERROR] Failed to load resource: net::ERR_CONNECTION_REFUSED @ http://localhost:8000/api/recording/status:0
[  850975ms] [ERROR] Failed to load resource: net::ERR_CONNECTION_REFUSED @ http://localhost:8000/api/servers:0
[  850975ms] [ERROR] Error обновления списка объектов: TypeError: Failed to fetch
    at fetchServers (http://localhost:8000/static/js/app.js:11827:28)
    at fetchObjects (http://localhost:8000/static/js/app.js:11834:31)
    at refreshObjectsList (http://localhost:8000/static/js/app.js:11882:28)
    at http://localhost:8000/static/js/app.js:1204:9 @ http://localhost:8000/static/js/app.js:11885
[  850975ms] [ERROR] Failed to load resource: net::ERR_CONNECTION_REFUSED @ http://localhost:8000/api/objects/System%20Overview?server=ee8d9159:0
[  850975ms] [ERROR] Error загрузки ee8d9159:overview: TypeError: Failed to fetch
    at fetchObjectData (http://localhost:8000/static/js/app.js:11901:28)
    at loadObjectData (http://localhost:8000/static/js/app.js:13559:28)
    at http://localhost:8000/static/js/app.js:1211:23 @ http://localhost:8000/static/js/app.js:13570
[  851973ms] [ERROR] Failed to load resource: net::ERR_CONNECTION_REFUSED @ http://localhost:8000/api/objects/System%20Overview?server=ee8d9159:0
[  851973ms] [ERROR] Error загрузки ee8d9159:overview: TypeError: Failed to fetch
    at fetchObjectData (http://localhost:8000/static/js/app.js:11901:28)
    at loadObjectData (http://localhost:8000/static/js/app.js:13559:28)
    at http://localhost:8000/static/js/app.js:1211:23 @ http://localhost:8000/static/js/app.js:13570
[  852975ms] [ERROR] Failed to load resource: net::ERR_CONNECTION_REFUSED @ http://localhost:8000/api/objects/System%20Overview?server=ee8d9159:0
[  852975ms] [ERROR] Error загрузки ee8d9159:overview: TypeError: Failed to fetch
    at fetchObjectData (http://localhost:8000/static/js/app.js:11901:28)
    at loadObjectData (http://localhost:8000/static/js/app.js:13559:28)
    at http://localhost:8000/static/js/app.js:1211:23 @ http://localhost:8000/static/js/app.js:13570
[  853973ms] [ERROR] Failed to load resource: net::ERR_CONNECTION_REFUSED @ http://localhost:8000/api/objects/System%20Overview?server=ee8d9159:0
[  853973ms] [ERROR] Error загрузки ee8d9159:overview: TypeError: Failed to fetch
    at fetchObjectData (http://localhost:8000/static/js/app.js:11901:28)
    at loadObjectData (http://localhost:8000/static/js/app.js:13559:28)
    at http://localhost:8000/static/js/app.js:1211:23 @ http://localhost:8000/static/js/app.js:13570
[  854973ms] [ERROR] Failed to load resource: net::ERR_CONNECTION_REFUSED @ http://localhost:8000/api/objects/System%20Overview?server=ee8d9159:0
[  854973ms] [ERROR] Error загрузки ee8d9159:overview: TypeError: Failed to fetch
    at fetchObjectData (http://localhost:8000/static/js/app.js:11901:28)
    at loadObjectData (http://localhost:8000/static/js/app.js:13559:28)
    at http://localhost:8000/static/js/app.js:1211:23 @ http://localhost:8000/static/js/app.js:13570
[  855139ms] [ERROR] Failed to load resource: net::ERR_CONNECTION_REFUSED @ http://localhost:8000/api/recording/status:0
[  855973ms] [ERROR] Failed to load resource: net::ERR_CONNECTION_REFUSED @ http://localhost:8000/api/objects/System%20Overview?server=ee8d9159:0
[  855973ms] [ERROR] Error загрузки ee8d9159:overview: TypeError: Failed to fetch
    at fetchObjectData (http://localhost:8000/static/js/app.js:11901:28)
    at loadObjectData (http://localhost:8000/static/js/app.js:13559:28)
    at http://localhost:8000/static/js/app.js:1211:23 @ http://localhost:8000/static/js/app.js:13570
[  856974ms] [ERROR] Failed to load resource: net::ERR_CONNECTION_REFUSED @ http://localhost:8000/api/servers:0
[  856974ms] [ERROR] Error обновления списка объектов: TypeError: Failed to fetch
    at fetchServers (http://localhost:8000/static/js/app.js:11827:28)
    at fetchObjects (http://localhost:8000/static/js/app.js:11834:31)
    at refreshObjectsList (http://localhost:8000/static/js/app.js:11882:28)
    at http://localhost:8000/static/js/app.js:1204:9 @ http://localhost:8000/static/js/app.js:11885
[  856974ms] [ERROR] Failed to load resource: net::ERR_CONNECTION_REFUSED @ http://localhost:8000/api/objects/System%20Overview?server=ee8d9159:0
[  856974ms] [ERROR] Error загрузки ee8d9159:overview: TypeError: Failed to fetch
    at fetchObjectData (http://localhost:8000/static/js/app.js:11901:28)
    at loadObjectData (http://localhost:8000/static/js/app.js:13559:28)
    at http://localhost:8000/static/js/app.js:1211:23 @ http://localhost:8000/static/js/app.js:13570
[  856975ms] [ERROR] Failed to load resource: net::ERR_CONNECTION_REFUSED @ http://localhost:8000/api/version:0
[  857973ms] [ERROR] Failed to load resource: net::ERR_CONNECTION_REFUSED @ http://localhost:8000/api/objects/System%20Overview?server=ee8d9159:0
[  857973ms] [ERROR] Error загрузки ee8d9159:overview: TypeError: Failed to fetch
    at fetchObjectData (http://localhost:8000/static/js/app.js:11901:28)
    at loadObjectData (http://localhost:8000/static/js/app.js:13559:28)
    at http://localhost:8000/static/js/app.js:1211:23 @ http://localhost:8000/static/js/app.js:13570
[  858973ms] [ERROR] Failed to load resource: net::ERR_CONNECTION_REFUSED @ http://localhost:8000/api/objects/System%20Overview?server=ee8d9159:0
[  858973ms] [ERROR] Error загрузки ee8d9159:overview: TypeError: Failed to fetch
    at fetchObjectData (http://localhost:8000/static/js/app.js:11901:28)
    at loadObjectData (http://localhost:8000/static/js/app.js:13559:28)
    at http://localhost:8000/static/js/app.js:1211:23 @ http://localhost:8000/static/js/app.js:13570
[  859973ms] [ERROR] Failed to load resource: net::ERR_CONNECTION_REFUSED @ http://localhost:8000/api/objects/System%20Overview?server=ee8d9159:0
[  859973ms] [ERROR] Error загрузки ee8d9159:overview: TypeError: Failed to fetch
    at fetchObjectData (http://localhost:8000/static/js/app.js:11901:28)
    at loadObjectData (http://localhost:8000/static/js/app.js:13559:28)
    at http://localhost:8000/static/js/app.js:1211:23 @ http://localhost:8000/static/js/app.js:13570
[  860138ms] [ERROR] Failed to load resource: net::ERR_CONNECTION_REFUSED @ http://localhost:8000/api/recording/status:0
[  860974ms] [ERROR] Failed to load resource: net::ERR_CONNECTION_REFUSED @ http://localhost:8000/api/objects/System%20Overview?server=ee8d9159:0
[  860974ms] [ERROR] Error загрузки ee8d9159:overview: TypeError: Failed to fetch
    at fetchObjectData (http://localhost:8000/static/js/app.js:11901:28)
    at loadObjectData (http://localhost:8000/static/js/app.js:13559:28)
    at http://localhost:8000/static/js/app.js:1211:23 @ http://localhost:8000/static/js/app.js:13570
[  861974ms] [ERROR] Failed to load resource: net::ERR_CONNECTION_REFUSED @ http://localhost:8000/api/objects/System%20Overview?server=ee8d9159:0
[  861975ms] [ERROR] Error загрузки ee8d9159:overview: TypeError: Failed to fetch
    at fetchObjectData (http://localhost:8000/static/js/app.js:11901:28)
    at loadObjectData (http://localhost:8000/static/js/app.js:13559:28)
    at http://localhost:8000/static/js/app.js:1211:23 @ http://localhost:8000/static/js/app.js:13570
[  862974ms] [ERROR] Failed to load resource: net::ERR_CONNECTION_REFUSED @ http://localhost:8000/api/servers:0
[  862974ms] [ERROR] Error обновления списка объектов: TypeError: Failed to fetch
    at fetchServers (http://localhost:8000/static/js/app.js:11827:28)
    at fetchObjects (http://localhost:8000/static/js/app.js:11834:31)
    at refreshObjectsList (http://localhost:8000/static/js/app.js:11882:28)
    at http://localhost:8000/static/js/app.js:1204:9 @ http://localhost:8000/static/js/app.js:11885
[  862975ms] [ERROR] Failed to load resource: net::ERR_CONNECTION_REFUSED @ http://localhost:8000/api/objects/System%20Overview?server=ee8d9159:0
[  862975ms] [ERROR] Error загрузки ee8d9159:overview: TypeError: Failed to fetch
    at fetchObjectData (http://localhost:8000/static/js/app.js:11901:28)
    at loadObjectData (http://localhost:8000/static/js/app.js:13559:28)
    at http://localhost:8000/static/js/app.js:1211:23 @ http://localhost:8000/static/js/app.js:13570
[  863973ms] [ERROR] Failed to load resource: net::ERR_CONNECTION_REFUSED @ http://localhost:8000/api/objects/System%20Overview?server=ee8d9159:0
[  863973ms] [ERROR] Error загрузки ee8d9159:overview: TypeError: Failed to fetch
    at fetchObjectData (http://localhost:8000/static/js/app.js:11901:28)
    at loadObjectData (http://localhost:8000/static/js/app.js:13559:28)
    at http://localhost:8000/static/js/app.js:1211:23 @ http://localhost:8000/static/js/app.js:13570
[  864973ms] [ERROR] Failed to load resource: net::ERR_CONNECTION_REFUSED @ http://localhost:8000/api/objects/System%20Overview?server=ee8d9159:0
[  864974ms] [ERROR] Error загрузки ee8d9159:overview: TypeError: Failed to fetch
    at fetchObjectData (http://localhost:8000/static/js/app.js:11901:28)
    at loadObjectData (http://localhost:8000/static/js/app.js:13559:28)
    at http://localhost:8000/static/js/app.js:1211:23 @ http://localhost:8000/static/js/app.js:13570
[  865137ms] [ERROR] Failed to load resource: net::ERR_CONNECTION_REFUSED @ http://localhost:8000/api/recording/status:0
[  865973ms] [ERROR] Failed to load resource: net::ERR_CONNECTION_REFUSED @ http://localhost:8000/api/objects/System%20Overview?server=ee8d9159:0
[  865973ms] [ERROR] Error загрузки ee8d9159:overview: TypeError: Failed to fetch
    at fetchObjectData (http://localhost:8000/static/js/app.js:11901:28)
    at loadObjectData (http://localhost:8000/static/js/app.js:13559:28)
    at http://localhost:8000/static/js/app.js:1211:23 @ http://localhost:8000/static/js/app.js:13570
[  866973ms] [ERROR] Failed to load resource: net::ERR_CONNECTION_REFUSED @ http://localhost:8000/api/objects/System%20Overview?server=ee8d9159:0
[  866973ms] [ERROR] Error загрузки ee8d9159:overview: TypeError: Failed to fetch
    at fetchObjectData (http://localhost:8000/static/js/app.js:11901:28)
    at loadObjectData (http://localhost:8000/static/js/app.js:13559:28)
    at http://localhost:8000/static/js/app.js:1211:23 @ http://localhost:8000/static/js/app.js:13570
[  867973ms] [ERROR] Failed to load resource: net::ERR_CONNECTION_REFUSED @ http://localhost:8000/api/objects/System%20Overview?server=ee8d9159:0
[  867973ms] [ERROR] Error загрузки ee8d9159:overview: TypeError: Failed to fetch
    at fetchObjectData (http://localhost:8000/static/js/app.js:11901:28)
    at loadObjectData (http://localhost:8000/static/js/app.js:13559:28)
    at http://localhost:8000/static/js/app.js:1211:23 @ http://localhost:8000/static/js/app.js:13570
[  868973ms] [ERROR] Failed to load resource: net::ERR_CONNECTION_REFUSED @ http://localhost:8000/api/servers:0
[  868973ms] [ERROR] Error обновления списка объектов: TypeError: Failed to fetch
    at fetchServers (http://localhost:8000/static/js/app.js:11827:28)
    at fetchObjects (http://localhost:8000/static/js/app.js:11834:31)
    at refreshObjectsList (http://localhost:8000/static/js/app.js:11882:28)
    at http://localhost:8000/static/js/app.js:1204:9 @ http://localhost:8000/static/js/app.js:11885
[  868973ms] [ERROR] Failed to load resource: net::ERR_CONNECTION_REFUSED @ http://localhost:8000/api/objects/System%20Overview?server=ee8d9159:0
[  868973ms] [ERROR] Error загрузки ee8d9159:overview: TypeError: Failed to fetch
    at fetchObjectData (http://localhost:8000/static/js/app.js:11901:28)
    at loadObjectData (http://localhost:8000/static/js/app.js:13559:28)
    at http://localhost:8000/static/js/app.js:1211:23 @ http://localhost:8000/static/js/app.js:13570
[  869973ms] [ERROR] Failed to load resource: net::ERR_CONNECTION_REFUSED @ http://localhost:8000/api/objects/System%20Overview?server=ee8d9159:0
[  869973ms] [ERROR] Error загрузки ee8d9159:overview: TypeError: Failed to fetch
    at fetchObjectData (http://localhost:8000/static/js/app.js:11901:28)
    at loadObjectData (http://localhost:8000/static/js/app.js:13559:28)
    at http://localhost:8000/static/js/app.js:1211:23 @ http://localhost:8000/static/js/app.js:13570
[  870137ms] [ERROR] Failed to load resource: net::ERR_CONNECTION_REFUSED @ http://localhost:8000/api/recording/status:0
[  870975ms] [ERROR] Failed to load resource: net::ERR_CONNECTION_REFUSED @ http://localhost:8000/api/objects/System%20Overview?server=ee8d9159:0
[  870975ms] [ERROR] Error загрузки ee8d9159:overview: TypeError: Failed to fetch
    at fetchObjectData (http://localhost:8000/static/js/app.js:11901:28)
    at loadObjectData (http://localhost:8000/static/js/app.js:13559:28)
    at http://localhost:8000/static/js/app.js:1211:23 @ http://localhost:8000/static/js/app.js:13570
[  871973ms] [ERROR] Failed to load resource: net::ERR_CONNECTION_REFUSED @ http://localhost:8000/api/objects/System%20Overview?server=ee8d9159:0
[  871973ms] [ERROR] Error загрузки ee8d9159:overview: TypeError: Failed to fetch
    at fetchObjectData (http://localhost:8000/static/js/app.js:11901:28)
    at loadObjectData (http://localhost:8000/static/js/app.js:13559:28)
    at http://localhost:8000/static/js/app.js:1211:23 @ http://localhost:8000/static/js/app.js:13570
[  872973ms] [ERROR] Failed to load resource: net::ERR_CONNECTION_REFUSED @ http://localhost:8000/api/objects/System%20Overview?server=ee8d9159:0
[  872973ms] [ERROR] Error загрузки ee8d9159:overview: TypeError: Failed to fetch
    at fetchObjectData (http://localhost:8000/static/js/app.js:11901:28)
    at loadObjectData (http://localhost:8000/static/js/app.js:13559:28)
    at http://localhost:8000/static/js/app.js:1211:23 @ http://localhost:8000/static/js/app.js:13570
[  873975ms] [ERROR] Failed to load resource: net::ERR_CONNECTION_REFUSED @ http://localhost:8000/api/objects/System%20Overview?server=ee8d9159:0
[  873975ms] [ERROR] Error загрузки ee8d9159:overview: TypeError: Failed to fetch
    at fetchObjectData (http://localhost:8000/static/js/app.js:11901:28)
    at loadObjectData (http://localhost:8000/static/js/app.js:13559:28)
    at http://localhost:8000/static/js/app.js:1211:23 @ http://localhost:8000/static/js/app.js:13570
[  874973ms] [ERROR] Failed to load resource: net::ERR_CONNECTION_REFUSED @ http://localhost:8000/api/servers:0
[  874973ms] [ERROR] Error обновления списка объектов: TypeError: Failed to fetch
    at fetchServers (http://localhost:8000/static/js/app.js:11827:28)
    at fetchObjects (http://localhost:8000/static/js/app.js:11834:31)
    at refreshObjectsList (http://localhost:8000/static/js/app.js:11882:28)
    at http://localhost:8000/static/js/app.js:1204:9 @ http://localhost:8000/static/js/app.js:11885
[  874973ms] [ERROR] Failed to load resource: net::ERR_CONNECTION_REFUSED @ http://localhost:8000/api/objects/System%20Overview?server=ee8d9159:0
[  874973ms] [ERROR] Error загрузки ee8d9159:overview: TypeError: Failed to fetch
    at fetchObjectData (http://localhost:8000/static/js/app.js:11901:28)
    at loadObjectData (http://localhost:8000/static/js/app.js:13559:28)
    at http://localhost:8000/static/js/app.js:1211:23 @ http://localhost:8000/static/js/app.js:13570
[  875137ms] [ERROR] Failed to load resource: net::ERR_CONNECTION_REFUSED @ http://localhost:8000/api/recording/status:0
[  875973ms] [ERROR] Failed to load resource: net::ERR_CONNECTION_REFUSED @ http://localhost:8000/api/objects/System%20Overview?server=ee8d9159:0
[  875973ms] [ERROR] Error загрузки ee8d9159:overview: TypeError: Failed to fetch
    at fetchObjectData (http://localhost:8000/static/js/app.js:11901:28)
    at loadObjectData (http://localhost:8000/static/js/app.js:13559:28)
    at http://localhost:8000/static/js/app.js:1211:23 @ http://localhost:8000/static/js/app.js:13570
[  876974ms] [ERROR] Failed to load resource: net::ERR_CONNECTION_REFUSED @ http://localhost:8000/api/objects/System%20Overview?server=ee8d9159:0
[  876974ms] [ERROR] Error загрузки ee8d9159:overview: TypeError: Failed to fetch
    at fetchObjectData (http://localhost:8000/static/js/app.js:11901:28)
    at loadObjectData (http://localhost:8000/static/js/app.js:13559:28)
    at http://localhost:8000/static/js/app.js:1211:23 @ http://localhost:8000/static/js/app.js:13570
[  877974ms] [ERROR] Failed to load resource: net::ERR_CONNECTION_REFUSED @ http://localhost:8000/api/objects/System%20Overview?server=ee8d9159:0
[  877974ms] [ERROR] Error загрузки ee8d9159:overview: TypeError: Failed to fetch
    at fetchObjectData (http://localhost:8000/static/js/app.js:11901:28)
    at loadObjectData (http://localhost:8000/static/js/app.js:13559:28)
    at http://localhost:8000/static/js/app.js:1211:23 @ http://localhost:8000/static/js/app.js:13570
[  878974ms] [ERROR] Failed to load resource: net::ERR_CONNECTION_REFUSED @ http://localhost:8000/api/objects/System%20Overview?server=ee8d9159:0
[  878975ms] [ERROR] Error загрузки ee8d9159:overview: TypeError: Failed to fetch
    at fetchObjectData (http://localhost:8000/static/js/app.js:11901:28)
    at loadObjectData (http://localhost:8000/static/js/app.js:13559:28)
    at http://localhost:8000/static/js/app.js:1211:23 @ http://localhost:8000/static/js/app.js:13570
[  879973ms] [ERROR] Failed to load resource: net::ERR_CONNECTION_REFUSED @ http://localhost:8000/api/objects/System%20Overview?server=ee8d9159:0
[  879973ms] [ERROR] Error загрузки ee8d9159:overview: TypeError: Failed to fetch
    at fetchObjectData (http://localhost:8000/static/js/app.js:11901:28)
    at loadObjectData (http://localhost:8000/static/js/app.js:13559:28)
    at http://localhost:8000/static/js/app.js:1211:23 @ http://localhost:8000/static/js/app.js:13570
[  880140ms] [ERROR] Failed to load resource: net::ERR_CONNECTION_REFUSED @ http://localhost:8000/api/recording/status:0
[  880973ms] [ERROR] Failed to load resource: net::ERR_CONNECTION_REFUSED @ http://localhost:8000/api/servers:0
[  880974ms] [ERROR] Error обновления списка объектов: TypeError: Failed to fetch
    at fetchServers (http://localhost:8000/static/js/app.js:11827:28)
    at fetchObjects (http://localhost:8000/static/js/app.js:11834:31)
    at refreshObjectsList (http://localhost:8000/static/js/app.js:11882:28)
    at http://localhost:8000/static/js/app.js:1204:9 @ http://localhost:8000/static/js/app.js:11885
[  880974ms] [ERROR] Failed to load resource: net::ERR_CONNECTION_REFUSED @ http://localhost:8000/api/objects/System%20Overview?server=ee8d9159:0
[  880974ms] [ERROR] Error загрузки ee8d9159:overview: TypeError: Failed to fetch
    at fetchObjectData (http://localhost:8000/static/js/app.js:11901:28)
    at loadObjectData (http://localhost:8000/static/js/app.js:13559:28)
    at http://localhost:8000/static/js/app.js:1211:23 @ http://localhost:8000/static/js/app.js:13570
[  881973ms] [ERROR] Failed to load resource: net::ERR_CONNECTION_REFUSED @ http://localhost:8000/api/objects/System%20Overview?server=ee8d9159:0
[  881973ms] [ERROR] Error загрузки ee8d9159:overview: TypeError: Failed to fetch
    at fetchObjectData (http://localhost:8000/static/js/app.js:11901:28)
    at loadObjectData (http://localhost:8000/static/js/app.js:13559:28)
    at http://localhost:8000/static/js/app.js:1211:23 @ http://localhost:8000/static/js/app.js:13570
[  882973ms] [ERROR] Failed to load resource: net::ERR_CONNECTION_REFUSED @ http://localhost:8000/api/objects/System%20Overview?server=ee8d9159:0
[  882973ms] [ERROR] Error загрузки ee8d9159:overview: TypeError: Failed to fetch
    at fetchObjectData (http://localhost:8000/static/js/app.js:11901:28)
    at loadObjectData (http://localhost:8000/static/js/app.js:13559:28)
    at http://localhost:8000/static/js/app.js:1211:23 @ http://localhost:8000/static/js/app.js:13570
[  883975ms] [ERROR] Failed to load resource: net::ERR_CONNECTION_REFUSED @ http://localhost:8000/api/objects/System%20Overview?server=ee8d9159:0
[  883975ms] [ERROR] Error загрузки ee8d9159:overview: TypeError: Failed to fetch
    at fetchObjectData (http://localhost:8000/static/js/app.js:11901:28)
    at loadObjectData (http://localhost:8000/static/js/app.js:13559:28)
    at http://localhost:8000/static/js/app.js:1211:23 @ http://localhost:8000/static/js/app.js:13570
[  884973ms] [ERROR] Failed to load resource: net::ERR_CONNECTION_REFUSED @ http://localhost:8000/api/objects/System%20Overview?server=ee8d9159:0
[  884973ms] [ERROR] Error загрузки ee8d9159:overview: TypeError: Failed to fetch
    at fetchObjectData (http://localhost:8000/static/js/app.js:11901:28)
    at loadObjectData (http://localhost:8000/static/js/app.js:13559:28)
    at http://localhost:8000/static/js/app.js:1211:23 @ http://localhost:8000/static/js/app.js:13570
[  885138ms] [ERROR] Failed to load resource: net::ERR_CONNECTION_REFUSED @ http://localhost:8000/api/recording/status:0
[  885974ms] [ERROR] Failed to load resource: net::ERR_CONNECTION_REFUSED @ http://localhost:8000/api/objects/System%20Overview?server=ee8d9159:0
[  885974ms] [ERROR] Error загрузки ee8d9159:overview: TypeError: Failed to fetch
    at fetchObjectData (http://localhost:8000/static/js/app.js:11901:28)
    at loadObjectData (http://localhost:8000/static/js/app.js:13559:28)
    at http://localhost:8000/static/js/app.js:1211:23 @ http://localhost:8000/static/js/app.js:13570
[  886974ms] [ERROR] Failed to load resource: net::ERR_CONNECTION_REFUSED @ http://localhost:8000/api/servers:0
[  886974ms] [ERROR] Error обновления списка объектов: TypeError: Failed to fetch
    at fetchServers (http://localhost:8000/static/js/app.js:11827:28)
    at fetchObjects (http://localhost:8000/static/js/app.js:11834:31)
    at refreshObjectsList (http://localhost:8000/static/js/app.js:11882:28)
    at http://localhost:8000/static/js/app.js:1204:9 @ http://localhost:8000/static/js/app.js:11885
[  886975ms] [ERROR] Failed to load resource: net::ERR_CONNECTION_REFUSED @ http://localhost:8000/api/objects/System%20Overview?server=ee8d9159:0
[  886975ms] [ERROR] Error загрузки ee8d9159:overview: TypeError: Failed to fetch
    at fetchObjectData (http://localhost:8000/static/js/app.js:11901:28)
    at loadObjectData (http://localhost:8000/static/js/app.js:13559:28)
    at http://localhost:8000/static/js/app.js:1211:23 @ http://localhost:8000/static/js/app.js:13570
[  886975ms] [ERROR] Failed to load resource: net::ERR_CONNECTION_REFUSED @ http://localhost:8000/api/version:0
[  887974ms] [ERROR] Failed to load resource: net::ERR_CONNECTION_REFUSED @ http://localhost:8000/api/objects/System%20Overview?server=ee8d9159:0
[  887975ms] [ERROR] Error загрузки ee8d9159:overview: TypeError: Failed to fetch
    at fetchObjectData (http://localhost:8000/static/js/app.js:11901:28)
    at loadObjectData (http://localhost:8000/static/js/app.js:13559:28)
    at http://localhost:8000/static/js/app.js:1211:23 @ http://localhost:8000/static/js/app.js:13570
[  888974ms] [ERROR] Failed to load resource: net::ERR_CONNECTION_REFUSED @ http://localhost:8000/api/objects/System%20Overview?server=ee8d9159:0
[  888974ms] [ERROR] Error загрузки ee8d9159:overview: TypeError: Failed to fetch
    at fetchObjectData (http://localhost:8000/static/js/app.js:11901:28)
    at loadObjectData (http://localhost:8000/static/js/app.js:13559:28)
    at http://localhost:8000/static/js/app.js:1211:23 @ http://localhost:8000/static/js/app.js:13570
[  889973ms] [ERROR] Failed to load resource: net::ERR_CONNECTION_REFUSED @ http://localhost:8000/api/objects/System%20Overview?server=ee8d9159:0
[  889973ms] [ERROR] Error загрузки ee8d9159:overview: TypeError: Failed to fetch
    at fetchObjectData (http://localhost:8000/static/js/app.js:11901:28)
    at loadObjectData (http://localhost:8000/static/js/app.js:13559:28)
    at http://localhost:8000/static/js/app.js:1211:23 @ http://localhost:8000/static/js/app.js:13570
[  890137ms] [ERROR] Failed to load resource: net::ERR_CONNECTION_REFUSED @ http://localhost:8000/api/recording/status:0
[  890975ms] [ERROR] Failed to load resource: net::ERR_CONNECTION_REFUSED @ http://localhost:8000/api/objects/System%20Overview?server=ee8d9159:0
[  890975ms] [ERROR] Error загрузки ee8d9159:overview: TypeError: Failed to fetch
    at fetchObjectData (http://localhost:8000/static/js/app.js:11901:28)
    at loadObjectData (http://localhost:8000/static/js/app.js:13559:28)
    at http://localhost:8000/static/js/app.js:1211:23 @ http://localhost:8000/static/js/app.js:13570
[  891976ms] [ERROR] Failed to load resource: net::ERR_CONNECTION_REFUSED @ http://localhost:8000/api/objects/System%20Overview?server=ee8d9159:0
[  891976ms] [ERROR] Error загрузки ee8d9159:overview: TypeError: Failed to fetch
    at fetchObjectData (http://localhost:8000/static/js/app.js:11901:28)
    at loadObjectData (http://localhost:8000/static/js/app.js:13559:28)
    at http://localhost:8000/static/js/app.js:1211:23 @ http://localhost:8000/static/js/app.js:13570
[  892974ms] [ERROR] Failed to load resource: net::ERR_CONNECTION_REFUSED @ http://localhost:8000/api/servers:0
[  892974ms] [ERROR] Error обновления списка объектов: TypeError: Failed to fetch
    at fetchServers (http://localhost:8000/static/js/app.js:11827:28)
    at fetchObjects (http://localhost:8000/static/js/app.js:11834:31)
    at refreshObjectsList (http://localhost:8000/static/js/app.js:11882:28)
    at http://localhost:8000/static/js/app.js:1204:9 @ http://localhost:8000/static/js/app.js:11885
[  892975ms] [ERROR] Failed to load resource: net::ERR_CONNECTION_REFUSED @ http://localhost:8000/api/objects/System%20Overview?server=ee8d9159:0
[  892975ms] [ERROR] Error загрузки ee8d9159:overview: TypeError: Failed to fetch
    at fetchObjectData (http://localhost:8000/static/js/app.js:11901:28)
    at loadObjectData (http://localhost:8000/static/js/app.js:13559:28)
    at http://localhost:8000/static/js/app.js:1211:23 @ http://localhost:8000/static/js/app.js:13570
[  893973ms] [ERROR] Failed to load resource: net::ERR_CONNECTION_REFUSED @ http://localhost:8000/api/objects/System%20Overview?server=ee8d9159:0
[  893973ms] [ERROR] Error загрузки ee8d9159:overview: TypeError: Failed to fetch
    at fetchObjectData (http://localhost:8000/static/js/app.js:11901:28)
    at loadObjectData (http://localhost:8000/static/js/app.js:13559:28)
    at http://localhost:8000/static/js/app.js:1211:23 @ http://localhost:8000/static/js/app.js:13570
[  894973ms] [ERROR] Failed to load resource: net::ERR_CONNECTION_REFUSED @ http://localhost:8000/api/objects/System%20Overview?server=ee8d9159:0
[  894973ms] [ERROR] Error загрузки ee8d9159:overview: TypeError: Failed to fetch
    at fetchObjectData (http://localhost:8000/static/js/app.js:11901:28)
    at loadObjectData (http://localhost:8000/static/js/app.js:13559:28)
    at http://localhost:8000/static/js/app.js:1211:23 @ http://localhost:8000/static/js/app.js:13570
[  895138ms] [ERROR] Failed to load resource: net::ERR_CONNECTION_REFUSED @ http://localhost:8000/api/recording/status:0
[  895973ms] [ERROR] Failed to load resource: net::ERR_CONNECTION_REFUSED @ http://localhost:8000/api/objects/System%20Overview?server=ee8d9159:0
[  895973ms] [ERROR] Error загрузки ee8d9159:overview: TypeError: Failed to fetch
    at fetchObjectData (http://localhost:8000/static/js/app.js:11901:28)
    at loadObjectData (http://localhost:8000/static/js/app.js:13559:28)
    at http://localhost:8000/static/js/app.js:1211:23 @ http://localhost:8000/static/js/app.js:13570
[  896975ms] [ERROR] Failed to load resource: net::ERR_CONNECTION_REFUSED @ http://localhost:8000/api/objects/System%20Overview?server=ee8d9159:0
[  896975ms] [ERROR] Error загрузки ee8d9159:overview: TypeError: Failed to fetch
    at fetchObjectData (http://localhost:8000/static/js/app.js:11901:28)
    at loadObjectData (http://localhost:8000/static/js/app.js:13559:28)
    at http://localhost:8000/static/js/app.js:1211:23 @ http://localhost:8000/static/js/app.js:13570
[  897974ms] [ERROR] Failed to load resource: net::ERR_CONNECTION_REFUSED @ http://localhost:8000/api/objects/System%20Overview?server=ee8d9159:0
[  897974ms] [ERROR] Error загрузки ee8d9159:overview: TypeError: Failed to fetch
    at fetchObjectData (http://localhost:8000/static/js/app.js:11901:28)
    at loadObjectData (http://localhost:8000/static/js/app.js:13559:28)
    at http://localhost:8000/static/js/app.js:1211:23 @ http://localhost:8000/static/js/app.js:13570
[  898973ms] [ERROR] Failed to load resource: net::ERR_CONNECTION_REFUSED @ http://localhost:8000/api/servers:0
[  898973ms] [ERROR] Error обновления списка объектов: TypeError: Failed to fetch
    at fetchServers (http://localhost:8000/static/js/app.js:11827:28)
    at fetchObjects (http://localhost:8000/static/js/app.js:11834:31)
    at refreshObjectsList (http://localhost:8000/static/js/app.js:11882:28)
    at http://localhost:8000/static/js/app.js:1204:9 @ http://localhost:8000/static/js/app.js:11885
[  898974ms] [ERROR] Failed to load resource: net::ERR_CONNECTION_REFUSED @ http://localhost:8000/api/objects/System%20Overview?server=ee8d9159:0
[  898974ms] [ERROR] Error загрузки ee8d9159:overview: TypeError: Failed to fetch
    at fetchObjectData (http://localhost:8000/static/js/app.js:11901:28)
    at loadObjectData (http://localhost:8000/static/js/app.js:13559:28)
    at http://localhost:8000/static/js/app.js:1211:23 @ http://localhost:8000/static/js/app.js:13570
[  899974ms] [ERROR] Failed to load resource: net::ERR_CONNECTION_REFUSED @ http://localhost:8000/api/objects/System%20Overview?server=ee8d9159:0
[  899975ms] [ERROR] Error загрузки ee8d9159:overview: TypeError: Failed to fetch
    at fetchObjectData (http://localhost:8000/static/js/app.js:11901:28)
    at loadObjectData (http://localhost:8000/static/js/app.js:13559:28)
    at http://localhost:8000/static/js/app.js:1211:23 @ http://localhost:8000/static/js/app.js:13570
[  900140ms] [ERROR] Failed to load resource: net::ERR_CONNECTION_REFUSED @ http://localhost:8000/api/recording/status:0
[  900974ms] [ERROR] Failed to load resource: net::ERR_CONNECTION_REFUSED @ http://localhost:8000/api/objects/System%20Overview?server=ee8d9159:0
[  900974ms] [ERROR] Error загрузки ee8d9159:overview: TypeError: Failed to fetch
    at fetchObjectData (http://localhost:8000/static/js/app.js:11901:28)
    at loadObjectData (http://localhost:8000/static/js/app.js:13559:28)
    at http://localhost:8000/static/js/app.js:1211:23 @ http://localhost:8000/static/js/app.js:13570
[  901974ms] [ERROR] Failed to load resource: net::ERR_CONNECTION_REFUSED @ http://localhost:8000/api/objects/System%20Overview?server=ee8d9159:0
[  901974ms] [ERROR] Error загрузки ee8d9159:overview: TypeError: Failed to fetch
    at fetchObjectData (http://localhost:8000/static/js/app.js:11901:28)
    at loadObjectData (http://localhost:8000/static/js/app.js:13559:28)
    at http://localhost:8000/static/js/app.js:1211:23 @ http://localhost:8000/static/js/app.js:13570
[  902973ms] [ERROR] Failed to load resource: net::ERR_CONNECTION_REFUSED @ http://localhost:8000/api/objects/System%20Overview?server=ee8d9159:0
[  902974ms] [ERROR] Error загрузки ee8d9159:overview: TypeError: Failed to fetch
    at fetchObjectData (http://localhost:8000/static/js/app.js:11901:28)
    at loadObjectData (http://localhost:8000/static/js/app.js:13559:28)
    at http://localhost:8000/static/js/app.js:1211:23 @ http://localhost:8000/static/js/app.js:13570
[  903975ms] [ERROR] Failed to load resource: net::ERR_CONNECTION_REFUSED @ http://localhost:8000/api/objects/System%20Overview?server=ee8d9159:0
[  903975ms] [ERROR] Error загрузки ee8d9159:overview: TypeError: Failed to fetch
    at fetchObjectData (http://localhost:8000/static/js/app.js:11901:28)
    at loadObjectData (http://localhost:8000/static/js/app.js:13559:28)
    at http://localhost:8000/static/js/app.js:1211:23 @ http://localhost:8000/static/js/app.js:13570
[  904973ms] [ERROR] Failed to load resource: net::ERR_CONNECTION_REFUSED @ http://localhost:8000/api/servers:0
[  904973ms] [ERROR] Error обновления списка объектов: TypeError: Failed to fetch
    at fetchServers (http://localhost:8000/static/js/app.js:11827:28)
    at fetchObjects (http://localhost:8000/static/js/app.js:11834:31)
    at refreshObjectsList (http://localhost:8000/static/js/app.js:11882:28)
    at http://localhost:8000/static/js/app.js:1204:9 @ http://localhost:8000/static/js/app.js:11885
[  904974ms] [ERROR] Failed to load resource: net::ERR_CONNECTION_REFUSED @ http://localhost:8000/api/objects/System%20Overview?server=ee8d9159:0
[  904974ms] [ERROR] Error загрузки ee8d9159:overview: TypeError: Failed to fetch
    at fetchObjectData (http://localhost:8000/static/js/app.js:11901:28)
    at loadObjectData (http://localhost:8000/static/js/app.js:13559:28)
    at http://localhost:8000/static/js/app.js:1211:23 @ http://localhost:8000/static/js/app.js:13570
[  905138ms] [ERROR] Failed to load resource: net::ERR_CONNECTION_REFUSED @ http://localhost:8000/api/recording/status:0
[  905973ms] [ERROR] Failed to load resource: net::ERR_CONNECTION_REFUSED @ http://localhost:8000/api/objects/System%20Overview?server=ee8d9159:0
[  905973ms] [ERROR] Error загрузки ee8d9159:overview: TypeError: Failed to fetch
    at fetchObjectData (http://localhost:8000/static/js/app.js:11901:28)
    at loadObjectData (http://localhost:8000/static/js/app.js:13559:28)
    at http://localhost:8000/static/js/app.js:1211:23 @ http://localhost:8000/static/js/app.js:13570
[  906973ms] [ERROR] Failed to load resource: net::ERR_CONNECTION_REFUSED @ http://localhost:8000/api/objects/System%20Overview?server=ee8d9159:0
[  906973ms] [ERROR] Error загрузки ee8d9159:overview: TypeError: Failed to fetch
    at fetchObjectData (http://localhost:8000/static/js/app.js:11901:28)
    at loadObjectData (http://localhost:8000/static/js/app.js:13559:28)
    at http://localhost:8000/static/js/app.js:1211:23 @ http://localhost:8000/static/js/app.js:13570
[  907975ms] [ERROR] Failed to load resource: net::ERR_CONNECTION_REFUSED @ http://localhost:8000/api/objects/System%20Overview?server=ee8d9159:0
[  907975ms] [ERROR] Error загрузки ee8d9159:overview: TypeError: Failed to fetch
    at fetchObjectData (http://localhost:8000/static/js/app.js:11901:28)
    at loadObjectData (http://localhost:8000/static/js/app.js:13559:28)
    at http://localhost:8000/static/js/app.js:1211:23 @ http://localhost:8000/static/js/app.js:13570
[  908975ms] [ERROR] Failed to load resource: net::ERR_CONNECTION_REFUSED @ http://localhost:8000/api/objects/System%20Overview?server=ee8d9159:0
[  908975ms] [ERROR] Error загрузки ee8d9159:overview: TypeError: Failed to fetch
    at fetchObjectData (http://localhost:8000/static/js/app.js:11901:28)
    at loadObjectData (http://localhost:8000/static/js/app.js:13559:28)
    at http://localhost:8000/static/js/app.js:1211:23 @ http://localhost:8000/static/js/app.js:13570
[  909974ms] [ERROR] Failed to load resource: net::ERR_CONNECTION_REFUSED @ http://localhost:8000/api/objects/System%20Overview?server=ee8d9159:0
[  909974ms] [ERROR] Error загрузки ee8d9159:overview: TypeError: Failed to fetch
    at fetchObjectData (http://localhost:8000/static/js/app.js:11901:28)
    at loadObjectData (http://localhost:8000/static/js/app.js:13559:28)
    at http://localhost:8000/static/js/app.js:1211:23 @ http://localhost:8000/static/js/app.js:13570
[  910139ms] [ERROR] Failed to load resource: net::ERR_CONNECTION_REFUSED @ http://localhost:8000/api/recording/status:0
[  910974ms] [ERROR] Failed to load resource: net::ERR_CONNECTION_REFUSED @ http://localhost:8000/api/servers:0
[  910975ms] [ERROR] Error обновления списка объектов: TypeError: Failed to fetch
    at fetchServers (http://localhost:8000/static/js/app.js:11827:28)
    at fetchObjects (http://localhost:8000/static/js/app.js:11834:31)
    at refreshObjectsList (http://localhost:8000/static/js/app.js:11882:28)
    at http://localhost:8000/static/js/app.js:1204:9 @ http://localhost:8000/static/js/app.js:11885
[  910975ms] [ERROR] Failed to load resource: net::ERR_CONNECTION_REFUSED @ http://localhost:8000/api/objects/System%20Overview?server=ee8d9159:0
[  910975ms] [ERROR] Error загрузки ee8d9159:overview: TypeError: Failed to fetch
    at fetchObjectData (http://localhost:8000/static/js/app.js:11901:28)
    at loadObjectData (http://localhost:8000/static/js/app.js:13559:28)
    at http://localhost:8000/static/js/app.js:1211:23 @ http://localhost:8000/static/js/app.js:13570
[  911975ms] [ERROR] Failed to load resource: net::ERR_CONNECTION_REFUSED @ http://localhost:8000/api/objects/System%20Overview?server=ee8d9159:0
[  911975ms] [ERROR] Error загрузки ee8d9159:overview: TypeError: Failed to fetch
    at fetchObjectData (http://localhost:8000/static/js/app.js:11901:28)
    at loadObjectData (http://localhost:8000/static/js/app.js:13559:28)
    at http://localhost:8000/static/js/app.js:1211:23 @ http://localhost:8000/static/js/app.js:13570
[  912973ms] [ERROR] Failed to load resource: net::ERR_CONNECTION_REFUSED @ http://localhost:8000/api/objects/System%20Overview?server=ee8d9159:0
[  912973ms] [ERROR] Error загрузки ee8d9159:overview: TypeError: Failed to fetch
    at fetchObjectData (http://localhost:8000/static/js/app.js:11901:28)
    at loadObjectData (http://localhost:8000/static/js/app.js:13559:28)
    at http://localhost:8000/static/js/app.js:1211:23 @ http://localhost:8000/static/js/app.js:13570
[  913975ms] [ERROR] Failed to load resource: net::ERR_CONNECTION_REFUSED @ http://localhost:8000/api/objects/System%20Overview?server=ee8d9159:0
[  913975ms] [ERROR] Error загрузки ee8d9159:overview: TypeError: Failed to fetch
    at fetchObjectData (http://localhost:8000/static/js/app.js:11901:28)
    at loadObjectData (http://localhost:8000/static/js/app.js:13559:28)
    at http://localhost:8000/static/js/app.js:1211:23 @ http://localhost:8000/static/js/app.js:13570
[  914974ms] [ERROR] Failed to load resource: net::ERR_CONNECTION_REFUSED @ http://localhost:8000/api/objects/System%20Overview?server=ee8d9159:0
[  914975ms] [ERROR] Error загрузки ee8d9159:overview: TypeError: Failed to fetch
    at fetchObjectData (http://localhost:8000/static/js/app.js:11901:28)
    at loadObjectData (http://localhost:8000/static/js/app.js:13559:28)
    at http://localhost:8000/static/js/app.js:1211:23 @ http://localhost:8000/static/js/app.js:13570
[  915138ms] [ERROR] Failed to load resource: net::ERR_CONNECTION_REFUSED @ http://localhost:8000/api/recording/status:0
[  915973ms] [ERROR] Failed to load resource: net::ERR_CONNECTION_REFUSED @ http://localhost:8000/api/objects/System%20Overview?server=ee8d9159:0
[  915973ms] [ERROR] Error загрузки ee8d9159:overview: TypeError: Failed to fetch
    at fetchObjectData (http://localhost:8000/static/js/app.js:11901:28)
    at loadObjectData (http://localhost:8000/static/js/app.js:13559:28)
    at http://localhost:8000/static/js/app.js:1211:23 @ http://localhost:8000/static/js/app.js:13570
[  916973ms] [ERROR] Failed to load resource: net::ERR_CONNECTION_REFUSED @ http://localhost:8000/api/servers:0
[  916973ms] [ERROR] Error обновления списка объектов: TypeError: Failed to fetch
    at fetchServers (http://localhost:8000/static/js/app.js:11827:28)
    at fetchObjects (http://localhost:8000/static/js/app.js:11834:31)
    at refreshObjectsList (http://localhost:8000/static/js/app.js:11882:28)
    at http://localhost:8000/static/js/app.js:1204:9 @ http://localhost:8000/static/js/app.js:11885
[  916974ms] [ERROR] Failed to load resource: net::ERR_CONNECTION_REFUSED @ http://localhost:8000/api/objects/System%20Overview?server=ee8d9159:0
[  916974ms] [ERROR] Error загрузки ee8d9159:overview: TypeError: Failed to fetch
    at fetchObjectData (http://localhost:8000/static/js/app.js:11901:28)
    at loadObjectData (http://localhost:8000/static/js/app.js:13559:28)
    at http://localhost:8000/static/js/app.js:1211:23 @ http://localhost:8000/static/js/app.js:13570
[  916974ms] [ERROR] Failed to load resource: net::ERR_CONNECTION_REFUSED @ http://localhost:8000/api/version:0
[  917973ms] [ERROR] Failed to load resource: net::ERR_CONNECTION_REFUSED @ http://localhost:8000/api/objects/System%20Overview?server=ee8d9159:0
[  917973ms] [ERROR] Error загрузки ee8d9159:overview: TypeError: Failed to fetch
    at fetchObjectData (http://localhost:8000/static/js/app.js:11901:28)
    at loadObjectData (http://localhost:8000/static/js/app.js:13559:28)
    at http://localhost:8000/static/js/app.js:1211:23 @ http://localhost:8000/static/js/app.js:13570
[  918973ms] [ERROR] Failed to load resource: net::ERR_CONNECTION_REFUSED @ http://localhost:8000/api/objects/System%20Overview?server=ee8d9159:0
[  918973ms] [ERROR] Error загрузки ee8d9159:overview: TypeError: Failed to fetch
    at fetchObjectData (http://localhost:8000/static/js/app.js:11901:28)
    at loadObjectData (http://localhost:8000/static/js/app.js:13559:28)
    at http://localhost:8000/static/js/app.js:1211:23 @ http://localhost:8000/static/js/app.js:13570
[  919973ms] [ERROR] Failed to load resource: net::ERR_CONNECTION_REFUSED @ http://localhost:8000/api/objects/System%20Overview?server=ee8d9159:0
[  919974ms] [ERROR] Error загрузки ee8d9159:overview: TypeError: Failed to fetch
    at fetchObjectData (http://localhost:8000/static/js/app.js:11901:28)
    at loadObjectData (http://localhost:8000/static/js/app.js:13559:28)
    at http://localhost:8000/static/js/app.js:1211:23 @ http://localhost:8000/static/js/app.js:13570
[  920138ms] [ERROR] Failed to load resource: net::ERR_CONNECTION_REFUSED @ http://localhost:8000/api/recording/status:0
[  920974ms] [ERROR] Failed to load resource: net::ERR_CONNECTION_REFUSED @ http://localhost:8000/api/objects/System%20Overview?server=ee8d9159:0
[  920974ms] [ERROR] Error загрузки ee8d9159:overview: TypeError: Failed to fetch
    at fetchObjectData (http://localhost:8000/static/js/app.js:11901:28)
    at loadObjectData (http://localhost:8000/static/js/app.js:13559:28)
    at http://localhost:8000/static/js/app.js:1211:23 @ http://localhost:8000/static/js/app.js:13570
[  921973ms] [ERROR] Failed to load resource: net::ERR_CONNECTION_REFUSED @ http://localhost:8000/api/objects/System%20Overview?server=ee8d9159:0
[  921974ms] [ERROR] Error загрузки ee8d9159:overview: TypeError: Failed to fetch
    at fetchObjectData (http://localhost:8000/static/js/app.js:11901:28)
    at loadObjectData (http://localhost:8000/static/js/app.js:13559:28)
    at http://localhost:8000/static/js/app.js:1211:23 @ http://localhost:8000/static/js/app.js:13570
[  922975ms] [ERROR] Failed to load resource: net::ERR_CONNECTION_REFUSED @ http://localhost:8000/api/servers:0
[  922975ms] [ERROR] Error обновления списка объектов: TypeError: Failed to fetch
    at fetchServers (http://localhost:8000/static/js/app.js:11827:28)
    at fetchObjects (http://localhost:8000/static/js/app.js:11834:31)
    at refreshObjectsList (http://localhost:8000/static/js/app.js:11882:28)
    at http://localhost:8000/static/js/app.js:1204:9 @ http://localhost:8000/static/js/app.js:11885
[  922975ms] [ERROR] Failed to load resource: net::ERR_CONNECTION_REFUSED @ http://localhost:8000/api/objects/System%20Overview?server=ee8d9159:0
[  922976ms] [ERROR] Error загрузки ee8d9159:overview: TypeError: Failed to fetch
    at fetchObjectData (http://localhost:8000/static/js/app.js:11901:28)
    at loadObjectData (http://localhost:8000/static/js/app.js:13559:28)
    at http://localhost:8000/static/js/app.js:1211:23 @ http://localhost:8000/static/js/app.js:13570
[  923974ms] [ERROR] Failed to load resource: net::ERR_CONNECTION_REFUSED @ http://localhost:8000/api/objects/System%20Overview?server=ee8d9159:0
[  923974ms] [ERROR] Error загрузки ee8d9159:overview: TypeError: Failed to fetch
    at fetchObjectData (http://localhost:8000/static/js/app.js:11901:28)
    at loadObjectData (http://localhost:8000/static/js/app.js:13559:28)
    at http://localhost:8000/static/js/app.js:1211:23 @ http://localhost:8000/static/js/app.js:13570
[  924973ms] [ERROR] Failed to load resource: net::ERR_CONNECTION_REFUSED @ http://localhost:8000/api/objects/System%20Overview?server=ee8d9159:0
[  924974ms] [ERROR] Error загрузки ee8d9159:overview: TypeError: Failed to fetch
    at fetchObjectData (http://localhost:8000/static/js/app.js:11901:28)
    at loadObjectData (http://localhost:8000/static/js/app.js:13559:28)
    at http://localhost:8000/static/js/app.js:1211:23 @ http://localhost:8000/static/js/app.js:13570
[  925139ms] [ERROR] Failed to load resource: net::ERR_CONNECTION_REFUSED @ http://localhost:8000/api/recording/status:0
[  925973ms] [ERROR] Failed to load resource: net::ERR_CONNECTION_REFUSED @ http://localhost:8000/api/objects/System%20Overview?server=ee8d9159:0
[  925973ms] [ERROR] Error загрузки ee8d9159:overview: TypeError: Failed to fetch
    at fetchObjectData (http://localhost:8000/static/js/app.js:11901:28)
    at loadObjectData (http://localhost:8000/static/js/app.js:13559:28)
    at http://localhost:8000/static/js/app.js:1211:23 @ http://localhost:8000/static/js/app.js:13570
[  926973ms] [ERROR] Failed to load resource: net::ERR_CONNECTION_REFUSED @ http://localhost:8000/api/objects/System%20Overview?server=ee8d9159:0
[  926973ms] [ERROR] Error загрузки ee8d9159:overview: TypeError: Failed to fetch
    at fetchObjectData (http://localhost:8000/static/js/app.js:11901:28)
    at loadObjectData (http://localhost:8000/static/js/app.js:13559:28)
    at http://localhost:8000/static/js/app.js:1211:23 @ http://localhost:8000/static/js/app.js:13570
[  927975ms] [ERROR] Failed to load resource: net::ERR_CONNECTION_REFUSED @ http://localhost:8000/api/objects/System%20Overview?server=ee8d9159:0
[  927975ms] [ERROR] Error загрузки ee8d9159:overview: TypeError: Failed to fetch
    at fetchObjectData (http://localhost:8000/static/js/app.js:11901:28)
    at loadObjectData (http://localhost:8000/static/js/app.js:13559:28)
    at http://localhost:8000/static/js/app.js:1211:23 @ http://localhost:8000/static/js/app.js:13570
[  928973ms] [ERROR] Failed to load resource: net::ERR_CONNECTION_REFUSED @ http://localhost:8000/api/servers:0
[  928973ms] [ERROR] Error обновления списка объектов: TypeError: Failed to fetch
    at fetchServers (http://localhost:8000/static/js/app.js:11827:28)
    at fetchObjects (http://localhost:8000/static/js/app.js:11834:31)
    at refreshObjectsList (http://localhost:8000/static/js/app.js:11882:28)
    at http://localhost:8000/static/js/app.js:1204:9 @ http://localhost:8000/static/js/app.js:11885
[  928973ms] [ERROR] Failed to load resource: net::ERR_CONNECTION_REFUSED @ http://localhost:8000/api/objects/System%20Overview?server=ee8d9159:0
[  928973ms] [ERROR] Error загрузки ee8d9159:overview: TypeError: Failed to fetch
    at fetchObjectData (http://localhost:8000/static/js/app.js:11901:28)
    at loadObjectData (http://localhost:8000/static/js/app.js:13559:28)
    at http://localhost:8000/static/js/app.js:1211:23 @ http://localhost:8000/static/js/app.js:13570
[  929973ms] [ERROR] Failed to load resource: net::ERR_CONNECTION_REFUSED @ http://localhost:8000/api/objects/System%20Overview?server=ee8d9159:0
[  929973ms] [ERROR] Error загрузки ee8d9159:overview: TypeError: Failed to fetch
    at fetchObjectData (http://localhost:8000/static/js/app.js:11901:28)
    at loadObjectData (http://localhost:8000/static/js/app.js:13559:28)
    at http://localhost:8000/static/js/app.js:1211:23 @ http://localhost:8000/static/js/app.js:13570
[  930138ms] [ERROR] Failed to load resource: net::ERR_CONNECTION_REFUSED @ http://localhost:8000/api/recording/status:0
[  930973ms] [ERROR] Failed to load resource: net::ERR_CONNECTION_REFUSED @ http://localhost:8000/api/objects/System%20Overview?server=ee8d9159:0
[  930973ms] [ERROR] Error загрузки ee8d9159:overview: TypeError: Failed to fetch
    at fetchObjectData (http://localhost:8000/static/js/app.js:11901:28)
    at loadObjectData (http://localhost:8000/static/js/app.js:13559:28)
    at http://localhost:8000/static/js/app.js:1211:23 @ http://localhost:8000/static/js/app.js:13570
[  931973ms] [ERROR] Failed to load resource: net::ERR_CONNECTION_REFUSED @ http://localhost:8000/api/objects/System%20Overview?server=ee8d9159:0
[  931974ms] [ERROR] Error загрузки ee8d9159:overview: TypeError: Failed to fetch
    at fetchObjectData (http://localhost:8000/static/js/app.js:11901:28)
    at loadObjectData (http://localhost:8000/static/js/app.js:13559:28)
    at http://localhost:8000/static/js/app.js:1211:23 @ http://localhost:8000/static/js/app.js:13570
[  932975ms] [ERROR] Failed to load resource: net::ERR_CONNECTION_REFUSED @ http://localhost:8000/api/objects/System%20Overview?server=ee8d9159:0
[  932975ms] [ERROR] Error загрузки ee8d9159:overview: TypeError: Failed to fetch
    at fetchObjectData (http://localhost:8000/static/js/app.js:11901:28)
    at loadObjectData (http://localhost:8000/static/js/app.js:13559:28)
    at http://localhost:8000/static/js/app.js:1211:23 @ http://localhost:8000/static/js/app.js:13570
[  933974ms] [ERROR] Failed to load resource: net::ERR_CONNECTION_REFUSED @ http://localhost:8000/api/objects/System%20Overview?server=ee8d9159:0
[  933974ms] [ERROR] Error загрузки ee8d9159:overview: TypeError: Failed to fetch
    at fetchObjectData (http://localhost:8000/static/js/app.js:11901:28)
    at loadObjectData (http://localhost:8000/static/js/app.js:13559:28)
    at http://localhost:8000/static/js/app.js:1211:23 @ http://localhost:8000/static/js/app.js:13570
[  934975ms] [ERROR] Failed to load resource: net::ERR_CONNECTION_REFUSED @ http://localhost:8000/api/servers:0
[  934975ms] [ERROR] Error обновления списка объектов: TypeError: Failed to fetch
    at fetchServers (http://localhost:8000/static/js/app.js:11827:28)
    at fetchObjects (http://localhost:8000/static/js/app.js:11834:31)
    at refreshObjectsList (http://localhost:8000/static/js/app.js:11882:28)
    at http://localhost:8000/static/js/app.js:1204:9 @ http://localhost:8000/static/js/app.js:11885
[  934975ms] [ERROR] Failed to load resource: net::ERR_CONNECTION_REFUSED @ http://localhost:8000/api/objects/System%20Overview?server=ee8d9159:0
[  934976ms] [ERROR] Error загрузки ee8d9159:overview: TypeError: Failed to fetch
    at fetchObjectData (http://localhost:8000/static/js/app.js:11901:28)
    at loadObjectData (http://localhost:8000/static/js/app.js:13559:28)
    at http://localhost:8000/static/js/app.js:1211:23 @ http://localhost:8000/static/js/app.js:13570
[  935138ms] [ERROR] Failed to load resource: net::ERR_CONNECTION_REFUSED @ http://localhost:8000/api/recording/status:0
[  935974ms] [ERROR] Failed to load resource: net::ERR_CONNECTION_REFUSED @ http://localhost:8000/api/objects/System%20Overview?server=ee8d9159:0
[  935974ms] [ERROR] Error загрузки ee8d9159:overview: TypeError: Failed to fetch
    at fetchObjectData (http://localhost:8000/static/js/app.js:11901:28)
    at loadObjectData (http://localhost:8000/static/js/app.js:13559:28)
    at http://localhost:8000/static/js/app.js:1211:23 @ http://localhost:8000/static/js/app.js:13570
[  936973ms] [ERROR] Failed to load resource: net::ERR_CONNECTION_REFUSED @ http://localhost:8000/api/objects/System%20Overview?server=ee8d9159:0
[  936973ms] [ERROR] Error загрузки ee8d9159:overview: TypeError: Failed to fetch
    at fetchObjectData (http://localhost:8000/static/js/app.js:11901:28)
    at loadObjectData (http://localhost:8000/static/js/app.js:13559:28)
    at http://localhost:8000/static/js/app.js:1211:23 @ http://localhost:8000/static/js/app.js:13570
[  937973ms] [ERROR] Failed to load resource: net::ERR_CONNECTION_REFUSED @ http://localhost:8000/api/objects/System%20Overview?server=ee8d9159:0
[  937973ms] [ERROR] Error загрузки ee8d9159:overview: TypeError: Failed to fetch
    at fetchObjectData (http://localhost:8000/static/js/app.js:11901:28)
    at loadObjectData (http://localhost:8000/static/js/app.js:13559:28)
    at http://localhost:8000/static/js/app.js:1211:23 @ http://localhost:8000/static/js/app.js:13570
[  938973ms] [ERROR] Failed to load resource: net::ERR_CONNECTION_REFUSED @ http://localhost:8000/api/objects/System%20Overview?server=ee8d9159:0
[  938973ms] [ERROR] Error загрузки ee8d9159:overview: TypeError: Failed to fetch
    at fetchObjectData (http://localhost:8000/static/js/app.js:11901:28)
    at loadObjectData (http://localhost:8000/static/js/app.js:13559:28)
    at http://localhost:8000/static/js/app.js:1211:23 @ http://localhost:8000/static/js/app.js:13570
[  939975ms] [ERROR] Failed to load resource: net::ERR_CONNECTION_REFUSED @ http://localhost:8000/api/objects/System%20Overview?server=ee8d9159:0
[  939975ms] [ERROR] Error загрузки ee8d9159:overview: TypeError: Failed to fetch
    at fetchObjectData (http://localhost:8000/static/js/app.js:11901:28)
    at loadObjectData (http://localhost:8000/static/js/app.js:13559:28)
    at http://localhost:8000/static/js/app.js:1211:23 @ http://localhost:8000/static/js/app.js:13570
[  940139ms] [ERROR] Failed to load resource: net::ERR_CONNECTION_REFUSED @ http://localhost:8000/api/recording/status:0
[  940973ms] [ERROR] Failed to load resource: net::ERR_CONNECTION_REFUSED @ http://localhost:8000/api/servers:0
[  940973ms] [ERROR] Error обновления списка объектов: TypeError: Failed to fetch
    at fetchServers (http://localhost:8000/static/js/app.js:11827:28)
    at fetchObjects (http://localhost:8000/static/js/app.js:11834:31)
    at refreshObjectsList (http://localhost:8000/static/js/app.js:11882:28)
    at http://localhost:8000/static/js/app.js:1204:9 @ http://localhost:8000/static/js/app.js:11885
[  940974ms] [ERROR] Failed to load resource: net::ERR_CONNECTION_REFUSED @ http://localhost:8000/api/objects/System%20Overview?server=ee8d9159:0
[  940974ms] [ERROR] Error загрузки ee8d9159:overview: TypeError: Failed to fetch
    at fetchObjectData (http://localhost:8000/static/js/app.js:11901:28)
    at loadObjectData (http://localhost:8000/static/js/app.js:13559:28)
    at http://localhost:8000/static/js/app.js:1211:23 @ http://localhost:8000/static/js/app.js:13570
[  941973ms] [ERROR] Failed to load resource: net::ERR_CONNECTION_REFUSED @ http://localhost:8000/api/objects/System%20Overview?server=ee8d9159:0
[  941973ms] [ERROR] Error загрузки ee8d9159:overview: TypeError: Failed to fetch
    at fetchObjectData (http://localhost:8000/static/js/app.js:11901:28)
    at loadObjectData (http://localhost:8000/static/js/app.js:13559:28)
    at http://localhost:8000/static/js/app.js:1211:23 @ http://localhost:8000/static/js/app.js:13570
[  942973ms] [ERROR] Failed to load resource: net::ERR_CONNECTION_REFUSED @ http://localhost:8000/api/objects/System%20Overview?server=ee8d9159:0
[  942973ms] [ERROR] Error загрузки ee8d9159:overview: TypeError: Failed to fetch
    at fetchObjectData (http://localhost:8000/static/js/app.js:11901:28)
    at loadObjectData (http://localhost:8000/static/js/app.js:13559:28)
    at http://localhost:8000/static/js/app.js:1211:23 @ http://localhost:8000/static/js/app.js:13570
[  943973ms] [ERROR] Failed to load resource: net::ERR_CONNECTION_REFUSED @ http://localhost:8000/api/objects/System%20Overview?server=ee8d9159:0
[  943974ms] [ERROR] Error загрузки ee8d9159:overview: TypeError: Failed to fetch
    at fetchObjectData (http://localhost:8000/static/js/app.js:11901:28)
    at loadObjectData (http://localhost:8000/static/js/app.js:13559:28)
    at http://localhost:8000/static/js/app.js:1211:23 @ http://localhost:8000/static/js/app.js:13570
[  944974ms] [ERROR] Failed to load resource: net::ERR_CONNECTION_REFUSED @ http://localhost:8000/api/objects/System%20Overview?server=ee8d9159:0
[  944974ms] [ERROR] Error загрузки ee8d9159:overview: TypeError: Failed to fetch
    at fetchObjectData (http://localhost:8000/static/js/app.js:11901:28)
    at loadObjectData (http://localhost:8000/static/js/app.js:13559:28)
    at http://localhost:8000/static/js/app.js:1211:23 @ http://localhost:8000/static/js/app.js:13570
[  945138ms] [ERROR] Failed to load resource: net::ERR_CONNECTION_REFUSED @ http://localhost:8000/api/recording/status:0
[  945973ms] [ERROR] Failed to load resource: net::ERR_CONNECTION_REFUSED @ http://localhost:8000/api/objects/System%20Overview?server=ee8d9159:0
[  945973ms] [ERROR] Error загрузки ee8d9159:overview: TypeError: Failed to fetch
    at fetchObjectData (http://localhost:8000/static/js/app.js:11901:28)
    at loadObjectData (http://localhost:8000/static/js/app.js:13559:28)
    at http://localhost:8000/static/js/app.js:1211:23 @ http://localhost:8000/static/js/app.js:13570
[  946973ms] [ERROR] Failed to load resource: net::ERR_CONNECTION_REFUSED @ http://localhost:8000/api/servers:0
[  946973ms] [ERROR] Error обновления списка объектов: TypeError: Failed to fetch
    at fetchServers (http://localhost:8000/static/js/app.js:11827:28)
    at fetchObjects (http://localhost:8000/static/js/app.js:11834:31)
    at refreshObjectsList (http://localhost:8000/static/js/app.js:11882:28)
    at http://localhost:8000/static/js/app.js:1204:9 @ http://localhost:8000/static/js/app.js:11885
[  946974ms] [ERROR] Failed to load resource: net::ERR_CONNECTION_REFUSED @ http://localhost:8000/api/objects/System%20Overview?server=ee8d9159:0
[  946974ms] [ERROR] Error загрузки ee8d9159:overview: TypeError: Failed to fetch
    at fetchObjectData (http://localhost:8000/static/js/app.js:11901:28)
    at loadObjectData (http://localhost:8000/static/js/app.js:13559:28)
    at http://localhost:8000/static/js/app.js:1211:23 @ http://localhost:8000/static/js/app.js:13570
[  946974ms] [ERROR] Failed to load resource: net::ERR_CONNECTION_REFUSED @ http://localhost:8000/api/version:0
[  947973ms] [ERROR] Failed to load resource: net::ERR_CONNECTION_REFUSED @ http://localhost:8000/api/objects/System%20Overview?server=ee8d9159:0
[  947973ms] [ERROR] Error загрузки ee8d9159:overview: TypeError: Failed to fetch
    at fetchObjectData (http://localhost:8000/static/js/app.js:11901:28)
    at loadObjectData (http://localhost:8000/static/js/app.js:13559:28)
    at http://localhost:8000/static/js/app.js:1211:23 @ http://localhost:8000/static/js/app.js:13570
[  948973ms] [ERROR] Failed to load resource: net::ERR_CONNECTION_REFUSED @ http://localhost:8000/api/objects/System%20Overview?server=ee8d9159:0
[  948973ms] [ERROR] Error загрузки ee8d9159:overview: TypeError: Failed to fetch
    at fetchObjectData (http://localhost:8000/static/js/app.js:11901:28)
    at loadObjectData (http://localhost:8000/static/js/app.js:13559:28)
    at http://localhost:8000/static/js/app.js:1211:23 @ http://localhost:8000/static/js/app.js:13570
[  949974ms] [ERROR] Failed to load resource: net::ERR_CONNECTION_REFUSED @ http://localhost:8000/api/objects/System%20Overview?server=ee8d9159:0
[  949974ms] [ERROR] Error загрузки ee8d9159:overview: TypeError: Failed to fetch
    at fetchObjectData (http://localhost:8000/static/js/app.js:11901:28)
    at loadObjectData (http://localhost:8000/static/js/app.js:13559:28)
    at http://localhost:8000/static/js/app.js:1211:23 @ http://localhost:8000/static/js/app.js:13570
[  950139ms] [ERROR] Failed to load resource: net::ERR_CONNECTION_REFUSED @ http://localhost:8000/api/recording/status:0
[  950973ms] [ERROR] Failed to load resource: net::ERR_CONNECTION_REFUSED @ http://localhost:8000/api/objects/System%20Overview?server=ee8d9159:0
[  950973ms] [ERROR] Error загрузки ee8d9159:overview: TypeError: Failed to fetch
    at fetchObjectData (http://localhost:8000/static/js/app.js:11901:28)
    at loadObjectData (http://localhost:8000/static/js/app.js:13559:28)
    at http://localhost:8000/static/js/app.js:1211:23 @ http://localhost:8000/static/js/app.js:13570
[  951974ms] [ERROR] Failed to load resource: net::ERR_CONNECTION_REFUSED @ http://localhost:8000/api/objects/System%20Overview?server=ee8d9159:0
[  951974ms] [ERROR] Error загрузки ee8d9159:overview: TypeError: Failed to fetch
    at fetchObjectData (http://localhost:8000/static/js/app.js:11901:28)
    at loadObjectData (http://localhost:8000/static/js/app.js:13559:28)
    at http://localhost:8000/static/js/app.js:1211:23 @ http://localhost:8000/static/js/app.js:13570
[  952973ms] [ERROR] Failed to load resource: net::ERR_CONNECTION_REFUSED @ http://localhost:8000/api/servers:0
[  952973ms] [ERROR] Error обновления списка объектов: TypeError: Failed to fetch
    at fetchServers (http://localhost:8000/static/js/app.js:11827:28)
    at fetchObjects (http://localhost:8000/static/js/app.js:11834:31)
    at refreshObjectsList (http://localhost:8000/static/js/app.js:11882:28)
    at http://localhost:8000/static/js/app.js:1204:9 @ http://localhost:8000/static/js/app.js:11885
[  952973ms] [ERROR] Failed to load resource: net::ERR_CONNECTION_REFUSED @ http://localhost:8000/api/objects/System%20Overview?server=ee8d9159:0
[  952973ms] [ERROR] Error загрузки ee8d9159:overview: TypeError: Failed to fetch
    at fetchObjectData (http://localhost:8000/static/js/app.js:11901:28)
    at loadObjectData (http://localhost:8000/static/js/app.js:13559:28)
    at http://localhost:8000/static/js/app.js:1211:23 @ http://localhost:8000/static/js/app.js:13570
[  953973ms] [ERROR] Failed to load resource: net::ERR_CONNECTION_REFUSED @ http://localhost:8000/api/objects/System%20Overview?server=ee8d9159:0
[  953973ms] [ERROR] Error загрузки ee8d9159:overview: TypeError: Failed to fetch
    at fetchObjectData (http://localhost:8000/static/js/app.js:11901:28)
    at loadObjectData (http://localhost:8000/static/js/app.js:13559:28)
    at http://localhost:8000/static/js/app.js:1211:23 @ http://localhost:8000/static/js/app.js:13570
[  954974ms] [ERROR] Failed to load resource: net::ERR_CONNECTION_REFUSED @ http://localhost:8000/api/objects/System%20Overview?server=ee8d9159:0
[  954974ms] [ERROR] Error загрузки ee8d9159:overview: TypeError: Failed to fetch
    at fetchObjectData (http://localhost:8000/static/js/app.js:11901:28)
    at loadObjectData (http://localhost:8000/static/js/app.js:13559:28)
    at http://localhost:8000/static/js/app.js:1211:23 @ http://localhost:8000/static/js/app.js:13570
[  955138ms] [ERROR] Failed to load resource: net::ERR_CONNECTION_REFUSED @ http://localhost:8000/api/recording/status:0
[  955974ms] [ERROR] Failed to load resource: net::ERR_CONNECTION_REFUSED @ http://localhost:8000/api/objects/System%20Overview?server=ee8d9159:0
[  955974ms] [ERROR] Error загрузки ee8d9159:overview: TypeError: Failed to fetch
    at fetchObjectData (http://localhost:8000/static/js/app.js:11901:28)
    at loadObjectData (http://localhost:8000/static/js/app.js:13559:28)
    at http://localhost:8000/static/js/app.js:1211:23 @ http://localhost:8000/static/js/app.js:13570
[  956974ms] [ERROR] Failed to load resource: net::ERR_CONNECTION_REFUSED @ http://localhost:8000/api/objects/System%20Overview?server=ee8d9159:0
[  956974ms] [ERROR] Error загрузки ee8d9159:overview: TypeError: Failed to fetch
    at fetchObjectData (http://localhost:8000/static/js/app.js:11901:28)
    at loadObjectData (http://localhost:8000/static/js/app.js:13559:28)
    at http://localhost:8000/static/js/app.js:1211:23 @ http://localhost:8000/static/js/app.js:13570
[  957973ms] [ERROR] Failed to load resource: net::ERR_CONNECTION_REFUSED @ http://localhost:8000/api/objects/System%20Overview?server=ee8d9159:0
[  957973ms] [ERROR] Error загрузки ee8d9159:overview: TypeError: Failed to fetch
    at fetchObjectData (http://localhost:8000/static/js/app.js:11901:28)
    at loadObjectData (http://localhost:8000/static/js/app.js:13559:28)
    at http://localhost:8000/static/js/app.js:1211:23 @ http://localhost:8000/static/js/app.js:13570
[  958976ms] [ERROR] Failed to load resource: net::ERR_CONNECTION_REFUSED @ http://localhost:8000/api/servers:0
[  958976ms] [ERROR] Error обновления списка объектов: TypeError: Failed to fetch
    at fetchServers (http://localhost:8000/static/js/app.js:11827:28)
    at fetchObjects (http://localhost:8000/static/js/app.js:11834:31)
    at refreshObjectsList (http://localhost:8000/static/js/app.js:11882:28)
    at http://localhost:8000/static/js/app.js:1204:9 @ http://localhost:8000/static/js/app.js:11885
[  958976ms] [ERROR] Failed to load resource: net::ERR_CONNECTION_REFUSED @ http://localhost:8000/api/objects/System%20Overview?server=ee8d9159:0
[  958976ms] [ERROR] Error загрузки ee8d9159:overview: TypeError: Failed to fetch
    at fetchObjectData (http://localhost:8000/static/js/app.js:11901:28)
    at loadObjectData (http://localhost:8000/static/js/app.js:13559:28)
    at http://localhost:8000/static/js/app.js:1211:23 @ http://localhost:8000/static/js/app.js:13570
[  959974ms] [ERROR] Failed to load resource: net::ERR_CONNECTION_REFUSED @ http://localhost:8000/api/objects/System%20Overview?server=ee8d9159:0
[  959974ms] [ERROR] Error загрузки ee8d9159:overview: TypeError: Failed to fetch
    at fetchObjectData (http://localhost:8000/static/js/app.js:11901:28)
    at loadObjectData (http://localhost:8000/static/js/app.js:13559:28)
    at http://localhost:8000/static/js/app.js:1211:23 @ http://localhost:8000/static/js/app.js:13570
[  960138ms] [ERROR] Failed to load resource: net::ERR_CONNECTION_REFUSED @ http://localhost:8000/api/recording/status:0
[  960974ms] [ERROR] Failed to load resource: net::ERR_CONNECTION_REFUSED @ http://localhost:8000/api/objects/System%20Overview?server=ee8d9159:0
[  960974ms] [ERROR] Error загрузки ee8d9159:overview: TypeError: Failed to fetch
    at fetchObjectData (http://localhost:8000/static/js/app.js:11901:28)
    at loadObjectData (http://localhost:8000/static/js/app.js:13559:28)
    at http://localhost:8000/static/js/app.js:1211:23 @ http://localhost:8000/static/js/app.js:13570
[  961974ms] [ERROR] Failed to load resource: net::ERR_CONNECTION_REFUSED @ http://localhost:8000/api/objects/System%20Overview?server=ee8d9159:0
[  961974ms] [ERROR] Error загрузки ee8d9159:overview: TypeError: Failed to fetch
    at fetchObjectData (http://localhost:8000/static/js/app.js:11901:28)
    at loadObjectData (http://localhost:8000/static/js/app.js:13559:28)
    at http://localhost:8000/static/js/app.js:1211:23 @ http://localhost:8000/static/js/app.js:13570
[  962973ms] [ERROR] Failed to load resource: net::ERR_CONNECTION_REFUSED @ http://localhost:8000/api/objects/System%20Overview?server=ee8d9159:0
[  962973ms] [ERROR] Error загрузки ee8d9159:overview: TypeError: Failed to fetch
    at fetchObjectData (http://localhost:8000/static/js/app.js:11901:28)
    at loadObjectData (http://localhost:8000/static/js/app.js:13559:28)
    at http://localhost:8000/static/js/app.js:1211:23 @ http://localhost:8000/static/js/app.js:13570
[  963973ms] [ERROR] Failed to load resource: net::ERR_CONNECTION_REFUSED @ http://localhost:8000/api/objects/System%20Overview?server=ee8d9159:0
[  963973ms] [ERROR] Error загрузки ee8d9159:overview: TypeError: Failed to fetch
    at fetchObjectData (http://localhost:8000/static/js/app.js:11901:28)
    at loadObjectData (http://localhost:8000/static/js/app.js:13559:28)
    at http://localhost:8000/static/js/app.js:1211:23 @ http://localhost:8000/static/js/app.js:13570
[  964973ms] [ERROR] Failed to load resource: net::ERR_CONNECTION_REFUSED @ http://localhost:8000/api/servers:0
[  964974ms] [ERROR] Error обновления списка объектов: TypeError: Failed to fetch
    at fetchServers (http://localhost:8000/static/js/app.js:11827:28)
    at fetchObjects (http://localhost:8000/static/js/app.js:11834:31)
    at refreshObjectsList (http://localhost:8000/static/js/app.js:11882:28)
    at http://localhost:8000/static/js/app.js:1204:9 @ http://localhost:8000/static/js/app.js:11885
[  964974ms] [ERROR] Failed to load resource: net::ERR_CONNECTION_REFUSED @ http://localhost:8000/api/objects/System%20Overview?server=ee8d9159:0
[  964974ms] [ERROR] Error загрузки ee8d9159:overview: TypeError: Failed to fetch
    at fetchObjectData (http://localhost:8000/static/js/app.js:11901:28)
    at loadObjectData (http://localhost:8000/static/js/app.js:13559:28)
    at http://localhost:8000/static/js/app.js:1211:23 @ http://localhost:8000/static/js/app.js:13570
[  965138ms] [ERROR] Failed to load resource: net::ERR_CONNECTION_REFUSED @ http://localhost:8000/api/recording/status:0
[  965973ms] [ERROR] Failed to load resource: net::ERR_CONNECTION_REFUSED @ http://localhost:8000/api/objects/System%20Overview?server=ee8d9159:0
[  965973ms] [ERROR] Error загрузки ee8d9159:overview: TypeError: Failed to fetch
    at fetchObjectData (http://localhost:8000/static/js/app.js:11901:28)
    at loadObjectData (http://localhost:8000/static/js/app.js:13559:28)
    at http://localhost:8000/static/js/app.js:1211:23 @ http://localhost:8000/static/js/app.js:13570
[  966973ms] [ERROR] Failed to load resource: net::ERR_CONNECTION_REFUSED @ http://localhost:8000/api/objects/System%20Overview?server=ee8d9159:0
[  966973ms] [ERROR] Error загрузки ee8d9159:overview: TypeError: Failed to fetch
    at fetchObjectData (http://localhost:8000/static/js/app.js:11901:28)
    at loadObjectData (http://localhost:8000/static/js/app.js:13559:28)
    at http://localhost:8000/static/js/app.js:1211:23 @ http://localhost:8000/static/js/app.js:13570
[  967975ms] [ERROR] Failed to load resource: net::ERR_CONNECTION_REFUSED @ http://localhost:8000/api/objects/System%20Overview?server=ee8d9159:0
[  967975ms] [ERROR] Error загрузки ee8d9159:overview: TypeError: Failed to fetch
    at fetchObjectData (http://localhost:8000/static/js/app.js:11901:28)
    at loadObjectData (http://localhost:8000/static/js/app.js:13559:28)
    at http://localhost:8000/static/js/app.js:1211:23 @ http://localhost:8000/static/js/app.js:13570
[  968973ms] [ERROR] Failed to load resource: net::ERR_CONNECTION_REFUSED @ http://localhost:8000/api/objects/System%20Overview?server=ee8d9159:0
[  968973ms] [ERROR] Error загрузки ee8d9159:overview: TypeError: Failed to fetch
    at fetchObjectData (http://localhost:8000/static/js/app.js:11901:28)
    at loadObjectData (http://localhost:8000/static/js/app.js:13559:28)
    at http://localhost:8000/static/js/app.js:1211:23 @ http://localhost:8000/static/js/app.js:13570
[  969973ms] [ERROR] Failed to load resource: net::ERR_CONNECTION_REFUSED @ http://localhost:8000/api/objects/System%20Overview?server=ee8d9159:0
[  969973ms] [ERROR] Error загрузки ee8d9159:overview: TypeError: Failed to fetch
    at fetchObjectData (http://localhost:8000/static/js/app.js:11901:28)
    at loadObjectData (http://localhost:8000/static/js/app.js:13559:28)
    at http://localhost:8000/static/js/app.js:1211:23 @ http://localhost:8000/static/js/app.js:13570
[  970138ms] [ERROR] Failed to load resource: net::ERR_CONNECTION_REFUSED @ http://localhost:8000/api/recording/status:0
[  970975ms] [ERROR] Failed to load resource: net::ERR_CONNECTION_REFUSED @ http://localhost:8000/api/servers:0
[  970975ms] [ERROR] Error обновления списка объектов: TypeError: Failed to fetch
    at fetchServers (http://localhost:8000/static/js/app.js:11827:28)
    at fetchObjects (http://localhost:8000/static/js/app.js:11834:31)
    at refreshObjectsList (http://localhost:8000/static/js/app.js:11882:28)
    at http://localhost:8000/static/js/app.js:1204:9 @ http://localhost:8000/static/js/app.js:11885
[  970975ms] [ERROR] Failed to load resource: net::ERR_CONNECTION_REFUSED @ http://localhost:8000/api/objects/System%20Overview?server=ee8d9159:0
[  970975ms] [ERROR] Error загрузки ee8d9159:overview: TypeError: Failed to fetch
    at fetchObjectData (http://localhost:8000/static/js/app.js:11901:28)
    at loadObjectData (http://localhost:8000/static/js/app.js:13559:28)
    at http://localhost:8000/static/js/app.js:1211:23 @ http://localhost:8000/static/js/app.js:13570
[  971973ms] [ERROR] Failed to load resource: net::ERR_CONNECTION_REFUSED @ http://localhost:8000/api/objects/System%20Overview?server=ee8d9159:0
[  971973ms] [ERROR] Error загрузки ee8d9159:overview: TypeError: Failed to fetch
    at fetchObjectData (http://localhost:8000/static/js/app.js:11901:28)
    at loadObjectData (http://localhost:8000/static/js/app.js:13559:28)
    at http://localhost:8000/static/js/app.js:1211:23 @ http://localhost:8000/static/js/app.js:13570
[  972974ms] [ERROR] Failed to load resource: net::ERR_CONNECTION_REFUSED @ http://localhost:8000/api/objects/System%20Overview?server=ee8d9159:0
[  972974ms] [ERROR] Error загрузки ee8d9159:overview: TypeError: Failed to fetch
    at fetchObjectData (http://localhost:8000/static/js/app.js:11901:28)
    at loadObjectData (http://localhost:8000/static/js/app.js:13559:28)
    at http://localhost:8000/static/js/app.js:1211:23 @ http://localhost:8000/static/js/app.js:13570
[  973973ms] [ERROR] Failed to load resource: net::ERR_CONNECTION_REFUSED @ http://localhost:8000/api/objects/System%20Overview?server=ee8d9159:0
[  973973ms] [ERROR] Error загрузки ee8d9159:overview: TypeError: Failed to fetch
    at fetchObjectData (http://localhost:8000/static/js/app.js:11901:28)
    at loadObjectData (http://localhost:8000/static/js/app.js:13559:28)
    at http://localhost:8000/static/js/app.js:1211:23 @ http://localhost:8000/static/js/app.js:13570
[  974973ms] [ERROR] Failed to load resource: net::ERR_CONNECTION_REFUSED @ http://localhost:8000/api/objects/System%20Overview?server=ee8d9159:0
[  974973ms] [ERROR] Error загрузки ee8d9159:overview: TypeError: Failed to fetch
    at fetchObjectData (http://localhost:8000/static/js/app.js:11901:28)
    at loadObjectData (http://localhost:8000/static/js/app.js:13559:28)
    at http://localhost:8000/static/js/app.js:1211:23 @ http://localhost:8000/static/js/app.js:13570
[  975138ms] [ERROR] Failed to load resource: net::ERR_CONNECTION_REFUSED @ http://localhost:8000/api/recording/status:0
[  975973ms] [ERROR] Failed to load resource: net::ERR_CONNECTION_REFUSED @ http://localhost:8000/api/objects/System%20Overview?server=ee8d9159:0
[  975973ms] [ERROR] Error загрузки ee8d9159:overview: TypeError: Failed to fetch
    at fetchObjectData (http://localhost:8000/static/js/app.js:11901:28)
    at loadObjectData (http://localhost:8000/static/js/app.js:13559:28)
    at http://localhost:8000/static/js/app.js:1211:23 @ http://localhost:8000/static/js/app.js:13570
[  976973ms] [ERROR] Failed to load resource: net::ERR_CONNECTION_REFUSED @ http://localhost:8000/api/servers:0
[  976973ms] [ERROR] Error обновления списка объектов: TypeError: Failed to fetch
    at fetchServers (http://localhost:8000/static/js/app.js:11827:28)
    at fetchObjects (http://localhost:8000/static/js/app.js:11834:31)
    at refreshObjectsList (http://localhost:8000/static/js/app.js:11882:28)
    at http://localhost:8000/static/js/app.js:1204:9 @ http://localhost:8000/static/js/app.js:11885
[  976974ms] [ERROR] Failed to load resource: net::ERR_CONNECTION_REFUSED @ http://localhost:8000/api/objects/System%20Overview?server=ee8d9159:0
[  976974ms] [ERROR] Error загрузки ee8d9159:overview: TypeError: Failed to fetch
    at fetchObjectData (http://localhost:8000/static/js/app.js:11901:28)
    at loadObjectData (http://localhost:8000/static/js/app.js:13559:28)
    at http://localhost:8000/static/js/app.js:1211:23 @ http://localhost:8000/static/js/app.js:13570
[  976974ms] [ERROR] Failed to load resource: net::ERR_CONNECTION_REFUSED @ http://localhost:8000/api/version:0
[  977973ms] [ERROR] Failed to load resource: net::ERR_CONNECTION_REFUSED @ http://localhost:8000/api/objects/System%20Overview?server=ee8d9159:0
[  977973ms] [ERROR] Error загрузки ee8d9159:overview: TypeError: Failed to fetch
    at fetchObjectData (http://localhost:8000/static/js/app.js:11901:28)
    at loadObjectData (http://localhost:8000/static/js/app.js:13559:28)
    at http://localhost:8000/static/js/app.js:1211:23 @ http://localhost:8000/static/js/app.js:13570
[  978973ms] [ERROR] Failed to load resource: net::ERR_CONNECTION_REFUSED @ http://localhost:8000/api/objects/System%20Overview?server=ee8d9159:0
[  978973ms] [ERROR] Error загрузки ee8d9159:overview: TypeError: Failed to fetch
    at fetchObjectData (http://localhost:8000/static/js/app.js:11901:28)
    at loadObjectData (http://localhost:8000/static/js/app.js:13559:28)
    at http://localhost:8000/static/js/app.js:1211:23 @ http://localhost:8000/static/js/app.js:13570
[  979974ms] [ERROR] Failed to load resource: net::ERR_CONNECTION_REFUSED @ http://localhost:8000/api/objects/System%20Overview?server=ee8d9159:0
[  979974ms] [ERROR] Error загрузки ee8d9159:overview: TypeError: Failed to fetch
    at fetchObjectData (http://localhost:8000/static/js/app.js:11901:28)
    at loadObjectData (http://localhost:8000/static/js/app.js:13559:28)
    at http://localhost:8000/static/js/app.js:1211:23 @ http://localhost:8000/static/js/app.js:13570
[  980138ms] [ERROR] Failed to load resource: net::ERR_CONNECTION_REFUSED @ http://localhost:8000/api/recording/status:0
[  980975ms] [ERROR] Failed to load resource: net::ERR_CONNECTION_REFUSED @ http://localhost:8000/api/objects/System%20Overview?server=ee8d9159:0
[  980975ms] [ERROR] Error загрузки ee8d9159:overview: TypeError: Failed to fetch
    at fetchObjectData (http://localhost:8000/static/js/app.js:11901:28)
    at loadObjectData (http://localhost:8000/static/js/app.js:13559:28)
    at http://localhost:8000/static/js/app.js:1211:23 @ http://localhost:8000/static/js/app.js:13570
[  981974ms] [ERROR] Failed to load resource: net::ERR_CONNECTION_REFUSED @ http://localhost:8000/api/objects/System%20Overview?server=ee8d9159:0
[  981974ms] [ERROR] Error загрузки ee8d9159:overview: TypeError: Failed to fetch
    at fetchObjectData (http://localhost:8000/static/js/app.js:11901:28)
    at loadObjectData (http://localhost:8000/static/js/app.js:13559:28)
    at http://localhost:8000/static/js/app.js:1211:23 @ http://localhost:8000/static/js/app.js:13570
[  982975ms] [ERROR] Failed to load resource: net::ERR_CONNECTION_REFUSED @ http://localhost:8000/api/servers:0
[  982975ms] [ERROR] Error обновления списка объектов: TypeError: Failed to fetch
    at fetchServers (http://localhost:8000/static/js/app.js:11827:28)
    at fetchObjects (http://localhost:8000/static/js/app.js:11834:31)
    at refreshObjectsList (http://localhost:8000/static/js/app.js:11882:28)
    at http://localhost:8000/static/js/app.js:1204:9 @ http://localhost:8000/static/js/app.js:11885
[  982975ms] [ERROR] Failed to load resource: net::ERR_CONNECTION_REFUSED @ http://localhost:8000/api/objects/System%20Overview?server=ee8d9159:0
[  982975ms] [ERROR] Error загрузки ee8d9159:overview: TypeError: Failed to fetch
    at fetchObjectData (http://localhost:8000/static/js/app.js:11901:28)
    at loadObjectData (http://localhost:8000/static/js/app.js:13559:28)
    at http://localhost:8000/static/js/app.js:1211:23 @ http://localhost:8000/static/js/app.js:13570
[  983974ms] [ERROR] Failed to load resource: net::ERR_CONNECTION_REFUSED @ http://localhost:8000/api/objects/System%20Overview?server=ee8d9159:0
[  983974ms] [ERROR] Error загрузки ee8d9159:overview: TypeError: Failed to fetch
    at fetchObjectData (http://localhost:8000/static/js/app.js:11901:28)
    at loadObjectData (http://localhost:8000/static/js/app.js:13559:28)
    at http://localhost:8000/static/js/app.js:1211:23 @ http://localhost:8000/static/js/app.js:13570
[  984974ms] [ERROR] Failed to load resource: net::ERR_CONNECTION_REFUSED @ http://localhost:8000/api/objects/System%20Overview?server=ee8d9159:0
[  984974ms] [ERROR] Error загрузки ee8d9159:overview: TypeError: Failed to fetch
    at fetchObjectData (http://localhost:8000/static/js/app.js:11901:28)
    at loadObjectData (http://localhost:8000/static/js/app.js:13559:28)
    at http://localhost:8000/static/js/app.js:1211:23 @ http://localhost:8000/static/js/app.js:13570
[  985138ms] [ERROR] Failed to load resource: net::ERR_CONNECTION_REFUSED @ http://localhost:8000/api/recording/status:0
[  985973ms] [ERROR] Failed to load resource: net::ERR_CONNECTION_REFUSED @ http://localhost:8000/api/objects/System%20Overview?server=ee8d9159:0
[  985973ms] [ERROR] Error загрузки ee8d9159:overview: TypeError: Failed to fetch
    at fetchObjectData (http://localhost:8000/static/js/app.js:11901:28)
    at loadObjectData (http://localhost:8000/static/js/app.js:13559:28)
    at http://localhost:8000/static/js/app.js:1211:23 @ http://localhost:8000/static/js/app.js:13570
[  986974ms] [ERROR] Failed to load resource: net::ERR_CONNECTION_REFUSED @ http://localhost:8000/api/objects/System%20Overview?server=ee8d9159:0
[  986974ms] [ERROR] Error загрузки ee8d9159:overview: TypeError: Failed to fetch
    at fetchObjectData (http://localhost:8000/static/js/app.js:11901:28)
    at loadObjectData (http://localhost:8000/static/js/app.js:13559:28)
    at http://localhost:8000/static/js/app.js:1211:23 @ http://localhost:8000/static/js/app.js:13570
[  987974ms] [ERROR] Failed to load resource: net::ERR_CONNECTION_REFUSED @ http://localhost:8000/api/objects/System%20Overview?server=ee8d9159:0
[  987974ms] [ERROR] Error загрузки ee8d9159:overview: TypeError: Failed to fetch
    at fetchObjectData (http://localhost:8000/static/js/app.js:11901:28)
    at loadObjectData (http://localhost:8000/static/js/app.js:13559:28)
    at http://localhost:8000/static/js/app.js:1211:23 @ http://localhost:8000/static/js/app.js:13570
[  988973ms] [ERROR] Failed to load resource: net::ERR_CONNECTION_REFUSED @ http://localhost:8000/api/servers:0
[  988973ms] [ERROR] Error обновления списка объектов: TypeError: Failed to fetch
    at fetchServers (http://localhost:8000/static/js/app.js:11827:28)
    at fetchObjects (http://localhost:8000/static/js/app.js:11834:31)
    at refreshObjectsList (http://localhost:8000/static/js/app.js:11882:28)
    at http://localhost:8000/static/js/app.js:1204:9 @ http://localhost:8000/static/js/app.js:11885
[  988973ms] [ERROR] Failed to load resource: net::ERR_CONNECTION_REFUSED @ http://localhost:8000/api/objects/System%20Overview?server=ee8d9159:0
[  988973ms] [ERROR] Error загрузки ee8d9159:overview: TypeError: Failed to fetch
    at fetchObjectData (http://localhost:8000/static/js/app.js:11901:28)
    at loadObjectData (http://localhost:8000/static/js/app.js:13559:28)
    at http://localhost:8000/static/js/app.js:1211:23 @ http://localhost:8000/static/js/app.js:13570
[  989973ms] [ERROR] Failed to load resource: net::ERR_CONNECTION_REFUSED @ http://localhost:8000/api/objects/System%20Overview?server=ee8d9159:0
[  989973ms] [ERROR] Error загрузки ee8d9159:overview: TypeError: Failed to fetch
    at fetchObjectData (http://localhost:8000/static/js/app.js:11901:28)
    at loadObjectData (http://localhost:8000/static/js/app.js:13559:28)
    at http://localhost:8000/static/js/app.js:1211:23 @ http://localhost:8000/static/js/app.js:13570
[  990138ms] [ERROR] Failed to load resource: net::ERR_CONNECTION_REFUSED @ http://localhost:8000/api/recording/status:0
[  990973ms] [ERROR] Failed to load resource: net::ERR_CONNECTION_REFUSED @ http://localhost:8000/api/objects/System%20Overview?server=ee8d9159:0
[  990973ms] [ERROR] Error загрузки ee8d9159:overview: TypeError: Failed to fetch
    at fetchObjectData (http://localhost:8000/static/js/app.js:11901:28)
    at loadObjectData (http://localhost:8000/static/js/app.js:13559:28)
    at http://localhost:8000/static/js/app.js:1211:23 @ http://localhost:8000/static/js/app.js:13570
[  991973ms] [ERROR] Failed to load resource: net::ERR_CONNECTION_REFUSED @ http://localhost:8000/api/objects/System%20Overview?server=ee8d9159:0
[  991973ms] [ERROR] Error загрузки ee8d9159:overview: TypeError: Failed to fetch
    at fetchObjectData (http://localhost:8000/static/js/app.js:11901:28)
    at loadObjectData (http://localhost:8000/static/js/app.js:13559:28)
    at http://localhost:8000/static/js/app.js:1211:23 @ http://localhost:8000/static/js/app.js:13570
[  992973ms] [ERROR] Failed to load resource: net::ERR_CONNECTION_REFUSED @ http://localhost:8000/api/objects/System%20Overview?server=ee8d9159:0
[  992973ms] [ERROR] Error загрузки ee8d9159:overview: TypeError: Failed to fetch
    at fetchObjectData (http://localhost:8000/static/js/app.js:11901:28)
    at loadObjectData (http://localhost:8000/static/js/app.js:13559:28)
    at http://localhost:8000/static/js/app.js:1211:23 @ http://localhost:8000/static/js/app.js:13570
[  993974ms] [ERROR] Failed to load resource: net::ERR_CONNECTION_REFUSED @ http://localhost:8000/api/objects/System%20Overview?server=ee8d9159:0
[  993974ms] [ERROR] Error загрузки ee8d9159:overview: TypeError: Failed to fetch
    at fetchObjectData (http://localhost:8000/static/js/app.js:11901:28)
    at loadObjectData (http://localhost:8000/static/js/app.js:13559:28)
    at http://localhost:8000/static/js/app.js:1211:23 @ http://localhost:8000/static/js/app.js:13570
[  994974ms] [ERROR] Failed to load resource: net::ERR_CONNECTION_REFUSED @ http://localhost:8000/api/servers:0
[  994975ms] [ERROR] Error обновления списка объектов: TypeError: Failed to fetch
    at fetchServers (http://localhost:8000/static/js/app.js:11827:28)
    at fetchObjects (http://localhost:8000/static/js/app.js:11834:31)
    at refreshObjectsList (http://localhost:8000/static/js/app.js:11882:28)
    at http://localhost:8000/static/js/app.js:1204:9 @ http://localhost:8000/static/js/app.js:11885
[  994975ms] [ERROR] Failed to load resource: net::ERR_CONNECTION_REFUSED @ http://localhost:8000/api/objects/System%20Overview?server=ee8d9159:0
[  994975ms] [ERROR] Error загрузки ee8d9159:overview: TypeError: Failed to fetch
    at fetchObjectData (http://localhost:8000/static/js/app.js:11901:28)
    at loadObjectData (http://localhost:8000/static/js/app.js:13559:28)
    at http://localhost:8000/static/js/app.js:1211:23 @ http://localhost:8000/static/js/app.js:13570
[  995138ms] [ERROR] Failed to load resource: net::ERR_CONNECTION_REFUSED @ http://localhost:8000/api/recording/status:0
[  995973ms] [ERROR] Failed to load resource: net::ERR_CONNECTION_REFUSED @ http://localhost:8000/api/objects/System%20Overview?server=ee8d9159:0
[  995973ms] [ERROR] Error загрузки ee8d9159:overview: TypeError: Failed to fetch
    at fetchObjectData (http://localhost:8000/static/js/app.js:11901:28)
    at loadObjectData (http://localhost:8000/static/js/app.js:13559:28)
    at http://localhost:8000/static/js/app.js:1211:23 @ http://localhost:8000/static/js/app.js:13570
[  996974ms] [ERROR] Failed to load resource: net::ERR_CONNECTION_REFUSED @ http://localhost:8000/api/objects/System%20Overview?server=ee8d9159:0
[  996974ms] [ERROR] Error загрузки ee8d9159:overview: TypeError: Failed to fetch
    at fetchObjectData (http://localhost:8000/static/js/app.js:11901:28)
    at loadObjectData (http://localhost:8000/static/js/app.js:13559:28)
    at http://localhost:8000/static/js/app.js:1211:23 @ http://localhost:8000/static/js/app.js:13570
[  997973ms] [ERROR] Failed to load resource: net::ERR_CONNECTION_REFUSED @ http://localhost:8000/api/objects/System%20Overview?server=ee8d9159:0
[  997973ms] [ERROR] Error загрузки ee8d9159:overview: TypeError: Failed to fetch
    at fetchObjectData (http://localhost:8000/static/js/app.js:11901:28)
    at loadObjectData (http://localhost:8000/static/js/app.js:13559:28)
    at http://localhost:8000/static/js/app.js:1211:23 @ http://localhost:8000/static/js/app.js:13570
[  998974ms] [ERROR] Failed to load resource: net::ERR_CONNECTION_REFUSED @ http://localhost:8000/api/objects/System%20Overview?server=ee8d9159:0
[  998974ms] [ERROR] Error загрузки ee8d9159:overview: TypeError: Failed to fetch
    at fetchObjectData (http://localhost:8000/static/js/app.js:11901:28)
    at loadObjectData (http://localhost:8000/static/js/app.js:13559:28)
    at http://localhost:8000/static/js/app.js:1211:23 @ http://localhost:8000/static/js/app.js:13570
[  999974ms] [ERROR] Failed to load resource: net::ERR_CONNECTION_REFUSED @ http://localhost:8000/api/objects/System%20Overview?server=ee8d9159:0
[  999974ms] [ERROR] Error загрузки ee8d9159:overview: TypeError: Failed to fetch
    at fetchObjectData (http://localhost:8000/static/js/app.js:11901:28)
    at loadObjectData (http://localhost:8000/static/js/app.js:13559:28)
    at http://localhost:8000/static/js/app.js:1211:23 @ http://localhost:8000/static/js/app.js:13570
[ 1000138ms] [ERROR] Failed to load resource: net::ERR_CONNECTION_REFUSED @ http://localhost:8000/api/recording/status:0
[ 1000973ms] [ERROR] Failed to load resource: net::ERR_CONNECTION_REFUSED @ http://localhost:8000/api/servers:0
[ 1000973ms] [ERROR] Error обновления списка объектов: TypeError: Failed to fetch
    at fetchServers (http://localhost:8000/static/js/app.js:11827:28)
    at fetchObjects (http://localhost:8000/static/js/app.js:11834:31)
    at refreshObjectsList (http://localhost:8000/static/js/app.js:11882:28)
    at http://localhost:8000/static/js/app.js:1204:9 @ http://localhost:8000/static/js/app.js:11885
[ 1000973ms] [ERROR] Failed to load resource: net::ERR_CONNECTION_REFUSED @ http://localhost:8000/api/objects/System%20Overview?server=ee8d9159:0
[ 1000973ms] [ERROR] Error загрузки ee8d9159:overview: TypeError: Failed to fetch
    at fetchObjectData (http://localhost:8000/static/js/app.js:11901:28)
    at loadObjectData (http://localhost:8000/static/js/app.js:13559:28)
    at http://localhost:8000/static/js/app.js:1211:23 @ http://localhost:8000/static/js/app.js:13570
[ 1001973ms] [ERROR] Failed to load resource: net::ERR_CONNECTION_REFUSED @ http://localhost:8000/api/objects/System%20Overview?server=ee8d9159:0
[ 1001973ms] [ERROR] Error загрузки ee8d9159:overview: TypeError: Failed to fetch
    at fetchObjectData (http://localhost:8000/static/js/app.js:11901:28)
    at loadObjectData (http://localhost:8000/static/js/app.js:13559:28)
    at http://localhost:8000/static/js/app.js:1211:23 @ http://localhost:8000/static/js/app.js:13570
[ 1002973ms] [ERROR] Failed to load resource: net::ERR_CONNECTION_REFUSED @ http://localhost:8000/api/objects/System%20Overview?server=ee8d9159:0
[ 1002973ms] [ERROR] Error загрузки ee8d9159:overview: TypeError: Failed to fetch
    at fetchObjectData (http://localhost:8000/static/js/app.js:11901:28)
    at loadObjectData (http://localhost:8000/static/js/app.js:13559:28)
    at http://localhost:8000/static/js/app.js:1211:23 @ http://localhost:8000/static/js/app.js:13570
[ 1003974ms] [ERROR] Failed to load resource: net::ERR_CONNECTION_REFUSED @ http://localhost:8000/api/objects/System%20Overview?server=ee8d9159:0
[ 1003974ms] [ERROR] Error загрузки ee8d9159:overview: TypeError: Failed to fetch
    at fetchObjectData (http://localhost:8000/static/js/app.js:11901:28)
    at loadObjectData (http://localhost:8000/static/js/app.js:13559:28)
    at http://localhost:8000/static/js/app.js:1211:23 @ http://localhost:8000/static/js/app.js:13570
[ 1004974ms] [ERROR] Failed to load resource: net::ERR_CONNECTION_REFUSED @ http://localhost:8000/api/objects/System%20Overview?server=ee8d9159:0
[ 1004974ms] [ERROR] Error загрузки ee8d9159:overview: TypeError: Failed to fetch
    at fetchObjectData (http://localhost:8000/static/js/app.js:11901:28)
    at loadObjectData (http://localhost:8000/static/js/app.js:13559:28)
    at http://localhost:8000/static/js/app.js:1211:23 @ http://localhost:8000/static/js/app.js:13570
[ 1005139ms] [ERROR] Failed to load resource: net::ERR_CONNECTION_REFUSED @ http://localhost:8000/api/recording/status:0
[ 1005973ms] [ERROR] Failed to load resource: net::ERR_CONNECTION_REFUSED @ http://localhost:8000/api/objects/System%20Overview?server=ee8d9159:0
[ 1005973ms] [ERROR] Error загрузки ee8d9159:overview: TypeError: Failed to fetch
    at fetchObjectData (http://localhost:8000/static/js/app.js:11901:28)
    at loadObjectData (http://localhost:8000/static/js/app.js:13559:28)
    at http://localhost:8000/static/js/app.js:1211:23 @ http://localhost:8000/static/js/app.js:13570
[ 1006975ms] [ERROR] Failed to load resource: net::ERR_CONNECTION_REFUSED @ http://localhost:8000/api/servers:0
[ 1006975ms] [ERROR] Error обновления списка объектов: TypeError: Failed to fetch
    at fetchServers (http://localhost:8000/static/js/app.js:11827:28)
    at fetchObjects (http://localhost:8000/static/js/app.js:11834:31)
    at refreshObjectsList (http://localhost:8000/static/js/app.js:11882:28)
    at http://localhost:8000/static/js/app.js:1204:9 @ http://localhost:8000/static/js/app.js:11885
[ 1006976ms] [ERROR] Failed to load resource: net::ERR_CONNECTION_REFUSED @ http://localhost:8000/api/objects/System%20Overview?server=ee8d9159:0
[ 1006976ms] [ERROR] Error загрузки ee8d9159:overview: TypeError: Failed to fetch
    at fetchObjectData (http://localhost:8000/static/js/app.js:11901:28)
    at loadObjectData (http://localhost:8000/static/js/app.js:13559:28)
    at http://localhost:8000/static/js/app.js:1211:23 @ http://localhost:8000/static/js/app.js:13570
[ 1006976ms] [ERROR] Failed to load resource: net::ERR_CONNECTION_REFUSED @ http://localhost:8000/api/version:0
[ 1007973ms] [ERROR] Failed to load resource: net::ERR_CONNECTION_REFUSED @ http://localhost:8000/api/objects/System%20Overview?server=ee8d9159:0
[ 1007974ms] [ERROR] Error загрузки ee8d9159:overview: TypeError: Failed to fetch
    at fetchObjectData (http://localhost:8000/static/js/app.js:11901:28)
    at loadObjectData (http://localhost:8000/static/js/app.js:13559:28)
    at http://localhost:8000/static/js/app.js:1211:23 @ http://localhost:8000/static/js/app.js:13570
[ 1008973ms] [ERROR] Failed to load resource: net::ERR_CONNECTION_REFUSED @ http://localhost:8000/api/objects/System%20Overview?server=ee8d9159:0
[ 1008973ms] [ERROR] Error загрузки ee8d9159:overview: TypeError: Failed to fetch
    at fetchObjectData (http://localhost:8000/static/js/app.js:11901:28)
    at loadObjectData (http://localhost:8000/static/js/app.js:13559:28)
    at http://localhost:8000/static/js/app.js:1211:23 @ http://localhost:8000/static/js/app.js:13570
[ 1009973ms] [ERROR] Failed to load resource: net::ERR_CONNECTION_REFUSED @ http://localhost:8000/api/objects/System%20Overview?server=ee8d9159:0
[ 1009973ms] [ERROR] Error загрузки ee8d9159:overview: TypeError: Failed to fetch
    at fetchObjectData (http://localhost:8000/static/js/app.js:11901:28)
    at loadObjectData (http://localhost:8000/static/js/app.js:13559:28)
    at http://localhost:8000/static/js/app.js:1211:23 @ http://localhost:8000/static/js/app.js:13570
[ 1010138ms] [ERROR] Failed to load resource: net::ERR_CONNECTION_REFUSED @ http://localhost:8000/api/recording/status:0
[ 1010974ms] [ERROR] Failed to load resource: net::ERR_CONNECTION_REFUSED @ http://localhost:8000/api/objects/System%20Overview?server=ee8d9159:0
[ 1010975ms] [ERROR] Error загрузки ee8d9159:overview: TypeError: Failed to fetch
    at fetchObjectData (http://localhost:8000/static/js/app.js:11901:28)
    at loadObjectData (http://localhost:8000/static/js/app.js:13559:28)
    at http://localhost:8000/static/js/app.js:1211:23 @ http://localhost:8000/static/js/app.js:13570
[ 1011974ms] [ERROR] Failed to load resource: net::ERR_CONNECTION_REFUSED @ http://localhost:8000/api/objects/System%20Overview?server=ee8d9159:0
[ 1011975ms] [ERROR] Error загрузки ee8d9159:overview: TypeError: Failed to fetch
    at fetchObjectData (http://localhost:8000/static/js/app.js:11901:28)
    at loadObjectData (http://localhost:8000/static/js/app.js:13559:28)
    at http://localhost:8000/static/js/app.js:1211:23 @ http://localhost:8000/static/js/app.js:13570
[ 1012973ms] [ERROR] Failed to load resource: net::ERR_CONNECTION_REFUSED @ http://localhost:8000/api/servers:0
[ 1012973ms] [ERROR] Error обновления списка объектов: TypeError: Failed to fetch
    at fetchServers (http://localhost:8000/static/js/app.js:11827:28)
    at fetchObjects (http://localhost:8000/static/js/app.js:11834:31)
    at refreshObjectsList (http://localhost:8000/static/js/app.js:11882:28)
    at http://localhost:8000/static/js/app.js:1204:9 @ http://localhost:8000/static/js/app.js:11885
[ 1012973ms] [ERROR] Failed to load resource: net::ERR_CONNECTION_REFUSED @ http://localhost:8000/api/objects/System%20Overview?server=ee8d9159:0
[ 1012973ms] [ERROR] Error загрузки ee8d9159:overview: TypeError: Failed to fetch
    at fetchObjectData (http://localhost:8000/static/js/app.js:11901:28)
    at loadObjectData (http://localhost:8000/static/js/app.js:13559:28)
    at http://localhost:8000/static/js/app.js:1211:23 @ http://localhost:8000/static/js/app.js:13570
[ 1013973ms] [ERROR] Failed to load resource: net::ERR_CONNECTION_REFUSED @ http://localhost:8000/api/objects/System%20Overview?server=ee8d9159:0
[ 1013973ms] [ERROR] Error загрузки ee8d9159:overview: TypeError: Failed to fetch
    at fetchObjectData (http://localhost:8000/static/js/app.js:11901:28)
    at loadObjectData (http://localhost:8000/static/js/app.js:13559:28)
    at http://localhost:8000/static/js/app.js:1211:23 @ http://localhost:8000/static/js/app.js:13570
[ 1014973ms] [ERROR] Failed to load resource: net::ERR_CONNECTION_REFUSED @ http://localhost:8000/api/objects/System%20Overview?server=ee8d9159:0
[ 1014973ms] [ERROR] Error загрузки ee8d9159:overview: TypeError: Failed to fetch
    at fetchObjectData (http://localhost:8000/static/js/app.js:11901:28)
    at loadObjectData (http://localhost:8000/static/js/app.js:13559:28)
    at http://localhost:8000/static/js/app.js:1211:23 @ http://localhost:8000/static/js/app.js:13570
[ 1015137ms] [ERROR] Failed to load resource: net::ERR_CONNECTION_REFUSED @ http://localhost:8000/api/recording/status:0
[ 1015973ms] [ERROR] Failed to load resource: net::ERR_CONNECTION_REFUSED @ http://localhost:8000/api/objects/System%20Overview?server=ee8d9159:0
[ 1015973ms] [ERROR] Error загрузки ee8d9159:overview: TypeError: Failed to fetch
    at fetchObjectData (http://localhost:8000/static/js/app.js:11901:28)
    at loadObjectData (http://localhost:8000/static/js/app.js:13559:28)
    at http://localhost:8000/static/js/app.js:1211:23 @ http://localhost:8000/static/js/app.js:13570
[ 1016973ms] [ERROR] Failed to load resource: net::ERR_CONNECTION_REFUSED @ http://localhost:8000/api/objects/System%20Overview?server=ee8d9159:0
[ 1016974ms] [ERROR] Error загрузки ee8d9159:overview: TypeError: Failed to fetch
    at fetchObjectData (http://localhost:8000/static/js/app.js:11901:28)
    at loadObjectData (http://localhost:8000/static/js/app.js:13559:28)
    at http://localhost:8000/static/js/app.js:1211:23 @ http://localhost:8000/static/js/app.js:13570
[ 1017973ms] [ERROR] Failed to load resource: net::ERR_CONNECTION_REFUSED @ http://localhost:8000/api/objects/System%20Overview?server=ee8d9159:0
[ 1017973ms] [ERROR] Error загрузки ee8d9159:overview: TypeError: Failed to fetch
    at fetchObjectData (http://localhost:8000/static/js/app.js:11901:28)
    at loadObjectData (http://localhost:8000/static/js/app.js:13559:28)
    at http://localhost:8000/static/js/app.js:1211:23 @ http://localhost:8000/static/js/app.js:13570
[ 1018974ms] [ERROR] Failed to load resource: net::ERR_CONNECTION_REFUSED @ http://localhost:8000/api/servers:0
[ 1018974ms] [ERROR] Error обновления списка объектов: TypeError: Failed to fetch
    at fetchServers (http://localhost:8000/static/js/app.js:11827:28)
    at fetchObjects (http://localhost:8000/static/js/app.js:11834:31)
    at refreshObjectsList (http://localhost:8000/static/js/app.js:11882:28)
    at http://localhost:8000/static/js/app.js:1204:9 @ http://localhost:8000/static/js/app.js:11885
[ 1018974ms] [ERROR] Failed to load resource: net::ERR_CONNECTION_REFUSED @ http://localhost:8000/api/objects/System%20Overview?server=ee8d9159:0
[ 1018975ms] [ERROR] Error загрузки ee8d9159:overview: TypeError: Failed to fetch
    at fetchObjectData (http://localhost:8000/static/js/app.js:11901:28)
    at loadObjectData (http://localhost:8000/static/js/app.js:13559:28)
    at http://localhost:8000/static/js/app.js:1211:23 @ http://localhost:8000/static/js/app.js:13570
[ 1019973ms] [ERROR] Failed to load resource: net::ERR_CONNECTION_REFUSED @ http://localhost:8000/api/objects/System%20Overview?server=ee8d9159:0
[ 1019973ms] [ERROR] Error загрузки ee8d9159:overview: TypeError: Failed to fetch
    at fetchObjectData (http://localhost:8000/static/js/app.js:11901:28)
    at loadObjectData (http://localhost:8000/static/js/app.js:13559:28)
    at http://localhost:8000/static/js/app.js:1211:23 @ http://localhost:8000/static/js/app.js:13570
[ 1020138ms] [ERROR] Failed to load resource: net::ERR_CONNECTION_REFUSED @ http://localhost:8000/api/recording/status:0
[ 1020974ms] [ERROR] Failed to load resource: net::ERR_CONNECTION_REFUSED @ http://localhost:8000/api/objects/System%20Overview?server=ee8d9159:0
[ 1020975ms] [ERROR] Error загрузки ee8d9159:overview: TypeError: Failed to fetch
    at fetchObjectData (http://localhost:8000/static/js/app.js:11901:28)
    at loadObjectData (http://localhost:8000/static/js/app.js:13559:28)
    at http://localhost:8000/static/js/app.js:1211:23 @ http://localhost:8000/static/js/app.js:13570
[ 1021973ms] [ERROR] Failed to load resource: net::ERR_CONNECTION_REFUSED @ http://localhost:8000/api/objects/System%20Overview?server=ee8d9159:0
[ 1021973ms] [ERROR] Error загрузки ee8d9159:overview: TypeError: Failed to fetch
    at fetchObjectData (http://localhost:8000/static/js/app.js:11901:28)
    at loadObjectData (http://localhost:8000/static/js/app.js:13559:28)
    at http://localhost:8000/static/js/app.js:1211:23 @ http://localhost:8000/static/js/app.js:13570
[ 1022973ms] [ERROR] Failed to load resource: net::ERR_CONNECTION_REFUSED @ http://localhost:8000/api/objects/System%20Overview?server=ee8d9159:0
[ 1022973ms] [ERROR] Error загрузки ee8d9159:overview: TypeError: Failed to fetch
    at fetchObjectData (http://localhost:8000/static/js/app.js:11901:28)
    at loadObjectData (http://localhost:8000/static/js/app.js:13559:28)
    at http://localhost:8000/static/js/app.js:1211:23 @ http://localhost:8000/static/js/app.js:13570
[ 1023973ms] [ERROR] Failed to load resource: net::ERR_CONNECTION_REFUSED @ http://localhost:8000/api/objects/System%20Overview?server=ee8d9159:0
[ 1023973ms] [ERROR] Error загрузки ee8d9159:overview: TypeError: Failed to fetch
    at fetchObjectData (http://localhost:8000/static/js/app.js:11901:28)
    at loadObjectData (http://localhost:8000/static/js/app.js:13559:28)
    at http://localhost:8000/static/js/app.js:1211:23 @ http://localhost:8000/static/js/app.js:13570
[ 1024973ms] [ERROR] Failed to load resource: net::ERR_CONNECTION_REFUSED @ http://localhost:8000/api/servers:0
[ 1024973ms] [ERROR] Error обновления списка объектов: TypeError: Failed to fetch
    at fetchServers (http://localhost:8000/static/js/app.js:11827:28)
    at fetchObjects (http://localhost:8000/static/js/app.js:11834:31)
    at refreshObjectsList (http://localhost:8000/static/js/app.js:11882:28)
    at http://localhost:8000/static/js/app.js:1204:9 @ http://localhost:8000/static/js/app.js:11885
[ 1024973ms] [ERROR] Failed to load resource: net::ERR_CONNECTION_REFUSED @ http://localhost:8000/api/objects/System%20Overview?server=ee8d9159:0
[ 1024973ms] [ERROR] Error загрузки ee8d9159:overview: TypeError: Failed to fetch
    at fetchObjectData (http://localhost:8000/static/js/app.js:11901:28)
    at loadObjectData (http://localhost:8000/static/js/app.js:13559:28)
    at http://localhost:8000/static/js/app.js:1211:23 @ http://localhost:8000/static/js/app.js:13570
[ 1025137ms] [ERROR] Failed to load resource: net::ERR_CONNECTION_REFUSED @ http://localhost:8000/api/recording/status:0
[ 1025973ms] [ERROR] Failed to load resource: net::ERR_CONNECTION_REFUSED @ http://localhost:8000/api/objects/System%20Overview?server=ee8d9159:0
[ 1025973ms] [ERROR] Error загрузки ee8d9159:overview: TypeError: Failed to fetch
    at fetchObjectData (http://localhost:8000/static/js/app.js:11901:28)
    at loadObjectData (http://localhost:8000/static/js/app.js:13559:28)
    at http://localhost:8000/static/js/app.js:1211:23 @ http://localhost:8000/static/js/app.js:13570
[ 1026973ms] [ERROR] Failed to load resource: net::ERR_CONNECTION_REFUSED @ http://localhost:8000/api/objects/System%20Overview?server=ee8d9159:0
[ 1026973ms] [ERROR] Error загрузки ee8d9159:overview: TypeError: Failed to fetch
    at fetchObjectData (http://localhost:8000/static/js/app.js:11901:28)
    at loadObjectData (http://localhost:8000/static/js/app.js:13559:28)
    at http://localhost:8000/static/js/app.js:1211:23 @ http://localhost:8000/static/js/app.js:13570
[ 1027974ms] [ERROR] Failed to load resource: net::ERR_CONNECTION_REFUSED @ http://localhost:8000/api/objects/System%20Overview?server=ee8d9159:0
[ 1027974ms] [ERROR] Error загрузки ee8d9159:overview: TypeError: Failed to fetch
    at fetchObjectData (http://localhost:8000/static/js/app.js:11901:28)
    at loadObjectData (http://localhost:8000/static/js/app.js:13559:28)
    at http://localhost:8000/static/js/app.js:1211:23 @ http://localhost:8000/static/js/app.js:13570
[ 1028973ms] [ERROR] Failed to load resource: net::ERR_CONNECTION_REFUSED @ http://localhost:8000/api/objects/System%20Overview?server=ee8d9159:0
[ 1028973ms] [ERROR] Error загрузки ee8d9159:overview: TypeError: Failed to fetch
    at fetchObjectData (http://localhost:8000/static/js/app.js:11901:28)
    at loadObjectData (http://localhost:8000/static/js/app.js:13559:28)
    at http://localhost:8000/static/js/app.js:1211:23 @ http://localhost:8000/static/js/app.js:13570
[ 1029974ms] [ERROR] Failed to load resource: net::ERR_CONNECTION_REFUSED @ http://localhost:8000/api/objects/System%20Overview?server=ee8d9159:0
[ 1029974ms] [ERROR] Error загрузки ee8d9159:overview: TypeError: Failed to fetch
    at fetchObjectData (http://localhost:8000/static/js/app.js:11901:28)
    at loadObjectData (http://localhost:8000/static/js/app.js:13559:28)
    at http://localhost:8000/static/js/app.js:1211:23 @ http://localhost:8000/static/js/app.js:13570
[ 1030139ms] [ERROR] Failed to load resource: net::ERR_CONNECTION_REFUSED @ http://localhost:8000/api/recording/status:0
[ 1030974ms] [ERROR] Failed to load resource: net::ERR_CONNECTION_REFUSED @ http://localhost:8000/api/servers:0
[ 1030974ms] [ERROR] Error обновления списка объектов: TypeError: Failed to fetch
    at fetchServers (http://localhost:8000/static/js/app.js:11827:28)
    at fetchObjects (http://localhost:8000/static/js/app.js:11834:31)
    at refreshObjectsList (http://localhost:8000/static/js/app.js:11882:28)
    at http://localhost:8000/static/js/app.js:1204:9 @ http://localhost:8000/static/js/app.js:11885
[ 1030975ms] [ERROR] Failed to load resource: net::ERR_CONNECTION_REFUSED @ http://localhost:8000/api/objects/System%20Overview?server=ee8d9159:0
[ 1030975ms] [ERROR] Error загрузки ee8d9159:overview: TypeError: Failed to fetch
    at fetchObjectData (http://localhost:8000/static/js/app.js:11901:28)
    at loadObjectData (http://localhost:8000/static/js/app.js:13559:28)
    at http://localhost:8000/static/js/app.js:1211:23 @ http://localhost:8000/static/js/app.js:13570
[ 1031974ms] [ERROR] Failed to load resource: net::ERR_CONNECTION_REFUSED @ http://localhost:8000/api/objects/System%20Overview?server=ee8d9159:0
[ 1031974ms] [ERROR] Error загрузки ee8d9159:overview: TypeError: Failed to fetch
    at fetchObjectData (http://localhost:8000/static/js/app.js:11901:28)
    at loadObjectData (http://localhost:8000/static/js/app.js:13559:28)
    at http://localhost:8000/static/js/app.js:1211:23 @ http://localhost:8000/static/js/app.js:13570
[ 1032973ms] [ERROR] Failed to load resource: net::ERR_CONNECTION_REFUSED @ http://localhost:8000/api/objects/System%20Overview?server=ee8d9159:0
[ 1032973ms] [ERROR] Error загрузки ee8d9159:overview: TypeError: Failed to fetch
    at fetchObjectData (http://localhost:8000/static/js/app.js:11901:28)
    at loadObjectData (http://localhost:8000/static/js/app.js:13559:28)
    at http://localhost:8000/static/js/app.js:1211:23 @ http://localhost:8000/static/js/app.js:13570
[ 1033973ms] [ERROR] Failed to load resource: net::ERR_CONNECTION_REFUSED @ http://localhost:8000/api/objects/System%20Overview?server=ee8d9159:0
[ 1033973ms] [ERROR] Error загрузки ee8d9159:overview: TypeError: Failed to fetch
    at fetchObjectData (http://localhost:8000/static/js/app.js:11901:28)
    at loadObjectData (http://localhost:8000/static/js/app.js:13559:28)
    at http://localhost:8000/static/js/app.js:1211:23 @ http://localhost:8000/static/js/app.js:13570
[ 1034974ms] [ERROR] Failed to load resource: net::ERR_CONNECTION_REFUSED @ http://localhost:8000/api/objects/System%20Overview?server=ee8d9159:0
[ 1034974ms] [ERROR] Error загрузки ee8d9159:overview: TypeError: Failed to fetch
    at fetchObjectData (http://localhost:8000/static/js/app.js:11901:28)
    at loadObjectData (http://localhost:8000/static/js/app.js:13559:28)
    at http://localhost:8000/static/js/app.js:1211:23 @ http://localhost:8000/static/js/app.js:13570
[ 1035138ms] [ERROR] Failed to load resource: net::ERR_CONNECTION_REFUSED @ http://localhost:8000/api/recording/status:0
[ 1035973ms] [ERROR] Failed to load resource: net::ERR_CONNECTION_REFUSED @ http://localhost:8000/api/objects/System%20Overview?server=ee8d9159:0
[ 1035973ms] [ERROR] Error загрузки ee8d9159:overview: TypeError: Failed to fetch
    at fetchObjectData (http://localhost:8000/static/js/app.js:11901:28)
    at loadObjectData (http://localhost:8000/static/js/app.js:13559:28)
    at http://localhost:8000/static/js/app.js:1211:23 @ http://localhost:8000/static/js/app.js:13570
[ 1036973ms] [ERROR] Failed to load resource: net::ERR_CONNECTION_REFUSED @ http://localhost:8000/api/servers:0
[ 1036973ms] [ERROR] Error обновления списка объектов: TypeError: Failed to fetch
    at fetchServers (http://localhost:8000/static/js/app.js:11827:28)
    at fetchObjects (http://localhost:8000/static/js/app.js:11834:31)
    at refreshObjectsList (http://localhost:8000/static/js/app.js:11882:28)
    at http://localhost:8000/static/js/app.js:1204:9 @ http://localhost:8000/static/js/app.js:11885
[ 1036973ms] [ERROR] Failed to load resource: net::ERR_CONNECTION_REFUSED @ http://localhost:8000/api/objects/System%20Overview?server=ee8d9159:0
[ 1036974ms] [ERROR] Error загрузки ee8d9159:overview: TypeError: Failed to fetch
    at fetchObjectData (http://localhost:8000/static/js/app.js:11901:28)
    at loadObjectData (http://localhost:8000/static/js/app.js:13559:28)
    at http://localhost:8000/static/js/app.js:1211:23 @ http://localhost:8000/static/js/app.js:13570
[ 1036974ms] [ERROR] Failed to load resource: net::ERR_CONNECTION_REFUSED @ http://localhost:8000/api/version:0
[ 1037972ms] [ERROR] Failed to load resource: net::ERR_CONNECTION_REFUSED @ http://localhost:8000/api/objects/System%20Overview?server=ee8d9159:0
[ 1037973ms] [ERROR] Error загрузки ee8d9159:overview: TypeError: Failed to fetch
    at fetchObjectData (http://localhost:8000/static/js/app.js:11901:28)
    at loadObjectData (http://localhost:8000/static/js/app.js:13559:28)
    at http://localhost:8000/static/js/app.js:1211:23 @ http://localhost:8000/static/js/app.js:13570
[ 1038974ms] [ERROR] Failed to load resource: net::ERR_CONNECTION_REFUSED @ http://localhost:8000/api/objects/System%20Overview?server=ee8d9159:0
[ 1038974ms] [ERROR] Error загрузки ee8d9159:overview: TypeError: Failed to fetch
    at fetchObjectData (http://localhost:8000/static/js/app.js:11901:28)
    at loadObjectData (http://localhost:8000/static/js/app.js:13559:28)
    at http://localhost:8000/static/js/app.js:1211:23 @ http://localhost:8000/static/js/app.js:13570
[ 1039974ms] [ERROR] Failed to load resource: net::ERR_CONNECTION_REFUSED @ http://localhost:8000/api/objects/System%20Overview?server=ee8d9159:0
[ 1039974ms] [ERROR] Error загрузки ee8d9159:overview: TypeError: Failed to fetch
    at fetchObjectData (http://localhost:8000/static/js/app.js:11901:28)
    at loadObjectData (http://localhost:8000/static/js/app.js:13559:28)
    at http://localhost:8000/static/js/app.js:1211:23 @ http://localhost:8000/static/js/app.js:13570
[ 1040139ms] [ERROR] Failed to load resource: net::ERR_CONNECTION_REFUSED @ http://localhost:8000/api/recording/status:0
[ 1040974ms] [ERROR] Failed to load resource: net::ERR_CONNECTION_REFUSED @ http://localhost:8000/api/objects/System%20Overview?server=ee8d9159:0
[ 1040974ms] [ERROR] Error загрузки ee8d9159:overview: TypeError: Failed to fetch
    at fetchObjectData (http://localhost:8000/static/js/app.js:11901:28)
    at loadObjectData (http://localhost:8000/static/js/app.js:13559:28)
    at http://localhost:8000/static/js/app.js:1211:23 @ http://localhost:8000/static/js/app.js:13570
[ 1041974ms] [ERROR] Failed to load resource: net::ERR_CONNECTION_REFUSED @ http://localhost:8000/api/objects/System%20Overview?server=ee8d9159:0
[ 1041974ms] [ERROR] Error загрузки ee8d9159:overview: TypeError: Failed to fetch
    at fetchObjectData (http://localhost:8000/static/js/app.js:11901:28)
    at loadObjectData (http://localhost:8000/static/js/app.js:13559:28)
    at http://localhost:8000/static/js/app.js:1211:23 @ http://localhost:8000/static/js/app.js:13570
[ 1042974ms] [ERROR] Failed to load resource: net::ERR_CONNECTION_REFUSED @ http://localhost:8000/api/servers:0
[ 1042974ms] [ERROR] Error обновления списка объектов: TypeError: Failed to fetch
    at fetchServers (http://localhost:8000/static/js/app.js:11827:28)
    at fetchObjects (http://localhost:8000/static/js/app.js:11834:31)
    at refreshObjectsList (http://localhost:8000/static/js/app.js:11882:28)
    at http://localhost:8000/static/js/app.js:1204:9 @ http://localhost:8000/static/js/app.js:11885
[ 1042975ms] [ERROR] Failed to load resource: net::ERR_CONNECTION_REFUSED @ http://localhost:8000/api/objects/System%20Overview?server=ee8d9159:0
[ 1042975ms] [ERROR] Error загрузки ee8d9159:overview: TypeError: Failed to fetch
    at fetchObjectData (http://localhost:8000/static/js/app.js:11901:28)
    at loadObjectData (http://localhost:8000/static/js/app.js:13559:28)
    at http://localhost:8000/static/js/app.js:1211:23 @ http://localhost:8000/static/js/app.js:13570
[ 1043974ms] [ERROR] Failed to load resource: net::ERR_CONNECTION_REFUSED @ http://localhost:8000/api/objects/System%20Overview?server=ee8d9159:0
[ 1043974ms] [ERROR] Error загрузки ee8d9159:overview: TypeError: Failed to fetch
    at fetchObjectData (http://localhost:8000/static/js/app.js:11901:28)
    at loadObjectData (http://localhost:8000/static/js/app.js:13559:28)
    at http://localhost:8000/static/js/app.js:1211:23 @ http://localhost:8000/static/js/app.js:13570
[ 1044973ms] [ERROR] Failed to load resource: net::ERR_CONNECTION_REFUSED @ http://localhost:8000/api/objects/System%20Overview?server=ee8d9159:0
[ 1044973ms] [ERROR] Error загрузки ee8d9159:overview: TypeError: Failed to fetch
    at fetchObjectData (http://localhost:8000/static/js/app.js:11901:28)
    at loadObjectData (http://localhost:8000/static/js/app.js:13559:28)
    at http://localhost:8000/static/js/app.js:1211:23 @ http://localhost:8000/static/js/app.js:13570
[ 1045138ms] [ERROR] Failed to load resource: net::ERR_CONNECTION_REFUSED @ http://localhost:8000/api/recording/status:0
[ 1045973ms] [ERROR] Failed to load resource: net::ERR_CONNECTION_REFUSED @ http://localhost:8000/api/objects/System%20Overview?server=ee8d9159:0
[ 1045973ms] [ERROR] Error загрузки ee8d9159:overview: TypeError: Failed to fetch
    at fetchObjectData (http://localhost:8000/static/js/app.js:11901:28)
    at loadObjectData (http://localhost:8000/static/js/app.js:13559:28)
    at http://localhost:8000/static/js/app.js:1211:23 @ http://localhost:8000/static/js/app.js:13570
[ 1046974ms] [ERROR] Failed to load resource: net::ERR_CONNECTION_REFUSED @ http://localhost:8000/api/objects/System%20Overview?server=ee8d9159:0
[ 1046974ms] [ERROR] Error загрузки ee8d9159:overview: TypeError: Failed to fetch
    at fetchObjectData (http://localhost:8000/static/js/app.js:11901:28)
    at loadObjectData (http://localhost:8000/static/js/app.js:13559:28)
    at http://localhost:8000/static/js/app.js:1211:23 @ http://localhost:8000/static/js/app.js:13570
[ 1047975ms] [ERROR] Failed to load resource: net::ERR_CONNECTION_REFUSED @ http://localhost:8000/api/objects/System%20Overview?server=ee8d9159:0
[ 1047975ms] [ERROR] Error загрузки ee8d9159:overview: TypeError: Failed to fetch
    at fetchObjectData (http://localhost:8000/static/js/app.js:11901:28)
    at loadObjectData (http://localhost:8000/static/js/app.js:13559:28)
    at http://localhost:8000/static/js/app.js:1211:23 @ http://localhost:8000/static/js/app.js:13570
[ 1048974ms] [ERROR] Failed to load resource: net::ERR_CONNECTION_REFUSED @ http://localhost:8000/api/servers:0
[ 1048974ms] [ERROR] Error обновления списка объектов: TypeError: Failed to fetch
    at fetchServers (http://localhost:8000/static/js/app.js:11827:28)
    at fetchObjects (http://localhost:8000/static/js/app.js:11834:31)
    at refreshObjectsList (http://localhost:8000/static/js/app.js:11882:28)
    at http://localhost:8000/static/js/app.js:1204:9 @ http://localhost:8000/static/js/app.js:11885
[ 1048974ms] [ERROR] Failed to load resource: net::ERR_CONNECTION_REFUSED @ http://localhost:8000/api/objects/System%20Overview?server=ee8d9159:0
[ 1048974ms] [ERROR] Error загрузки ee8d9159:overview: TypeError: Failed to fetch
    at fetchObjectData (http://localhost:8000/static/js/app.js:11901:28)
    at loadObjectData (http://localhost:8000/static/js/app.js:13559:28)
    at http://localhost:8000/static/js/app.js:1211:23 @ http://localhost:8000/static/js/app.js:13570
[ 1049973ms] [ERROR] Failed to load resource: net::ERR_CONNECTION_REFUSED @ http://localhost:8000/api/objects/System%20Overview?server=ee8d9159:0
[ 1049973ms] [ERROR] Error загрузки ee8d9159:overview: TypeError: Failed to fetch
    at fetchObjectData (http://localhost:8000/static/js/app.js:11901:28)
    at loadObjectData (http://localhost:8000/static/js/app.js:13559:28)
    at http://localhost:8000/static/js/app.js:1211:23 @ http://localhost:8000/static/js/app.js:13570
[ 1050138ms] [ERROR] Failed to load resource: net::ERR_CONNECTION_REFUSED @ http://localhost:8000/api/recording/status:0
[ 1050974ms] [ERROR] Failed to load resource: net::ERR_CONNECTION_REFUSED @ http://localhost:8000/api/objects/System%20Overview?server=ee8d9159:0
[ 1050974ms] [ERROR] Error загрузки ee8d9159:overview: TypeError: Failed to fetch
    at fetchObjectData (http://localhost:8000/static/js/app.js:11901:28)
    at loadObjectData (http://localhost:8000/static/js/app.js:13559:28)
    at http://localhost:8000/static/js/app.js:1211:23 @ http://localhost:8000/static/js/app.js:13570
[ 1051975ms] [ERROR] Failed to load resource: net::ERR_CONNECTION_REFUSED @ http://localhost:8000/api/objects/System%20Overview?server=ee8d9159:0
[ 1051975ms] [ERROR] Error загрузки ee8d9159:overview: TypeError: Failed to fetch
    at fetchObjectData (http://localhost:8000/static/js/app.js:11901:28)
    at loadObjectData (http://localhost:8000/static/js/app.js:13559:28)
    at http://localhost:8000/static/js/app.js:1211:23 @ http://localhost:8000/static/js/app.js:13570
[ 1052974ms] [ERROR] Failed to load resource: net::ERR_CONNECTION_REFUSED @ http://localhost:8000/api/objects/System%20Overview?server=ee8d9159:0
[ 1052974ms] [ERROR] Error загрузки ee8d9159:overview: TypeError: Failed to fetch
    at fetchObjectData (http://localhost:8000/static/js/app.js:11901:28)
    at loadObjectData (http://localhost:8000/static/js/app.js:13559:28)
    at http://localhost:8000/static/js/app.js:1211:23 @ http://localhost:8000/static/js/app.js:13570
[ 1053974ms] [ERROR] Failed to load resource: net::ERR_CONNECTION_REFUSED @ http://localhost:8000/api/objects/System%20Overview?server=ee8d9159:0
[ 1053974ms] [ERROR] Error загрузки ee8d9159:overview: TypeError: Failed to fetch
    at fetchObjectData (http://localhost:8000/static/js/app.js:11901:28)
    at loadObjectData (http://localhost:8000/static/js/app.js:13559:28)
    at http://localhost:8000/static/js/app.js:1211:23 @ http://localhost:8000/static/js/app.js:13570
[ 1054976ms] [ERROR] Failed to load resource: net::ERR_CONNECTION_REFUSED @ http://localhost:8000/api/servers:0
[ 1054976ms] [ERROR] Error обновления списка объектов: TypeError: Failed to fetch
    at fetchServers (http://localhost:8000/static/js/app.js:11827:28)
    at fetchObjects (http://localhost:8000/static/js/app.js:11834:31)
    at refreshObjectsList (http://localhost:8000/static/js/app.js:11882:28)
    at http://localhost:8000/static/js/app.js:1204:9 @ http://localhost:8000/static/js/app.js:11885
[ 1054976ms] [ERROR] Failed to load resource: net::ERR_CONNECTION_REFUSED @ http://localhost:8000/api/objects/System%20Overview?server=ee8d9159:0
[ 1054976ms] [ERROR] Error загрузки ee8d9159:overview: TypeError: Failed to fetch
    at fetchObjectData (http://localhost:8000/static/js/app.js:11901:28)
    at loadObjectData (http://localhost:8000/static/js/app.js:13559:28)
    at http://localhost:8000/static/js/app.js:1211:23 @ http://localhost:8000/static/js/app.js:13570
[ 1055138ms] [ERROR] Failed to load resource: net::ERR_CONNECTION_REFUSED @ http://localhost:8000/api/recording/status:0
[ 1055973ms] [ERROR] Failed to load resource: net::ERR_CONNECTION_REFUSED @ http://localhost:8000/api/objects/System%20Overview?server=ee8d9159:0
[ 1055973ms] [ERROR] Error загрузки ee8d9159:overview: TypeError: Failed to fetch
    at fetchObjectData (http://localhost:8000/static/js/app.js:11901:28)
    at loadObjectData (http://localhost:8000/static/js/app.js:13559:28)
    at http://localhost:8000/static/js/app.js:1211:23 @ http://localhost:8000/static/js/app.js:13570
[ 1056974ms] [ERROR] Failed to load resource: net::ERR_CONNECTION_REFUSED @ http://localhost:8000/api/objects/System%20Overview?server=ee8d9159:0
[ 1056974ms] [ERROR] Error загрузки ee8d9159:overview: TypeError: Failed to fetch
    at fetchObjectData (http://localhost:8000/static/js/app.js:11901:28)
    at loadObjectData (http://localhost:8000/static/js/app.js:13559:28)
    at http://localhost:8000/static/js/app.js:1211:23 @ http://localhost:8000/static/js/app.js:13570
[ 1057974ms] [ERROR] Failed to load resource: net::ERR_CONNECTION_REFUSED @ http://localhost:8000/api/objects/System%20Overview?server=ee8d9159:0
[ 1057974ms] [ERROR] Error загрузки ee8d9159:overview: TypeError: Failed to fetch
    at fetchObjectData (http://localhost:8000/static/js/app.js:11901:28)
    at loadObjectData (http://localhost:8000/static/js/app.js:13559:28)
    at http://localhost:8000/static/js/app.js:1211:23 @ http://localhost:8000/static/js/app.js:13570
[ 1058974ms] [ERROR] Failed to load resource: net::ERR_CONNECTION_REFUSED @ http://localhost:8000/api/objects/System%20Overview?server=ee8d9159:0
[ 1058974ms] [ERROR] Error загрузки ee8d9159:overview: TypeError: Failed to fetch
    at fetchObjectData (http://localhost:8000/static/js/app.js:11901:28)
    at loadObjectData (http://localhost:8000/static/js/app.js:13559:28)
    at http://localhost:8000/static/js/app.js:1211:23 @ http://localhost:8000/static/js/app.js:13570
[ 1059974ms] [ERROR] Failed to load resource: net::ERR_CONNECTION_REFUSED @ http://localhost:8000/api/objects/System%20Overview?server=ee8d9159:0
[ 1059974ms] [ERROR] Error загрузки ee8d9159:overview: TypeError: Failed to fetch
    at fetchObjectData (http://localhost:8000/static/js/app.js:11901:28)
    at loadObjectData (http://localhost:8000/static/js/app.js:13559:28)
    at http://localhost:8000/static/js/app.js:1211:23 @ http://localhost:8000/static/js/app.js:13570
[ 1060137ms] [ERROR] Failed to load resource: net::ERR_CONNECTION_REFUSED @ http://localhost:8000/api/recording/status:0
[ 1060973ms] [ERROR] Failed to load resource: net::ERR_CONNECTION_REFUSED @ http://localhost:8000/api/servers:0
[ 1060973ms] [ERROR] Error обновления списка объектов: TypeError: Failed to fetch
    at fetchServers (http://localhost:8000/static/js/app.js:11827:28)
    at fetchObjects (http://localhost:8000/static/js/app.js:11834:31)
    at refreshObjectsList (http://localhost:8000/static/js/app.js:11882:28)
    at http://localhost:8000/static/js/app.js:1204:9 @ http://localhost:8000/static/js/app.js:11885
[ 1060973ms] [ERROR] Failed to load resource: net::ERR_CONNECTION_REFUSED @ http://localhost:8000/api/objects/System%20Overview?server=ee8d9159:0
[ 1060973ms] [ERROR] Error загрузки ee8d9159:overview: TypeError: Failed to fetch
    at fetchObjectData (http://localhost:8000/static/js/app.js:11901:28)
    at loadObjectData (http://localhost:8000/static/js/app.js:13559:28)
    at http://localhost:8000/static/js/app.js:1211:23 @ http://localhost:8000/static/js/app.js:13570
[ 1061973ms] [ERROR] Failed to load resource: net::ERR_CONNECTION_REFUSED @ http://localhost:8000/api/objects/System%20Overview?server=ee8d9159:0
[ 1061973ms] [ERROR] Error загрузки ee8d9159:overview: TypeError: Failed to fetch
    at fetchObjectData (http://localhost:8000/static/js/app.js:11901:28)
    at loadObjectData (http://localhost:8000/static/js/app.js:13559:28)
    at http://localhost:8000/static/js/app.js:1211:23 @ http://localhost:8000/static/js/app.js:13570
[ 1062975ms] [ERROR] Failed to load resource: net::ERR_CONNECTION_REFUSED @ http://localhost:8000/api/objects/System%20Overview?server=ee8d9159:0
[ 1062975ms] [ERROR] Error загрузки ee8d9159:overview: TypeError: Failed to fetch
    at fetchObjectData (http://localhost:8000/static/js/app.js:11901:28)
    at loadObjectData (http://localhost:8000/static/js/app.js:13559:28)
    at http://localhost:8000/static/js/app.js:1211:23 @ http://localhost:8000/static/js/app.js:13570
[ 1063974ms] [ERROR] Failed to load resource: net::ERR_CONNECTION_REFUSED @ http://localhost:8000/api/objects/System%20Overview?server=ee8d9159:0
[ 1063974ms] [ERROR] Error загрузки ee8d9159:overview: TypeError: Failed to fetch
    at fetchObjectData (http://localhost:8000/static/js/app.js:11901:28)
    at loadObjectData (http://localhost:8000/static/js/app.js:13559:28)
    at http://localhost:8000/static/js/app.js:1211:23 @ http://localhost:8000/static/js/app.js:13570
[ 1064975ms] [ERROR] Failed to load resource: net::ERR_CONNECTION_REFUSED @ http://localhost:8000/api/objects/System%20Overview?server=ee8d9159:0
[ 1064975ms] [ERROR] Error загрузки ee8d9159:overview: TypeError: Failed to fetch
    at fetchObjectData (http://localhost:8000/static/js/app.js:11901:28)
    at loadObjectData (http://localhost:8000/static/js/app.js:13559:28)
    at http://localhost:8000/static/js/app.js:1211:23 @ http://localhost:8000/static/js/app.js:13570
[ 1065139ms] [ERROR] Failed to load resource: net::ERR_CONNECTION_REFUSED @ http://localhost:8000/api/recording/status:0
[ 1065974ms] [ERROR] Failed to load resource: net::ERR_CONNECTION_REFUSED @ http://localhost:8000/api/objects/System%20Overview?server=ee8d9159:0
[ 1065974ms] [ERROR] Error загрузки ee8d9159:overview: TypeError: Failed to fetch
    at fetchObjectData (http://localhost:8000/static/js/app.js:11901:28)
    at loadObjectData (http://localhost:8000/static/js/app.js:13559:28)
    at http://localhost:8000/static/js/app.js:1211:23 @ http://localhost:8000/static/js/app.js:13570
[ 1066974ms] [ERROR] Failed to load resource: net::ERR_CONNECTION_REFUSED @ http://localhost:8000/api/servers:0
[ 1066974ms] [ERROR] Error обновления списка объектов: TypeError: Failed to fetch
    at fetchServers (http://localhost:8000/static/js/app.js:11827:28)
    at fetchObjects (http://localhost:8000/static/js/app.js:11834:31)
    at refreshObjectsList (http://localhost:8000/static/js/app.js:11882:28)
    at http://localhost:8000/static/js/app.js:1204:9 @ http://localhost:8000/static/js/app.js:11885
[ 1066974ms] [ERROR] Failed to load resource: net::ERR_CONNECTION_REFUSED @ http://localhost:8000/api/objects/System%20Overview?server=ee8d9159:0
[ 1066974ms] [ERROR] Error загрузки ee8d9159:overview: TypeError: Failed to fetch
    at fetchObjectData (http://localhost:8000/static/js/app.js:11901:28)
    at loadObjectData (http://localhost:8000/static/js/app.js:13559:28)
    at http://localhost:8000/static/js/app.js:1211:23 @ http://localhost:8000/static/js/app.js:13570
[ 1066975ms] [ERROR] Failed to load resource: net::ERR_CONNECTION_REFUSED @ http://localhost:8000/api/version:0
[ 1067974ms] [ERROR] Failed to load resource: net::ERR_CONNECTION_REFUSED @ http://localhost:8000/api/objects/System%20Overview?server=ee8d9159:0
[ 1067974ms] [ERROR] Error загрузки ee8d9159:overview: TypeError: Failed to fetch
    at fetchObjectData (http://localhost:8000/static/js/app.js:11901:28)
    at loadObjectData (http://localhost:8000/static/js/app.js:13559:28)
    at http://localhost:8000/static/js/app.js:1211:23 @ http://localhost:8000/static/js/app.js:13570
[ 1068973ms] [ERROR] Failed to load resource: net::ERR_CONNECTION_REFUSED @ http://localhost:8000/api/objects/System%20Overview?server=ee8d9159:0
[ 1068973ms] [ERROR] Error загрузки ee8d9159:overview: TypeError: Failed to fetch
    at fetchObjectData (http://localhost:8000/static/js/app.js:11901:28)
    at loadObjectData (http://localhost:8000/static/js/app.js:13559:28)
    at http://localhost:8000/static/js/app.js:1211:23 @ http://localhost:8000/static/js/app.js:13570
[ 1069974ms] [ERROR] Failed to load resource: net::ERR_CONNECTION_REFUSED @ http://localhost:8000/api/objects/System%20Overview?server=ee8d9159:0
[ 1069974ms] [ERROR] Error загрузки ee8d9159:overview: TypeError: Failed to fetch
    at fetchObjectData (http://localhost:8000/static/js/app.js:11901:28)
    at loadObjectData (http://localhost:8000/static/js/app.js:13559:28)
    at http://localhost:8000/static/js/app.js:1211:23 @ http://localhost:8000/static/js/app.js:13570
[ 1070138ms] [ERROR] Failed to load resource: net::ERR_CONNECTION_REFUSED @ http://localhost:8000/api/recording/status:0
[ 1070973ms] [ERROR] Failed to load resource: net::ERR_CONNECTION_REFUSED @ http://localhost:8000/api/objects/System%20Overview?server=ee8d9159:0
[ 1070973ms] [ERROR] Error загрузки ee8d9159:overview: TypeError: Failed to fetch
    at fetchObjectData (http://localhost:8000/static/js/app.js:11901:28)
    at loadObjectData (http://localhost:8000/static/js/app.js:13559:28)
    at http://localhost:8000/static/js/app.js:1211:23 @ http://localhost:8000/static/js/app.js:13570
[ 1071973ms] [ERROR] Failed to load resource: net::ERR_CONNECTION_REFUSED @ http://localhost:8000/api/objects/System%20Overview?server=ee8d9159:0
[ 1071973ms] [ERROR] Error загрузки ee8d9159:overview: TypeError: Failed to fetch
    at fetchObjectData (http://localhost:8000/static/js/app.js:11901:28)
    at loadObjectData (http://localhost:8000/static/js/app.js:13559:28)
    at http://localhost:8000/static/js/app.js:1211:23 @ http://localhost:8000/static/js/app.js:13570
[ 1072973ms] [ERROR] Failed to load resource: net::ERR_CONNECTION_REFUSED @ http://localhost:8000/api/servers:0
[ 1072973ms] [ERROR] Error обновления списка объектов: TypeError: Failed to fetch
    at fetchServers (http://localhost:8000/static/js/app.js:11827:28)
    at fetchObjects (http://localhost:8000/static/js/app.js:11834:31)
    at refreshObjectsList (http://localhost:8000/static/js/app.js:11882:28)
    at http://localhost:8000/static/js/app.js:1204:9 @ http://localhost:8000/static/js/app.js:11885
[ 1072973ms] [ERROR] Failed to load resource: net::ERR_CONNECTION_REFUSED @ http://localhost:8000/api/objects/System%20Overview?server=ee8d9159:0
[ 1072973ms] [ERROR] Error загрузки ee8d9159:overview: TypeError: Failed to fetch
    at fetchObjectData (http://localhost:8000/static/js/app.js:11901:28)
    at loadObjectData (http://localhost:8000/static/js/app.js:13559:28)
    at http://localhost:8000/static/js/app.js:1211:23 @ http://localhost:8000/static/js/app.js:13570
[ 1073973ms] [ERROR] Failed to load resource: net::ERR_CONNECTION_REFUSED @ http://localhost:8000/api/objects/System%20Overview?server=ee8d9159:0
[ 1073973ms] [ERROR] Error загрузки ee8d9159:overview: TypeError: Failed to fetch
    at fetchObjectData (http://localhost:8000/static/js/app.js:11901:28)
    at loadObjectData (http://localhost:8000/static/js/app.js:13559:28)
    at http://localhost:8000/static/js/app.js:1211:23 @ http://localhost:8000/static/js/app.js:13570
[ 1074973ms] [ERROR] Failed to load resource: net::ERR_CONNECTION_REFUSED @ http://localhost:8000/api/objects/System%20Overview?server=ee8d9159:0
[ 1074973ms] [ERROR] Error загрузки ee8d9159:overview: TypeError: Failed to fetch
    at fetchObjectData (http://localhost:8000/static/js/app.js:11901:28)
    at loadObjectData (http://localhost:8000/static/js/app.js:13559:28)
    at http://localhost:8000/static/js/app.js:1211:23 @ http://localhost:8000/static/js/app.js:13570
[ 1075139ms] [ERROR] Failed to load resource: net::ERR_CONNECTION_REFUSED @ http://localhost:8000/api/recording/status:0
[ 1075973ms] [ERROR] Failed to load resource: net::ERR_CONNECTION_REFUSED @ http://localhost:8000/api/objects/System%20Overview?server=ee8d9159:0
[ 1075973ms] [ERROR] Error загрузки ee8d9159:overview: TypeError: Failed to fetch
    at fetchObjectData (http://localhost:8000/static/js/app.js:11901:28)
    at loadObjectData (http://localhost:8000/static/js/app.js:13559:28)
    at http://localhost:8000/static/js/app.js:1211:23 @ http://localhost:8000/static/js/app.js:13570
[ 1076973ms] [ERROR] Failed to load resource: net::ERR_CONNECTION_REFUSED @ http://localhost:8000/api/objects/System%20Overview?server=ee8d9159:0
[ 1076973ms] [ERROR] Error загрузки ee8d9159:overview: TypeError: Failed to fetch
    at fetchObjectData (http://localhost:8000/static/js/app.js:11901:28)
    at loadObjectData (http://localhost:8000/static/js/app.js:13559:28)
    at http://localhost:8000/static/js/app.js:1211:23 @ http://localhost:8000/static/js/app.js:13570
[ 1077974ms] [ERROR] Failed to load resource: net::ERR_CONNECTION_REFUSED @ http://localhost:8000/api/objects/System%20Overview?server=ee8d9159:0
[ 1077974ms] [ERROR] Error загрузки ee8d9159:overview: TypeError: Failed to fetch
    at fetchObjectData (http://localhost:8000/static/js/app.js:11901:28)
    at loadObjectData (http://localhost:8000/static/js/app.js:13559:28)
    at http://localhost:8000/static/js/app.js:1211:23 @ http://localhost:8000/static/js/app.js:13570
[ 1078974ms] [ERROR] Failed to load resource: net::ERR_CONNECTION_REFUSED @ http://localhost:8000/api/servers:0
[ 1078975ms] [ERROR] Error обновления списка объектов: TypeError: Failed to fetch
    at fetchServers (http://localhost:8000/static/js/app.js:11827:28)
    at fetchObjects (http://localhost:8000/static/js/app.js:11834:31)
    at refreshObjectsList (http://localhost:8000/static/js/app.js:11882:28)
    at http://localhost:8000/static/js/app.js:1204:9 @ http://localhost:8000/static/js/app.js:11885
[ 1078975ms] [ERROR] Failed to load resource: net::ERR_CONNECTION_REFUSED @ http://localhost:8000/api/objects/System%20Overview?server=ee8d9159:0
[ 1078975ms] [ERROR] Error загрузки ee8d9159:overview: TypeError: Failed to fetch
    at fetchObjectData (http://localhost:8000/static/js/app.js:11901:28)
    at loadObjectData (http://localhost:8000/static/js/app.js:13559:28)
    at http://localhost:8000/static/js/app.js:1211:23 @ http://localhost:8000/static/js/app.js:13570
[ 1079974ms] [ERROR] Failed to load resource: net::ERR_CONNECTION_REFUSED @ http://localhost:8000/api/objects/System%20Overview?server=ee8d9159:0
[ 1079974ms] [ERROR] Error загрузки ee8d9159:overview: TypeError: Failed to fetch
    at fetchObjectData (http://localhost:8000/static/js/app.js:11901:28)
    at loadObjectData (http://localhost:8000/static/js/app.js:13559:28)
    at http://localhost:8000/static/js/app.js:1211:23 @ http://localhost:8000/static/js/app.js:13570
[ 1080137ms] [ERROR] Failed to load resource: net::ERR_CONNECTION_REFUSED @ http://localhost:8000/api/recording/status:0
[ 1080973ms] [ERROR] Failed to load resource: net::ERR_CONNECTION_REFUSED @ http://localhost:8000/api/objects/System%20Overview?server=ee8d9159:0
[ 1080973ms] [ERROR] Error загрузки ee8d9159:overview: TypeError: Failed to fetch
    at fetchObjectData (http://localhost:8000/static/js/app.js:11901:28)
    at loadObjectData (http://localhost:8000/static/js/app.js:13559:28)
    at http://localhost:8000/static/js/app.js:1211:23 @ http://localhost:8000/static/js/app.js:13570
[ 1081973ms] [ERROR] Failed to load resource: net::ERR_CONNECTION_REFUSED @ http://localhost:8000/api/objects/System%20Overview?server=ee8d9159:0
[ 1081973ms] [ERROR] Error загрузки ee8d9159:overview: TypeError: Failed to fetch
    at fetchObjectData (http://localhost:8000/static/js/app.js:11901:28)
    at loadObjectData (http://localhost:8000/static/js/app.js:13559:28)
    at http://localhost:8000/static/js/app.js:1211:23 @ http://localhost:8000/static/js/app.js:13570
[ 1082974ms] [ERROR] Failed to load resource: net::ERR_CONNECTION_REFUSED @ http://localhost:8000/api/objects/System%20Overview?server=ee8d9159:0
[ 1082974ms] [ERROR] Error загрузки ee8d9159:overview: TypeError: Failed to fetch
    at fetchObjectData (http://localhost:8000/static/js/app.js:11901:28)
    at loadObjectData (http://localhost:8000/static/js/app.js:13559:28)
    at http://localhost:8000/static/js/app.js:1211:23 @ http://localhost:8000/static/js/app.js:13570
[ 1083974ms] [ERROR] Failed to load resource: net::ERR_CONNECTION_REFUSED @ http://localhost:8000/api/objects/System%20Overview?server=ee8d9159:0
[ 1083974ms] [ERROR] Error загрузки ee8d9159:overview: TypeError: Failed to fetch
    at fetchObjectData (http://localhost:8000/static/js/app.js:11901:28)
    at loadObjectData (http://localhost:8000/static/js/app.js:13559:28)
    at http://localhost:8000/static/js/app.js:1211:23 @ http://localhost:8000/static/js/app.js:13570
[ 1084973ms] [ERROR] Failed to load resource: net::ERR_CONNECTION_REFUSED @ http://localhost:8000/api/servers:0
[ 1084973ms] [ERROR] Error обновления списка объектов: TypeError: Failed to fetch
    at fetchServers (http://localhost:8000/static/js/app.js:11827:28)
    at fetchObjects (http://localhost:8000/static/js/app.js:11834:31)
    at refreshObjectsList (http://localhost:8000/static/js/app.js:11882:28)
    at http://localhost:8000/static/js/app.js:1204:9 @ http://localhost:8000/static/js/app.js:11885
[ 1084974ms] [ERROR] Failed to load resource: net::ERR_CONNECTION_REFUSED @ http://localhost:8000/api/objects/System%20Overview?server=ee8d9159:0
[ 1084974ms] [ERROR] Error загрузки ee8d9159:overview: TypeError: Failed to fetch
    at fetchObjectData (http://localhost:8000/static/js/app.js:11901:28)
    at loadObjectData (http://localhost:8000/static/js/app.js:13559:28)
    at http://localhost:8000/static/js/app.js:1211:23 @ http://localhost:8000/static/js/app.js:13570
[ 1085138ms] [ERROR] Failed to load resource: net::ERR_CONNECTION_REFUSED @ http://localhost:8000/api/recording/status:0
[ 1085973ms] [ERROR] Failed to load resource: net::ERR_CONNECTION_REFUSED @ http://localhost:8000/api/objects/System%20Overview?server=ee8d9159:0
[ 1085973ms] [ERROR] Error загрузки ee8d9159:overview: TypeError: Failed to fetch
    at fetchObjectData (http://localhost:8000/static/js/app.js:11901:28)
    at loadObjectData (http://localhost:8000/static/js/app.js:13559:28)
    at http://localhost:8000/static/js/app.js:1211:23 @ http://localhost:8000/static/js/app.js:13570
[ 1086975ms] [ERROR] Failed to load resource: net::ERR_CONNECTION_REFUSED @ http://localhost:8000/api/objects/System%20Overview?server=ee8d9159:0
[ 1086975ms] [ERROR] Error загрузки ee8d9159:overview: TypeError: Failed to fetch
    at fetchObjectData (http://localhost:8000/static/js/app.js:11901:28)
    at loadObjectData (http://localhost:8000/static/js/app.js:13559:28)
    at http://localhost:8000/static/js/app.js:1211:23 @ http://localhost:8000/static/js/app.js:13570
[ 1087975ms] [ERROR] Failed to load resource: net::ERR_CONNECTION_REFUSED @ http://localhost:8000/api/objects/System%20Overview?server=ee8d9159:0
[ 1087975ms] [ERROR] Error загрузки ee8d9159:overview: TypeError: Failed to fetch
    at fetchObjectData (http://localhost:8000/static/js/app.js:11901:28)
    at loadObjectData (http://localhost:8000/static/js/app.js:13559:28)
    at http://localhost:8000/static/js/app.js:1211:23 @ http://localhost:8000/static/js/app.js:13570
[ 1088975ms] [ERROR] Failed to load resource: net::ERR_CONNECTION_REFUSED @ http://localhost:8000/api/objects/System%20Overview?server=ee8d9159:0
[ 1088975ms] [ERROR] Error загрузки ee8d9159:overview: TypeError: Failed to fetch
    at fetchObjectData (http://localhost:8000/static/js/app.js:11901:28)
    at loadObjectData (http://localhost:8000/static/js/app.js:13559:28)
    at http://localhost:8000/static/js/app.js:1211:23 @ http://localhost:8000/static/js/app.js:13570
[ 1089974ms] [ERROR] Failed to load resource: net::ERR_CONNECTION_REFUSED @ http://localhost:8000/api/objects/System%20Overview?server=ee8d9159:0
[ 1089974ms] [ERROR] Error загрузки ee8d9159:overview: TypeError: Failed to fetch
    at fetchObjectData (http://localhost:8000/static/js/app.js:11901:28)
    at loadObjectData (http://localhost:8000/static/js/app.js:13559:28)
    at http://localhost:8000/static/js/app.js:1211:23 @ http://localhost:8000/static/js/app.js:13570
[ 1090138ms] [ERROR] Failed to load resource: net::ERR_CONNECTION_REFUSED @ http://localhost:8000/api/recording/status:0
[ 1090973ms] [ERROR] Failed to load resource: net::ERR_CONNECTION_REFUSED @ http://localhost:8000/api/servers:0
[ 1090973ms] [ERROR] Error обновления списка объектов: TypeError: Failed to fetch
    at fetchServers (http://localhost:8000/static/js/app.js:11827:28)
    at fetchObjects (http://localhost:8000/static/js/app.js:11834:31)
    at refreshObjectsList (http://localhost:8000/static/js/app.js:11882:28)
    at http://localhost:8000/static/js/app.js:1204:9 @ http://localhost:8000/static/js/app.js:11885
[ 1090973ms] [ERROR] Failed to load resource: net::ERR_CONNECTION_REFUSED @ http://localhost:8000/api/objects/System%20Overview?server=ee8d9159:0
[ 1090973ms] [ERROR] Error загрузки ee8d9159:overview: TypeError: Failed to fetch
    at fetchObjectData (http://localhost:8000/static/js/app.js:11901:28)
    at loadObjectData (http://localhost:8000/static/js/app.js:13559:28)
    at http://localhost:8000/static/js/app.js:1211:23 @ http://localhost:8000/static/js/app.js:13570
[ 1091974ms] [ERROR] Failed to load resource: net::ERR_CONNECTION_REFUSED @ http://localhost:8000/api/objects/System%20Overview?server=ee8d9159:0
[ 1091974ms] [ERROR] Error загрузки ee8d9159:overview: TypeError: Failed to fetch
    at fetchObjectData (http://localhost:8000/static/js/app.js:11901:28)
    at loadObjectData (http://localhost:8000/static/js/app.js:13559:28)
    at http://localhost:8000/static/js/app.js:1211:23 @ http://localhost:8000/static/js/app.js:13570
[ 1092973ms] [ERROR] Failed to load resource: net::ERR_CONNECTION_REFUSED @ http://localhost:8000/api/objects/System%20Overview?server=ee8d9159:0
[ 1092973ms] [ERROR] Error загрузки ee8d9159:overview: TypeError: Failed to fetch
    at fetchObjectData (http://localhost:8000/static/js/app.js:11901:28)
    at loadObjectData (http://localhost:8000/static/js/app.js:13559:28)
    at http://localhost:8000/static/js/app.js:1211:23 @ http://localhost:8000/static/js/app.js:13570
[ 1093973ms] [ERROR] Failed to load resource: net::ERR_CONNECTION_REFUSED @ http://localhost:8000/api/objects/System%20Overview?server=ee8d9159:0
[ 1093973ms] [ERROR] Error загрузки ee8d9159:overview: TypeError: Failed to fetch
    at fetchObjectData (http://localhost:8000/static/js/app.js:11901:28)
    at loadObjectData (http://localhost:8000/static/js/app.js:13559:28)
    at http://localhost:8000/static/js/app.js:1211:23 @ http://localhost:8000/static/js/app.js:13570
[ 1094973ms] [ERROR] Failed to load resource: net::ERR_CONNECTION_REFUSED @ http://localhost:8000/api/objects/System%20Overview?server=ee8d9159:0
[ 1094973ms] [ERROR] Error загрузки ee8d9159:overview: TypeError: Failed to fetch
    at fetchObjectData (http://localhost:8000/static/js/app.js:11901:28)
    at loadObjectData (http://localhost:8000/static/js/app.js:13559:28)
    at http://localhost:8000/static/js/app.js:1211:23 @ http://localhost:8000/static/js/app.js:13570
[ 1095138ms] [ERROR] Failed to load resource: net::ERR_CONNECTION_REFUSED @ http://localhost:8000/api/recording/status:0
[ 1095973ms] [ERROR] Failed to load resource: net::ERR_CONNECTION_REFUSED @ http://localhost:8000/api/objects/System%20Overview?server=ee8d9159:0
[ 1095973ms] [ERROR] Error загрузки ee8d9159:overview: TypeError: Failed to fetch
    at fetchObjectData (http://localhost:8000/static/js/app.js:11901:28)
    at loadObjectData (http://localhost:8000/static/js/app.js:13559:28)
    at http://localhost:8000/static/js/app.js:1211:23 @ http://localhost:8000/static/js/app.js:13570
[ 1096974ms] [ERROR] Failed to load resource: net::ERR_CONNECTION_REFUSED @ http://localhost:8000/api/servers:0
[ 1096974ms] [ERROR] Error обновления списка объектов: TypeError: Failed to fetch
    at fetchServers (http://localhost:8000/static/js/app.js:11827:28)
    at fetchObjects (http://localhost:8000/static/js/app.js:11834:31)
    at refreshObjectsList (http://localhost:8000/static/js/app.js:11882:28)
    at http://localhost:8000/static/js/app.js:1204:9 @ http://localhost:8000/static/js/app.js:11885
[ 1096974ms] [ERROR] Failed to load resource: net::ERR_CONNECTION_REFUSED @ http://localhost:8000/api/objects/System%20Overview?server=ee8d9159:0
[ 1096974ms] [ERROR] Error загрузки ee8d9159:overview: TypeError: Failed to fetch
    at fetchObjectData (http://localhost:8000/static/js/app.js:11901:28)
    at loadObjectData (http://localhost:8000/static/js/app.js:13559:28)
    at http://localhost:8000/static/js/app.js:1211:23 @ http://localhost:8000/static/js/app.js:13570
[ 1096974ms] [ERROR] Failed to load resource: net::ERR_CONNECTION_REFUSED @ http://localhost:8000/api/version:0
[ 1097973ms] [ERROR] Failed to load resource: net::ERR_CONNECTION_REFUSED @ http://localhost:8000/api/objects/System%20Overview?server=ee8d9159:0
[ 1097974ms] [ERROR] Error загрузки ee8d9159:overview: TypeError: Failed to fetch
    at fetchObjectData (http://localhost:8000/static/js/app.js:11901:28)
    at loadObjectData (http://localhost:8000/static/js/app.js:13559:28)
    at http://localhost:8000/static/js/app.js:1211:23 @ http://localhost:8000/static/js/app.js:13570
[ 1098974ms] [ERROR] Failed to load resource: net::ERR_CONNECTION_REFUSED @ http://localhost:8000/api/objects/System%20Overview?server=ee8d9159:0
[ 1098974ms] [ERROR] Error загрузки ee8d9159:overview: TypeError: Failed to fetch
    at fetchObjectData (http://localhost:8000/static/js/app.js:11901:28)
    at loadObjectData (http://localhost:8000/static/js/app.js:13559:28)
    at http://localhost:8000/static/js/app.js:1211:23 @ http://localhost:8000/static/js/app.js:13570
[ 1099975ms] [ERROR] Failed to load resource: net::ERR_CONNECTION_REFUSED @ http://localhost:8000/api/objects/System%20Overview?server=ee8d9159:0
[ 1099975ms] [ERROR] Error загрузки ee8d9159:overview: TypeError: Failed to fetch
    at fetchObjectData (http://localhost:8000/static/js/app.js:11901:28)
    at loadObjectData (http://localhost:8000/static/js/app.js:13559:28)
    at http://localhost:8000/static/js/app.js:1211:23 @ http://localhost:8000/static/js/app.js:13570
[ 1100138ms] [ERROR] Failed to load resource: net::ERR_CONNECTION_REFUSED @ http://localhost:8000/api/recording/status:0
[ 1100975ms] [ERROR] Failed to load resource: net::ERR_CONNECTION_REFUSED @ http://localhost:8000/api/objects/System%20Overview?server=ee8d9159:0
[ 1100975ms] [ERROR] Error загрузки ee8d9159:overview: TypeError: Failed to fetch
    at fetchObjectData (http://localhost:8000/static/js/app.js:11901:28)
    at loadObjectData (http://localhost:8000/static/js/app.js:13559:28)
    at http://localhost:8000/static/js/app.js:1211:23 @ http://localhost:8000/static/js/app.js:13570
[ 1101975ms] [ERROR] Failed to load resource: net::ERR_CONNECTION_REFUSED @ http://localhost:8000/api/objects/System%20Overview?server=ee8d9159:0
[ 1101975ms] [ERROR] Error загрузки ee8d9159:overview: TypeError: Failed to fetch
    at fetchObjectData (http://localhost:8000/static/js/app.js:11901:28)
    at loadObjectData (http://localhost:8000/static/js/app.js:13559:28)
    at http://localhost:8000/static/js/app.js:1211:23 @ http://localhost:8000/static/js/app.js:13570
[ 1102974ms] [ERROR] Failed to load resource: net::ERR_CONNECTION_REFUSED @ http://localhost:8000/api/servers:0
[ 1102974ms] [ERROR] Error обновления списка объектов: TypeError: Failed to fetch
    at fetchServers (http://localhost:8000/static/js/app.js:11827:28)
    at fetchObjects (http://localhost:8000/static/js/app.js:11834:31)
    at refreshObjectsList (http://localhost:8000/static/js/app.js:11882:28)
    at http://localhost:8000/static/js/app.js:1204:9 @ http://localhost:8000/static/js/app.js:11885
[ 1102974ms] [ERROR] Failed to load resource: net::ERR_CONNECTION_REFUSED @ http://localhost:8000/api/objects/System%20Overview?server=ee8d9159:0
[ 1102974ms] [ERROR] Error загрузки ee8d9159:overview: TypeError: Failed to fetch
    at fetchObjectData (http://localhost:8000/static/js/app.js:11901:28)
    at loadObjectData (http://localhost:8000/static/js/app.js:13559:28)
    at http://localhost:8000/static/js/app.js:1211:23 @ http://localhost:8000/static/js/app.js:13570
[ 1103974ms] [ERROR] Failed to load resource: net::ERR_CONNECTION_REFUSED @ http://localhost:8000/api/objects/System%20Overview?server=ee8d9159:0
[ 1103974ms] [ERROR] Error загрузки ee8d9159:overview: TypeError: Failed to fetch
    at fetchObjectData (http://localhost:8000/static/js/app.js:11901:28)
    at loadObjectData (http://localhost:8000/static/js/app.js:13559:28)
    at http://localhost:8000/static/js/app.js:1211:23 @ http://localhost:8000/static/js/app.js:13570
[ 1104974ms] [ERROR] Failed to load resource: net::ERR_CONNECTION_REFUSED @ http://localhost:8000/api/objects/System%20Overview?server=ee8d9159:0
[ 1104974ms] [ERROR] Error загрузки ee8d9159:overview: TypeError: Failed to fetch
    at fetchObjectData (http://localhost:8000/static/js/app.js:11901:28)
    at loadObjectData (http://localhost:8000/static/js/app.js:13559:28)
    at http://localhost:8000/static/js/app.js:1211:23 @ http://localhost:8000/static/js/app.js:13570
[ 1105138ms] [ERROR] Failed to load resource: net::ERR_CONNECTION_REFUSED @ http://localhost:8000/api/recording/status:0
[ 1105973ms] [ERROR] Failed to load resource: net::ERR_CONNECTION_REFUSED @ http://localhost:8000/api/objects/System%20Overview?server=ee8d9159:0
[ 1105973ms] [ERROR] Error загрузки ee8d9159:overview: TypeError: Failed to fetch
    at fetchObjectData (http://localhost:8000/static/js/app.js:11901:28)
    at loadObjectData (http://localhost:8000/static/js/app.js:13559:28)
    at http://localhost:8000/static/js/app.js:1211:23 @ http://localhost:8000/static/js/app.js:13570
[ 1106974ms] [ERROR] Failed to load resource: net::ERR_CONNECTION_REFUSED @ http://localhost:8000/api/objects/System%20Overview?server=ee8d9159:0
[ 1106974ms] [ERROR] Error загрузки ee8d9159:overview: TypeError: Failed to fetch
    at fetchObjectData (http://localhost:8000/static/js/app.js:11901:28)
    at loadObjectData (http://localhost:8000/static/js/app.js:13559:28)
    at http://localhost:8000/static/js/app.js:1211:23 @ http://localhost:8000/static/js/app.js:13570
[ 1107973ms] [ERROR] Failed to load resource: net::ERR_CONNECTION_REFUSED @ http://localhost:8000/api/objects/System%20Overview?server=ee8d9159:0
[ 1107973ms] [ERROR] Error загрузки ee8d9159:overview: TypeError: Failed to fetch
    at fetchObjectData (http://localhost:8000/static/js/app.js:11901:28)
    at loadObjectData (http://localhost:8000/static/js/app.js:13559:28)
    at http://localhost:8000/static/js/app.js:1211:23 @ http://localhost:8000/static/js/app.js:13570
[ 1108973ms] [ERROR] Failed to load resource: net::ERR_CONNECTION_REFUSED @ http://localhost:8000/api/servers:0
[ 1108973ms] [ERROR] Error обновления списка объектов: TypeError: Failed to fetch
    at fetchServers (http://localhost:8000/static/js/app.js:11827:28)
    at fetchObjects (http://localhost:8000/static/js/app.js:11834:31)
    at refreshObjectsList (http://localhost:8000/static/js/app.js:11882:28)
    at http://localhost:8000/static/js/app.js:1204:9 @ http://localhost:8000/static/js/app.js:11885
[ 1108974ms] [ERROR] Failed to load resource: net::ERR_CONNECTION_REFUSED @ http://localhost:8000/api/objects/System%20Overview?server=ee8d9159:0
[ 1108974ms] [ERROR] Error загрузки ee8d9159:overview: TypeError: Failed to fetch
    at fetchObjectData (http://localhost:8000/static/js/app.js:11901:28)
    at loadObjectData (http://localhost:8000/static/js/app.js:13559:28)
    at http://localhost:8000/static/js/app.js:1211:23 @ http://localhost:8000/static/js/app.js:13570
[ 1109973ms] [ERROR] Failed to load resource: net::ERR_CONNECTION_REFUSED @ http://localhost:8000/api/objects/System%20Overview?server=ee8d9159:0
[ 1109973ms] [ERROR] Error загрузки ee8d9159:overview: TypeError: Failed to fetch
    at fetchObjectData (http://localhost:8000/static/js/app.js:11901:28)
    at loadObjectData (http://localhost:8000/static/js/app.js:13559:28)
    at http://localhost:8000/static/js/app.js:1211:23 @ http://localhost:8000/static/js/app.js:13570
[ 1110138ms] [ERROR] Failed to load resource: net::ERR_CONNECTION_REFUSED @ http://localhost:8000/api/recording/status:0
[ 1110973ms] [ERROR] Failed to load resource: net::ERR_CONNECTION_REFUSED @ http://localhost:8000/api/objects/System%20Overview?server=ee8d9159:0
[ 1110973ms] [ERROR] Error загрузки ee8d9159:overview: TypeError: Failed to fetch
    at fetchObjectData (http://localhost:8000/static/js/app.js:11901:28)
    at loadObjectData (http://localhost:8000/static/js/app.js:13559:28)
    at http://localhost:8000/static/js/app.js:1211:23 @ http://localhost:8000/static/js/app.js:13570
[ 1111974ms] [ERROR] Failed to load resource: net::ERR_CONNECTION_REFUSED @ http://localhost:8000/api/objects/System%20Overview?server=ee8d9159:0
[ 1111974ms] [ERROR] Error загрузки ee8d9159:overview: TypeError: Failed to fetch
    at fetchObjectData (http://localhost:8000/static/js/app.js:11901:28)
    at loadObjectData (http://localhost:8000/static/js/app.js:13559:28)
    at http://localhost:8000/static/js/app.js:1211:23 @ http://localhost:8000/static/js/app.js:13570
[ 1112973ms] [ERROR] Failed to load resource: net::ERR_CONNECTION_REFUSED @ http://localhost:8000/api/objects/System%20Overview?server=ee8d9159:0
[ 1112973ms] [ERROR] Error загрузки ee8d9159:overview: TypeError: Failed to fetch
    at fetchObjectData (http://localhost:8000/static/js/app.js:11901:28)
    at loadObjectData (http://localhost:8000/static/js/app.js:13559:28)
    at http://localhost:8000/static/js/app.js:1211:23 @ http://localhost:8000/static/js/app.js:13570
[ 1113973ms] [ERROR] Failed to load resource: net::ERR_CONNECTION_REFUSED @ http://localhost:8000/api/objects/System%20Overview?server=ee8d9159:0
[ 1113973ms] [ERROR] Error загрузки ee8d9159:overview: TypeError: Failed to fetch
    at fetchObjectData (http://localhost:8000/static/js/app.js:11901:28)
    at loadObjectData (http://localhost:8000/static/js/app.js:13559:28)
    at http://localhost:8000/static/js/app.js:1211:23 @ http://localhost:8000/static/js/app.js:13570
[ 1114974ms] [ERROR] Failed to load resource: net::ERR_CONNECTION_REFUSED @ http://localhost:8000/api/servers:0
[ 1114974ms] [ERROR] Error обновления списка объектов: TypeError: Failed to fetch
    at fetchServers (http://localhost:8000/static/js/app.js:11827:28)
    at fetchObjects (http://localhost:8000/static/js/app.js:11834:31)
    at refreshObjectsList (http://localhost:8000/static/js/app.js:11882:28)
    at http://localhost:8000/static/js/app.js:1204:9 @ http://localhost:8000/static/js/app.js:11885
[ 1114974ms] [ERROR] Failed to load resource: net::ERR_CONNECTION_REFUSED @ http://localhost:8000/api/objects/System%20Overview?server=ee8d9159:0
[ 1114974ms] [ERROR] Error загрузки ee8d9159:overview: TypeError: Failed to fetch
    at fetchObjectData (http://localhost:8000/static/js/app.js:11901:28)
    at loadObjectData (http://localhost:8000/static/js/app.js:13559:28)
    at http://localhost:8000/static/js/app.js:1211:23 @ http://localhost:8000/static/js/app.js:13570
[ 1115138ms] [ERROR] Failed to load resource: net::ERR_CONNECTION_REFUSED @ http://localhost:8000/api/recording/status:0
[ 1115973ms] [ERROR] Failed to load resource: net::ERR_CONNECTION_REFUSED @ http://localhost:8000/api/objects/System%20Overview?server=ee8d9159:0
[ 1115973ms] [ERROR] Error загрузки ee8d9159:overview: TypeError: Failed to fetch
    at fetchObjectData (http://localhost:8000/static/js/app.js:11901:28)
    at loadObjectData (http://localhost:8000/static/js/app.js:13559:28)
    at http://localhost:8000/static/js/app.js:1211:23 @ http://localhost:8000/static/js/app.js:13570
[ 1116974ms] [ERROR] Failed to load resource: net::ERR_CONNECTION_REFUSED @ http://localhost:8000/api/objects/System%20Overview?server=ee8d9159:0
[ 1116974ms] [ERROR] Error загрузки ee8d9159:overview: TypeError: Failed to fetch
    at fetchObjectData (http://localhost:8000/static/js/app.js:11901:28)
    at loadObjectData (http://localhost:8000/static/js/app.js:13559:28)
    at http://localhost:8000/static/js/app.js:1211:23 @ http://localhost:8000/static/js/app.js:13570
[ 1117973ms] [ERROR] Failed to load resource: net::ERR_CONNECTION_REFUSED @ http://localhost:8000/api/objects/System%20Overview?server=ee8d9159:0
[ 1117973ms] [ERROR] Error загрузки ee8d9159:overview: TypeError: Failed to fetch
    at fetchObjectData (http://localhost:8000/static/js/app.js:11901:28)
    at loadObjectData (http://localhost:8000/static/js/app.js:13559:28)
    at http://localhost:8000/static/js/app.js:1211:23 @ http://localhost:8000/static/js/app.js:13570
[ 1118975ms] [ERROR] Failed to load resource: net::ERR_CONNECTION_REFUSED @ http://localhost:8000/api/objects/System%20Overview?server=ee8d9159:0
[ 1118975ms] [ERROR] Error загрузки ee8d9159:overview: TypeError: Failed to fetch
    at fetchObjectData (http://localhost:8000/static/js/app.js:11901:28)
    at loadObjectData (http://localhost:8000/static/js/app.js:13559:28)
    at http://localhost:8000/static/js/app.js:1211:23 @ http://localhost:8000/static/js/app.js:13570
[ 1119973ms] [ERROR] Failed to load resource: net::ERR_CONNECTION_REFUSED @ http://localhost:8000/api/objects/System%20Overview?server=ee8d9159:0
[ 1119973ms] [ERROR] Error загрузки ee8d9159:overview: TypeError: Failed to fetch
    at fetchObjectData (http://localhost:8000/static/js/app.js:11901:28)
    at loadObjectData (http://localhost:8000/static/js/app.js:13559:28)
    at http://localhost:8000/static/js/app.js:1211:23 @ http://localhost:8000/static/js/app.js:13570
[ 1120137ms] [ERROR] Failed to load resource: net::ERR_CONNECTION_REFUSED @ http://localhost:8000/api/recording/status:0
[ 1120973ms] [ERROR] Failed to load resource: net::ERR_CONNECTION_REFUSED @ http://localhost:8000/api/servers:0
[ 1120974ms] [ERROR] Error обновления списка объектов: TypeError: Failed to fetch
    at fetchServers (http://localhost:8000/static/js/app.js:11827:28)
    at fetchObjects (http://localhost:8000/static/js/app.js:11834:31)
    at refreshObjectsList (http://localhost:8000/static/js/app.js:11882:28)
    at http://localhost:8000/static/js/app.js:1204:9 @ http://localhost:8000/static/js/app.js:11885
[ 1120974ms] [ERROR] Failed to load resource: net::ERR_CONNECTION_REFUSED @ http://localhost:8000/api/objects/System%20Overview?server=ee8d9159:0
[ 1120974ms] [ERROR] Error загрузки ee8d9159:overview: TypeError: Failed to fetch
    at fetchObjectData (http://localhost:8000/static/js/app.js:11901:28)
    at loadObjectData (http://localhost:8000/static/js/app.js:13559:28)
    at http://localhost:8000/static/js/app.js:1211:23 @ http://localhost:8000/static/js/app.js:13570
[ 1121974ms] [ERROR] Failed to load resource: net::ERR_CONNECTION_REFUSED @ http://localhost:8000/api/objects/System%20Overview?server=ee8d9159:0
[ 1121974ms] [ERROR] Error загрузки ee8d9159:overview: TypeError: Failed to fetch
    at fetchObjectData (http://localhost:8000/static/js/app.js:11901:28)
    at loadObjectData (http://localhost:8000/static/js/app.js:13559:28)
    at http://localhost:8000/static/js/app.js:1211:23 @ http://localhost:8000/static/js/app.js:13570
[ 1122973ms] [ERROR] Failed to load resource: net::ERR_CONNECTION_REFUSED @ http://localhost:8000/api/objects/System%20Overview?server=ee8d9159:0
[ 1122973ms] [ERROR] Error загрузки ee8d9159:overview: TypeError: Failed to fetch
    at fetchObjectData (http://localhost:8000/static/js/app.js:11901:28)
    at loadObjectData (http://localhost:8000/static/js/app.js:13559:28)
    at http://localhost:8000/static/js/app.js:1211:23 @ http://localhost:8000/static/js/app.js:13570
[ 1123973ms] [ERROR] Failed to load resource: net::ERR_CONNECTION_REFUSED @ http://localhost:8000/api/objects/System%20Overview?server=ee8d9159:0
[ 1123973ms] [ERROR] Error загрузки ee8d9159:overview: TypeError: Failed to fetch
    at fetchObjectData (http://localhost:8000/static/js/app.js:11901:28)
    at loadObjectData (http://localhost:8000/static/js/app.js:13559:28)
    at http://localhost:8000/static/js/app.js:1211:23 @ http://localhost:8000/static/js/app.js:13570
[ 1124974ms] [ERROR] Failed to load resource: net::ERR_CONNECTION_REFUSED @ http://localhost:8000/api/objects/System%20Overview?server=ee8d9159:0
[ 1124974ms] [ERROR] Error загрузки ee8d9159:overview: TypeError: Failed to fetch
    at fetchObjectData (http://localhost:8000/static/js/app.js:11901:28)
    at loadObjectData (http://localhost:8000/static/js/app.js:13559:28)
    at http://localhost:8000/static/js/app.js:1211:23 @ http://localhost:8000/static/js/app.js:13570
[ 1125140ms] [ERROR] Failed to load resource: net::ERR_CONNECTION_REFUSED @ http://localhost:8000/api/recording/status:0
[ 1125973ms] [ERROR] Failed to load resource: net::ERR_CONNECTION_REFUSED @ http://localhost:8000/api/objects/System%20Overview?server=ee8d9159:0
[ 1125973ms] [ERROR] Error загрузки ee8d9159:overview: TypeError: Failed to fetch
    at fetchObjectData (http://localhost:8000/static/js/app.js:11901:28)
    at loadObjectData (http://localhost:8000/static/js/app.js:13559:28)
    at http://localhost:8000/static/js/app.js:1211:23 @ http://localhost:8000/static/js/app.js:13570
[ 1126977ms] [ERROR] Failed to load resource: net::ERR_CONNECTION_REFUSED @ http://localhost:8000/api/servers:0
[ 1126977ms] [ERROR] Error обновления списка объектов: TypeError: Failed to fetch
    at fetchServers (http://localhost:8000/static/js/app.js:11827:28)
    at fetchObjects (http://localhost:8000/static/js/app.js:11834:31)
    at refreshObjectsList (http://localhost:8000/static/js/app.js:11882:28)
    at http://localhost:8000/static/js/app.js:1204:9 @ http://localhost:8000/static/js/app.js:11885
[ 1126977ms] [ERROR] Failed to load resource: net::ERR_CONNECTION_REFUSED @ http://localhost:8000/api/objects/System%20Overview?server=ee8d9159:0
[ 1126977ms] [ERROR] Error загрузки ee8d9159:overview: TypeError: Failed to fetch
    at fetchObjectData (http://localhost:8000/static/js/app.js:11901:28)
    at loadObjectData (http://localhost:8000/static/js/app.js:13559:28)
    at http://localhost:8000/static/js/app.js:1211:23 @ http://localhost:8000/static/js/app.js:13570
[ 1126978ms] [ERROR] Failed to load resource: net::ERR_CONNECTION_REFUSED @ http://localhost:8000/api/version:0
[ 1127974ms] [ERROR] Failed to load resource: net::ERR_CONNECTION_REFUSED @ http://localhost:8000/api/objects/System%20Overview?server=ee8d9159:0
[ 1127974ms] [ERROR] Error загрузки ee8d9159:overview: TypeError: Failed to fetch
    at fetchObjectData (http://localhost:8000/static/js/app.js:11901:28)
    at loadObjectData (http://localhost:8000/static/js/app.js:13559:28)
    at http://localhost:8000/static/js/app.js:1211:23 @ http://localhost:8000/static/js/app.js:13570
[ 1128973ms] [ERROR] Failed to load resource: net::ERR_CONNECTION_REFUSED @ http://localhost:8000/api/objects/System%20Overview?server=ee8d9159:0
[ 1128973ms] [ERROR] Error загрузки ee8d9159:overview: TypeError: Failed to fetch
    at fetchObjectData (http://localhost:8000/static/js/app.js:11901:28)
    at loadObjectData (http://localhost:8000/static/js/app.js:13559:28)
    at http://localhost:8000/static/js/app.js:1211:23 @ http://localhost:8000/static/js/app.js:13570
[ 1129973ms] [ERROR] Failed to load resource: net::ERR_CONNECTION_REFUSED @ http://localhost:8000/api/objects/System%20Overview?server=ee8d9159:0
[ 1129973ms] [ERROR] Error загрузки ee8d9159:overview: TypeError: Failed to fetch
    at fetchObjectData (http://localhost:8000/static/js/app.js:11901:28)
    at loadObjectData (http://localhost:8000/static/js/app.js:13559:28)
    at http://localhost:8000/static/js/app.js:1211:23 @ http://localhost:8000/static/js/app.js:13570
[ 1130137ms] [ERROR] Failed to load resource: net::ERR_CONNECTION_REFUSED @ http://localhost:8000/api/recording/status:0
[ 1130973ms] [ERROR] Failed to load resource: net::ERR_CONNECTION_REFUSED @ http://localhost:8000/api/objects/System%20Overview?server=ee8d9159:0
[ 1130973ms] [ERROR] Error загрузки ee8d9159:overview: TypeError: Failed to fetch
    at fetchObjectData (http://localhost:8000/static/js/app.js:11901:28)
    at loadObjectData (http://localhost:8000/static/js/app.js:13559:28)
    at http://localhost:8000/static/js/app.js:1211:23 @ http://localhost:8000/static/js/app.js:13570
[ 1131973ms] [ERROR] Failed to load resource: net::ERR_CONNECTION_REFUSED @ http://localhost:8000/api/objects/System%20Overview?server=ee8d9159:0
[ 1131973ms] [ERROR] Error загрузки ee8d9159:overview: TypeError: Failed to fetch
    at fetchObjectData (http://localhost:8000/static/js/app.js:11901:28)
    at loadObjectData (http://localhost:8000/static/js/app.js:13559:28)
    at http://localhost:8000/static/js/app.js:1211:23 @ http://localhost:8000/static/js/app.js:13570
[ 1132978ms] [ERROR] Failed to load resource: net::ERR_CONNECTION_REFUSED @ http://localhost:8000/api/servers:0
[ 1132978ms] [ERROR] Error обновления списка объектов: TypeError: Failed to fetch
    at fetchServers (http://localhost:8000/static/js/app.js:11827:28)
    at fetchObjects (http://localhost:8000/static/js/app.js:11834:31)
    at refreshObjectsList (http://localhost:8000/static/js/app.js:11882:28)
    at http://localhost:8000/static/js/app.js:1204:9 @ http://localhost:8000/static/js/app.js:11885
[ 1132979ms] [ERROR] Failed to load resource: net::ERR_CONNECTION_REFUSED @ http://localhost:8000/api/objects/System%20Overview?server=ee8d9159:0
[ 1132979ms] [ERROR] Error загрузки ee8d9159:overview: TypeError: Failed to fetch
    at fetchObjectData (http://localhost:8000/static/js/app.js:11901:28)
    at loadObjectData (http://localhost:8000/static/js/app.js:13559:28)
    at http://localhost:8000/static/js/app.js:1211:23 @ http://localhost:8000/static/js/app.js:13570
[ 1133973ms] [ERROR] Failed to load resource: net::ERR_CONNECTION_REFUSED @ http://localhost:8000/api/objects/System%20Overview?server=ee8d9159:0
[ 1133973ms] [ERROR] Error загрузки ee8d9159:overview: TypeError: Failed to fetch
    at fetchObjectData (http://localhost:8000/static/js/app.js:11901:28)
    at loadObjectData (http://localhost:8000/static/js/app.js:13559:28)
    at http://localhost:8000/static/js/app.js:1211:23 @ http://localhost:8000/static/js/app.js:13570
[ 1134973ms] [ERROR] Failed to load resource: net::ERR_CONNECTION_REFUSED @ http://localhost:8000/api/objects/System%20Overview?server=ee8d9159:0
[ 1134973ms] [ERROR] Error загрузки ee8d9159:overview: TypeError: Failed to fetch
    at fetchObjectData (http://localhost:8000/static/js/app.js:11901:28)
    at loadObjectData (http://localhost:8000/static/js/app.js:13559:28)
    at http://localhost:8000/static/js/app.js:1211:23 @ http://localhost:8000/static/js/app.js:13570
[ 1135138ms] [ERROR] Failed to load resource: net::ERR_CONNECTION_REFUSED @ http://localhost:8000/api/recording/status:0
[ 1135974ms] [ERROR] Failed to load resource: net::ERR_CONNECTION_REFUSED @ http://localhost:8000/api/objects/System%20Overview?server=ee8d9159:0
[ 1135974ms] [ERROR] Error загрузки ee8d9159:overview: TypeError: Failed to fetch
    at fetchObjectData (http://localhost:8000/static/js/app.js:11901:28)
    at loadObjectData (http://localhost:8000/static/js/app.js:13559:28)
    at http://localhost:8000/static/js/app.js:1211:23 @ http://localhost:8000/static/js/app.js:13570
[ 1136974ms] [ERROR] Failed to load resource: net::ERR_CONNECTION_REFUSED @ http://localhost:8000/api/objects/System%20Overview?server=ee8d9159:0
[ 1136974ms] [ERROR] Error загрузки ee8d9159:overview: TypeError: Failed to fetch
    at fetchObjectData (http://localhost:8000/static/js/app.js:11901:28)
    at loadObjectData (http://localhost:8000/static/js/app.js:13559:28)
    at http://localhost:8000/static/js/app.js:1211:23 @ http://localhost:8000/static/js/app.js:13570
[ 1137975ms] [ERROR] Failed to load resource: net::ERR_CONNECTION_REFUSED @ http://localhost:8000/api/objects/System%20Overview?server=ee8d9159:0
[ 1137975ms] [ERROR] Error загрузки ee8d9159:overview: TypeError: Failed to fetch
    at fetchObjectData (http://localhost:8000/static/js/app.js:11901:28)
    at loadObjectData (http://localhost:8000/static/js/app.js:13559:28)
    at http://localhost:8000/static/js/app.js:1211:23 @ http://localhost:8000/static/js/app.js:13570
[ 1138973ms] [ERROR] Failed to load resource: net::ERR_CONNECTION_REFUSED @ http://localhost:8000/api/servers:0
[ 1138973ms] [ERROR] Error обновления списка объектов: TypeError: Failed to fetch
    at fetchServers (http://localhost:8000/static/js/app.js:11827:28)
    at fetchObjects (http://localhost:8000/static/js/app.js:11834:31)
    at refreshObjectsList (http://localhost:8000/static/js/app.js:11882:28)
    at http://localhost:8000/static/js/app.js:1204:9 @ http://localhost:8000/static/js/app.js:11885
[ 1138974ms] [ERROR] Failed to load resource: net::ERR_CONNECTION_REFUSED @ http://localhost:8000/api/objects/System%20Overview?server=ee8d9159:0
[ 1138974ms] [ERROR] Error загрузки ee8d9159:overview: TypeError: Failed to fetch
    at fetchObjectData (http://localhost:8000/static/js/app.js:11901:28)
    at loadObjectData (http://localhost:8000/static/js/app.js:13559:28)
    at http://localhost:8000/static/js/app.js:1211:23 @ http://localhost:8000/static/js/app.js:13570
[ 1139975ms] [ERROR] Failed to load resource: net::ERR_CONNECTION_REFUSED @ http://localhost:8000/api/objects/System%20Overview?server=ee8d9159:0
[ 1139976ms] [ERROR] Error загрузки ee8d9159:overview: TypeError: Failed to fetch
    at fetchObjectData (http://localhost:8000/static/js/app.js:11901:28)
    at loadObjectData (http://localhost:8000/static/js/app.js:13559:28)
    at http://localhost:8000/static/js/app.js:1211:23 @ http://localhost:8000/static/js/app.js:13570
[ 1140139ms] [ERROR] Failed to load resource: net::ERR_CONNECTION_REFUSED @ http://localhost:8000/api/recording/status:0
[ 1140973ms] [ERROR] Failed to load resource: net::ERR_CONNECTION_REFUSED @ http://localhost:8000/api/objects/System%20Overview?server=ee8d9159:0
[ 1140973ms] [ERROR] Error загрузки ee8d9159:overview: TypeError: Failed to fetch
    at fetchObjectData (http://localhost:8000/static/js/app.js:11901:28)
    at loadObjectData (http://localhost:8000/static/js/app.js:13559:28)
    at http://localhost:8000/static/js/app.js:1211:23 @ http://localhost:8000/static/js/app.js:13570
[ 1141977ms] [ERROR] Failed to load resource: net::ERR_CONNECTION_REFUSED @ http://localhost:8000/api/objects/System%20Overview?server=ee8d9159:0
[ 1141977ms] [ERROR] Error загрузки ee8d9159:overview: TypeError: Failed to fetch
    at fetchObjectData (http://localhost:8000/static/js/app.js:11901:28)
    at loadObjectData (http://localhost:8000/static/js/app.js:13559:28)
    at http://localhost:8000/static/js/app.js:1211:23 @ http://localhost:8000/static/js/app.js:13570
[ 1142973ms] [ERROR] Failed to load resource: net::ERR_CONNECTION_REFUSED @ http://localhost:8000/api/objects/System%20Overview?server=ee8d9159:0
[ 1142973ms] [ERROR] Error загрузки ee8d9159:overview: TypeError: Failed to fetch
    at fetchObjectData (http://localhost:8000/static/js/app.js:11901:28)
    at loadObjectData (http://localhost:8000/static/js/app.js:13559:28)
    at http://localhost:8000/static/js/app.js:1211:23 @ http://localhost:8000/static/js/app.js:13570
[ 1143973ms] [ERROR] Failed to load resource: net::ERR_CONNECTION_REFUSED @ http://localhost:8000/api/objects/System%20Overview?server=ee8d9159:0
[ 1143973ms] [ERROR] Error загрузки ee8d9159:overview: TypeError: Failed to fetch
    at fetchObjectData (http://localhost:8000/static/js/app.js:11901:28)
    at loadObjectData (http://localhost:8000/static/js/app.js:13559:28)
    at http://localhost:8000/static/js/app.js:1211:23 @ http://localhost:8000/static/js/app.js:13570
[ 1144973ms] [ERROR] Failed to load resource: net::ERR_CONNECTION_REFUSED @ http://localhost:8000/api/servers:0
[ 1144974ms] [ERROR] Error обновления списка объектов: TypeError: Failed to fetch
    at fetchServers (http://localhost:8000/static/js/app.js:11827:28)
    at fetchObjects (http://localhost:8000/static/js/app.js:11834:31)
    at refreshObjectsList (http://localhost:8000/static/js/app.js:11882:28)
    at http://localhost:8000/static/js/app.js:1204:9 @ http://localhost:8000/static/js/app.js:11885
[ 1144974ms] [ERROR] Failed to load resource: net::ERR_CONNECTION_REFUSED @ http://localhost:8000/api/objects/System%20Overview?server=ee8d9159:0
[ 1144974ms] [ERROR] Error загрузки ee8d9159:overview: TypeError: Failed to fetch
    at fetchObjectData (http://localhost:8000/static/js/app.js:11901:28)
    at loadObjectData (http://localhost:8000/static/js/app.js:13559:28)
    at http://localhost:8000/static/js/app.js:1211:23 @ http://localhost:8000/static/js/app.js:13570
[ 1145137ms] [ERROR] Failed to load resource: net::ERR_CONNECTION_REFUSED @ http://localhost:8000/api/recording/status:0
[ 1145973ms] [ERROR] Failed to load resource: net::ERR_CONNECTION_REFUSED @ http://localhost:8000/api/objects/System%20Overview?server=ee8d9159:0
[ 1145973ms] [ERROR] Error загрузки ee8d9159:overview: TypeError: Failed to fetch
    at fetchObjectData (http://localhost:8000/static/js/app.js:11901:28)
    at loadObjectData (http://localhost:8000/static/js/app.js:13559:28)
    at http://localhost:8000/static/js/app.js:1211:23 @ http://localhost:8000/static/js/app.js:13570
[ 1146973ms] [ERROR] Failed to load resource: net::ERR_CONNECTION_REFUSED @ http://localhost:8000/api/objects/System%20Overview?server=ee8d9159:0
[ 1146973ms] [ERROR] Error загрузки ee8d9159:overview: TypeError: Failed to fetch
    at fetchObjectData (http://localhost:8000/static/js/app.js:11901:28)
    at loadObjectData (http://localhost:8000/static/js/app.js:13559:28)
    at http://localhost:8000/static/js/app.js:1211:23 @ http://localhost:8000/static/js/app.js:13570
[ 1147973ms] [ERROR] Failed to load resource: net::ERR_CONNECTION_REFUSED @ http://localhost:8000/api/objects/System%20Overview?server=ee8d9159:0
[ 1147973ms] [ERROR] Error загрузки ee8d9159:overview: TypeError: Failed to fetch
    at fetchObjectData (http://localhost:8000/static/js/app.js:11901:28)
    at loadObjectData (http://localhost:8000/static/js/app.js:13559:28)
    at http://localhost:8000/static/js/app.js:1211:23 @ http://localhost:8000/static/js/app.js:13570
[ 1148973ms] [ERROR] Failed to load resource: net::ERR_CONNECTION_REFUSED @ http://localhost:8000/api/objects/System%20Overview?server=ee8d9159:0
[ 1148973ms] [ERROR] Error загрузки ee8d9159:overview: TypeError: Failed to fetch
    at fetchObjectData (http://localhost:8000/static/js/app.js:11901:28)
    at loadObjectData (http://localhost:8000/static/js/app.js:13559:28)
    at http://localhost:8000/static/js/app.js:1211:23 @ http://localhost:8000/static/js/app.js:13570
[ 1149973ms] [ERROR] Failed to load resource: net::ERR_CONNECTION_REFUSED @ http://localhost:8000/api/objects/System%20Overview?server=ee8d9159:0
[ 1149973ms] [ERROR] Error загрузки ee8d9159:overview: TypeError: Failed to fetch
    at fetchObjectData (http://localhost:8000/static/js/app.js:11901:28)
    at loadObjectData (http://localhost:8000/static/js/app.js:13559:28)
    at http://localhost:8000/static/js/app.js:1211:23 @ http://localhost:8000/static/js/app.js:13570
[ 1150139ms] [ERROR] Failed to load resource: net::ERR_CONNECTION_REFUSED @ http://localhost:8000/api/recording/status:0
[ 1150974ms] [ERROR] Failed to load resource: net::ERR_CONNECTION_REFUSED @ http://localhost:8000/api/servers:0
[ 1150974ms] [ERROR] Error обновления списка объектов: TypeError: Failed to fetch
    at fetchServers (http://localhost:8000/static/js/app.js:11827:28)
    at fetchObjects (http://localhost:8000/static/js/app.js:11834:31)
    at refreshObjectsList (http://localhost:8000/static/js/app.js:11882:28)
    at http://localhost:8000/static/js/app.js:1204:9 @ http://localhost:8000/static/js/app.js:11885
[ 1150975ms] [ERROR] Failed to load resource: net::ERR_CONNECTION_REFUSED @ http://localhost:8000/api/objects/System%20Overview?server=ee8d9159:0
[ 1150975ms] [ERROR] Error загрузки ee8d9159:overview: TypeError: Failed to fetch
    at fetchObjectData (http://localhost:8000/static/js/app.js:11901:28)
    at loadObjectData (http://localhost:8000/static/js/app.js:13559:28)
    at http://localhost:8000/static/js/app.js:1211:23 @ http://localhost:8000/static/js/app.js:13570
[ 1151973ms] [ERROR] Failed to load resource: net::ERR_CONNECTION_REFUSED @ http://localhost:8000/api/objects/System%20Overview?server=ee8d9159:0
[ 1151973ms] [ERROR] Error загрузки ee8d9159:overview: TypeError: Failed to fetch
    at fetchObjectData (http://localhost:8000/static/js/app.js:11901:28)
    at loadObjectData (http://localhost:8000/static/js/app.js:13559:28)
    at http://localhost:8000/static/js/app.js:1211:23 @ http://localhost:8000/static/js/app.js:13570
[ 1152974ms] [ERROR] Failed to load resource: net::ERR_CONNECTION_REFUSED @ http://localhost:8000/api/objects/System%20Overview?server=ee8d9159:0
[ 1152974ms] [ERROR] Error загрузки ee8d9159:overview: TypeError: Failed to fetch
    at fetchObjectData (http://localhost:8000/static/js/app.js:11901:28)
    at loadObjectData (http://localhost:8000/static/js/app.js:13559:28)
    at http://localhost:8000/static/js/app.js:1211:23 @ http://localhost:8000/static/js/app.js:13570
[ 1153973ms] [ERROR] Failed to load resource: net::ERR_CONNECTION_REFUSED @ http://localhost:8000/api/objects/System%20Overview?server=ee8d9159:0
[ 1153973ms] [ERROR] Error загрузки ee8d9159:overview: TypeError: Failed to fetch
    at fetchObjectData (http://localhost:8000/static/js/app.js:11901:28)
    at loadObjectData (http://localhost:8000/static/js/app.js:13559:28)
    at http://localhost:8000/static/js/app.js:1211:23 @ http://localhost:8000/static/js/app.js:13570
[ 1154972ms] [ERROR] Failed to load resource: net::ERR_CONNECTION_REFUSED @ http://localhost:8000/api/objects/System%20Overview?server=ee8d9159:0
[ 1154973ms] [ERROR] Error загрузки ee8d9159:overview: TypeError: Failed to fetch
    at fetchObjectData (http://localhost:8000/static/js/app.js:11901:28)
    at loadObjectData (http://localhost:8000/static/js/app.js:13559:28)
    at http://localhost:8000/static/js/app.js:1211:23 @ http://localhost:8000/static/js/app.js:13570
[ 1155137ms] [ERROR] Failed to load resource: net::ERR_CONNECTION_REFUSED @ http://localhost:8000/api/recording/status:0
[ 1155974ms] [ERROR] Failed to load resource: the server responded with a status of 502 (Bad Gateway) @ http://localhost:8000/api/objects/System%20Overview?server=ee8d9159:0
[ 1155974ms] [ERROR] Error загрузки ee8d9159:overview: Error: Failed to load object data
    at fetchObjectData (http://localhost:8000/static/js/app.js:11902:29)
    at async loadObjectData (http://localhost:8000/static/js/app.js:13559:22) @ http://localhost:8000/static/js/app.js:13570
[ 1156979ms] [ERROR] Failed to load resource: the server responded with a status of 502 (Bad Gateway) @ http://localhost:8000/api/objects/System%20Overview?server=ee8d9159:0
[ 1156979ms] [ERROR] Error загрузки ee8d9159:overview: Error: Failed to load object data
    at fetchObjectData (http://localhost:8000/static/js/app.js:11902:29)
    at async loadObjectData (http://localhost:8000/static/js/app.js:13559:22) @ http://localhost:8000/static/js/app.js:13570
