[       8ms] [WARNING] SSE: Error соединения @ http://localhost:8000/static/js/app.js:1150
[  132108ms] [WARNING] SSE: Error соединения @ http://localhost:8000/static/js/app.js:1150
[  185322ms] [WARNING] SSE: Error соединения @ http://localhost:8000/static/js/app.js:1150
[  230604ms] [WARNING] SSE: Error соединения @ http://localhost:8000/static/js/app.js:1150
[  231521ms] [WARNING] SSE: Error соединения @ http://localhost:8000/static/js/app.js:1150
[  231521ms] [ERROR] Failed to load resource: net::ERR_CONNECTION_REFUSED @ http://localhost:8000/api/events?token=admin:0
[  233527ms] [WARNING] SSE: Error соединения @ http://localhost:8000/static/js/app.js:1150
[  233527ms] [ERROR] Failed to load resource: net::ERR_CONNECTION_REFUSED @ http://localhost:8000/api/events?token=admin:0
[  235351ms] [ERROR] Failed to load resource: net::ERR_CONNECTION_REFUSED @ http://localhost:8000/api/recording/status:0
[  237225ms] [WARNING] SSE: Error соединения @ http://localhost:8000/static/js/app.js:1150
[  237226ms] [ERROR] Failed to load resource: net::ERR_CONNECTION_REFUSED @ http://localhost:8000/api/events?token=admin:0
[  240349ms] [ERROR] Failed to load resource: net::ERR_CONNECTION_REFUSED @ http://localhost:8000/api/recording/status:0
[  244870ms] [WARNING] SSE: Error соединения @ http://localhost:8000/static/js/app.js:1150
[  244871ms] [ERROR] Failed to load resource: net::ERR_CONNECTION_REFUSED @ http://localhost:8000/api/events?token=admin:0
[  245349ms] [ERROR] Failed to load resource: net::ERR_CONNECTION_REFUSED @ http://localhost:8000/api/recording/status:0
[  250352ms] [ERROR] Failed to load resource: net::ERR_CONNECTION_REFUSED @ http://localhost:8000/api/recording/status:0
[  255356ms] [ERROR] Failed to load resource: net::ERR_CONNECTION_REFUSED @ http://localhost:8000/api/recording/status:0
[  259998ms] [WARNING] SSE: Error соединения @ http://localhost:8000/static/js/app.js:1150
[  259998ms] [ERROR] Failed to load resource: net::ERR_CONNECTION_REFUSED @ http://localhost:8000/api/events?token=admin:0
[  260350ms] [ERROR] Failed to load resource: net::ERR_CONNECTION_REFUSED @ http://localhost:8000/api/recording/status:0
[  265355ms] [ERROR] Failed to load resource: net::ERR_CONNECTION_REFUSED @ http://localhost:8000/api/recording/status:0
[  270358ms] [ERROR] Failed to load resource: net::ERR_CONNECTION_REFUSED @ http://localhost:8000/api/recording/status:0
[  275355ms] [ERROR] Failed to load resource: net::ERR_CONNECTION_REFUSED @ http://localhost:8000/api/recording/status:0
[  280356ms] [ERROR] Failed to load resource: net::ERR_CONNECTION_REFUSED @ http://localhost:8000/api/recording/status:0
[  285356ms] [ERROR] Failed to load resource: net::ERR_CONNECTION_REFUSED @ http://localhost:8000/api/recording/status:0
[  290355ms] [ERROR] Failed to load resource: net::ERR_CONNECTION_REFUSED @ http://localhost:8000/api/recording/status:0
[  290992ms] [WARNING] SSE: Error соединения @ http://localhost:8000/static/js/app.js:1150
[  290993ms] [ERROR] Failed to load resource: net::ERR_CONNECTION_REFUSED @ http://localhost:8000/api/events?token=admin:0
[  295355ms] [ERROR] Failed to load resource: net::ERR_CONNECTION_REFUSED @ http://localhost:8000/api/recording/status:0
[  300351ms] [ERROR] Failed to load resource: net::ERR_CONNECTION_REFUSED @ http://localhost:8000/api/recording/status:0
[  305351ms] [ERROR] Failed to load resource: net::ERR_CONNECTION_REFUSED @ http://localhost:8000/api/recording/status:0
[  310354ms] [ERROR] Failed to load resource: net::ERR_CONNECTION_REFUSED @ http://localhost:8000/api/recording/status:0
[  315356ms] [ERROR] Failed to load resource: net::ERR_CONNECTION_REFUSED @ http://localhost:8000/api/recording/status:0
[  320354ms] [ERROR] Failed to load resource: net::ERR_CONNECTION_REFUSED @ http://localhost:8000/api/recording/status:0
[  322845ms] [WARNING] SSE: Error соединения @ http://localhost:8000/static/js/app.js:1150
[  322845ms] [ERROR] Failed to load resource: net::ERR_CONNECTION_REFUSED @ http://localhost:8000/api/events?token=admin:0
[  325351ms] [ERROR] Failed to load resource: net::ERR_CONNECTION_REFUSED @ http://localhost:8000/api/recording/status:0
[  330356ms] [ERROR] Failed to load resource: net::ERR_CONNECTION_REFUSED @ http://localhost:8000/api/recording/status:0
[  335356ms] [ERROR] Failed to load resource: net::ERR_CONNECTION_REFUSED @ http://localhost:8000/api/recording/status:0
[  340354ms] [ERROR] Failed to load resource: net::ERR_CONNECTION_REFUSED @ http://localhost:8000/api/recording/status:0
[  345356ms] [ERROR] Failed to load resource: net::ERR_CONNECTION_REFUSED @ http://localhost:8000/api/recording/status:0
[  350355ms] [ERROR] Failed to load resource: net::ERR_CONNECTION_REFUSED @ http://localhost:8000/api/recording/status:0
[  352618ms] [WARNING] SSE: Error соединения @ http://localhost:8000/static/js/app.js:1150
[  352619ms] [ERROR] Failed to load resource: net::ERR_CONNECTION_REFUSED @ http://localhost:8000/api/events?token=admin:0
[  355354ms] [ERROR] Failed to load resource: net::ERR_CONNECTION_REFUSED @ http://localhost:8000/api/recording/status:0
[  360351ms] [ERROR] Failed to load resource: net::ERR_CONNECTION_REFUSED @ http://localhost:8000/api/recording/status:0
[  365352ms] [ERROR] Failed to load resource: net::ERR_CONNECTION_REFUSED @ http://localhost:8000/api/recording/status:0
[  370355ms] [ERROR] Failed to load resource: net::ERR_CONNECTION_REFUSED @ http://localhost:8000/api/recording/status:0
[  375358ms] [ERROR] Failed to load resource: net::ERR_CONNECTION_REFUSED @ http://localhost:8000/api/recording/status:0
[  380352ms] [ERROR] Failed to load resource: net::ERR_CONNECTION_REFUSED @ http://localhost:8000/api/recording/status:0
[  384148ms] [WARNING] SSE: Error соединения @ http://localhost:8000/static/js/app.js:1150
[  384148ms] [ERROR] Failed to load resource: net::ERR_CONNECTION_REFUSED @ http://localhost:8000/api/events?token=admin:0
[  385351ms] [ERROR] Failed to load resource: net::ERR_CONNECTION_REFUSED @ http://localhost:8000/api/recording/status:0
[  390356ms] [ERROR] Failed to load resource: net::ERR_CONNECTION_REFUSED @ http://localhost:8000/api/recording/status:0
[  395355ms] [ERROR] Failed to load resource: net::ERR_CONNECTION_REFUSED @ http://localhost:8000/api/recording/status:0
[  400360ms] [ERROR] Failed to load resource: net::ERR_CONNECTION_REFUSED @ http://localhost:8000/api/recording/status:0
[  405355ms] [ERROR] Failed to load resource: net::ERR_CONNECTION_REFUSED @ http://localhost:8000/api/recording/status:0
[  410355ms] [ERROR] Failed to load resource: net::ERR_CONNECTION_REFUSED @ http://localhost:8000/api/recording/status:0
[  415351ms] [ERROR] Failed to load resource: net::ERR_CONNECTION_REFUSED @ http://localhost:8000/api/recording/status:0
[  416234ms] [WARNING] SSE: Error соединения @ http://localhost:8000/static/js/app.js:1150
[  416234ms] [WARNING] SSE: Превышено количество попыток, переход на polling @ http://localhost:8000/static/js/app.js:1173
[  416235ms] [ERROR] Failed to load resource: net::ERR_CONNECTION_REFUSED @ http://localhost:8000/api/events?token=admin:0
[  417241ms] [ERROR] Failed to load resource: net::ERR_CONNECTION_REFUSED @ http://localhost:8000/api/objects/SharedMemory?server=ee8d9159:0
[  417241ms] [ERROR] Error загрузки ee8d9159:SharedMemory: TypeError: Failed to fetch
    at fetchObjectData (http://localhost:8000/static/js/app.js:11889:28)
    at loadObjectData (http://localhost:8000/static/js/app.js:13547:28)
    at http://localhost:8000/static/js/app.js:1198:23 @ http://localhost:8000/static/js/app.js:13558
[  417242ms] [ERROR] Failed to load resource: net::ERR_CONNECTION_REFUSED @ http://localhost:8000/api/objects/SharedMemory/variables/io%3ASensor1_S/history?count=200&server=ee8d9159:0
[  417242ms] [ERROR] Error обновления графика для io:Sensor1_S: TypeError: Failed to fetch
    at fetchVariableHistory (http://localhost:8000/static/js/app.js:11919:28)
    at updateChart (http://localhost:8000/static/js/app.js:13985:31)
    at http://localhost:8000/static/js/app.js:1209:27 @ http://localhost:8000/static/js/app.js:14010
[  417242ms] [ERROR] Failed to load resource: net::ERR_CONNECTION_REFUSED @ http://localhost:8000/api/objects/SharedMemory/variables/io%3ASensor10_S/history?count=200&server=ee8d9159:0
[  417242ms] [ERROR] Error обновления графика для io:Sensor10_S: TypeError: Failed to fetch
    at fetchVariableHistory (http://localhost:8000/static/js/app.js:11919:28)
    at updateChart (http://localhost:8000/static/js/app.js:13985:31)
    at http://localhost:8000/static/js/app.js:1209:27 @ http://localhost:8000/static/js/app.js:14010
[  417242ms] [ERROR] Failed to load resource: net::ERR_CONNECTION_REFUSED @ http://localhost:8000/api/objects/SharedMemory/variables/io%3ASensor100_S/history?count=200&server=ee8d9159:0
[  417242ms] [ERROR] Error обновления графика для io:Sensor100_S: TypeError: Failed to fetch
    at fetchVariableHistory (http://localhost:8000/static/js/app.js:11919:28)
    at updateChart (http://localhost:8000/static/js/app.js:13985:31)
    at http://localhost:8000/static/js/app.js:1209:27 @ http://localhost:8000/static/js/app.js:14010
[  418238ms] [ERROR] Failed to load resource: net::ERR_CONNECTION_REFUSED @ http://localhost:8000/api/objects/SharedMemory?server=ee8d9159:0
[  418238ms] [ERROR] Error загрузки ee8d9159:SharedMemory: TypeError: Failed to fetch
    at fetchObjectData (http://localhost:8000/static/js/app.js:11889:28)
    at loadObjectData (http://localhost:8000/static/js/app.js:13547:28)
    at http://localhost:8000/static/js/app.js:1198:23 @ http://localhost:8000/static/js/app.js:13558
[  418239ms] [ERROR] Failed to load resource: net::ERR_CONNECTION_REFUSED @ http://localhost:8000/api/objects/SharedMemory/variables/io%3ASensor1_S/history?count=200&server=ee8d9159:0
[  418239ms] [ERROR] Error обновления графика для io:Sensor1_S: TypeError: Failed to fetch
    at fetchVariableHistory (http://localhost:8000/static/js/app.js:11919:28)
    at updateChart (http://localhost:8000/static/js/app.js:13985:31)
    at http://localhost:8000/static/js/app.js:1209:27 @ http://localhost:8000/static/js/app.js:14010
[  418239ms] [ERROR] Failed to load resource: net::ERR_CONNECTION_REFUSED @ http://localhost:8000/api/objects/SharedMemory/variables/io%3ASensor10_S/history?count=200&server=ee8d9159:0
[  418239ms] [ERROR] Error обновления графика для io:Sensor10_S: TypeError: Failed to fetch
    at fetchVariableHistory (http://localhost:8000/static/js/app.js:11919:28)
    at updateChart (http://localhost:8000/static/js/app.js:13985:31)
    at http://localhost:8000/static/js/app.js:1209:27 @ http://localhost:8000/static/js/app.js:14010
[  418239ms] [ERROR] Failed to load resource: net::ERR_CONNECTION_REFUSED @ http://localhost:8000/api/objects/SharedMemory/variables/io%3ASensor100_S/history?count=200&server=ee8d9159:0
[  418239ms] [ERROR] Error обновления графика для io:Sensor100_S: TypeError: Failed to fetch
    at fetchVariableHistory (http://localhost:8000/static/js/app.js:11919:28)
    at updateChart (http://localhost:8000/static/js/app.js:13985:31)
    at http://localhost:8000/static/js/app.js:1209:27 @ http://localhost:8000/static/js/app.js:14010
[  419239ms] [ERROR] Failed to load resource: net::ERR_CONNECTION_REFUSED @ http://localhost:8000/api/objects/SharedMemory?server=ee8d9159:0
[  419239ms] [ERROR] Error загрузки ee8d9159:SharedMemory: TypeError: Failed to fetch
    at fetchObjectData (http://localhost:8000/static/js/app.js:11889:28)
    at loadObjectData (http://localhost:8000/static/js/app.js:13547:28)
    at http://localhost:8000/static/js/app.js:1198:23 @ http://localhost:8000/static/js/app.js:13558
[  419239ms] [ERROR] Failed to load resource: net::ERR_CONNECTION_REFUSED @ http://localhost:8000/api/objects/SharedMemory/variables/io%3ASensor1_S/history?count=200&server=ee8d9159:0
[  419239ms] [ERROR] Error обновления графика для io:Sensor1_S: TypeError: Failed to fetch
    at fetchVariableHistory (http://localhost:8000/static/js/app.js:11919:28)
    at updateChart (http://localhost:8000/static/js/app.js:13985:31)
    at http://localhost:8000/static/js/app.js:1209:27 @ http://localhost:8000/static/js/app.js:14010
[  419240ms] [ERROR] Failed to load resource: net::ERR_CONNECTION_REFUSED @ http://localhost:8000/api/objects/SharedMemory/variables/io%3ASensor10_S/history?count=200&server=ee8d9159:0
[  419240ms] [ERROR] Error обновления графика для io:Sensor10_S: TypeError: Failed to fetch
    at fetchVariableHistory (http://localhost:8000/static/js/app.js:11919:28)
    at updateChart (http://localhost:8000/static/js/app.js:13985:31)
    at http://localhost:8000/static/js/app.js:1209:27 @ http://localhost:8000/static/js/app.js:14010
[  419240ms] [ERROR] Failed to load resource: net::ERR_CONNECTION_REFUSED @ http://localhost:8000/api/objects/SharedMemory/variables/io%3ASensor100_S/history?count=200&server=ee8d9159:0
[  419240ms] [ERROR] Error обновления графика для io:Sensor100_S: TypeError: Failed to fetch
    at fetchVariableHistory (http://localhost:8000/static/js/app.js:11919:28)
    at updateChart (http://localhost:8000/static/js/app.js:13985:31)
    at http://localhost:8000/static/js/app.js:1209:27 @ http://localhost:8000/static/js/app.js:14010
[  420238ms] [ERROR] Failed to load resource: net::ERR_CONNECTION_REFUSED @ http://localhost:8000/api/objects/SharedMemory?server=ee8d9159:0
[  420238ms] [ERROR] Error загрузки ee8d9159:SharedMemory: TypeError: Failed to fetch
    at fetchObjectData (http://localhost:8000/static/js/app.js:11889:28)
    at loadObjectData (http://localhost:8000/static/js/app.js:13547:28)
    at http://localhost:8000/static/js/app.js:1198:23 @ http://localhost:8000/static/js/app.js:13558
[  420239ms] [ERROR] Failed to load resource: net::ERR_CONNECTION_REFUSED @ http://localhost:8000/api/objects/SharedMemory/variables/io%3ASensor1_S/history?count=200&server=ee8d9159:0
[  420239ms] [ERROR] Error обновления графика для io:Sensor1_S: TypeError: Failed to fetch
    at fetchVariableHistory (http://localhost:8000/static/js/app.js:11919:28)
    at updateChart (http://localhost:8000/static/js/app.js:13985:31)
    at http://localhost:8000/static/js/app.js:1209:27 @ http://localhost:8000/static/js/app.js:14010
[  420239ms] [ERROR] Failed to load resource: net::ERR_CONNECTION_REFUSED @ http://localhost:8000/api/objects/SharedMemory/variables/io%3ASensor10_S/history?count=200&server=ee8d9159:0
[  420239ms] [ERROR] Error обновления графика для io:Sensor10_S: TypeError: Failed to fetch
    at fetchVariableHistory (http://localhost:8000/static/js/app.js:11919:28)
    at updateChart (http://localhost:8000/static/js/app.js:13985:31)
    at http://localhost:8000/static/js/app.js:1209:27 @ http://localhost:8000/static/js/app.js:14010
[  420239ms] [ERROR] Failed to load resource: net::ERR_CONNECTION_REFUSED @ http://localhost:8000/api/objects/SharedMemory/variables/io%3ASensor100_S/history?count=200&server=ee8d9159:0
[  420239ms] [ERROR] Error обновления графика для io:Sensor100_S: TypeError: Failed to fetch
    at fetchVariableHistory (http://localhost:8000/static/js/app.js:11919:28)
    at updateChart (http://localhost:8000/static/js/app.js:13985:31)
    at http://localhost:8000/static/js/app.js:1209:27 @ http://localhost:8000/static/js/app.js:14010
[  420349ms] [ERROR] Failed to load resource: net::ERR_CONNECTION_REFUSED @ http://localhost:8000/api/recording/status:0
[  421238ms] [ERROR] Failed to load resource: net::ERR_CONNECTION_REFUSED @ http://localhost:8000/api/objects/SharedMemory?server=ee8d9159:0
[  421239ms] [ERROR] Error загрузки ee8d9159:SharedMemory: TypeError: Failed to fetch
    at fetchObjectData (http://localhost:8000/static/js/app.js:11889:28)
    at loadObjectData (http://localhost:8000/static/js/app.js:13547:28)
    at http://localhost:8000/static/js/app.js:1198:23 @ http://localhost:8000/static/js/app.js:13558
[  421239ms] [ERROR] Failed to load resource: net::ERR_CONNECTION_REFUSED @ http://localhost:8000/api/objects/SharedMemory/variables/io%3ASensor1_S/history?count=200&server=ee8d9159:0
[  421239ms] [ERROR] Error обновления графика для io:Sensor1_S: TypeError: Failed to fetch
    at fetchVariableHistory (http://localhost:8000/static/js/app.js:11919:28)
    at updateChart (http://localhost:8000/static/js/app.js:13985:31)
    at http://localhost:8000/static/js/app.js:1209:27 @ http://localhost:8000/static/js/app.js:14010
[  421240ms] [ERROR] Failed to load resource: net::ERR_CONNECTION_REFUSED @ http://localhost:8000/api/objects/SharedMemory/variables/io%3ASensor10_S/history?count=200&server=ee8d9159:0
[  421240ms] [ERROR] Error обновления графика для io:Sensor10_S: TypeError: Failed to fetch
    at fetchVariableHistory (http://localhost:8000/static/js/app.js:11919:28)
    at updateChart (http://localhost:8000/static/js/app.js:13985:31)
    at http://localhost:8000/static/js/app.js:1209:27 @ http://localhost:8000/static/js/app.js:14010
[  421240ms] [ERROR] Failed to load resource: net::ERR_CONNECTION_REFUSED @ http://localhost:8000/api/objects/SharedMemory/variables/io%3ASensor100_S/history?count=200&server=ee8d9159:0
[  421240ms] [ERROR] Error обновления графика для io:Sensor100_S: TypeError: Failed to fetch
    at fetchVariableHistory (http://localhost:8000/static/js/app.js:11919:28)
    at updateChart (http://localhost:8000/static/js/app.js:13985:31)
    at http://localhost:8000/static/js/app.js:1209:27 @ http://localhost:8000/static/js/app.js:14010
[  422239ms] [ERROR] Failed to load resource: net::ERR_CONNECTION_REFUSED @ http://localhost:8000/api/servers:0
[  422239ms] [ERROR] Error обновления списка объектов: TypeError: Failed to fetch
    at fetchServers (http://localhost:8000/static/js/app.js:11815:28)
    at fetchObjects (http://localhost:8000/static/js/app.js:11822:31)
    at refreshObjectsList (http://localhost:8000/static/js/app.js:11870:28)
    at http://localhost:8000/static/js/app.js:1191:9 @ http://localhost:8000/static/js/app.js:11873
[  422240ms] [ERROR] Failed to load resource: net::ERR_CONNECTION_REFUSED @ http://localhost:8000/api/objects/SharedMemory?server=ee8d9159:0
[  422240ms] [ERROR] Error загрузки ee8d9159:SharedMemory: TypeError: Failed to fetch
    at fetchObjectData (http://localhost:8000/static/js/app.js:11889:28)
    at loadObjectData (http://localhost:8000/static/js/app.js:13547:28)
    at http://localhost:8000/static/js/app.js:1198:23 @ http://localhost:8000/static/js/app.js:13558
[  422240ms] [ERROR] Failed to load resource: net::ERR_CONNECTION_REFUSED @ http://localhost:8000/api/objects/SharedMemory/variables/io%3ASensor1_S/history?count=200&server=ee8d9159:0
[  422241ms] [ERROR] Error обновления графика для io:Sensor1_S: TypeError: Failed to fetch
    at fetchVariableHistory (http://localhost:8000/static/js/app.js:11919:28)
    at updateChart (http://localhost:8000/static/js/app.js:13985:31)
    at http://localhost:8000/static/js/app.js:1209:27 @ http://localhost:8000/static/js/app.js:14010
[  422241ms] [ERROR] Failed to load resource: net::ERR_CONNECTION_REFUSED @ http://localhost:8000/api/objects/SharedMemory/variables/io%3ASensor10_S/history?count=200&server=ee8d9159:0
[  422241ms] [ERROR] Error обновления графика для io:Sensor10_S: TypeError: Failed to fetch
    at fetchVariableHistory (http://localhost:8000/static/js/app.js:11919:28)
    at updateChart (http://localhost:8000/static/js/app.js:13985:31)
    at http://localhost:8000/static/js/app.js:1209:27 @ http://localhost:8000/static/js/app.js:14010
[  422241ms] [ERROR] Failed to load resource: net::ERR_CONNECTION_REFUSED @ http://localhost:8000/api/objects/SharedMemory/variables/io%3ASensor100_S/history?count=200&server=ee8d9159:0
[  422241ms] [ERROR] Error обновления графика для io:Sensor100_S: TypeError: Failed to fetch
    at fetchVariableHistory (http://localhost:8000/static/js/app.js:11919:28)
    at updateChart (http://localhost:8000/static/js/app.js:13985:31)
    at http://localhost:8000/static/js/app.js:1209:27 @ http://localhost:8000/static/js/app.js:14010
[  423236ms] [ERROR] Failed to load resource: net::ERR_CONNECTION_REFUSED @ http://localhost:8000/api/objects/SharedMemory?server=ee8d9159:0
[  423236ms] [ERROR] Error загрузки ee8d9159:SharedMemory: TypeError: Failed to fetch
    at fetchObjectData (http://localhost:8000/static/js/app.js:11889:28)
    at loadObjectData (http://localhost:8000/static/js/app.js:13547:28)
    at http://localhost:8000/static/js/app.js:1198:23 @ http://localhost:8000/static/js/app.js:13558
[  423237ms] [ERROR] Failed to load resource: net::ERR_CONNECTION_REFUSED @ http://localhost:8000/api/objects/SharedMemory/variables/io%3ASensor1_S/history?count=200&server=ee8d9159:0
[  423237ms] [ERROR] Error обновления графика для io:Sensor1_S: TypeError: Failed to fetch
    at fetchVariableHistory (http://localhost:8000/static/js/app.js:11919:28)
    at updateChart (http://localhost:8000/static/js/app.js:13985:31)
    at http://localhost:8000/static/js/app.js:1209:27 @ http://localhost:8000/static/js/app.js:14010
[  423237ms] [ERROR] Failed to load resource: net::ERR_CONNECTION_REFUSED @ http://localhost:8000/api/objects/SharedMemory/variables/io%3ASensor10_S/history?count=200&server=ee8d9159:0
[  423237ms] [ERROR] Error обновления графика для io:Sensor10_S: TypeError: Failed to fetch
    at fetchVariableHistory (http://localhost:8000/static/js/app.js:11919:28)
    at updateChart (http://localhost:8000/static/js/app.js:13985:31)
    at http://localhost:8000/static/js/app.js:1209:27 @ http://localhost:8000/static/js/app.js:14010
[  423237ms] [ERROR] Failed to load resource: net::ERR_CONNECTION_REFUSED @ http://localhost:8000/api/objects/SharedMemory/variables/io%3ASensor100_S/history?count=200&server=ee8d9159:0
[  423237ms] [ERROR] Error обновления графика для io:Sensor100_S: TypeError: Failed to fetch
    at fetchVariableHistory (http://localhost:8000/static/js/app.js:11919:28)
    at updateChart (http://localhost:8000/static/js/app.js:13985:31)
    at http://localhost:8000/static/js/app.js:1209:27 @ http://localhost:8000/static/js/app.js:14010
[  424238ms] [ERROR] Failed to load resource: net::ERR_CONNECTION_REFUSED @ http://localhost:8000/api/objects/SharedMemory?server=ee8d9159:0
[  424238ms] [ERROR] Error загрузки ee8d9159:SharedMemory: TypeError: Failed to fetch
    at fetchObjectData (http://localhost:8000/static/js/app.js:11889:28)
    at loadObjectData (http://localhost:8000/static/js/app.js:13547:28)
    at http://localhost:8000/static/js/app.js:1198:23 @ http://localhost:8000/static/js/app.js:13558
[  424239ms] [ERROR] Failed to load resource: net::ERR_CONNECTION_REFUSED @ http://localhost:8000/api/objects/SharedMemory/variables/io%3ASensor1_S/history?count=200&server=ee8d9159:0
[  424239ms] [ERROR] Error обновления графика для io:Sensor1_S: TypeError: Failed to fetch
    at fetchVariableHistory (http://localhost:8000/static/js/app.js:11919:28)
    at updateChart (http://localhost:8000/static/js/app.js:13985:31)
    at http://localhost:8000/static/js/app.js:1209:27 @ http://localhost:8000/static/js/app.js:14010
[  424239ms] [ERROR] Failed to load resource: net::ERR_CONNECTION_REFUSED @ http://localhost:8000/api/objects/SharedMemory/variables/io%3ASensor10_S/history?count=200&server=ee8d9159:0
[  424239ms] [ERROR] Error обновления графика для io:Sensor10_S: TypeError: Failed to fetch
    at fetchVariableHistory (http://localhost:8000/static/js/app.js:11919:28)
    at updateChart (http://localhost:8000/static/js/app.js:13985:31)
    at http://localhost:8000/static/js/app.js:1209:27 @ http://localhost:8000/static/js/app.js:14010
[  424239ms] [ERROR] Failed to load resource: net::ERR_CONNECTION_REFUSED @ http://localhost:8000/api/objects/SharedMemory/variables/io%3ASensor100_S/history?count=200&server=ee8d9159:0
[  424239ms] [ERROR] Error обновления графика для io:Sensor100_S: TypeError: Failed to fetch
    at fetchVariableHistory (http://localhost:8000/static/js/app.js:11919:28)
    at updateChart (http://localhost:8000/static/js/app.js:13985:31)
    at http://localhost:8000/static/js/app.js:1209:27 @ http://localhost:8000/static/js/app.js:14010
[  425236ms] [ERROR] Failed to load resource: net::ERR_CONNECTION_REFUSED @ http://localhost:8000/api/objects/SharedMemory?server=ee8d9159:0
[  425236ms] [ERROR] Error загрузки ee8d9159:SharedMemory: TypeError: Failed to fetch
    at fetchObjectData (http://localhost:8000/static/js/app.js:11889:28)
    at loadObjectData (http://localhost:8000/static/js/app.js:13547:28)
    at http://localhost:8000/static/js/app.js:1198:23 @ http://localhost:8000/static/js/app.js:13558
[  425237ms] [ERROR] Failed to load resource: net::ERR_CONNECTION_REFUSED @ http://localhost:8000/api/objects/SharedMemory/variables/io%3ASensor1_S/history?count=200&server=ee8d9159:0
[  425237ms] [ERROR] Error обновления графика для io:Sensor1_S: TypeError: Failed to fetch
    at fetchVariableHistory (http://localhost:8000/static/js/app.js:11919:28)
    at updateChart (http://localhost:8000/static/js/app.js:13985:31)
    at http://localhost:8000/static/js/app.js:1209:27 @ http://localhost:8000/static/js/app.js:14010
[  425237ms] [ERROR] Failed to load resource: net::ERR_CONNECTION_REFUSED @ http://localhost:8000/api/objects/SharedMemory/variables/io%3ASensor10_S/history?count=200&server=ee8d9159:0
[  425237ms] [ERROR] Error обновления графика для io:Sensor10_S: TypeError: Failed to fetch
    at fetchVariableHistory (http://localhost:8000/static/js/app.js:11919:28)
    at updateChart (http://localhost:8000/static/js/app.js:13985:31)
    at http://localhost:8000/static/js/app.js:1209:27 @ http://localhost:8000/static/js/app.js:14010
[  425237ms] [ERROR] Failed to load resource: net::ERR_CONNECTION_REFUSED @ http://localhost:8000/api/objects/SharedMemory/variables/io%3ASensor100_S/history?count=200&server=ee8d9159:0
[  425237ms] [ERROR] Error обновления графика для io:Sensor100_S: TypeError: Failed to fetch
    at fetchVariableHistory (http://localhost:8000/static/js/app.js:11919:28)
    at updateChart (http://localhost:8000/static/js/app.js:13985:31)
    at http://localhost:8000/static/js/app.js:1209:27 @ http://localhost:8000/static/js/app.js:14010
[  425349ms] [ERROR] Failed to load resource: net::ERR_CONNECTION_REFUSED @ http://localhost:8000/api/recording/status:0
[  426238ms] [ERROR] Failed to load resource: net::ERR_CONNECTION_REFUSED @ http://localhost:8000/api/objects/SharedMemory?server=ee8d9159:0
[  426238ms] [ERROR] Error загрузки ee8d9159:SharedMemory: TypeError: Failed to fetch
    at fetchObjectData (http://localhost:8000/static/js/app.js:11889:28)
    at loadObjectData (http://localhost:8000/static/js/app.js:13547:28)
    at http://localhost:8000/static/js/app.js:1198:23 @ http://localhost:8000/static/js/app.js:13558
[  426239ms] [ERROR] Failed to load resource: net::ERR_CONNECTION_REFUSED @ http://localhost:8000/api/objects/SharedMemory/variables/io%3ASensor1_S/history?count=200&server=ee8d9159:0
[  426239ms] [ERROR] Error обновления графика для io:Sensor1_S: TypeError: Failed to fetch
    at fetchVariableHistory (http://localhost:8000/static/js/app.js:11919:28)
    at updateChart (http://localhost:8000/static/js/app.js:13985:31)
    at http://localhost:8000/static/js/app.js:1209:27 @ http://localhost:8000/static/js/app.js:14010
[  426239ms] [ERROR] Failed to load resource: net::ERR_CONNECTION_REFUSED @ http://localhost:8000/api/objects/SharedMemory/variables/io%3ASensor10_S/history?count=200&server=ee8d9159:0
[  426240ms] [ERROR] Error обновления графика для io:Sensor10_S: TypeError: Failed to fetch
    at fetchVariableHistory (http://localhost:8000/static/js/app.js:11919:28)
    at updateChart (http://localhost:8000/static/js/app.js:13985:31)
    at http://localhost:8000/static/js/app.js:1209:27 @ http://localhost:8000/static/js/app.js:14010
[  426240ms] [ERROR] Failed to load resource: net::ERR_CONNECTION_REFUSED @ http://localhost:8000/api/objects/SharedMemory/variables/io%3ASensor100_S/history?count=200&server=ee8d9159:0
[  426240ms] [ERROR] Error обновления графика для io:Sensor100_S: TypeError: Failed to fetch
    at fetchVariableHistory (http://localhost:8000/static/js/app.js:11919:28)
    at updateChart (http://localhost:8000/static/js/app.js:13985:31)
    at http://localhost:8000/static/js/app.js:1209:27 @ http://localhost:8000/static/js/app.js:14010
[  427236ms] [ERROR] Failed to load resource: net::ERR_CONNECTION_REFUSED @ http://localhost:8000/api/objects/SharedMemory?server=ee8d9159:0
[  427236ms] [ERROR] Error загрузки ee8d9159:SharedMemory: TypeError: Failed to fetch
    at fetchObjectData (http://localhost:8000/static/js/app.js:11889:28)
    at loadObjectData (http://localhost:8000/static/js/app.js:13547:28)
    at http://localhost:8000/static/js/app.js:1198:23 @ http://localhost:8000/static/js/app.js:13558
[  427236ms] [ERROR] Failed to load resource: net::ERR_CONNECTION_REFUSED @ http://localhost:8000/api/objects/SharedMemory/variables/io%3ASensor1_S/history?count=200&server=ee8d9159:0
[  427236ms] [ERROR] Error обновления графика для io:Sensor1_S: TypeError: Failed to fetch
    at fetchVariableHistory (http://localhost:8000/static/js/app.js:11919:28)
    at updateChart (http://localhost:8000/static/js/app.js:13985:31)
    at http://localhost:8000/static/js/app.js:1209:27 @ http://localhost:8000/static/js/app.js:14010
[  427236ms] [ERROR] Failed to load resource: net::ERR_CONNECTION_REFUSED @ http://localhost:8000/api/objects/SharedMemory/variables/io%3ASensor10_S/history?count=200&server=ee8d9159:0
[  427236ms] [ERROR] Error обновления графика для io:Sensor10_S: TypeError: Failed to fetch
    at fetchVariableHistory (http://localhost:8000/static/js/app.js:11919:28)
    at updateChart (http://localhost:8000/static/js/app.js:13985:31)
    at http://localhost:8000/static/js/app.js:1209:27 @ http://localhost:8000/static/js/app.js:14010
[  427236ms] [ERROR] Failed to load resource: net::ERR_CONNECTION_REFUSED @ http://localhost:8000/api/objects/SharedMemory/variables/io%3ASensor100_S/history?count=200&server=ee8d9159:0
[  427236ms] [ERROR] Error обновления графика для io:Sensor100_S: TypeError: Failed to fetch
    at fetchVariableHistory (http://localhost:8000/static/js/app.js:11919:28)
    at updateChart (http://localhost:8000/static/js/app.js:13985:31)
    at http://localhost:8000/static/js/app.js:1209:27 @ http://localhost:8000/static/js/app.js:14010
[  428237ms] [ERROR] Failed to load resource: net::ERR_CONNECTION_REFUSED @ http://localhost:8000/api/servers:0
[  428237ms] [ERROR] Error обновления списка объектов: TypeError: Failed to fetch
    at fetchServers (http://localhost:8000/static/js/app.js:11815:28)
    at fetchObjects (http://localhost:8000/static/js/app.js:11822:31)
    at refreshObjectsList (http://localhost:8000/static/js/app.js:11870:28)
    at http://localhost:8000/static/js/app.js:1191:9 @ http://localhost:8000/static/js/app.js:11873
[  428237ms] [ERROR] Failed to load resource: net::ERR_CONNECTION_REFUSED @ http://localhost:8000/api/objects/SharedMemory?server=ee8d9159:0
[  428237ms] [ERROR] Error загрузки ee8d9159:SharedMemory: TypeError: Failed to fetch
    at fetchObjectData (http://localhost:8000/static/js/app.js:11889:28)
    at loadObjectData (http://localhost:8000/static/js/app.js:13547:28)
    at http://localhost:8000/static/js/app.js:1198:23 @ http://localhost:8000/static/js/app.js:13558
[  428238ms] [ERROR] Failed to load resource: net::ERR_CONNECTION_REFUSED @ http://localhost:8000/api/objects/SharedMemory/variables/io%3ASensor1_S/history?count=200&server=ee8d9159:0
[  428238ms] [ERROR] Error обновления графика для io:Sensor1_S: TypeError: Failed to fetch
    at fetchVariableHistory (http://localhost:8000/static/js/app.js:11919:28)
    at updateChart (http://localhost:8000/static/js/app.js:13985:31)
    at http://localhost:8000/static/js/app.js:1209:27 @ http://localhost:8000/static/js/app.js:14010
[  428238ms] [ERROR] Failed to load resource: net::ERR_CONNECTION_REFUSED @ http://localhost:8000/api/objects/SharedMemory/variables/io%3ASensor10_S/history?count=200&server=ee8d9159:0
[  428238ms] [ERROR] Error обновления графика для io:Sensor10_S: TypeError: Failed to fetch
    at fetchVariableHistory (http://localhost:8000/static/js/app.js:11919:28)
    at updateChart (http://localhost:8000/static/js/app.js:13985:31)
    at http://localhost:8000/static/js/app.js:1209:27 @ http://localhost:8000/static/js/app.js:14010
[  428239ms] [ERROR] Failed to load resource: net::ERR_CONNECTION_REFUSED @ http://localhost:8000/api/objects/SharedMemory/variables/io%3ASensor100_S/history?count=200&server=ee8d9159:0
[  428239ms] [ERROR] Error обновления графика для io:Sensor100_S: TypeError: Failed to fetch
    at fetchVariableHistory (http://localhost:8000/static/js/app.js:11919:28)
    at updateChart (http://localhost:8000/static/js/app.js:13985:31)
    at http://localhost:8000/static/js/app.js:1209:27 @ http://localhost:8000/static/js/app.js:14010
[  429239ms] [ERROR] Failed to load resource: net::ERR_CONNECTION_REFUSED @ http://localhost:8000/api/objects/SharedMemory?server=ee8d9159:0
[  429239ms] [ERROR] Error загрузки ee8d9159:SharedMemory: TypeError: Failed to fetch
    at fetchObjectData (http://localhost:8000/static/js/app.js:11889:28)
    at loadObjectData (http://localhost:8000/static/js/app.js:13547:28)
    at http://localhost:8000/static/js/app.js:1198:23 @ http://localhost:8000/static/js/app.js:13558
[  429240ms] [ERROR] Failed to load resource: net::ERR_CONNECTION_REFUSED @ http://localhost:8000/api/objects/SharedMemory/variables/io%3ASensor1_S/history?count=200&server=ee8d9159:0
[  429240ms] [ERROR] Error обновления графика для io:Sensor1_S: TypeError: Failed to fetch
    at fetchVariableHistory (http://localhost:8000/static/js/app.js:11919:28)
    at updateChart (http://localhost:8000/static/js/app.js:13985:31)
    at http://localhost:8000/static/js/app.js:1209:27 @ http://localhost:8000/static/js/app.js:14010
[  429240ms] [ERROR] Failed to load resource: net::ERR_CONNECTION_REFUSED @ http://localhost:8000/api/objects/SharedMemory/variables/io%3ASensor10_S/history?count=200&server=ee8d9159:0
[  429240ms] [ERROR] Error обновления графика для io:Sensor10_S: TypeError: Failed to fetch
    at fetchVariableHistory (http://localhost:8000/static/js/app.js:11919:28)
    at updateChart (http://localhost:8000/static/js/app.js:13985:31)
    at http://localhost:8000/static/js/app.js:1209:27 @ http://localhost:8000/static/js/app.js:14010
[  429241ms] [ERROR] Failed to load resource: net::ERR_CONNECTION_REFUSED @ http://localhost:8000/api/objects/SharedMemory/variables/io%3ASensor100_S/history?count=200&server=ee8d9159:0
[  429241ms] [ERROR] Error обновления графика для io:Sensor100_S: TypeError: Failed to fetch
    at fetchVariableHistory (http://localhost:8000/static/js/app.js:11919:28)
    at updateChart (http://localhost:8000/static/js/app.js:13985:31)
    at http://localhost:8000/static/js/app.js:1209:27 @ http://localhost:8000/static/js/app.js:14010
[  430240ms] [ERROR] Failed to load resource: net::ERR_CONNECTION_REFUSED @ http://localhost:8000/api/objects/SharedMemory?server=ee8d9159:0
[  430240ms] [ERROR] Error загрузки ee8d9159:SharedMemory: TypeError: Failed to fetch
    at fetchObjectData (http://localhost:8000/static/js/app.js:11889:28)
    at loadObjectData (http://localhost:8000/static/js/app.js:13547:28)
    at http://localhost:8000/static/js/app.js:1198:23 @ http://localhost:8000/static/js/app.js:13558
[  430241ms] [ERROR] Failed to load resource: net::ERR_CONNECTION_REFUSED @ http://localhost:8000/api/objects/SharedMemory/variables/io%3ASensor1_S/history?count=200&server=ee8d9159:0
[  430241ms] [ERROR] Error обновления графика для io:Sensor1_S: TypeError: Failed to fetch
    at fetchVariableHistory (http://localhost:8000/static/js/app.js:11919:28)
    at updateChart (http://localhost:8000/static/js/app.js:13985:31)
    at http://localhost:8000/static/js/app.js:1209:27 @ http://localhost:8000/static/js/app.js:14010
[  430242ms] [ERROR] Failed to load resource: net::ERR_CONNECTION_REFUSED @ http://localhost:8000/api/objects/SharedMemory/variables/io%3ASensor10_S/history?count=200&server=ee8d9159:0
[  430242ms] [ERROR] Error обновления графика для io:Sensor10_S: TypeError: Failed to fetch
    at fetchVariableHistory (http://localhost:8000/static/js/app.js:11919:28)
    at updateChart (http://localhost:8000/static/js/app.js:13985:31)
    at http://localhost:8000/static/js/app.js:1209:27 @ http://localhost:8000/static/js/app.js:14010
[  430242ms] [ERROR] Failed to load resource: net::ERR_CONNECTION_REFUSED @ http://localhost:8000/api/objects/SharedMemory/variables/io%3ASensor100_S/history?count=200&server=ee8d9159:0
[  430242ms] [ERROR] Error обновления графика для io:Sensor100_S: TypeError: Failed to fetch
    at fetchVariableHistory (http://localhost:8000/static/js/app.js:11919:28)
    at updateChart (http://localhost:8000/static/js/app.js:13985:31)
    at http://localhost:8000/static/js/app.js:1209:27 @ http://localhost:8000/static/js/app.js:14010
[  430350ms] [ERROR] Failed to load resource: net::ERR_CONNECTION_REFUSED @ http://localhost:8000/api/recording/status:0
[  431238ms] [ERROR] Failed to load resource: net::ERR_CONNECTION_REFUSED @ http://localhost:8000/api/objects/SharedMemory?server=ee8d9159:0
[  431238ms] [ERROR] Error загрузки ee8d9159:SharedMemory: TypeError: Failed to fetch
    at fetchObjectData (http://localhost:8000/static/js/app.js:11889:28)
    at loadObjectData (http://localhost:8000/static/js/app.js:13547:28)
    at http://localhost:8000/static/js/app.js:1198:23 @ http://localhost:8000/static/js/app.js:13558
[  431239ms] [ERROR] Failed to load resource: net::ERR_CONNECTION_REFUSED @ http://localhost:8000/api/objects/SharedMemory/variables/io%3ASensor1_S/history?count=200&server=ee8d9159:0
[  431239ms] [ERROR] Error обновления графика для io:Sensor1_S: TypeError: Failed to fetch
    at fetchVariableHistory (http://localhost:8000/static/js/app.js:11919:28)
    at updateChart (http://localhost:8000/static/js/app.js:13985:31)
    at http://localhost:8000/static/js/app.js:1209:27 @ http://localhost:8000/static/js/app.js:14010
[  431240ms] [ERROR] Failed to load resource: net::ERR_CONNECTION_REFUSED @ http://localhost:8000/api/objects/SharedMemory/variables/io%3ASensor10_S/history?count=200&server=ee8d9159:0
[  431240ms] [ERROR] Error обновления графика для io:Sensor10_S: TypeError: Failed to fetch
    at fetchVariableHistory (http://localhost:8000/static/js/app.js:11919:28)
    at updateChart (http://localhost:8000/static/js/app.js:13985:31)
    at http://localhost:8000/static/js/app.js:1209:27 @ http://localhost:8000/static/js/app.js:14010
[  431240ms] [ERROR] Failed to load resource: net::ERR_CONNECTION_REFUSED @ http://localhost:8000/api/objects/SharedMemory/variables/io%3ASensor100_S/history?count=200&server=ee8d9159:0
[  431240ms] [ERROR] Error обновления графика для io:Sensor100_S: TypeError: Failed to fetch
    at fetchVariableHistory (http://localhost:8000/static/js/app.js:11919:28)
    at updateChart (http://localhost:8000/static/js/app.js:13985:31)
    at http://localhost:8000/static/js/app.js:1209:27 @ http://localhost:8000/static/js/app.js:14010
[  432238ms] [ERROR] Failed to load resource: net::ERR_CONNECTION_REFUSED @ http://localhost:8000/api/objects/SharedMemory?server=ee8d9159:0
[  432238ms] [ERROR] Error загрузки ee8d9159:SharedMemory: TypeError: Failed to fetch
    at fetchObjectData (http://localhost:8000/static/js/app.js:11889:28)
    at loadObjectData (http://localhost:8000/static/js/app.js:13547:28)
    at http://localhost:8000/static/js/app.js:1198:23 @ http://localhost:8000/static/js/app.js:13558
[  432238ms] [ERROR] Failed to load resource: net::ERR_CONNECTION_REFUSED @ http://localhost:8000/api/objects/SharedMemory/variables/io%3ASensor1_S/history?count=200&server=ee8d9159:0
[  432239ms] [ERROR] Error обновления графика для io:Sensor1_S: TypeError: Failed to fetch
    at fetchVariableHistory (http://localhost:8000/static/js/app.js:11919:28)
    at updateChart (http://localhost:8000/static/js/app.js:13985:31)
    at http://localhost:8000/static/js/app.js:1209:27 @ http://localhost:8000/static/js/app.js:14010
[  432239ms] [ERROR] Failed to load resource: net::ERR_CONNECTION_REFUSED @ http://localhost:8000/api/objects/SharedMemory/variables/io%3ASensor10_S/history?count=200&server=ee8d9159:0
[  432239ms] [ERROR] Error обновления графика для io:Sensor10_S: TypeError: Failed to fetch
    at fetchVariableHistory (http://localhost:8000/static/js/app.js:11919:28)
    at updateChart (http://localhost:8000/static/js/app.js:13985:31)
    at http://localhost:8000/static/js/app.js:1209:27 @ http://localhost:8000/static/js/app.js:14010
[  432239ms] [ERROR] Failed to load resource: net::ERR_CONNECTION_REFUSED @ http://localhost:8000/api/objects/SharedMemory/variables/io%3ASensor100_S/history?count=200&server=ee8d9159:0
[  432240ms] [ERROR] Error обновления графика для io:Sensor100_S: TypeError: Failed to fetch
    at fetchVariableHistory (http://localhost:8000/static/js/app.js:11919:28)
    at updateChart (http://localhost:8000/static/js/app.js:13985:31)
    at http://localhost:8000/static/js/app.js:1209:27 @ http://localhost:8000/static/js/app.js:14010
[  433239ms] [ERROR] Failed to load resource: net::ERR_CONNECTION_REFUSED @ http://localhost:8000/api/objects/SharedMemory?server=ee8d9159:0
[  433239ms] [ERROR] Error загрузки ee8d9159:SharedMemory: TypeError: Failed to fetch
    at fetchObjectData (http://localhost:8000/static/js/app.js:11889:28)
    at loadObjectData (http://localhost:8000/static/js/app.js:13547:28)
    at http://localhost:8000/static/js/app.js:1198:23 @ http://localhost:8000/static/js/app.js:13558
[  433240ms] [ERROR] Failed to load resource: net::ERR_CONNECTION_REFUSED @ http://localhost:8000/api/objects/SharedMemory/variables/io%3ASensor1_S/history?count=200&server=ee8d9159:0
[  433240ms] [ERROR] Error обновления графика для io:Sensor1_S: TypeError: Failed to fetch
    at fetchVariableHistory (http://localhost:8000/static/js/app.js:11919:28)
    at updateChart (http://localhost:8000/static/js/app.js:13985:31)
    at http://localhost:8000/static/js/app.js:1209:27 @ http://localhost:8000/static/js/app.js:14010
[  433240ms] [ERROR] Failed to load resource: net::ERR_CONNECTION_REFUSED @ http://localhost:8000/api/objects/SharedMemory/variables/io%3ASensor10_S/history?count=200&server=ee8d9159:0
[  433240ms] [ERROR] Error обновления графика для io:Sensor10_S: TypeError: Failed to fetch
    at fetchVariableHistory (http://localhost:8000/static/js/app.js:11919:28)
    at updateChart (http://localhost:8000/static/js/app.js:13985:31)
    at http://localhost:8000/static/js/app.js:1209:27 @ http://localhost:8000/static/js/app.js:14010
[  433241ms] [ERROR] Failed to load resource: net::ERR_CONNECTION_REFUSED @ http://localhost:8000/api/objects/SharedMemory/variables/io%3ASensor100_S/history?count=200&server=ee8d9159:0
[  433241ms] [ERROR] Error обновления графика для io:Sensor100_S: TypeError: Failed to fetch
    at fetchVariableHistory (http://localhost:8000/static/js/app.js:11919:28)
    at updateChart (http://localhost:8000/static/js/app.js:13985:31)
    at http://localhost:8000/static/js/app.js:1209:27 @ http://localhost:8000/static/js/app.js:14010
[  434239ms] [ERROR] Failed to load resource: net::ERR_CONNECTION_REFUSED @ http://localhost:8000/api/servers:0
[  434239ms] [ERROR] Error обновления списка объектов: TypeError: Failed to fetch
    at fetchServers (http://localhost:8000/static/js/app.js:11815:28)
    at fetchObjects (http://localhost:8000/static/js/app.js:11822:31)
    at refreshObjectsList (http://localhost:8000/static/js/app.js:11870:28)
    at http://localhost:8000/static/js/app.js:1191:9 @ http://localhost:8000/static/js/app.js:11873
[  434240ms] [ERROR] Failed to load resource: net::ERR_CONNECTION_REFUSED @ http://localhost:8000/api/objects/SharedMemory?server=ee8d9159:0
[  434240ms] [ERROR] Error загрузки ee8d9159:SharedMemory: TypeError: Failed to fetch
    at fetchObjectData (http://localhost:8000/static/js/app.js:11889:28)
    at loadObjectData (http://localhost:8000/static/js/app.js:13547:28)
    at http://localhost:8000/static/js/app.js:1198:23 @ http://localhost:8000/static/js/app.js:13558
[  434241ms] [ERROR] Failed to load resource: net::ERR_CONNECTION_REFUSED @ http://localhost:8000/api/objects/SharedMemory/variables/io%3ASensor1_S/history?count=200&server=ee8d9159:0
[  434241ms] [ERROR] Error обновления графика для io:Sensor1_S: TypeError: Failed to fetch
    at fetchVariableHistory (http://localhost:8000/static/js/app.js:11919:28)
    at updateChart (http://localhost:8000/static/js/app.js:13985:31)
    at http://localhost:8000/static/js/app.js:1209:27 @ http://localhost:8000/static/js/app.js:14010
[  434241ms] [ERROR] Failed to load resource: net::ERR_CONNECTION_REFUSED @ http://localhost:8000/api/objects/SharedMemory/variables/io%3ASensor10_S/history?count=200&server=ee8d9159:0
[  434241ms] [ERROR] Error обновления графика для io:Sensor10_S: TypeError: Failed to fetch
    at fetchVariableHistory (http://localhost:8000/static/js/app.js:11919:28)
    at updateChart (http://localhost:8000/static/js/app.js:13985:31)
    at http://localhost:8000/static/js/app.js:1209:27 @ http://localhost:8000/static/js/app.js:14010
[  434242ms] [ERROR] Failed to load resource: net::ERR_CONNECTION_REFUSED @ http://localhost:8000/api/objects/SharedMemory/variables/io%3ASensor100_S/history?count=200&server=ee8d9159:0
[  434242ms] [ERROR] Error обновления графика для io:Sensor100_S: TypeError: Failed to fetch
    at fetchVariableHistory (http://localhost:8000/static/js/app.js:11919:28)
    at updateChart (http://localhost:8000/static/js/app.js:13985:31)
    at http://localhost:8000/static/js/app.js:1209:27 @ http://localhost:8000/static/js/app.js:14010
[  435240ms] [ERROR] Failed to load resource: net::ERR_CONNECTION_REFUSED @ http://localhost:8000/api/objects/SharedMemory?server=ee8d9159:0
[  435240ms] [ERROR] Error загрузки ee8d9159:SharedMemory: TypeError: Failed to fetch
    at fetchObjectData (http://localhost:8000/static/js/app.js:11889:28)
    at loadObjectData (http://localhost:8000/static/js/app.js:13547:28)
    at http://localhost:8000/static/js/app.js:1198:23 @ http://localhost:8000/static/js/app.js:13558
[  435240ms] [ERROR] Failed to load resource: net::ERR_CONNECTION_REFUSED @ http://localhost:8000/api/objects/SharedMemory/variables/io%3ASensor1_S/history?count=200&server=ee8d9159:0
[  435240ms] [ERROR] Error обновления графика для io:Sensor1_S: TypeError: Failed to fetch
    at fetchVariableHistory (http://localhost:8000/static/js/app.js:11919:28)
    at updateChart (http://localhost:8000/static/js/app.js:13985:31)
    at http://localhost:8000/static/js/app.js:1209:27 @ http://localhost:8000/static/js/app.js:14010
[  435241ms] [ERROR] Failed to load resource: net::ERR_CONNECTION_REFUSED @ http://localhost:8000/api/objects/SharedMemory/variables/io%3ASensor10_S/history?count=200&server=ee8d9159:0
[  435241ms] [ERROR] Error обновления графика для io:Sensor10_S: TypeError: Failed to fetch
    at fetchVariableHistory (http://localhost:8000/static/js/app.js:11919:28)
    at updateChart (http://localhost:8000/static/js/app.js:13985:31)
    at http://localhost:8000/static/js/app.js:1209:27 @ http://localhost:8000/static/js/app.js:14010
[  435241ms] [ERROR] Failed to load resource: net::ERR_CONNECTION_REFUSED @ http://localhost:8000/api/objects/SharedMemory/variables/io%3ASensor100_S/history?count=200&server=ee8d9159:0
[  435241ms] [ERROR] Error обновления графика для io:Sensor100_S: TypeError: Failed to fetch
    at fetchVariableHistory (http://localhost:8000/static/js/app.js:11919:28)
    at updateChart (http://localhost:8000/static/js/app.js:13985:31)
    at http://localhost:8000/static/js/app.js:1209:27 @ http://localhost:8000/static/js/app.js:14010
[  435351ms] [ERROR] Failed to load resource: net::ERR_CONNECTION_REFUSED @ http://localhost:8000/api/recording/status:0
[  436239ms] [ERROR] Failed to load resource: net::ERR_CONNECTION_REFUSED @ http://localhost:8000/api/objects/SharedMemory?server=ee8d9159:0
[  436239ms] [ERROR] Error загрузки ee8d9159:SharedMemory: TypeError: Failed to fetch
    at fetchObjectData (http://localhost:8000/static/js/app.js:11889:28)
    at loadObjectData (http://localhost:8000/static/js/app.js:13547:28)
    at http://localhost:8000/static/js/app.js:1198:23 @ http://localhost:8000/static/js/app.js:13558
[  436240ms] [ERROR] Failed to load resource: net::ERR_CONNECTION_REFUSED @ http://localhost:8000/api/objects/SharedMemory/variables/io%3ASensor1_S/history?count=200&server=ee8d9159:0
[  436240ms] [ERROR] Error обновления графика для io:Sensor1_S: TypeError: Failed to fetch
    at fetchVariableHistory (http://localhost:8000/static/js/app.js:11919:28)
    at updateChart (http://localhost:8000/static/js/app.js:13985:31)
    at http://localhost:8000/static/js/app.js:1209:27 @ http://localhost:8000/static/js/app.js:14010
[  436240ms] [ERROR] Failed to load resource: net::ERR_CONNECTION_REFUSED @ http://localhost:8000/api/objects/SharedMemory/variables/io%3ASensor10_S/history?count=200&server=ee8d9159:0
[  436241ms] [ERROR] Error обновления графика для io:Sensor10_S: TypeError: Failed to fetch
    at fetchVariableHistory (http://localhost:8000/static/js/app.js:11919:28)
    at updateChart (http://localhost:8000/static/js/app.js:13985:31)
    at http://localhost:8000/static/js/app.js:1209:27 @ http://localhost:8000/static/js/app.js:14010
[  436241ms] [ERROR] Failed to load resource: net::ERR_CONNECTION_REFUSED @ http://localhost:8000/api/objects/SharedMemory/variables/io%3ASensor100_S/history?count=200&server=ee8d9159:0
[  436241ms] [ERROR] Error обновления графика для io:Sensor100_S: TypeError: Failed to fetch
    at fetchVariableHistory (http://localhost:8000/static/js/app.js:11919:28)
    at updateChart (http://localhost:8000/static/js/app.js:13985:31)
    at http://localhost:8000/static/js/app.js:1209:27 @ http://localhost:8000/static/js/app.js:14010
[  437240ms] [ERROR] Failed to load resource: net::ERR_CONNECTION_REFUSED @ http://localhost:8000/api/objects/SharedMemory?server=ee8d9159:0
[  437240ms] [ERROR] Error загрузки ee8d9159:SharedMemory: TypeError: Failed to fetch
    at fetchObjectData (http://localhost:8000/static/js/app.js:11889:28)
    at loadObjectData (http://localhost:8000/static/js/app.js:13547:28)
    at http://localhost:8000/static/js/app.js:1198:23 @ http://localhost:8000/static/js/app.js:13558
[  437241ms] [ERROR] Failed to load resource: net::ERR_CONNECTION_REFUSED @ http://localhost:8000/api/objects/SharedMemory/variables/io%3ASensor1_S/history?count=200&server=ee8d9159:0
[  437241ms] [ERROR] Error обновления графика для io:Sensor1_S: TypeError: Failed to fetch
    at fetchVariableHistory (http://localhost:8000/static/js/app.js:11919:28)
    at updateChart (http://localhost:8000/static/js/app.js:13985:31)
    at http://localhost:8000/static/js/app.js:1209:27 @ http://localhost:8000/static/js/app.js:14010
[  437241ms] [ERROR] Failed to load resource: net::ERR_CONNECTION_REFUSED @ http://localhost:8000/api/objects/SharedMemory/variables/io%3ASensor10_S/history?count=200&server=ee8d9159:0
[  437241ms] [ERROR] Error обновления графика для io:Sensor10_S: TypeError: Failed to fetch
    at fetchVariableHistory (http://localhost:8000/static/js/app.js:11919:28)
    at updateChart (http://localhost:8000/static/js/app.js:13985:31)
    at http://localhost:8000/static/js/app.js:1209:27 @ http://localhost:8000/static/js/app.js:14010
[  437242ms] [ERROR] Failed to load resource: net::ERR_CONNECTION_REFUSED @ http://localhost:8000/api/objects/SharedMemory/variables/io%3ASensor100_S/history?count=200&server=ee8d9159:0
[  437242ms] [ERROR] Error обновления графика для io:Sensor100_S: TypeError: Failed to fetch
    at fetchVariableHistory (http://localhost:8000/static/js/app.js:11919:28)
    at updateChart (http://localhost:8000/static/js/app.js:13985:31)
    at http://localhost:8000/static/js/app.js:1209:27 @ http://localhost:8000/static/js/app.js:14010
[  438238ms] [ERROR] Failed to load resource: net::ERR_CONNECTION_REFUSED @ http://localhost:8000/api/objects/SharedMemory?server=ee8d9159:0
[  438238ms] [ERROR] Error загрузки ee8d9159:SharedMemory: TypeError: Failed to fetch
    at fetchObjectData (http://localhost:8000/static/js/app.js:11889:28)
    at loadObjectData (http://localhost:8000/static/js/app.js:13547:28)
    at http://localhost:8000/static/js/app.js:1198:23 @ http://localhost:8000/static/js/app.js:13558
[  438238ms] [ERROR] Failed to load resource: net::ERR_CONNECTION_REFUSED @ http://localhost:8000/api/objects/SharedMemory/variables/io%3ASensor1_S/history?count=200&server=ee8d9159:0
[  438238ms] [ERROR] Error обновления графика для io:Sensor1_S: TypeError: Failed to fetch
    at fetchVariableHistory (http://localhost:8000/static/js/app.js:11919:28)
    at updateChart (http://localhost:8000/static/js/app.js:13985:31)
    at http://localhost:8000/static/js/app.js:1209:27 @ http://localhost:8000/static/js/app.js:14010
[  438238ms] [ERROR] Failed to load resource: net::ERR_CONNECTION_REFUSED @ http://localhost:8000/api/objects/SharedMemory/variables/io%3ASensor10_S/history?count=200&server=ee8d9159:0
[  438238ms] [ERROR] Error обновления графика для io:Sensor10_S: TypeError: Failed to fetch
    at fetchVariableHistory (http://localhost:8000/static/js/app.js:11919:28)
    at updateChart (http://localhost:8000/static/js/app.js:13985:31)
    at http://localhost:8000/static/js/app.js:1209:27 @ http://localhost:8000/static/js/app.js:14010
[  438239ms] [ERROR] Failed to load resource: net::ERR_CONNECTION_REFUSED @ http://localhost:8000/api/objects/SharedMemory/variables/io%3ASensor100_S/history?count=200&server=ee8d9159:0
[  438239ms] [ERROR] Error обновления графика для io:Sensor100_S: TypeError: Failed to fetch
    at fetchVariableHistory (http://localhost:8000/static/js/app.js:11919:28)
    at updateChart (http://localhost:8000/static/js/app.js:13985:31)
    at http://localhost:8000/static/js/app.js:1209:27 @ http://localhost:8000/static/js/app.js:14010
[  439239ms] [ERROR] Failed to load resource: net::ERR_CONNECTION_REFUSED @ http://localhost:8000/api/objects/SharedMemory?server=ee8d9159:0
[  439239ms] [ERROR] Error загрузки ee8d9159:SharedMemory: TypeError: Failed to fetch
    at fetchObjectData (http://localhost:8000/static/js/app.js:11889:28)
    at loadObjectData (http://localhost:8000/static/js/app.js:13547:28)
    at http://localhost:8000/static/js/app.js:1198:23 @ http://localhost:8000/static/js/app.js:13558
[  439240ms] [ERROR] Failed to load resource: net::ERR_CONNECTION_REFUSED @ http://localhost:8000/api/objects/SharedMemory/variables/io%3ASensor1_S/history?count=200&server=ee8d9159:0
[  439240ms] [ERROR] Error обновления графика для io:Sensor1_S: TypeError: Failed to fetch
    at fetchVariableHistory (http://localhost:8000/static/js/app.js:11919:28)
    at updateChart (http://localhost:8000/static/js/app.js:13985:31)
    at http://localhost:8000/static/js/app.js:1209:27 @ http://localhost:8000/static/js/app.js:14010
[  439240ms] [ERROR] Failed to load resource: net::ERR_CONNECTION_REFUSED @ http://localhost:8000/api/objects/SharedMemory/variables/io%3ASensor10_S/history?count=200&server=ee8d9159:0
[  439240ms] [ERROR] Error обновления графика для io:Sensor10_S: TypeError: Failed to fetch
    at fetchVariableHistory (http://localhost:8000/static/js/app.js:11919:28)
    at updateChart (http://localhost:8000/static/js/app.js:13985:31)
    at http://localhost:8000/static/js/app.js:1209:27 @ http://localhost:8000/static/js/app.js:14010
[  439240ms] [ERROR] Failed to load resource: net::ERR_CONNECTION_REFUSED @ http://localhost:8000/api/objects/SharedMemory/variables/io%3ASensor100_S/history?count=200&server=ee8d9159:0
[  439240ms] [ERROR] Error обновления графика для io:Sensor100_S: TypeError: Failed to fetch
    at fetchVariableHistory (http://localhost:8000/static/js/app.js:11919:28)
    at updateChart (http://localhost:8000/static/js/app.js:13985:31)
    at http://localhost:8000/static/js/app.js:1209:27 @ http://localhost:8000/static/js/app.js:14010
[  440238ms] [ERROR] Failed to load resource: net::ERR_CONNECTION_REFUSED @ http://localhost:8000/api/servers:0
[  440238ms] [ERROR] Error обновления списка объектов: TypeError: Failed to fetch
    at fetchServers (http://localhost:8000/static/js/app.js:11815:28)
    at fetchObjects (http://localhost:8000/static/js/app.js:11822:31)
    at refreshObjectsList (http://localhost:8000/static/js/app.js:11870:28)
    at http://localhost:8000/static/js/app.js:1191:9 @ http://localhost:8000/static/js/app.js:11873
[  440239ms] [ERROR] Failed to load resource: net::ERR_CONNECTION_REFUSED @ http://localhost:8000/api/objects/SharedMemory?server=ee8d9159:0
[  440239ms] [ERROR] Error загрузки ee8d9159:SharedMemory: TypeError: Failed to fetch
    at fetchObjectData (http://localhost:8000/static/js/app.js:11889:28)
    at loadObjectData (http://localhost:8000/static/js/app.js:13547:28)
    at http://localhost:8000/static/js/app.js:1198:23 @ http://localhost:8000/static/js/app.js:13558
[  440239ms] [ERROR] Failed to load resource: net::ERR_CONNECTION_REFUSED @ http://localhost:8000/api/objects/SharedMemory/variables/io%3ASensor1_S/history?count=200&server=ee8d9159:0
[  440239ms] [ERROR] Error обновления графика для io:Sensor1_S: TypeError: Failed to fetch
    at fetchVariableHistory (http://localhost:8000/static/js/app.js:11919:28)
    at updateChart (http://localhost:8000/static/js/app.js:13985:31)
    at http://localhost:8000/static/js/app.js:1209:27 @ http://localhost:8000/static/js/app.js:14010
[  440239ms] [ERROR] Failed to load resource: net::ERR_CONNECTION_REFUSED @ http://localhost:8000/api/objects/SharedMemory/variables/io%3ASensor10_S/history?count=200&server=ee8d9159:0
[  440239ms] [ERROR] Error обновления графика для io:Sensor10_S: TypeError: Failed to fetch
    at fetchVariableHistory (http://localhost:8000/static/js/app.js:11919:28)
    at updateChart (http://localhost:8000/static/js/app.js:13985:31)
    at http://localhost:8000/static/js/app.js:1209:27 @ http://localhost:8000/static/js/app.js:14010
[  440239ms] [ERROR] Failed to load resource: net::ERR_CONNECTION_REFUSED @ http://localhost:8000/api/objects/SharedMemory/variables/io%3ASensor100_S/history?count=200&server=ee8d9159:0
[  440239ms] [ERROR] Error обновления графика для io:Sensor100_S: TypeError: Failed to fetch
    at fetchVariableHistory (http://localhost:8000/static/js/app.js:11919:28)
    at updateChart (http://localhost:8000/static/js/app.js:13985:31)
    at http://localhost:8000/static/js/app.js:1209:27 @ http://localhost:8000/static/js/app.js:14010
[  440350ms] [ERROR] Failed to load resource: net::ERR_CONNECTION_REFUSED @ http://localhost:8000/api/recording/status:0
[  441239ms] [ERROR] Failed to load resource: net::ERR_CONNECTION_REFUSED @ http://localhost:8000/api/objects/SharedMemory?server=ee8d9159:0
[  441239ms] [ERROR] Error загрузки ee8d9159:SharedMemory: TypeError: Failed to fetch
    at fetchObjectData (http://localhost:8000/static/js/app.js:11889:28)
    at loadObjectData (http://localhost:8000/static/js/app.js:13547:28)
    at http://localhost:8000/static/js/app.js:1198:23 @ http://localhost:8000/static/js/app.js:13558
[  441240ms] [ERROR] Failed to load resource: net::ERR_CONNECTION_REFUSED @ http://localhost:8000/api/objects/SharedMemory/variables/io%3ASensor1_S/history?count=200&server=ee8d9159:0
[  441240ms] [ERROR] Error обновления графика для io:Sensor1_S: TypeError: Failed to fetch
    at fetchVariableHistory (http://localhost:8000/static/js/app.js:11919:28)
    at updateChart (http://localhost:8000/static/js/app.js:13985:31)
    at http://localhost:8000/static/js/app.js:1209:27 @ http://localhost:8000/static/js/app.js:14010
[  441240ms] [ERROR] Failed to load resource: net::ERR_CONNECTION_REFUSED @ http://localhost:8000/api/objects/SharedMemory/variables/io%3ASensor10_S/history?count=200&server=ee8d9159:0
[  441241ms] [ERROR] Error обновления графика для io:Sensor10_S: TypeError: Failed to fetch
    at fetchVariableHistory (http://localhost:8000/static/js/app.js:11919:28)
    at updateChart (http://localhost:8000/static/js/app.js:13985:31)
    at http://localhost:8000/static/js/app.js:1209:27 @ http://localhost:8000/static/js/app.js:14010
[  441241ms] [ERROR] Failed to load resource: net::ERR_CONNECTION_REFUSED @ http://localhost:8000/api/objects/SharedMemory/variables/io%3ASensor100_S/history?count=200&server=ee8d9159:0
[  441241ms] [ERROR] Error обновления графика для io:Sensor100_S: TypeError: Failed to fetch
    at fetchVariableHistory (http://localhost:8000/static/js/app.js:11919:28)
    at updateChart (http://localhost:8000/static/js/app.js:13985:31)
    at http://localhost:8000/static/js/app.js:1209:27 @ http://localhost:8000/static/js/app.js:14010
[  442237ms] [ERROR] Failed to load resource: net::ERR_CONNECTION_REFUSED @ http://localhost:8000/api/objects/SharedMemory?server=ee8d9159:0
[  442237ms] [ERROR] Error загрузки ee8d9159:SharedMemory: TypeError: Failed to fetch
    at fetchObjectData (http://localhost:8000/static/js/app.js:11889:28)
    at loadObjectData (http://localhost:8000/static/js/app.js:13547:28)
    at http://localhost:8000/static/js/app.js:1198:23 @ http://localhost:8000/static/js/app.js:13558
[  442237ms] [ERROR] Failed to load resource: net::ERR_CONNECTION_REFUSED @ http://localhost:8000/api/objects/SharedMemory/variables/io%3ASensor1_S/history?count=200&server=ee8d9159:0
[  442237ms] [ERROR] Error обновления графика для io:Sensor1_S: TypeError: Failed to fetch
    at fetchVariableHistory (http://localhost:8000/static/js/app.js:11919:28)
    at updateChart (http://localhost:8000/static/js/app.js:13985:31)
    at http://localhost:8000/static/js/app.js:1209:27 @ http://localhost:8000/static/js/app.js:14010
[  442237ms] [ERROR] Failed to load resource: net::ERR_CONNECTION_REFUSED @ http://localhost:8000/api/objects/SharedMemory/variables/io%3ASensor10_S/history?count=200&server=ee8d9159:0
[  442237ms] [ERROR] Error обновления графика для io:Sensor10_S: TypeError: Failed to fetch
    at fetchVariableHistory (http://localhost:8000/static/js/app.js:11919:28)
    at updateChart (http://localhost:8000/static/js/app.js:13985:31)
    at http://localhost:8000/static/js/app.js:1209:27 @ http://localhost:8000/static/js/app.js:14010
[  442238ms] [ERROR] Failed to load resource: net::ERR_CONNECTION_REFUSED @ http://localhost:8000/api/objects/SharedMemory/variables/io%3ASensor100_S/history?count=200&server=ee8d9159:0
[  442238ms] [ERROR] Error обновления графика для io:Sensor100_S: TypeError: Failed to fetch
    at fetchVariableHistory (http://localhost:8000/static/js/app.js:11919:28)
    at updateChart (http://localhost:8000/static/js/app.js:13985:31)
    at http://localhost:8000/static/js/app.js:1209:27 @ http://localhost:8000/static/js/app.js:14010
[  443239ms] [ERROR] Failed to load resource: net::ERR_CONNECTION_REFUSED @ http://localhost:8000/api/objects/SharedMemory?server=ee8d9159:0
[  443239ms] [ERROR] Error загрузки ee8d9159:SharedMemory: TypeError: Failed to fetch
    at fetchObjectData (http://localhost:8000/static/js/app.js:11889:28)
    at loadObjectData (http://localhost:8000/static/js/app.js:13547:28)
    at http://localhost:8000/static/js/app.js:1198:23 @ http://localhost:8000/static/js/app.js:13558
[  443239ms] [ERROR] Failed to load resource: net::ERR_CONNECTION_REFUSED @ http://localhost:8000/api/objects/SharedMemory/variables/io%3ASensor1_S/history?count=200&server=ee8d9159:0
[  443239ms] [ERROR] Error обновления графика для io:Sensor1_S: TypeError: Failed to fetch
    at fetchVariableHistory (http://localhost:8000/static/js/app.js:11919:28)
    at updateChart (http://localhost:8000/static/js/app.js:13985:31)
    at http://localhost:8000/static/js/app.js:1209:27 @ http://localhost:8000/static/js/app.js:14010
[  443240ms] [ERROR] Failed to load resource: net::ERR_CONNECTION_REFUSED @ http://localhost:8000/api/objects/SharedMemory/variables/io%3ASensor10_S/history?count=200&server=ee8d9159:0
[  443240ms] [ERROR] Error обновления графика для io:Sensor10_S: TypeError: Failed to fetch
    at fetchVariableHistory (http://localhost:8000/static/js/app.js:11919:28)
    at updateChart (http://localhost:8000/static/js/app.js:13985:31)
    at http://localhost:8000/static/js/app.js:1209:27 @ http://localhost:8000/static/js/app.js:14010
[  443240ms] [ERROR] Failed to load resource: net::ERR_CONNECTION_REFUSED @ http://localhost:8000/api/objects/SharedMemory/variables/io%3ASensor100_S/history?count=200&server=ee8d9159:0
[  443240ms] [ERROR] Error обновления графика для io:Sensor100_S: TypeError: Failed to fetch
    at fetchVariableHistory (http://localhost:8000/static/js/app.js:11919:28)
    at updateChart (http://localhost:8000/static/js/app.js:13985:31)
    at http://localhost:8000/static/js/app.js:1209:27 @ http://localhost:8000/static/js/app.js:14010
[  444238ms] [ERROR] Failed to load resource: net::ERR_CONNECTION_REFUSED @ http://localhost:8000/api/objects/SharedMemory?server=ee8d9159:0
[  444238ms] [ERROR] Error загрузки ee8d9159:SharedMemory: TypeError: Failed to fetch
    at fetchObjectData (http://localhost:8000/static/js/app.js:11889:28)
    at loadObjectData (http://localhost:8000/static/js/app.js:13547:28)
    at http://localhost:8000/static/js/app.js:1198:23 @ http://localhost:8000/static/js/app.js:13558
[  444239ms] [ERROR] Failed to load resource: net::ERR_CONNECTION_REFUSED @ http://localhost:8000/api/objects/SharedMemory/variables/io%3ASensor1_S/history?count=200&server=ee8d9159:0
[  444239ms] [ERROR] Error обновления графика для io:Sensor1_S: TypeError: Failed to fetch
    at fetchVariableHistory (http://localhost:8000/static/js/app.js:11919:28)
    at updateChart (http://localhost:8000/static/js/app.js:13985:31)
    at http://localhost:8000/static/js/app.js:1209:27 @ http://localhost:8000/static/js/app.js:14010
[  444239ms] [ERROR] Failed to load resource: net::ERR_CONNECTION_REFUSED @ http://localhost:8000/api/objects/SharedMemory/variables/io%3ASensor10_S/history?count=200&server=ee8d9159:0
[  444239ms] [ERROR] Error обновления графика для io:Sensor10_S: TypeError: Failed to fetch
    at fetchVariableHistory (http://localhost:8000/static/js/app.js:11919:28)
    at updateChart (http://localhost:8000/static/js/app.js:13985:31)
    at http://localhost:8000/static/js/app.js:1209:27 @ http://localhost:8000/static/js/app.js:14010
[  444239ms] [ERROR] Failed to load resource: net::ERR_CONNECTION_REFUSED @ http://localhost:8000/api/objects/SharedMemory/variables/io%3ASensor100_S/history?count=200&server=ee8d9159:0
[  444239ms] [ERROR] Error обновления графика для io:Sensor100_S: TypeError: Failed to fetch
    at fetchVariableHistory (http://localhost:8000/static/js/app.js:11919:28)
    at updateChart (http://localhost:8000/static/js/app.js:13985:31)
    at http://localhost:8000/static/js/app.js:1209:27 @ http://localhost:8000/static/js/app.js:14010
[  445240ms] [ERROR] Failed to load resource: net::ERR_CONNECTION_REFUSED @ http://localhost:8000/api/objects/SharedMemory?server=ee8d9159:0
[  445240ms] [ERROR] Error загрузки ee8d9159:SharedMemory: TypeError: Failed to fetch
    at fetchObjectData (http://localhost:8000/static/js/app.js:11889:28)
    at loadObjectData (http://localhost:8000/static/js/app.js:13547:28)
    at http://localhost:8000/static/js/app.js:1198:23 @ http://localhost:8000/static/js/app.js:13558
[  445240ms] [ERROR] Failed to load resource: net::ERR_CONNECTION_REFUSED @ http://localhost:8000/api/objects/SharedMemory/variables/io%3ASensor1_S/history?count=200&server=ee8d9159:0
[  445240ms] [ERROR] Error обновления графика для io:Sensor1_S: TypeError: Failed to fetch
    at fetchVariableHistory (http://localhost:8000/static/js/app.js:11919:28)
    at updateChart (http://localhost:8000/static/js/app.js:13985:31)
    at http://localhost:8000/static/js/app.js:1209:27 @ http://localhost:8000/static/js/app.js:14010
[  445240ms] [ERROR] Failed to load resource: net::ERR_CONNECTION_REFUSED @ http://localhost:8000/api/objects/SharedMemory/variables/io%3ASensor10_S/history?count=200&server=ee8d9159:0
[  445240ms] [ERROR] Error обновления графика для io:Sensor10_S: TypeError: Failed to fetch
    at fetchVariableHistory (http://localhost:8000/static/js/app.js:11919:28)
    at updateChart (http://localhost:8000/static/js/app.js:13985:31)
    at http://localhost:8000/static/js/app.js:1209:27 @ http://localhost:8000/static/js/app.js:14010
[  445241ms] [ERROR] Failed to load resource: net::ERR_CONNECTION_REFUSED @ http://localhost:8000/api/objects/SharedMemory/variables/io%3ASensor100_S/history?count=200&server=ee8d9159:0
[  445241ms] [ERROR] Error обновления графика для io:Sensor100_S: TypeError: Failed to fetch
    at fetchVariableHistory (http://localhost:8000/static/js/app.js:11919:28)
    at updateChart (http://localhost:8000/static/js/app.js:13985:31)
    at http://localhost:8000/static/js/app.js:1209:27 @ http://localhost:8000/static/js/app.js:14010
[  445350ms] [ERROR] Failed to load resource: net::ERR_CONNECTION_REFUSED @ http://localhost:8000/api/recording/status:0
[  446239ms] [ERROR] Failed to load resource: net::ERR_CONNECTION_REFUSED @ http://localhost:8000/api/servers:0
[  446239ms] [ERROR] Error обновления списка объектов: TypeError: Failed to fetch
    at fetchServers (http://localhost:8000/static/js/app.js:11815:28)
    at fetchObjects (http://localhost:8000/static/js/app.js:11822:31)
    at refreshObjectsList (http://localhost:8000/static/js/app.js:11870:28)
    at http://localhost:8000/static/js/app.js:1191:9 @ http://localhost:8000/static/js/app.js:11873
[  446239ms] [ERROR] Failed to load resource: net::ERR_CONNECTION_REFUSED @ http://localhost:8000/api/objects/SharedMemory?server=ee8d9159:0
[  446240ms] [ERROR] Error загрузки ee8d9159:SharedMemory: TypeError: Failed to fetch
    at fetchObjectData (http://localhost:8000/static/js/app.js:11889:28)
    at loadObjectData (http://localhost:8000/static/js/app.js:13547:28)
    at http://localhost:8000/static/js/app.js:1198:23 @ http://localhost:8000/static/js/app.js:13558
[  446240ms] [ERROR] Failed to load resource: net::ERR_CONNECTION_REFUSED @ http://localhost:8000/api/objects/SharedMemory/variables/io%3ASensor1_S/history?count=200&server=ee8d9159:0
[  446240ms] [ERROR] Error обновления графика для io:Sensor1_S: TypeError: Failed to fetch
    at fetchVariableHistory (http://localhost:8000/static/js/app.js:11919:28)
    at updateChart (http://localhost:8000/static/js/app.js:13985:31)
    at http://localhost:8000/static/js/app.js:1209:27 @ http://localhost:8000/static/js/app.js:14010
[  446240ms] [ERROR] Failed to load resource: net::ERR_CONNECTION_REFUSED @ http://localhost:8000/api/objects/SharedMemory/variables/io%3ASensor10_S/history?count=200&server=ee8d9159:0
[  446240ms] [ERROR] Error обновления графика для io:Sensor10_S: TypeError: Failed to fetch
    at fetchVariableHistory (http://localhost:8000/static/js/app.js:11919:28)
    at updateChart (http://localhost:8000/static/js/app.js:13985:31)
    at http://localhost:8000/static/js/app.js:1209:27 @ http://localhost:8000/static/js/app.js:14010
[  446241ms] [ERROR] Failed to load resource: net::ERR_CONNECTION_REFUSED @ http://localhost:8000/api/objects/SharedMemory/variables/io%3ASensor100_S/history?count=200&server=ee8d9159:0
[  446241ms] [ERROR] Error обновления графика для io:Sensor100_S: TypeError: Failed to fetch
    at fetchVariableHistory (http://localhost:8000/static/js/app.js:11919:28)
    at updateChart (http://localhost:8000/static/js/app.js:13985:31)
    at http://localhost:8000/static/js/app.js:1209:27 @ http://localhost:8000/static/js/app.js:14010
[  446241ms] [ERROR] Failed to load resource: net::ERR_CONNECTION_REFUSED @ http://localhost:8000/api/version:0
[  447238ms] [ERROR] Failed to load resource: net::ERR_CONNECTION_REFUSED @ http://localhost:8000/api/objects/SharedMemory?server=ee8d9159:0
[  447238ms] [ERROR] Error загрузки ee8d9159:SharedMemory: TypeError: Failed to fetch
    at fetchObjectData (http://localhost:8000/static/js/app.js:11889:28)
    at loadObjectData (http://localhost:8000/static/js/app.js:13547:28)
    at http://localhost:8000/static/js/app.js:1198:23 @ http://localhost:8000/static/js/app.js:13558
[  447239ms] [ERROR] Failed to load resource: net::ERR_CONNECTION_REFUSED @ http://localhost:8000/api/objects/SharedMemory/variables/io%3ASensor1_S/history?count=200&server=ee8d9159:0
[  447239ms] [ERROR] Error обновления графика для io:Sensor1_S: TypeError: Failed to fetch
    at fetchVariableHistory (http://localhost:8000/static/js/app.js:11919:28)
    at updateChart (http://localhost:8000/static/js/app.js:13985:31)
    at http://localhost:8000/static/js/app.js:1209:27 @ http://localhost:8000/static/js/app.js:14010
[  447239ms] [ERROR] Failed to load resource: net::ERR_CONNECTION_REFUSED @ http://localhost:8000/api/objects/SharedMemory/variables/io%3ASensor10_S/history?count=200&server=ee8d9159:0
[  447239ms] [ERROR] Error обновления графика для io:Sensor10_S: TypeError: Failed to fetch
    at fetchVariableHistory (http://localhost:8000/static/js/app.js:11919:28)
    at updateChart (http://localhost:8000/static/js/app.js:13985:31)
    at http://localhost:8000/static/js/app.js:1209:27 @ http://localhost:8000/static/js/app.js:14010
[  447239ms] [ERROR] Failed to load resource: net::ERR_CONNECTION_REFUSED @ http://localhost:8000/api/objects/SharedMemory/variables/io%3ASensor100_S/history?count=200&server=ee8d9159:0
[  447240ms] [ERROR] Error обновления графика для io:Sensor100_S: TypeError: Failed to fetch
    at fetchVariableHistory (http://localhost:8000/static/js/app.js:11919:28)
    at updateChart (http://localhost:8000/static/js/app.js:13985:31)
    at http://localhost:8000/static/js/app.js:1209:27 @ http://localhost:8000/static/js/app.js:14010
[  448238ms] [ERROR] Failed to load resource: net::ERR_CONNECTION_REFUSED @ http://localhost:8000/api/objects/SharedMemory?server=ee8d9159:0
[  448238ms] [ERROR] Error загрузки ee8d9159:SharedMemory: TypeError: Failed to fetch
    at fetchObjectData (http://localhost:8000/static/js/app.js:11889:28)
    at loadObjectData (http://localhost:8000/static/js/app.js:13547:28)
    at http://localhost:8000/static/js/app.js:1198:23 @ http://localhost:8000/static/js/app.js:13558
[  448239ms] [ERROR] Failed to load resource: net::ERR_CONNECTION_REFUSED @ http://localhost:8000/api/objects/SharedMemory/variables/io%3ASensor1_S/history?count=200&server=ee8d9159:0
[  448239ms] [ERROR] Error обновления графика для io:Sensor1_S: TypeError: Failed to fetch
    at fetchVariableHistory (http://localhost:8000/static/js/app.js:11919:28)
    at updateChart (http://localhost:8000/static/js/app.js:13985:31)
    at http://localhost:8000/static/js/app.js:1209:27 @ http://localhost:8000/static/js/app.js:14010
[  448239ms] [ERROR] Failed to load resource: net::ERR_CONNECTION_REFUSED @ http://localhost:8000/api/objects/SharedMemory/variables/io%3ASensor10_S/history?count=200&server=ee8d9159:0
[  448239ms] [ERROR] Error обновления графика для io:Sensor10_S: TypeError: Failed to fetch
    at fetchVariableHistory (http://localhost:8000/static/js/app.js:11919:28)
    at updateChart (http://localhost:8000/static/js/app.js:13985:31)
    at http://localhost:8000/static/js/app.js:1209:27 @ http://localhost:8000/static/js/app.js:14010
[  448240ms] [ERROR] Failed to load resource: net::ERR_CONNECTION_REFUSED @ http://localhost:8000/api/objects/SharedMemory/variables/io%3ASensor100_S/history?count=200&server=ee8d9159:0
[  448240ms] [ERROR] Error обновления графика для io:Sensor100_S: TypeError: Failed to fetch
    at fetchVariableHistory (http://localhost:8000/static/js/app.js:11919:28)
    at updateChart (http://localhost:8000/static/js/app.js:13985:31)
    at http://localhost:8000/static/js/app.js:1209:27 @ http://localhost:8000/static/js/app.js:14010
[  449240ms] [ERROR] Failed to load resource: net::ERR_CONNECTION_REFUSED @ http://localhost:8000/api/objects/SharedMemory?server=ee8d9159:0
[  449240ms] [ERROR] Error загрузки ee8d9159:SharedMemory: TypeError: Failed to fetch
    at fetchObjectData (http://localhost:8000/static/js/app.js:11889:28)
    at loadObjectData (http://localhost:8000/static/js/app.js:13547:28)
    at http://localhost:8000/static/js/app.js:1198:23 @ http://localhost:8000/static/js/app.js:13558
[  449240ms] [ERROR] Failed to load resource: net::ERR_CONNECTION_REFUSED @ http://localhost:8000/api/objects/SharedMemory/variables/io%3ASensor1_S/history?count=200&server=ee8d9159:0
[  449240ms] [ERROR] Error обновления графика для io:Sensor1_S: TypeError: Failed to fetch
    at fetchVariableHistory (http://localhost:8000/static/js/app.js:11919:28)
    at updateChart (http://localhost:8000/static/js/app.js:13985:31)
    at http://localhost:8000/static/js/app.js:1209:27 @ http://localhost:8000/static/js/app.js:14010
[  449241ms] [ERROR] Failed to load resource: net::ERR_CONNECTION_REFUSED @ http://localhost:8000/api/objects/SharedMemory/variables/io%3ASensor10_S/history?count=200&server=ee8d9159:0
[  449241ms] [ERROR] Error обновления графика для io:Sensor10_S: TypeError: Failed to fetch
    at fetchVariableHistory (http://localhost:8000/static/js/app.js:11919:28)
    at updateChart (http://localhost:8000/static/js/app.js:13985:31)
    at http://localhost:8000/static/js/app.js:1209:27 @ http://localhost:8000/static/js/app.js:14010
[  449242ms] [ERROR] Failed to load resource: net::ERR_CONNECTION_REFUSED @ http://localhost:8000/api/objects/SharedMemory/variables/io%3ASensor100_S/history?count=200&server=ee8d9159:0
[  449242ms] [ERROR] Error обновления графика для io:Sensor100_S: TypeError: Failed to fetch
    at fetchVariableHistory (http://localhost:8000/static/js/app.js:11919:28)
    at updateChart (http://localhost:8000/static/js/app.js:13985:31)
    at http://localhost:8000/static/js/app.js:1209:27 @ http://localhost:8000/static/js/app.js:14010
[  450239ms] [ERROR] Failed to load resource: net::ERR_CONNECTION_REFUSED @ http://localhost:8000/api/objects/SharedMemory?server=ee8d9159:0
[  450239ms] [ERROR] Error загрузки ee8d9159:SharedMemory: TypeError: Failed to fetch
    at fetchObjectData (http://localhost:8000/static/js/app.js:11889:28)
    at loadObjectData (http://localhost:8000/static/js/app.js:13547:28)
    at http://localhost:8000/static/js/app.js:1198:23 @ http://localhost:8000/static/js/app.js:13558
[  450239ms] [ERROR] Failed to load resource: net::ERR_CONNECTION_REFUSED @ http://localhost:8000/api/objects/SharedMemory/variables/io%3ASensor1_S/history?count=200&server=ee8d9159:0
[  450239ms] [ERROR] Error обновления графика для io:Sensor1_S: TypeError: Failed to fetch
    at fetchVariableHistory (http://localhost:8000/static/js/app.js:11919:28)
    at updateChart (http://localhost:8000/static/js/app.js:13985:31)
    at http://localhost:8000/static/js/app.js:1209:27 @ http://localhost:8000/static/js/app.js:14010
[  450240ms] [ERROR] Failed to load resource: net::ERR_CONNECTION_REFUSED @ http://localhost:8000/api/objects/SharedMemory/variables/io%3ASensor10_S/history?count=200&server=ee8d9159:0
[  450240ms] [ERROR] Error обновления графика для io:Sensor10_S: TypeError: Failed to fetch
    at fetchVariableHistory (http://localhost:8000/static/js/app.js:11919:28)
    at updateChart (http://localhost:8000/static/js/app.js:13985:31)
    at http://localhost:8000/static/js/app.js:1209:27 @ http://localhost:8000/static/js/app.js:14010
[  450240ms] [ERROR] Failed to load resource: net::ERR_CONNECTION_REFUSED @ http://localhost:8000/api/objects/SharedMemory/variables/io%3ASensor100_S/history?count=200&server=ee8d9159:0
[  450240ms] [ERROR] Error обновления графика для io:Sensor100_S: TypeError: Failed to fetch
    at fetchVariableHistory (http://localhost:8000/static/js/app.js:11919:28)
    at updateChart (http://localhost:8000/static/js/app.js:13985:31)
    at http://localhost:8000/static/js/app.js:1209:27 @ http://localhost:8000/static/js/app.js:14010
[  450351ms] [ERROR] Failed to load resource: net::ERR_CONNECTION_REFUSED @ http://localhost:8000/api/recording/status:0
[  451239ms] [ERROR] Failed to load resource: net::ERR_CONNECTION_REFUSED @ http://localhost:8000/api/objects/SharedMemory?server=ee8d9159:0
[  451239ms] [ERROR] Error загрузки ee8d9159:SharedMemory: TypeError: Failed to fetch
    at fetchObjectData (http://localhost:8000/static/js/app.js:11889:28)
    at loadObjectData (http://localhost:8000/static/js/app.js:13547:28)
    at http://localhost:8000/static/js/app.js:1198:23 @ http://localhost:8000/static/js/app.js:13558
[  451240ms] [ERROR] Failed to load resource: net::ERR_CONNECTION_REFUSED @ http://localhost:8000/api/objects/SharedMemory/variables/io%3ASensor1_S/history?count=200&server=ee8d9159:0
[  451240ms] [ERROR] Error обновления графика для io:Sensor1_S: TypeError: Failed to fetch
    at fetchVariableHistory (http://localhost:8000/static/js/app.js:11919:28)
    at updateChart (http://localhost:8000/static/js/app.js:13985:31)
    at http://localhost:8000/static/js/app.js:1209:27 @ http://localhost:8000/static/js/app.js:14010
[  451240ms] [ERROR] Failed to load resource: net::ERR_CONNECTION_REFUSED @ http://localhost:8000/api/objects/SharedMemory/variables/io%3ASensor10_S/history?count=200&server=ee8d9159:0
[  451240ms] [ERROR] Error обновления графика для io:Sensor10_S: TypeError: Failed to fetch
    at fetchVariableHistory (http://localhost:8000/static/js/app.js:11919:28)
    at updateChart (http://localhost:8000/static/js/app.js:13985:31)
    at http://localhost:8000/static/js/app.js:1209:27 @ http://localhost:8000/static/js/app.js:14010
[  451241ms] [ERROR] Failed to load resource: net::ERR_CONNECTION_REFUSED @ http://localhost:8000/api/objects/SharedMemory/variables/io%3ASensor100_S/history?count=200&server=ee8d9159:0
[  451241ms] [ERROR] Error обновления графика для io:Sensor100_S: TypeError: Failed to fetch
    at fetchVariableHistory (http://localhost:8000/static/js/app.js:11919:28)
    at updateChart (http://localhost:8000/static/js/app.js:13985:31)
    at http://localhost:8000/static/js/app.js:1209:27 @ http://localhost:8000/static/js/app.js:14010
[  452239ms] [ERROR] Failed to load resource: net::ERR_CONNECTION_REFUSED @ http://localhost:8000/api/servers:0
[  452239ms] [ERROR] Error обновления списка объектов: TypeError: Failed to fetch
    at fetchServers (http://localhost:8000/static/js/app.js:11815:28)
    at fetchObjects (http://localhost:8000/static/js/app.js:11822:31)
    at refreshObjectsList (http://localhost:8000/static/js/app.js:11870:28)
    at http://localhost:8000/static/js/app.js:1191:9 @ http://localhost:8000/static/js/app.js:11873
[  452239ms] [ERROR] Failed to load resource: net::ERR_CONNECTION_REFUSED @ http://localhost:8000/api/objects/SharedMemory?server=ee8d9159:0
[  452239ms] [ERROR] Error загрузки ee8d9159:SharedMemory: TypeError: Failed to fetch
    at fetchObjectData (http://localhost:8000/static/js/app.js:11889:28)
    at loadObjectData (http://localhost:8000/static/js/app.js:13547:28)
    at http://localhost:8000/static/js/app.js:1198:23 @ http://localhost:8000/static/js/app.js:13558
[  452239ms] [ERROR] Failed to load resource: net::ERR_CONNECTION_REFUSED @ http://localhost:8000/api/objects/SharedMemory/variables/io%3ASensor1_S/history?count=200&server=ee8d9159:0
[  452239ms] [ERROR] Error обновления графика для io:Sensor1_S: TypeError: Failed to fetch
    at fetchVariableHistory (http://localhost:8000/static/js/app.js:11919:28)
    at updateChart (http://localhost:8000/static/js/app.js:13985:31)
    at http://localhost:8000/static/js/app.js:1209:27 @ http://localhost:8000/static/js/app.js:14010
[  452239ms] [ERROR] Failed to load resource: net::ERR_CONNECTION_REFUSED @ http://localhost:8000/api/objects/SharedMemory/variables/io%3ASensor10_S/history?count=200&server=ee8d9159:0
[  452239ms] [ERROR] Error обновления графика для io:Sensor10_S: TypeError: Failed to fetch
    at fetchVariableHistory (http://localhost:8000/static/js/app.js:11919:28)
    at updateChart (http://localhost:8000/static/js/app.js:13985:31)
    at http://localhost:8000/static/js/app.js:1209:27 @ http://localhost:8000/static/js/app.js:14010
[  452239ms] [ERROR] Failed to load resource: net::ERR_CONNECTION_REFUSED @ http://localhost:8000/api/objects/SharedMemory/variables/io%3ASensor100_S/history?count=200&server=ee8d9159:0
[  452240ms] [ERROR] Error обновления графика для io:Sensor100_S: TypeError: Failed to fetch
    at fetchVariableHistory (http://localhost:8000/static/js/app.js:11919:28)
    at updateChart (http://localhost:8000/static/js/app.js:13985:31)
    at http://localhost:8000/static/js/app.js:1209:27 @ http://localhost:8000/static/js/app.js:14010
[  453239ms] [ERROR] Failed to load resource: net::ERR_CONNECTION_REFUSED @ http://localhost:8000/api/objects/SharedMemory?server=ee8d9159:0
[  453239ms] [ERROR] Error загрузки ee8d9159:SharedMemory: TypeError: Failed to fetch
    at fetchObjectData (http://localhost:8000/static/js/app.js:11889:28)
    at loadObjectData (http://localhost:8000/static/js/app.js:13547:28)
    at http://localhost:8000/static/js/app.js:1198:23 @ http://localhost:8000/static/js/app.js:13558
[  453239ms] [ERROR] Failed to load resource: net::ERR_CONNECTION_REFUSED @ http://localhost:8000/api/objects/SharedMemory/variables/io%3ASensor10_S/history?count=200&server=ee8d9159:0
[  453240ms] [ERROR] Error обновления графика для io:Sensor10_S: TypeError: Failed to fetch
    at fetchVariableHistory (http://localhost:8000/static/js/app.js:11919:28)
    at updateChart (http://localhost:8000/static/js/app.js:13985:31)
    at http://localhost:8000/static/js/app.js:1209:27 @ http://localhost:8000/static/js/app.js:14010
[  453240ms] [ERROR] Failed to load resource: net::ERR_CONNECTION_REFUSED @ http://localhost:8000/api/objects/SharedMemory/variables/io%3ASensor1_S/history?count=200&server=ee8d9159:0
[  453240ms] [ERROR] Error обновления графика для io:Sensor1_S: TypeError: Failed to fetch
    at fetchVariableHistory (http://localhost:8000/static/js/app.js:11919:28)
    at updateChart (http://localhost:8000/static/js/app.js:13985:31)
    at http://localhost:8000/static/js/app.js:1209:27 @ http://localhost:8000/static/js/app.js:14010
[  453241ms] [ERROR] Failed to load resource: net::ERR_CONNECTION_REFUSED @ http://localhost:8000/api/objects/SharedMemory/variables/io%3ASensor100_S/history?count=200&server=ee8d9159:0
[  453241ms] [ERROR] Error обновления графика для io:Sensor100_S: TypeError: Failed to fetch
    at fetchVariableHistory (http://localhost:8000/static/js/app.js:11919:28)
    at updateChart (http://localhost:8000/static/js/app.js:13985:31)
    at http://localhost:8000/static/js/app.js:1209:27 @ http://localhost:8000/static/js/app.js:14010
[  454239ms] [ERROR] Failed to load resource: net::ERR_CONNECTION_REFUSED @ http://localhost:8000/api/objects/SharedMemory?server=ee8d9159:0
[  454239ms] [ERROR] Error загрузки ee8d9159:SharedMemory: TypeError: Failed to fetch
    at fetchObjectData (http://localhost:8000/static/js/app.js:11889:28)
    at loadObjectData (http://localhost:8000/static/js/app.js:13547:28)
    at http://localhost:8000/static/js/app.js:1198:23 @ http://localhost:8000/static/js/app.js:13558
[  454240ms] [ERROR] Failed to load resource: net::ERR_CONNECTION_REFUSED @ http://localhost:8000/api/objects/SharedMemory/variables/io%3ASensor1_S/history?count=200&server=ee8d9159:0
[  454240ms] [ERROR] Error обновления графика для io:Sensor1_S: TypeError: Failed to fetch
    at fetchVariableHistory (http://localhost:8000/static/js/app.js:11919:28)
    at updateChart (http://localhost:8000/static/js/app.js:13985:31)
    at http://localhost:8000/static/js/app.js:1209:27 @ http://localhost:8000/static/js/app.js:14010
[  454240ms] [ERROR] Failed to load resource: net::ERR_CONNECTION_REFUSED @ http://localhost:8000/api/objects/SharedMemory/variables/io%3ASensor10_S/history?count=200&server=ee8d9159:0
[  454241ms] [ERROR] Error обновления графика для io:Sensor10_S: TypeError: Failed to fetch
    at fetchVariableHistory (http://localhost:8000/static/js/app.js:11919:28)
    at updateChart (http://localhost:8000/static/js/app.js:13985:31)
    at http://localhost:8000/static/js/app.js:1209:27 @ http://localhost:8000/static/js/app.js:14010
[  454241ms] [ERROR] Failed to load resource: net::ERR_CONNECTION_REFUSED @ http://localhost:8000/api/objects/SharedMemory/variables/io%3ASensor100_S/history?count=200&server=ee8d9159:0
[  454241ms] [ERROR] Error обновления графика для io:Sensor100_S: TypeError: Failed to fetch
    at fetchVariableHistory (http://localhost:8000/static/js/app.js:11919:28)
    at updateChart (http://localhost:8000/static/js/app.js:13985:31)
    at http://localhost:8000/static/js/app.js:1209:27 @ http://localhost:8000/static/js/app.js:14010
[  455239ms] [ERROR] Failed to load resource: net::ERR_CONNECTION_REFUSED @ http://localhost:8000/api/objects/SharedMemory?server=ee8d9159:0
[  455239ms] [ERROR] Error загрузки ee8d9159:SharedMemory: TypeError: Failed to fetch
    at fetchObjectData (http://localhost:8000/static/js/app.js:11889:28)
    at loadObjectData (http://localhost:8000/static/js/app.js:13547:28)
    at http://localhost:8000/static/js/app.js:1198:23 @ http://localhost:8000/static/js/app.js:13558
[  455240ms] [ERROR] Failed to load resource: net::ERR_CONNECTION_REFUSED @ http://localhost:8000/api/objects/SharedMemory/variables/io%3ASensor1_S/history?count=200&server=ee8d9159:0
[  455240ms] [ERROR] Error обновления графика для io:Sensor1_S: TypeError: Failed to fetch
    at fetchVariableHistory (http://localhost:8000/static/js/app.js:11919:28)
    at updateChart (http://localhost:8000/static/js/app.js:13985:31)
    at http://localhost:8000/static/js/app.js:1209:27 @ http://localhost:8000/static/js/app.js:14010
[  455241ms] [ERROR] Failed to load resource: net::ERR_CONNECTION_REFUSED @ http://localhost:8000/api/objects/SharedMemory/variables/io%3ASensor10_S/history?count=200&server=ee8d9159:0
[  455241ms] [ERROR] Error обновления графика для io:Sensor10_S: TypeError: Failed to fetch
    at fetchVariableHistory (http://localhost:8000/static/js/app.js:11919:28)
    at updateChart (http://localhost:8000/static/js/app.js:13985:31)
    at http://localhost:8000/static/js/app.js:1209:27 @ http://localhost:8000/static/js/app.js:14010
[  455241ms] [ERROR] Failed to load resource: net::ERR_CONNECTION_REFUSED @ http://localhost:8000/api/objects/SharedMemory/variables/io%3ASensor100_S/history?count=200&server=ee8d9159:0
[  455241ms] [ERROR] Error обновления графика для io:Sensor100_S: TypeError: Failed to fetch
    at fetchVariableHistory (http://localhost:8000/static/js/app.js:11919:28)
    at updateChart (http://localhost:8000/static/js/app.js:13985:31)
    at http://localhost:8000/static/js/app.js:1209:27 @ http://localhost:8000/static/js/app.js:14010
[  455351ms] [ERROR] Failed to load resource: net::ERR_CONNECTION_REFUSED @ http://localhost:8000/api/recording/status:0
[  456238ms] [ERROR] Failed to load resource: net::ERR_CONNECTION_REFUSED @ http://localhost:8000/api/objects/SharedMemory?server=ee8d9159:0
[  456238ms] [ERROR] Error загрузки ee8d9159:SharedMemory: TypeError: Failed to fetch
    at fetchObjectData (http://localhost:8000/static/js/app.js:11889:28)
    at loadObjectData (http://localhost:8000/static/js/app.js:13547:28)
    at http://localhost:8000/static/js/app.js:1198:23 @ http://localhost:8000/static/js/app.js:13558
[  456239ms] [ERROR] Failed to load resource: net::ERR_CONNECTION_REFUSED @ http://localhost:8000/api/objects/SharedMemory/variables/io%3ASensor1_S/history?count=200&server=ee8d9159:0
[  456239ms] [ERROR] Error обновления графика для io:Sensor1_S: TypeError: Failed to fetch
    at fetchVariableHistory (http://localhost:8000/static/js/app.js:11919:28)
    at updateChart (http://localhost:8000/static/js/app.js:13985:31)
    at http://localhost:8000/static/js/app.js:1209:27 @ http://localhost:8000/static/js/app.js:14010
[  456239ms] [ERROR] Failed to load resource: net::ERR_CONNECTION_REFUSED @ http://localhost:8000/api/objects/SharedMemory/variables/io%3ASensor10_S/history?count=200&server=ee8d9159:0
[  456239ms] [ERROR] Error обновления графика для io:Sensor10_S: TypeError: Failed to fetch
    at fetchVariableHistory (http://localhost:8000/static/js/app.js:11919:28)
    at updateChart (http://localhost:8000/static/js/app.js:13985:31)
    at http://localhost:8000/static/js/app.js:1209:27 @ http://localhost:8000/static/js/app.js:14010
[  456239ms] [ERROR] Failed to load resource: net::ERR_CONNECTION_REFUSED @ http://localhost:8000/api/objects/SharedMemory/variables/io%3ASensor100_S/history?count=200&server=ee8d9159:0
[  456239ms] [ERROR] Error обновления графика для io:Sensor100_S: TypeError: Failed to fetch
    at fetchVariableHistory (http://localhost:8000/static/js/app.js:11919:28)
    at updateChart (http://localhost:8000/static/js/app.js:13985:31)
    at http://localhost:8000/static/js/app.js:1209:27 @ http://localhost:8000/static/js/app.js:14010
[  457238ms] [ERROR] Failed to load resource: net::ERR_CONNECTION_REFUSED @ http://localhost:8000/api/objects/SharedMemory?server=ee8d9159:0
[  457238ms] [ERROR] Error загрузки ee8d9159:SharedMemory: TypeError: Failed to fetch
    at fetchObjectData (http://localhost:8000/static/js/app.js:11889:28)
    at loadObjectData (http://localhost:8000/static/js/app.js:13547:28)
    at http://localhost:8000/static/js/app.js:1198:23 @ http://localhost:8000/static/js/app.js:13558
[  457239ms] [ERROR] Failed to load resource: net::ERR_CONNECTION_REFUSED @ http://localhost:8000/api/objects/SharedMemory/variables/io%3ASensor1_S/history?count=200&server=ee8d9159:0
[  457239ms] [ERROR] Error обновления графика для io:Sensor1_S: TypeError: Failed to fetch
    at fetchVariableHistory (http://localhost:8000/static/js/app.js:11919:28)
    at updateChart (http://localhost:8000/static/js/app.js:13985:31)
    at http://localhost:8000/static/js/app.js:1209:27 @ http://localhost:8000/static/js/app.js:14010
[  457239ms] [ERROR] Failed to load resource: net::ERR_CONNECTION_REFUSED @ http://localhost:8000/api/objects/SharedMemory/variables/io%3ASensor10_S/history?count=200&server=ee8d9159:0
[  457239ms] [ERROR] Error обновления графика для io:Sensor10_S: TypeError: Failed to fetch
    at fetchVariableHistory (http://localhost:8000/static/js/app.js:11919:28)
    at updateChart (http://localhost:8000/static/js/app.js:13985:31)
    at http://localhost:8000/static/js/app.js:1209:27 @ http://localhost:8000/static/js/app.js:14010
[  457240ms] [ERROR] Failed to load resource: net::ERR_CONNECTION_REFUSED @ http://localhost:8000/api/objects/SharedMemory/variables/io%3ASensor100_S/history?count=200&server=ee8d9159:0
[  457240ms] [ERROR] Error обновления графика для io:Sensor100_S: TypeError: Failed to fetch
    at fetchVariableHistory (http://localhost:8000/static/js/app.js:11919:28)
    at updateChart (http://localhost:8000/static/js/app.js:13985:31)
    at http://localhost:8000/static/js/app.js:1209:27 @ http://localhost:8000/static/js/app.js:14010
[  458239ms] [ERROR] Failed to load resource: net::ERR_CONNECTION_REFUSED @ http://localhost:8000/api/servers:0
[  458239ms] [ERROR] Error обновления списка объектов: TypeError: Failed to fetch
    at fetchServers (http://localhost:8000/static/js/app.js:11815:28)
    at fetchObjects (http://localhost:8000/static/js/app.js:11822:31)
    at refreshObjectsList (http://localhost:8000/static/js/app.js:11870:28)
    at http://localhost:8000/static/js/app.js:1191:9 @ http://localhost:8000/static/js/app.js:11873
[  458241ms] [ERROR] Failed to load resource: net::ERR_CONNECTION_REFUSED @ http://localhost:8000/api/objects/SharedMemory?server=ee8d9159:0
[  458241ms] [ERROR] Error загрузки ee8d9159:SharedMemory: TypeError: Failed to fetch
    at fetchObjectData (http://localhost:8000/static/js/app.js:11889:28)
    at loadObjectData (http://localhost:8000/static/js/app.js:13547:28)
    at http://localhost:8000/static/js/app.js:1198:23 @ http://localhost:8000/static/js/app.js:13558
[  458241ms] [ERROR] Failed to load resource: net::ERR_CONNECTION_REFUSED @ http://localhost:8000/api/objects/SharedMemory/variables/io%3ASensor1_S/history?count=200&server=ee8d9159:0
[  458241ms] [ERROR] Error обновления графика для io:Sensor1_S: TypeError: Failed to fetch
    at fetchVariableHistory (http://localhost:8000/static/js/app.js:11919:28)
    at updateChart (http://localhost:8000/static/js/app.js:13985:31)
    at http://localhost:8000/static/js/app.js:1209:27 @ http://localhost:8000/static/js/app.js:14010
[  458241ms] [ERROR] Failed to load resource: net::ERR_CONNECTION_REFUSED @ http://localhost:8000/api/objects/SharedMemory/variables/io%3ASensor10_S/history?count=200&server=ee8d9159:0
[  458241ms] [ERROR] Error обновления графика для io:Sensor10_S: TypeError: Failed to fetch
    at fetchVariableHistory (http://localhost:8000/static/js/app.js:11919:28)
    at updateChart (http://localhost:8000/static/js/app.js:13985:31)
    at http://localhost:8000/static/js/app.js:1209:27 @ http://localhost:8000/static/js/app.js:14010
[  458242ms] [ERROR] Failed to load resource: net::ERR_CONNECTION_REFUSED @ http://localhost:8000/api/objects/SharedMemory/variables/io%3ASensor100_S/history?count=200&server=ee8d9159:0
[  458242ms] [ERROR] Error обновления графика для io:Sensor100_S: TypeError: Failed to fetch
    at fetchVariableHistory (http://localhost:8000/static/js/app.js:11919:28)
    at updateChart (http://localhost:8000/static/js/app.js:13985:31)
    at http://localhost:8000/static/js/app.js:1209:27 @ http://localhost:8000/static/js/app.js:14010
[  459237ms] [ERROR] Failed to load resource: net::ERR_CONNECTION_REFUSED @ http://localhost:8000/api/objects/SharedMemory?server=ee8d9159:0
[  459237ms] [ERROR] Error загрузки ee8d9159:SharedMemory: TypeError: Failed to fetch
    at fetchObjectData (http://localhost:8000/static/js/app.js:11889:28)
    at loadObjectData (http://localhost:8000/static/js/app.js:13547:28)
    at http://localhost:8000/static/js/app.js:1198:23 @ http://localhost:8000/static/js/app.js:13558
[  459238ms] [ERROR] Failed to load resource: net::ERR_CONNECTION_REFUSED @ http://localhost:8000/api/objects/SharedMemory/variables/io%3ASensor1_S/history?count=200&server=ee8d9159:0
[  459238ms] [ERROR] Error обновления графика для io:Sensor1_S: TypeError: Failed to fetch
    at fetchVariableHistory (http://localhost:8000/static/js/app.js:11919:28)
    at updateChart (http://localhost:8000/static/js/app.js:13985:31)
    at http://localhost:8000/static/js/app.js:1209:27 @ http://localhost:8000/static/js/app.js:14010
[  459239ms] [ERROR] Failed to load resource: net::ERR_CONNECTION_REFUSED @ http://localhost:8000/api/objects/SharedMemory/variables/io%3ASensor10_S/history?count=200&server=ee8d9159:0
[  459239ms] [ERROR] Error обновления графика для io:Sensor10_S: TypeError: Failed to fetch
    at fetchVariableHistory (http://localhost:8000/static/js/app.js:11919:28)
    at updateChart (http://localhost:8000/static/js/app.js:13985:31)
    at http://localhost:8000/static/js/app.js:1209:27 @ http://localhost:8000/static/js/app.js:14010
[  459239ms] [ERROR] Failed to load resource: net::ERR_CONNECTION_REFUSED @ http://localhost:8000/api/objects/SharedMemory/variables/io%3ASensor100_S/history?count=200&server=ee8d9159:0
[  459239ms] [ERROR] Error обновления графика для io:Sensor100_S: TypeError: Failed to fetch
    at fetchVariableHistory (http://localhost:8000/static/js/app.js:11919:28)
    at updateChart (http://localhost:8000/static/js/app.js:13985:31)
    at http://localhost:8000/static/js/app.js:1209:27 @ http://localhost:8000/static/js/app.js:14010
[  460239ms] [ERROR] Failed to load resource: net::ERR_CONNECTION_REFUSED @ http://localhost:8000/api/objects/SharedMemory?server=ee8d9159:0
[  460239ms] [ERROR] Error загрузки ee8d9159:SharedMemory: TypeError: Failed to fetch
    at fetchObjectData (http://localhost:8000/static/js/app.js:11889:28)
    at loadObjectData (http://localhost:8000/static/js/app.js:13547:28)
    at http://localhost:8000/static/js/app.js:1198:23 @ http://localhost:8000/static/js/app.js:13558
[  460240ms] [ERROR] Failed to load resource: net::ERR_CONNECTION_REFUSED @ http://localhost:8000/api/objects/SharedMemory/variables/io%3ASensor1_S/history?count=200&server=ee8d9159:0
[  460240ms] [ERROR] Error обновления графика для io:Sensor1_S: TypeError: Failed to fetch
    at fetchVariableHistory (http://localhost:8000/static/js/app.js:11919:28)
    at updateChart (http://localhost:8000/static/js/app.js:13985:31)
    at http://localhost:8000/static/js/app.js:1209:27 @ http://localhost:8000/static/js/app.js:14010
[  460240ms] [ERROR] Failed to load resource: net::ERR_CONNECTION_REFUSED @ http://localhost:8000/api/objects/SharedMemory/variables/io%3ASensor10_S/history?count=200&server=ee8d9159:0
[  460240ms] [ERROR] Error обновления графика для io:Sensor10_S: TypeError: Failed to fetch
    at fetchVariableHistory (http://localhost:8000/static/js/app.js:11919:28)
    at updateChart (http://localhost:8000/static/js/app.js:13985:31)
    at http://localhost:8000/static/js/app.js:1209:27 @ http://localhost:8000/static/js/app.js:14010
[  460241ms] [ERROR] Failed to load resource: net::ERR_CONNECTION_REFUSED @ http://localhost:8000/api/objects/SharedMemory/variables/io%3ASensor100_S/history?count=200&server=ee8d9159:0
[  460241ms] [ERROR] Error обновления графика для io:Sensor100_S: TypeError: Failed to fetch
    at fetchVariableHistory (http://localhost:8000/static/js/app.js:11919:28)
    at updateChart (http://localhost:8000/static/js/app.js:13985:31)
    at http://localhost:8000/static/js/app.js:1209:27 @ http://localhost:8000/static/js/app.js:14010
[  460351ms] [ERROR] Failed to load resource: net::ERR_CONNECTION_REFUSED @ http://localhost:8000/api/recording/status:0
[  461238ms] [ERROR] Failed to load resource: net::ERR_CONNECTION_REFUSED @ http://localhost:8000/api/objects/SharedMemory?server=ee8d9159:0
[  461238ms] [ERROR] Error загрузки ee8d9159:SharedMemory: TypeError: Failed to fetch
    at fetchObjectData (http://localhost:8000/static/js/app.js:11889:28)
    at loadObjectData (http://localhost:8000/static/js/app.js:13547:28)
    at http://localhost:8000/static/js/app.js:1198:23 @ http://localhost:8000/static/js/app.js:13558
[  461238ms] [ERROR] Failed to load resource: net::ERR_CONNECTION_REFUSED @ http://localhost:8000/api/objects/SharedMemory/variables/io%3ASensor1_S/history?count=200&server=ee8d9159:0
[  461238ms] [ERROR] Error обновления графика для io:Sensor1_S: TypeError: Failed to fetch
    at fetchVariableHistory (http://localhost:8000/static/js/app.js:11919:28)
    at updateChart (http://localhost:8000/static/js/app.js:13985:31)
    at http://localhost:8000/static/js/app.js:1209:27 @ http://localhost:8000/static/js/app.js:14010
[  461238ms] [ERROR] Failed to load resource: net::ERR_CONNECTION_REFUSED @ http://localhost:8000/api/objects/SharedMemory/variables/io%3ASensor10_S/history?count=200&server=ee8d9159:0
[  461238ms] [ERROR] Error обновления графика для io:Sensor10_S: TypeError: Failed to fetch
    at fetchVariableHistory (http://localhost:8000/static/js/app.js:11919:28)
    at updateChart (http://localhost:8000/static/js/app.js:13985:31)
    at http://localhost:8000/static/js/app.js:1209:27 @ http://localhost:8000/static/js/app.js:14010
[  461239ms] [ERROR] Failed to load resource: net::ERR_CONNECTION_REFUSED @ http://localhost:8000/api/objects/SharedMemory/variables/io%3ASensor100_S/history?count=200&server=ee8d9159:0
[  461239ms] [ERROR] Error обновления графика для io:Sensor100_S: TypeError: Failed to fetch
    at fetchVariableHistory (http://localhost:8000/static/js/app.js:11919:28)
    at updateChart (http://localhost:8000/static/js/app.js:13985:31)
    at http://localhost:8000/static/js/app.js:1209:27 @ http://localhost:8000/static/js/app.js:14010
[  462237ms] [ERROR] Failed to load resource: net::ERR_CONNECTION_REFUSED @ http://localhost:8000/api/objects/SharedMemory?server=ee8d9159:0
[  462237ms] [ERROR] Error загрузки ee8d9159:SharedMemory: TypeError: Failed to fetch
    at fetchObjectData (http://localhost:8000/static/js/app.js:11889:28)
    at loadObjectData (http://localhost:8000/static/js/app.js:13547:28)
    at http://localhost:8000/static/js/app.js:1198:23 @ http://localhost:8000/static/js/app.js:13558
[  462238ms] [ERROR] Failed to load resource: net::ERR_CONNECTION_REFUSED @ http://localhost:8000/api/objects/SharedMemory/variables/io%3ASensor1_S/history?count=200&server=ee8d9159:0
[  462238ms] [ERROR] Error обновления графика для io:Sensor1_S: TypeError: Failed to fetch
    at fetchVariableHistory (http://localhost:8000/static/js/app.js:11919:28)
    at updateChart (http://localhost:8000/static/js/app.js:13985:31)
    at http://localhost:8000/static/js/app.js:1209:27 @ http://localhost:8000/static/js/app.js:14010
[  462238ms] [ERROR] Failed to load resource: net::ERR_CONNECTION_REFUSED @ http://localhost:8000/api/objects/SharedMemory/variables/io%3ASensor10_S/history?count=200&server=ee8d9159:0
[  462238ms] [ERROR] Error обновления графика для io:Sensor10_S: TypeError: Failed to fetch
    at fetchVariableHistory (http://localhost:8000/static/js/app.js:11919:28)
    at updateChart (http://localhost:8000/static/js/app.js:13985:31)
    at http://localhost:8000/static/js/app.js:1209:27 @ http://localhost:8000/static/js/app.js:14010
[  462238ms] [ERROR] Failed to load resource: net::ERR_CONNECTION_REFUSED @ http://localhost:8000/api/objects/SharedMemory/variables/io%3ASensor100_S/history?count=200&server=ee8d9159:0
[  462238ms] [ERROR] Error обновления графика для io:Sensor100_S: TypeError: Failed to fetch
    at fetchVariableHistory (http://localhost:8000/static/js/app.js:11919:28)
    at updateChart (http://localhost:8000/static/js/app.js:13985:31)
    at http://localhost:8000/static/js/app.js:1209:27 @ http://localhost:8000/static/js/app.js:14010
[  463239ms] [ERROR] Failed to load resource: net::ERR_CONNECTION_REFUSED @ http://localhost:8000/api/objects/SharedMemory?server=ee8d9159:0
[  463239ms] [ERROR] Error загрузки ee8d9159:SharedMemory: TypeError: Failed to fetch
    at fetchObjectData (http://localhost:8000/static/js/app.js:11889:28)
    at loadObjectData (http://localhost:8000/static/js/app.js:13547:28)
    at http://localhost:8000/static/js/app.js:1198:23 @ http://localhost:8000/static/js/app.js:13558
[  463239ms] [ERROR] Failed to load resource: net::ERR_CONNECTION_REFUSED @ http://localhost:8000/api/objects/SharedMemory/variables/io%3ASensor1_S/history?count=200&server=ee8d9159:0
[  463239ms] [ERROR] Error обновления графика для io:Sensor1_S: TypeError: Failed to fetch
    at fetchVariableHistory (http://localhost:8000/static/js/app.js:11919:28)
    at updateChart (http://localhost:8000/static/js/app.js:13985:31)
    at http://localhost:8000/static/js/app.js:1209:27 @ http://localhost:8000/static/js/app.js:14010
[  463239ms] [ERROR] Failed to load resource: net::ERR_CONNECTION_REFUSED @ http://localhost:8000/api/objects/SharedMemory/variables/io%3ASensor10_S/history?count=200&server=ee8d9159:0
[  463239ms] [ERROR] Error обновления графика для io:Sensor10_S: TypeError: Failed to fetch
    at fetchVariableHistory (http://localhost:8000/static/js/app.js:11919:28)
    at updateChart (http://localhost:8000/static/js/app.js:13985:31)
    at http://localhost:8000/static/js/app.js:1209:27 @ http://localhost:8000/static/js/app.js:14010
[  463240ms] [ERROR] Failed to load resource: net::ERR_CONNECTION_REFUSED @ http://localhost:8000/api/objects/SharedMemory/variables/io%3ASensor100_S/history?count=200&server=ee8d9159:0
[  463240ms] [ERROR] Error обновления графика для io:Sensor100_S: TypeError: Failed to fetch
    at fetchVariableHistory (http://localhost:8000/static/js/app.js:11919:28)
    at updateChart (http://localhost:8000/static/js/app.js:13985:31)
    at http://localhost:8000/static/js/app.js:1209:27 @ http://localhost:8000/static/js/app.js:14010
[  464239ms] [ERROR] Failed to load resource: net::ERR_CONNECTION_REFUSED @ http://localhost:8000/api/servers:0
[  464239ms] [ERROR] Error обновления списка объектов: TypeError: Failed to fetch
    at fetchServers (http://localhost:8000/static/js/app.js:11815:28)
    at fetchObjects (http://localhost:8000/static/js/app.js:11822:31)
    at refreshObjectsList (http://localhost:8000/static/js/app.js:11870:28)
    at http://localhost:8000/static/js/app.js:1191:9 @ http://localhost:8000/static/js/app.js:11873
[  464240ms] [ERROR] Failed to load resource: net::ERR_CONNECTION_REFUSED @ http://localhost:8000/api/objects/SharedMemory?server=ee8d9159:0
[  464240ms] [ERROR] Error загрузки ee8d9159:SharedMemory: TypeError: Failed to fetch
    at fetchObjectData (http://localhost:8000/static/js/app.js:11889:28)
    at loadObjectData (http://localhost:8000/static/js/app.js:13547:28)
    at http://localhost:8000/static/js/app.js:1198:23 @ http://localhost:8000/static/js/app.js:13558
[  464240ms] [ERROR] Failed to load resource: net::ERR_CONNECTION_REFUSED @ http://localhost:8000/api/objects/SharedMemory/variables/io%3ASensor1_S/history?count=200&server=ee8d9159:0
[  464240ms] [ERROR] Error обновления графика для io:Sensor1_S: TypeError: Failed to fetch
    at fetchVariableHistory (http://localhost:8000/static/js/app.js:11919:28)
    at updateChart (http://localhost:8000/static/js/app.js:13985:31)
    at http://localhost:8000/static/js/app.js:1209:27 @ http://localhost:8000/static/js/app.js:14010
[  464240ms] [ERROR] Failed to load resource: net::ERR_CONNECTION_REFUSED @ http://localhost:8000/api/objects/SharedMemory/variables/io%3ASensor10_S/history?count=200&server=ee8d9159:0
[  464240ms] [ERROR] Error обновления графика для io:Sensor10_S: TypeError: Failed to fetch
    at fetchVariableHistory (http://localhost:8000/static/js/app.js:11919:28)
    at updateChart (http://localhost:8000/static/js/app.js:13985:31)
    at http://localhost:8000/static/js/app.js:1209:27 @ http://localhost:8000/static/js/app.js:14010
[  464240ms] [ERROR] Failed to load resource: net::ERR_CONNECTION_REFUSED @ http://localhost:8000/api/objects/SharedMemory/variables/io%3ASensor100_S/history?count=200&server=ee8d9159:0
[  464240ms] [ERROR] Error обновления графика для io:Sensor100_S: TypeError: Failed to fetch
    at fetchVariableHistory (http://localhost:8000/static/js/app.js:11919:28)
    at updateChart (http://localhost:8000/static/js/app.js:13985:31)
    at http://localhost:8000/static/js/app.js:1209:27 @ http://localhost:8000/static/js/app.js:14010
[  465239ms] [ERROR] Failed to load resource: net::ERR_CONNECTION_REFUSED @ http://localhost:8000/api/objects/SharedMemory?server=ee8d9159:0
[  465239ms] [ERROR] Error загрузки ee8d9159:SharedMemory: TypeError: Failed to fetch
    at fetchObjectData (http://localhost:8000/static/js/app.js:11889:28)
    at loadObjectData (http://localhost:8000/static/js/app.js:13547:28)
    at http://localhost:8000/static/js/app.js:1198:23 @ http://localhost:8000/static/js/app.js:13558
[  465240ms] [ERROR] Failed to load resource: net::ERR_CONNECTION_REFUSED @ http://localhost:8000/api/objects/SharedMemory/variables/io%3ASensor1_S/history?count=200&server=ee8d9159:0
[  465240ms] [ERROR] Error обновления графика для io:Sensor1_S: TypeError: Failed to fetch
    at fetchVariableHistory (http://localhost:8000/static/js/app.js:11919:28)
    at updateChart (http://localhost:8000/static/js/app.js:13985:31)
    at http://localhost:8000/static/js/app.js:1209:27 @ http://localhost:8000/static/js/app.js:14010
[  465240ms] [ERROR] Failed to load resource: net::ERR_CONNECTION_REFUSED @ http://localhost:8000/api/objects/SharedMemory/variables/io%3ASensor10_S/history?count=200&server=ee8d9159:0
[  465240ms] [ERROR] Error обновления графика для io:Sensor10_S: TypeError: Failed to fetch
    at fetchVariableHistory (http://localhost:8000/static/js/app.js:11919:28)
    at updateChart (http://localhost:8000/static/js/app.js:13985:31)
    at http://localhost:8000/static/js/app.js:1209:27 @ http://localhost:8000/static/js/app.js:14010
[  465241ms] [ERROR] Failed to load resource: net::ERR_CONNECTION_REFUSED @ http://localhost:8000/api/objects/SharedMemory/variables/io%3ASensor100_S/history?count=200&server=ee8d9159:0
[  465241ms] [ERROR] Error обновления графика для io:Sensor100_S: TypeError: Failed to fetch
    at fetchVariableHistory (http://localhost:8000/static/js/app.js:11919:28)
    at updateChart (http://localhost:8000/static/js/app.js:13985:31)
    at http://localhost:8000/static/js/app.js:1209:27 @ http://localhost:8000/static/js/app.js:14010
[  465352ms] [ERROR] Failed to load resource: net::ERR_CONNECTION_REFUSED @ http://localhost:8000/api/recording/status:0
[  466238ms] [ERROR] Failed to load resource: net::ERR_CONNECTION_REFUSED @ http://localhost:8000/api/objects/SharedMemory?server=ee8d9159:0
[  466238ms] [ERROR] Error загрузки ee8d9159:SharedMemory: TypeError: Failed to fetch
    at fetchObjectData (http://localhost:8000/static/js/app.js:11889:28)
    at loadObjectData (http://localhost:8000/static/js/app.js:13547:28)
    at http://localhost:8000/static/js/app.js:1198:23 @ http://localhost:8000/static/js/app.js:13558
[  466239ms] [ERROR] Failed to load resource: net::ERR_CONNECTION_REFUSED @ http://localhost:8000/api/objects/SharedMemory/variables/io%3ASensor1_S/history?count=200&server=ee8d9159:0
[  466239ms] [ERROR] Error обновления графика для io:Sensor1_S: TypeError: Failed to fetch
    at fetchVariableHistory (http://localhost:8000/static/js/app.js:11919:28)
    at updateChart (http://localhost:8000/static/js/app.js:13985:31)
    at http://localhost:8000/static/js/app.js:1209:27 @ http://localhost:8000/static/js/app.js:14010
[  466239ms] [ERROR] Failed to load resource: net::ERR_CONNECTION_REFUSED @ http://localhost:8000/api/objects/SharedMemory/variables/io%3ASensor10_S/history?count=200&server=ee8d9159:0
[  466239ms] [ERROR] Error обновления графика для io:Sensor10_S: TypeError: Failed to fetch
    at fetchVariableHistory (http://localhost:8000/static/js/app.js:11919:28)
    at updateChart (http://localhost:8000/static/js/app.js:13985:31)
    at http://localhost:8000/static/js/app.js:1209:27 @ http://localhost:8000/static/js/app.js:14010
[  466239ms] [ERROR] Failed to load resource: net::ERR_CONNECTION_REFUSED @ http://localhost:8000/api/objects/SharedMemory/variables/io%3ASensor100_S/history?count=200&server=ee8d9159:0
[  466239ms] [ERROR] Error обновления графика для io:Sensor100_S: TypeError: Failed to fetch
    at fetchVariableHistory (http://localhost:8000/static/js/app.js:11919:28)
    at updateChart (http://localhost:8000/static/js/app.js:13985:31)
    at http://localhost:8000/static/js/app.js:1209:27 @ http://localhost:8000/static/js/app.js:14010
[  467238ms] [ERROR] Failed to load resource: net::ERR_CONNECTION_REFUSED @ http://localhost:8000/api/objects/SharedMemory?server=ee8d9159:0
[  467238ms] [ERROR] Error загрузки ee8d9159:SharedMemory: TypeError: Failed to fetch
    at fetchObjectData (http://localhost:8000/static/js/app.js:11889:28)
    at loadObjectData (http://localhost:8000/static/js/app.js:13547:28)
    at http://localhost:8000/static/js/app.js:1198:23 @ http://localhost:8000/static/js/app.js:13558
[  467238ms] [ERROR] Failed to load resource: net::ERR_CONNECTION_REFUSED @ http://localhost:8000/api/objects/SharedMemory/variables/io%3ASensor1_S/history?count=200&server=ee8d9159:0
[  467238ms] [ERROR] Error обновления графика для io:Sensor1_S: TypeError: Failed to fetch
    at fetchVariableHistory (http://localhost:8000/static/js/app.js:11919:28)
    at updateChart (http://localhost:8000/static/js/app.js:13985:31)
    at http://localhost:8000/static/js/app.js:1209:27 @ http://localhost:8000/static/js/app.js:14010
[  467238ms] [ERROR] Failed to load resource: net::ERR_CONNECTION_REFUSED @ http://localhost:8000/api/objects/SharedMemory/variables/io%3ASensor10_S/history?count=200&server=ee8d9159:0
[  467238ms] [ERROR] Error обновления графика для io:Sensor10_S: TypeError: Failed to fetch
    at fetchVariableHistory (http://localhost:8000/static/js/app.js:11919:28)
    at updateChart (http://localhost:8000/static/js/app.js:13985:31)
    at http://localhost:8000/static/js/app.js:1209:27 @ http://localhost:8000/static/js/app.js:14010
[  467239ms] [ERROR] Failed to load resource: net::ERR_CONNECTION_REFUSED @ http://localhost:8000/api/objects/SharedMemory/variables/io%3ASensor100_S/history?count=200&server=ee8d9159:0
[  467239ms] [ERROR] Error обновления графика для io:Sensor100_S: TypeError: Failed to fetch
    at fetchVariableHistory (http://localhost:8000/static/js/app.js:11919:28)
    at updateChart (http://localhost:8000/static/js/app.js:13985:31)
    at http://localhost:8000/static/js/app.js:1209:27 @ http://localhost:8000/static/js/app.js:14010
[  468240ms] [ERROR] Failed to load resource: net::ERR_CONNECTION_REFUSED @ http://localhost:8000/api/objects/SharedMemory?server=ee8d9159:0
[  468240ms] [ERROR] Error загрузки ee8d9159:SharedMemory: TypeError: Failed to fetch
    at fetchObjectData (http://localhost:8000/static/js/app.js:11889:28)
    at loadObjectData (http://localhost:8000/static/js/app.js:13547:28)
    at http://localhost:8000/static/js/app.js:1198:23 @ http://localhost:8000/static/js/app.js:13558
[  468240ms] [ERROR] Failed to load resource: net::ERR_CONNECTION_REFUSED @ http://localhost:8000/api/objects/SharedMemory/variables/io%3ASensor1_S/history?count=200&server=ee8d9159:0
[  468240ms] [ERROR] Error обновления графика для io:Sensor1_S: TypeError: Failed to fetch
    at fetchVariableHistory (http://localhost:8000/static/js/app.js:11919:28)
    at updateChart (http://localhost:8000/static/js/app.js:13985:31)
    at http://localhost:8000/static/js/app.js:1209:27 @ http://localhost:8000/static/js/app.js:14010
[  468240ms] [ERROR] Failed to load resource: net::ERR_CONNECTION_REFUSED @ http://localhost:8000/api/objects/SharedMemory/variables/io%3ASensor10_S/history?count=200&server=ee8d9159:0
[  468240ms] [ERROR] Error обновления графика для io:Sensor10_S: TypeError: Failed to fetch
    at fetchVariableHistory (http://localhost:8000/static/js/app.js:11919:28)
    at updateChart (http://localhost:8000/static/js/app.js:13985:31)
    at http://localhost:8000/static/js/app.js:1209:27 @ http://localhost:8000/static/js/app.js:14010
[  468241ms] [ERROR] Failed to load resource: net::ERR_CONNECTION_REFUSED @ http://localhost:8000/api/objects/SharedMemory/variables/io%3ASensor100_S/history?count=200&server=ee8d9159:0
[  468241ms] [ERROR] Error обновления графика для io:Sensor100_S: TypeError: Failed to fetch
    at fetchVariableHistory (http://localhost:8000/static/js/app.js:11919:28)
    at updateChart (http://localhost:8000/static/js/app.js:13985:31)
    at http://localhost:8000/static/js/app.js:1209:27 @ http://localhost:8000/static/js/app.js:14010
[  469237ms] [ERROR] Failed to load resource: net::ERR_CONNECTION_REFUSED @ http://localhost:8000/api/objects/SharedMemory?server=ee8d9159:0
[  469237ms] [ERROR] Error загрузки ee8d9159:SharedMemory: TypeError: Failed to fetch
    at fetchObjectData (http://localhost:8000/static/js/app.js:11889:28)
    at loadObjectData (http://localhost:8000/static/js/app.js:13547:28)
    at http://localhost:8000/static/js/app.js:1198:23 @ http://localhost:8000/static/js/app.js:13558
[  469237ms] [ERROR] Failed to load resource: net::ERR_CONNECTION_REFUSED @ http://localhost:8000/api/objects/SharedMemory/variables/io%3ASensor1_S/history?count=200&server=ee8d9159:0
[  469237ms] [ERROR] Error обновления графика для io:Sensor1_S: TypeError: Failed to fetch
    at fetchVariableHistory (http://localhost:8000/static/js/app.js:11919:28)
    at updateChart (http://localhost:8000/static/js/app.js:13985:31)
    at http://localhost:8000/static/js/app.js:1209:27 @ http://localhost:8000/static/js/app.js:14010
[  469237ms] [ERROR] Failed to load resource: net::ERR_CONNECTION_REFUSED @ http://localhost:8000/api/objects/SharedMemory/variables/io%3ASensor10_S/history?count=200&server=ee8d9159:0
[  469237ms] [ERROR] Error обновления графика для io:Sensor10_S: TypeError: Failed to fetch
    at fetchVariableHistory (http://localhost:8000/static/js/app.js:11919:28)
    at updateChart (http://localhost:8000/static/js/app.js:13985:31)
    at http://localhost:8000/static/js/app.js:1209:27 @ http://localhost:8000/static/js/app.js:14010
[  469237ms] [ERROR] Failed to load resource: net::ERR_CONNECTION_REFUSED @ http://localhost:8000/api/objects/SharedMemory/variables/io%3ASensor100_S/history?count=200&server=ee8d9159:0
[  469237ms] [ERROR] Error обновления графика для io:Sensor100_S: TypeError: Failed to fetch
    at fetchVariableHistory (http://localhost:8000/static/js/app.js:11919:28)
    at updateChart (http://localhost:8000/static/js/app.js:13985:31)
    at http://localhost:8000/static/js/app.js:1209:27 @ http://localhost:8000/static/js/app.js:14010
[  470238ms] [ERROR] Failed to load resource: net::ERR_CONNECTION_REFUSED @ http://localhost:8000/api/servers:0
[  470238ms] [ERROR] Error обновления списка объектов: TypeError: Failed to fetch
    at fetchServers (http://localhost:8000/static/js/app.js:11815:28)
    at fetchObjects (http://localhost:8000/static/js/app.js:11822:31)
    at refreshObjectsList (http://localhost:8000/static/js/app.js:11870:28)
    at http://localhost:8000/static/js/app.js:1191:9 @ http://localhost:8000/static/js/app.js:11873
[  470238ms] [ERROR] Failed to load resource: net::ERR_CONNECTION_REFUSED @ http://localhost:8000/api/objects/SharedMemory?server=ee8d9159:0
[  470238ms] [ERROR] Error загрузки ee8d9159:SharedMemory: TypeError: Failed to fetch
    at fetchObjectData (http://localhost:8000/static/js/app.js:11889:28)
    at loadObjectData (http://localhost:8000/static/js/app.js:13547:28)
    at http://localhost:8000/static/js/app.js:1198:23 @ http://localhost:8000/static/js/app.js:13558
[  470239ms] [ERROR] Failed to load resource: net::ERR_CONNECTION_REFUSED @ http://localhost:8000/api/objects/SharedMemory/variables/io%3ASensor1_S/history?count=200&server=ee8d9159:0
[  470239ms] [ERROR] Error обновления графика для io:Sensor1_S: TypeError: Failed to fetch
    at fetchVariableHistory (http://localhost:8000/static/js/app.js:11919:28)
    at updateChart (http://localhost:8000/static/js/app.js:13985:31)
    at http://localhost:8000/static/js/app.js:1209:27 @ http://localhost:8000/static/js/app.js:14010
[  470239ms] [ERROR] Failed to load resource: net::ERR_CONNECTION_REFUSED @ http://localhost:8000/api/objects/SharedMemory/variables/io%3ASensor10_S/history?count=200&server=ee8d9159:0
[  470239ms] [ERROR] Error обновления графика для io:Sensor10_S: TypeError: Failed to fetch
    at fetchVariableHistory (http://localhost:8000/static/js/app.js:11919:28)
    at updateChart (http://localhost:8000/static/js/app.js:13985:31)
    at http://localhost:8000/static/js/app.js:1209:27 @ http://localhost:8000/static/js/app.js:14010
[  470239ms] [ERROR] Failed to load resource: net::ERR_CONNECTION_REFUSED @ http://localhost:8000/api/objects/SharedMemory/variables/io%3ASensor100_S/history?count=200&server=ee8d9159:0
[  470239ms] [ERROR] Error обновления графика для io:Sensor100_S: TypeError: Failed to fetch
    at fetchVariableHistory (http://localhost:8000/static/js/app.js:11919:28)
    at updateChart (http://localhost:8000/static/js/app.js:13985:31)
    at http://localhost:8000/static/js/app.js:1209:27 @ http://localhost:8000/static/js/app.js:14010
[  470351ms] [ERROR] Failed to load resource: net::ERR_CONNECTION_REFUSED @ http://localhost:8000/api/recording/status:0
[  471237ms] [ERROR] Failed to load resource: net::ERR_CONNECTION_REFUSED @ http://localhost:8000/api/objects/SharedMemory?server=ee8d9159:0
[  471237ms] [ERROR] Error загрузки ee8d9159:SharedMemory: TypeError: Failed to fetch
    at fetchObjectData (http://localhost:8000/static/js/app.js:11889:28)
    at loadObjectData (http://localhost:8000/static/js/app.js:13547:28)
    at http://localhost:8000/static/js/app.js:1198:23 @ http://localhost:8000/static/js/app.js:13558
[  471237ms] [ERROR] Failed to load resource: net::ERR_CONNECTION_REFUSED @ http://localhost:8000/api/objects/SharedMemory/variables/io%3ASensor1_S/history?count=200&server=ee8d9159:0
[  471237ms] [ERROR] Error обновления графика для io:Sensor1_S: TypeError: Failed to fetch
    at fetchVariableHistory (http://localhost:8000/static/js/app.js:11919:28)
    at updateChart (http://localhost:8000/static/js/app.js:13985:31)
    at http://localhost:8000/static/js/app.js:1209:27 @ http://localhost:8000/static/js/app.js:14010
[  471237ms] [ERROR] Failed to load resource: net::ERR_CONNECTION_REFUSED @ http://localhost:8000/api/objects/SharedMemory/variables/io%3ASensor10_S/history?count=200&server=ee8d9159:0
[  471237ms] [ERROR] Error обновления графика для io:Sensor10_S: TypeError: Failed to fetch
    at fetchVariableHistory (http://localhost:8000/static/js/app.js:11919:28)
    at updateChart (http://localhost:8000/static/js/app.js:13985:31)
    at http://localhost:8000/static/js/app.js:1209:27 @ http://localhost:8000/static/js/app.js:14010
[  471237ms] [ERROR] Failed to load resource: net::ERR_CONNECTION_REFUSED @ http://localhost:8000/api/objects/SharedMemory/variables/io%3ASensor100_S/history?count=200&server=ee8d9159:0
[  471237ms] [ERROR] Error обновления графика для io:Sensor100_S: TypeError: Failed to fetch
    at fetchVariableHistory (http://localhost:8000/static/js/app.js:11919:28)
    at updateChart (http://localhost:8000/static/js/app.js:13985:31)
    at http://localhost:8000/static/js/app.js:1209:27 @ http://localhost:8000/static/js/app.js:14010
[  472240ms] [ERROR] Failed to load resource: net::ERR_CONNECTION_REFUSED @ http://localhost:8000/api/objects/SharedMemory?server=ee8d9159:0
[  472240ms] [ERROR] Error загрузки ee8d9159:SharedMemory: TypeError: Failed to fetch
    at fetchObjectData (http://localhost:8000/static/js/app.js:11889:28)
    at loadObjectData (http://localhost:8000/static/js/app.js:13547:28)
    at http://localhost:8000/static/js/app.js:1198:23 @ http://localhost:8000/static/js/app.js:13558
[  472240ms] [ERROR] Failed to load resource: net::ERR_CONNECTION_REFUSED @ http://localhost:8000/api/objects/SharedMemory/variables/io%3ASensor1_S/history?count=200&server=ee8d9159:0
[  472240ms] [ERROR] Error обновления графика для io:Sensor1_S: TypeError: Failed to fetch
    at fetchVariableHistory (http://localhost:8000/static/js/app.js:11919:28)
    at updateChart (http://localhost:8000/static/js/app.js:13985:31)
    at http://localhost:8000/static/js/app.js:1209:27 @ http://localhost:8000/static/js/app.js:14010
[  472241ms] [ERROR] Failed to load resource: net::ERR_CONNECTION_REFUSED @ http://localhost:8000/api/objects/SharedMemory/variables/io%3ASensor10_S/history?count=200&server=ee8d9159:0
[  472241ms] [ERROR] Error обновления графика для io:Sensor10_S: TypeError: Failed to fetch
    at fetchVariableHistory (http://localhost:8000/static/js/app.js:11919:28)
    at updateChart (http://localhost:8000/static/js/app.js:13985:31)
    at http://localhost:8000/static/js/app.js:1209:27 @ http://localhost:8000/static/js/app.js:14010
[  472241ms] [ERROR] Failed to load resource: net::ERR_CONNECTION_REFUSED @ http://localhost:8000/api/objects/SharedMemory/variables/io%3ASensor100_S/history?count=200&server=ee8d9159:0
[  472241ms] [ERROR] Error обновления графика для io:Sensor100_S: TypeError: Failed to fetch
    at fetchVariableHistory (http://localhost:8000/static/js/app.js:11919:28)
    at updateChart (http://localhost:8000/static/js/app.js:13985:31)
    at http://localhost:8000/static/js/app.js:1209:27 @ http://localhost:8000/static/js/app.js:14010
[  473236ms] [ERROR] Failed to load resource: net::ERR_CONNECTION_REFUSED @ http://localhost:8000/api/objects/SharedMemory?server=ee8d9159:0
[  473236ms] [ERROR] Error загрузки ee8d9159:SharedMemory: TypeError: Failed to fetch
    at fetchObjectData (http://localhost:8000/static/js/app.js:11889:28)
    at loadObjectData (http://localhost:8000/static/js/app.js:13547:28)
    at http://localhost:8000/static/js/app.js:1198:23 @ http://localhost:8000/static/js/app.js:13558
[  473237ms] [ERROR] Failed to load resource: net::ERR_CONNECTION_REFUSED @ http://localhost:8000/api/objects/SharedMemory/variables/io%3ASensor1_S/history?count=200&server=ee8d9159:0
[  473237ms] [ERROR] Error обновления графика для io:Sensor1_S: TypeError: Failed to fetch
    at fetchVariableHistory (http://localhost:8000/static/js/app.js:11919:28)
    at updateChart (http://localhost:8000/static/js/app.js:13985:31)
    at http://localhost:8000/static/js/app.js:1209:27 @ http://localhost:8000/static/js/app.js:14010
[  473237ms] [ERROR] Failed to load resource: net::ERR_CONNECTION_REFUSED @ http://localhost:8000/api/objects/SharedMemory/variables/io%3ASensor10_S/history?count=200&server=ee8d9159:0
[  473237ms] [ERROR] Error обновления графика для io:Sensor10_S: TypeError: Failed to fetch
    at fetchVariableHistory (http://localhost:8000/static/js/app.js:11919:28)
    at updateChart (http://localhost:8000/static/js/app.js:13985:31)
    at http://localhost:8000/static/js/app.js:1209:27 @ http://localhost:8000/static/js/app.js:14010
[  473237ms] [ERROR] Failed to load resource: net::ERR_CONNECTION_REFUSED @ http://localhost:8000/api/objects/SharedMemory/variables/io%3ASensor100_S/history?count=200&server=ee8d9159:0
[  473237ms] [ERROR] Error обновления графика для io:Sensor100_S: TypeError: Failed to fetch
    at fetchVariableHistory (http://localhost:8000/static/js/app.js:11919:28)
    at updateChart (http://localhost:8000/static/js/app.js:13985:31)
    at http://localhost:8000/static/js/app.js:1209:27 @ http://localhost:8000/static/js/app.js:14010
[  474240ms] [ERROR] Failed to load resource: net::ERR_CONNECTION_REFUSED @ http://localhost:8000/api/objects/SharedMemory?server=ee8d9159:0
[  474241ms] [ERROR] Error загрузки ee8d9159:SharedMemory: TypeError: Failed to fetch
    at fetchObjectData (http://localhost:8000/static/js/app.js:11889:28)
    at loadObjectData (http://localhost:8000/static/js/app.js:13547:28)
    at http://localhost:8000/static/js/app.js:1198:23 @ http://localhost:8000/static/js/app.js:13558
[  474241ms] [ERROR] Failed to load resource: net::ERR_CONNECTION_REFUSED @ http://localhost:8000/api/objects/SharedMemory/variables/io%3ASensor1_S/history?count=200&server=ee8d9159:0
[  474241ms] [ERROR] Error обновления графика для io:Sensor1_S: TypeError: Failed to fetch
    at fetchVariableHistory (http://localhost:8000/static/js/app.js:11919:28)
    at updateChart (http://localhost:8000/static/js/app.js:13985:31)
    at http://localhost:8000/static/js/app.js:1209:27 @ http://localhost:8000/static/js/app.js:14010
[  474241ms] [ERROR] Failed to load resource: net::ERR_CONNECTION_REFUSED @ http://localhost:8000/api/objects/SharedMemory/variables/io%3ASensor10_S/history?count=200&server=ee8d9159:0
[  474242ms] [ERROR] Error обновления графика для io:Sensor10_S: TypeError: Failed to fetch
    at fetchVariableHistory (http://localhost:8000/static/js/app.js:11919:28)
    at updateChart (http://localhost:8000/static/js/app.js:13985:31)
    at http://localhost:8000/static/js/app.js:1209:27 @ http://localhost:8000/static/js/app.js:14010
[  474242ms] [ERROR] Failed to load resource: net::ERR_CONNECTION_REFUSED @ http://localhost:8000/api/objects/SharedMemory/variables/io%3ASensor100_S/history?count=200&server=ee8d9159:0
[  474242ms] [ERROR] Error обновления графика для io:Sensor100_S: TypeError: Failed to fetch
    at fetchVariableHistory (http://localhost:8000/static/js/app.js:11919:28)
    at updateChart (http://localhost:8000/static/js/app.js:13985:31)
    at http://localhost:8000/static/js/app.js:1209:27 @ http://localhost:8000/static/js/app.js:14010
[  475238ms] [ERROR] Failed to load resource: net::ERR_CONNECTION_REFUSED @ http://localhost:8000/api/objects/SharedMemory?server=ee8d9159:0
[  475238ms] [ERROR] Error загрузки ee8d9159:SharedMemory: TypeError: Failed to fetch
    at fetchObjectData (http://localhost:8000/static/js/app.js:11889:28)
    at loadObjectData (http://localhost:8000/static/js/app.js:13547:28)
    at http://localhost:8000/static/js/app.js:1198:23 @ http://localhost:8000/static/js/app.js:13558
[  475239ms] [ERROR] Failed to load resource: net::ERR_CONNECTION_REFUSED @ http://localhost:8000/api/objects/SharedMemory/variables/io%3ASensor1_S/history?count=200&server=ee8d9159:0
[  475239ms] [ERROR] Error обновления графика для io:Sensor1_S: TypeError: Failed to fetch
    at fetchVariableHistory (http://localhost:8000/static/js/app.js:11919:28)
    at updateChart (http://localhost:8000/static/js/app.js:13985:31)
    at http://localhost:8000/static/js/app.js:1209:27 @ http://localhost:8000/static/js/app.js:14010
[  475239ms] [ERROR] Failed to load resource: net::ERR_CONNECTION_REFUSED @ http://localhost:8000/api/objects/SharedMemory/variables/io%3ASensor10_S/history?count=200&server=ee8d9159:0
[  475239ms] [ERROR] Error обновления графика для io:Sensor10_S: TypeError: Failed to fetch
    at fetchVariableHistory (http://localhost:8000/static/js/app.js:11919:28)
    at updateChart (http://localhost:8000/static/js/app.js:13985:31)
    at http://localhost:8000/static/js/app.js:1209:27 @ http://localhost:8000/static/js/app.js:14010
[  475240ms] [ERROR] Failed to load resource: net::ERR_CONNECTION_REFUSED @ http://localhost:8000/api/objects/SharedMemory/variables/io%3ASensor100_S/history?count=200&server=ee8d9159:0
[  475240ms] [ERROR] Error обновления графика для io:Sensor100_S: TypeError: Failed to fetch
    at fetchVariableHistory (http://localhost:8000/static/js/app.js:11919:28)
    at updateChart (http://localhost:8000/static/js/app.js:13985:31)
    at http://localhost:8000/static/js/app.js:1209:27 @ http://localhost:8000/static/js/app.js:14010
[  475351ms] [ERROR] Failed to load resource: net::ERR_CONNECTION_REFUSED @ http://localhost:8000/api/recording/status:0
[  476236ms] [ERROR] Failed to load resource: net::ERR_CONNECTION_REFUSED @ http://localhost:8000/api/servers:0
[  476236ms] [ERROR] Error обновления списка объектов: TypeError: Failed to fetch
    at fetchServers (http://localhost:8000/static/js/app.js:11815:28)
    at fetchObjects (http://localhost:8000/static/js/app.js:11822:31)
    at refreshObjectsList (http://localhost:8000/static/js/app.js:11870:28)
    at http://localhost:8000/static/js/app.js:1191:9 @ http://localhost:8000/static/js/app.js:11873
[  476236ms] [ERROR] Failed to load resource: net::ERR_CONNECTION_REFUSED @ http://localhost:8000/api/objects/SharedMemory?server=ee8d9159:0
[  476236ms] [ERROR] Error загрузки ee8d9159:SharedMemory: TypeError: Failed to fetch
    at fetchObjectData (http://localhost:8000/static/js/app.js:11889:28)
    at loadObjectData (http://localhost:8000/static/js/app.js:13547:28)
    at http://localhost:8000/static/js/app.js:1198:23 @ http://localhost:8000/static/js/app.js:13558
[  476236ms] [ERROR] Failed to load resource: net::ERR_CONNECTION_REFUSED @ http://localhost:8000/api/objects/SharedMemory/variables/io%3ASensor1_S/history?count=200&server=ee8d9159:0
[  476236ms] [ERROR] Error обновления графика для io:Sensor1_S: TypeError: Failed to fetch
    at fetchVariableHistory (http://localhost:8000/static/js/app.js:11919:28)
    at updateChart (http://localhost:8000/static/js/app.js:13985:31)
    at http://localhost:8000/static/js/app.js:1209:27 @ http://localhost:8000/static/js/app.js:14010
[  476236ms] [ERROR] Failed to load resource: net::ERR_CONNECTION_REFUSED @ http://localhost:8000/api/objects/SharedMemory/variables/io%3ASensor10_S/history?count=200&server=ee8d9159:0
[  476236ms] [ERROR] Error обновления графика для io:Sensor10_S: TypeError: Failed to fetch
    at fetchVariableHistory (http://localhost:8000/static/js/app.js:11919:28)
    at updateChart (http://localhost:8000/static/js/app.js:13985:31)
    at http://localhost:8000/static/js/app.js:1209:27 @ http://localhost:8000/static/js/app.js:14010
[  476236ms] [ERROR] Failed to load resource: net::ERR_CONNECTION_REFUSED @ http://localhost:8000/api/objects/SharedMemory/variables/io%3ASensor100_S/history?count=200&server=ee8d9159:0
[  476236ms] [ERROR] Error обновления графика для io:Sensor100_S: TypeError: Failed to fetch
    at fetchVariableHistory (http://localhost:8000/static/js/app.js:11919:28)
    at updateChart (http://localhost:8000/static/js/app.js:13985:31)
    at http://localhost:8000/static/js/app.js:1209:27 @ http://localhost:8000/static/js/app.js:14010
[  476237ms] [ERROR] Failed to load resource: net::ERR_CONNECTION_REFUSED @ http://localhost:8000/api/version:0
[  477238ms] [ERROR] Failed to load resource: net::ERR_CONNECTION_REFUSED @ http://localhost:8000/api/objects/SharedMemory?server=ee8d9159:0
[  477238ms] [ERROR] Error загрузки ee8d9159:SharedMemory: TypeError: Failed to fetch
    at fetchObjectData (http://localhost:8000/static/js/app.js:11889:28)
    at loadObjectData (http://localhost:8000/static/js/app.js:13547:28)
    at http://localhost:8000/static/js/app.js:1198:23 @ http://localhost:8000/static/js/app.js:13558
[  477238ms] [ERROR] Failed to load resource: net::ERR_CONNECTION_REFUSED @ http://localhost:8000/api/objects/SharedMemory/variables/io%3ASensor1_S/history?count=200&server=ee8d9159:0
[  477238ms] [ERROR] Error обновления графика для io:Sensor1_S: TypeError: Failed to fetch
    at fetchVariableHistory (http://localhost:8000/static/js/app.js:11919:28)
    at updateChart (http://localhost:8000/static/js/app.js:13985:31)
    at http://localhost:8000/static/js/app.js:1209:27 @ http://localhost:8000/static/js/app.js:14010
[  477238ms] [ERROR] Failed to load resource: net::ERR_CONNECTION_REFUSED @ http://localhost:8000/api/objects/SharedMemory/variables/io%3ASensor10_S/history?count=200&server=ee8d9159:0
[  477239ms] [ERROR] Error обновления графика для io:Sensor10_S: TypeError: Failed to fetch
    at fetchVariableHistory (http://localhost:8000/static/js/app.js:11919:28)
    at updateChart (http://localhost:8000/static/js/app.js:13985:31)
    at http://localhost:8000/static/js/app.js:1209:27 @ http://localhost:8000/static/js/app.js:14010
[  477239ms] [ERROR] Failed to load resource: net::ERR_CONNECTION_REFUSED @ http://localhost:8000/api/objects/SharedMemory/variables/io%3ASensor100_S/history?count=200&server=ee8d9159:0
[  477239ms] [ERROR] Error обновления графика для io:Sensor100_S: TypeError: Failed to fetch
    at fetchVariableHistory (http://localhost:8000/static/js/app.js:11919:28)
    at updateChart (http://localhost:8000/static/js/app.js:13985:31)
    at http://localhost:8000/static/js/app.js:1209:27 @ http://localhost:8000/static/js/app.js:14010
[  478238ms] [ERROR] Failed to load resource: net::ERR_CONNECTION_REFUSED @ http://localhost:8000/api/objects/SharedMemory?server=ee8d9159:0
[  478238ms] [ERROR] Error загрузки ee8d9159:SharedMemory: TypeError: Failed to fetch
    at fetchObjectData (http://localhost:8000/static/js/app.js:11889:28)
    at loadObjectData (http://localhost:8000/static/js/app.js:13547:28)
    at http://localhost:8000/static/js/app.js:1198:23 @ http://localhost:8000/static/js/app.js:13558
[  478239ms] [ERROR] Failed to load resource: net::ERR_CONNECTION_REFUSED @ http://localhost:8000/api/objects/SharedMemory/variables/io%3ASensor1_S/history?count=200&server=ee8d9159:0
[  478239ms] [ERROR] Error обновления графика для io:Sensor1_S: TypeError: Failed to fetch
    at fetchVariableHistory (http://localhost:8000/static/js/app.js:11919:28)
    at updateChart (http://localhost:8000/static/js/app.js:13985:31)
    at http://localhost:8000/static/js/app.js:1209:27 @ http://localhost:8000/static/js/app.js:14010
[  478239ms] [ERROR] Failed to load resource: net::ERR_CONNECTION_REFUSED @ http://localhost:8000/api/objects/SharedMemory/variables/io%3ASensor10_S/history?count=200&server=ee8d9159:0
[  478240ms] [ERROR] Error обновления графика для io:Sensor10_S: TypeError: Failed to fetch
    at fetchVariableHistory (http://localhost:8000/static/js/app.js:11919:28)
    at updateChart (http://localhost:8000/static/js/app.js:13985:31)
    at http://localhost:8000/static/js/app.js:1209:27 @ http://localhost:8000/static/js/app.js:14010
[  478240ms] [ERROR] Failed to load resource: net::ERR_CONNECTION_REFUSED @ http://localhost:8000/api/objects/SharedMemory/variables/io%3ASensor100_S/history?count=200&server=ee8d9159:0
[  478240ms] [ERROR] Error обновления графика для io:Sensor100_S: TypeError: Failed to fetch
    at fetchVariableHistory (http://localhost:8000/static/js/app.js:11919:28)
    at updateChart (http://localhost:8000/static/js/app.js:13985:31)
    at http://localhost:8000/static/js/app.js:1209:27 @ http://localhost:8000/static/js/app.js:14010
[  479237ms] [ERROR] Failed to load resource: net::ERR_CONNECTION_REFUSED @ http://localhost:8000/api/objects/SharedMemory?server=ee8d9159:0
[  479237ms] [ERROR] Error загрузки ee8d9159:SharedMemory: TypeError: Failed to fetch
    at fetchObjectData (http://localhost:8000/static/js/app.js:11889:28)
    at loadObjectData (http://localhost:8000/static/js/app.js:13547:28)
    at http://localhost:8000/static/js/app.js:1198:23 @ http://localhost:8000/static/js/app.js:13558
[  479238ms] [ERROR] Failed to load resource: net::ERR_CONNECTION_REFUSED @ http://localhost:8000/api/objects/SharedMemory/variables/io%3ASensor1_S/history?count=200&server=ee8d9159:0
[  479238ms] [ERROR] Error обновления графика для io:Sensor1_S: TypeError: Failed to fetch
    at fetchVariableHistory (http://localhost:8000/static/js/app.js:11919:28)
    at updateChart (http://localhost:8000/static/js/app.js:13985:31)
    at http://localhost:8000/static/js/app.js:1209:27 @ http://localhost:8000/static/js/app.js:14010
[  479238ms] [ERROR] Failed to load resource: net::ERR_CONNECTION_REFUSED @ http://localhost:8000/api/objects/SharedMemory/variables/io%3ASensor10_S/history?count=200&server=ee8d9159:0
[  479238ms] [ERROR] Error обновления графика для io:Sensor10_S: TypeError: Failed to fetch
    at fetchVariableHistory (http://localhost:8000/static/js/app.js:11919:28)
    at updateChart (http://localhost:8000/static/js/app.js:13985:31)
    at http://localhost:8000/static/js/app.js:1209:27 @ http://localhost:8000/static/js/app.js:14010
[  479238ms] [ERROR] Failed to load resource: net::ERR_CONNECTION_REFUSED @ http://localhost:8000/api/objects/SharedMemory/variables/io%3ASensor100_S/history?count=200&server=ee8d9159:0
[  479238ms] [ERROR] Error обновления графика для io:Sensor100_S: TypeError: Failed to fetch
    at fetchVariableHistory (http://localhost:8000/static/js/app.js:11919:28)
    at updateChart (http://localhost:8000/static/js/app.js:13985:31)
    at http://localhost:8000/static/js/app.js:1209:27 @ http://localhost:8000/static/js/app.js:14010
[  480236ms] [ERROR] Failed to load resource: net::ERR_CONNECTION_REFUSED @ http://localhost:8000/api/objects/SharedMemory?server=ee8d9159:0
[  480236ms] [ERROR] Error загрузки ee8d9159:SharedMemory: TypeError: Failed to fetch
    at fetchObjectData (http://localhost:8000/static/js/app.js:11889:28)
    at loadObjectData (http://localhost:8000/static/js/app.js:13547:28)
    at http://localhost:8000/static/js/app.js:1198:23 @ http://localhost:8000/static/js/app.js:13558
[  480236ms] [ERROR] Failed to load resource: net::ERR_CONNECTION_REFUSED @ http://localhost:8000/api/objects/SharedMemory/variables/io%3ASensor1_S/history?count=200&server=ee8d9159:0
[  480236ms] [ERROR] Error обновления графика для io:Sensor1_S: TypeError: Failed to fetch
    at fetchVariableHistory (http://localhost:8000/static/js/app.js:11919:28)
    at updateChart (http://localhost:8000/static/js/app.js:13985:31)
    at http://localhost:8000/static/js/app.js:1209:27 @ http://localhost:8000/static/js/app.js:14010
[  480237ms] [ERROR] Failed to load resource: net::ERR_CONNECTION_REFUSED @ http://localhost:8000/api/objects/SharedMemory/variables/io%3ASensor10_S/history?count=200&server=ee8d9159:0
[  480237ms] [ERROR] Error обновления графика для io:Sensor10_S: TypeError: Failed to fetch
    at fetchVariableHistory (http://localhost:8000/static/js/app.js:11919:28)
    at updateChart (http://localhost:8000/static/js/app.js:13985:31)
    at http://localhost:8000/static/js/app.js:1209:27 @ http://localhost:8000/static/js/app.js:14010
[  480237ms] [ERROR] Failed to load resource: net::ERR_CONNECTION_REFUSED @ http://localhost:8000/api/objects/SharedMemory/variables/io%3ASensor100_S/history?count=200&server=ee8d9159:0
[  480237ms] [ERROR] Error обновления графика для io:Sensor100_S: TypeError: Failed to fetch
    at fetchVariableHistory (http://localhost:8000/static/js/app.js:11919:28)
    at updateChart (http://localhost:8000/static/js/app.js:13985:31)
    at http://localhost:8000/static/js/app.js:1209:27 @ http://localhost:8000/static/js/app.js:14010
[  480349ms] [ERROR] Failed to load resource: net::ERR_CONNECTION_REFUSED @ http://localhost:8000/api/recording/status:0
[  481238ms] [ERROR] Failed to load resource: net::ERR_CONNECTION_REFUSED @ http://localhost:8000/api/objects/SharedMemory?server=ee8d9159:0
[  481238ms] [ERROR] Error загрузки ee8d9159:SharedMemory: TypeError: Failed to fetch
    at fetchObjectData (http://localhost:8000/static/js/app.js:11889:28)
    at loadObjectData (http://localhost:8000/static/js/app.js:13547:28)
    at http://localhost:8000/static/js/app.js:1198:23 @ http://localhost:8000/static/js/app.js:13558
[  481239ms] [ERROR] Failed to load resource: net::ERR_CONNECTION_REFUSED @ http://localhost:8000/api/objects/SharedMemory/variables/io%3ASensor1_S/history?count=200&server=ee8d9159:0
[  481239ms] [ERROR] Error обновления графика для io:Sensor1_S: TypeError: Failed to fetch
    at fetchVariableHistory (http://localhost:8000/static/js/app.js:11919:28)
    at updateChart (http://localhost:8000/static/js/app.js:13985:31)
    at http://localhost:8000/static/js/app.js:1209:27 @ http://localhost:8000/static/js/app.js:14010
[  481239ms] [ERROR] Failed to load resource: net::ERR_CONNECTION_REFUSED @ http://localhost:8000/api/objects/SharedMemory/variables/io%3ASensor10_S/history?count=200&server=ee8d9159:0
[  481239ms] [ERROR] Error обновления графика для io:Sensor10_S: TypeError: Failed to fetch
    at fetchVariableHistory (http://localhost:8000/static/js/app.js:11919:28)
    at updateChart (http://localhost:8000/static/js/app.js:13985:31)
    at http://localhost:8000/static/js/app.js:1209:27 @ http://localhost:8000/static/js/app.js:14010
[  481239ms] [ERROR] Failed to load resource: net::ERR_CONNECTION_REFUSED @ http://localhost:8000/api/objects/SharedMemory/variables/io%3ASensor100_S/history?count=200&server=ee8d9159:0
[  481239ms] [ERROR] Error обновления графика для io:Sensor100_S: TypeError: Failed to fetch
    at fetchVariableHistory (http://localhost:8000/static/js/app.js:11919:28)
    at updateChart (http://localhost:8000/static/js/app.js:13985:31)
    at http://localhost:8000/static/js/app.js:1209:27 @ http://localhost:8000/static/js/app.js:14010
[  482262ms] [ERROR] Failed to load resource: net::ERR_CONNECTION_REFUSED @ http://localhost:8000/api/servers:0
[  482263ms] [ERROR] Error обновления списка объектов: TypeError: Failed to fetch
    at fetchServers (http://localhost:8000/static/js/app.js:11815:28)
    at fetchObjects (http://localhost:8000/static/js/app.js:11822:31)
    at refreshObjectsList (http://localhost:8000/static/js/app.js:11870:28)
    at http://localhost:8000/static/js/app.js:1191:9 @ http://localhost:8000/static/js/app.js:11873
[  482263ms] [ERROR] Failed to load resource: net::ERR_CONNECTION_REFUSED @ http://localhost:8000/api/objects/SharedMemory?server=ee8d9159:0
[  482263ms] [ERROR] Error загрузки ee8d9159:SharedMemory: TypeError: Failed to fetch
    at fetchObjectData (http://localhost:8000/static/js/app.js:11889:28)
    at loadObjectData (http://localhost:8000/static/js/app.js:13547:28)
    at http://localhost:8000/static/js/app.js:1198:23 @ http://localhost:8000/static/js/app.js:13558
[  482263ms] [ERROR] Failed to load resource: net::ERR_CONNECTION_REFUSED @ http://localhost:8000/api/objects/SharedMemory/variables/io%3ASensor1_S/history?count=200&server=ee8d9159:0
[  482263ms] [ERROR] Error обновления графика для io:Sensor1_S: TypeError: Failed to fetch
    at fetchVariableHistory (http://localhost:8000/static/js/app.js:11919:28)
    at updateChart (http://localhost:8000/static/js/app.js:13985:31)
    at http://localhost:8000/static/js/app.js:1209:27 @ http://localhost:8000/static/js/app.js:14010
[  482263ms] [ERROR] Failed to load resource: net::ERR_CONNECTION_REFUSED @ http://localhost:8000/api/objects/SharedMemory/variables/io%3ASensor10_S/history?count=200&server=ee8d9159:0
[  482263ms] [ERROR] Error обновления графика для io:Sensor10_S: TypeError: Failed to fetch
    at fetchVariableHistory (http://localhost:8000/static/js/app.js:11919:28)
    at updateChart (http://localhost:8000/static/js/app.js:13985:31)
    at http://localhost:8000/static/js/app.js:1209:27 @ http://localhost:8000/static/js/app.js:14010
[  482263ms] [ERROR] Failed to load resource: net::ERR_CONNECTION_REFUSED @ http://localhost:8000/api/objects/SharedMemory/variables/io%3ASensor100_S/history?count=200&server=ee8d9159:0
[  482263ms] [ERROR] Error обновления графика для io:Sensor100_S: TypeError: Failed to fetch
    at fetchVariableHistory (http://localhost:8000/static/js/app.js:11919:28)
    at updateChart (http://localhost:8000/static/js/app.js:13985:31)
    at http://localhost:8000/static/js/app.js:1209:27 @ http://localhost:8000/static/js/app.js:14010
[  483236ms] [ERROR] Failed to load resource: net::ERR_CONNECTION_REFUSED @ http://localhost:8000/api/objects/SharedMemory?server=ee8d9159:0
[  483236ms] [ERROR] Error загрузки ee8d9159:SharedMemory: TypeError: Failed to fetch
    at fetchObjectData (http://localhost:8000/static/js/app.js:11889:28)
    at loadObjectData (http://localhost:8000/static/js/app.js:13547:28)
    at http://localhost:8000/static/js/app.js:1198:23 @ http://localhost:8000/static/js/app.js:13558
[  483236ms] [ERROR] Failed to load resource: net::ERR_CONNECTION_REFUSED @ http://localhost:8000/api/objects/SharedMemory/variables/io%3ASensor1_S/history?count=200&server=ee8d9159:0
[  483236ms] [ERROR] Error обновления графика для io:Sensor1_S: TypeError: Failed to fetch
    at fetchVariableHistory (http://localhost:8000/static/js/app.js:11919:28)
    at updateChart (http://localhost:8000/static/js/app.js:13985:31)
    at http://localhost:8000/static/js/app.js:1209:27 @ http://localhost:8000/static/js/app.js:14010
[  483236ms] [ERROR] Failed to load resource: net::ERR_CONNECTION_REFUSED @ http://localhost:8000/api/objects/SharedMemory/variables/io%3ASensor10_S/history?count=200&server=ee8d9159:0
[  483236ms] [ERROR] Error обновления графика для io:Sensor10_S: TypeError: Failed to fetch
    at fetchVariableHistory (http://localhost:8000/static/js/app.js:11919:28)
    at updateChart (http://localhost:8000/static/js/app.js:13985:31)
    at http://localhost:8000/static/js/app.js:1209:27 @ http://localhost:8000/static/js/app.js:14010
[  483236ms] [ERROR] Failed to load resource: net::ERR_CONNECTION_REFUSED @ http://localhost:8000/api/objects/SharedMemory/variables/io%3ASensor100_S/history?count=200&server=ee8d9159:0
[  483236ms] [ERROR] Error обновления графика для io:Sensor100_S: TypeError: Failed to fetch
    at fetchVariableHistory (http://localhost:8000/static/js/app.js:11919:28)
    at updateChart (http://localhost:8000/static/js/app.js:13985:31)
    at http://localhost:8000/static/js/app.js:1209:27 @ http://localhost:8000/static/js/app.js:14010
[  484238ms] [ERROR] Failed to load resource: net::ERR_CONNECTION_REFUSED @ http://localhost:8000/api/objects/SharedMemory?server=ee8d9159:0
[  484238ms] [ERROR] Error загрузки ee8d9159:SharedMemory: TypeError: Failed to fetch
    at fetchObjectData (http://localhost:8000/static/js/app.js:11889:28)
    at loadObjectData (http://localhost:8000/static/js/app.js:13547:28)
    at http://localhost:8000/static/js/app.js:1198:23 @ http://localhost:8000/static/js/app.js:13558
[  484239ms] [ERROR] Failed to load resource: net::ERR_CONNECTION_REFUSED @ http://localhost:8000/api/objects/SharedMemory/variables/io%3ASensor1_S/history?count=200&server=ee8d9159:0
[  484239ms] [ERROR] Error обновления графика для io:Sensor1_S: TypeError: Failed to fetch
    at fetchVariableHistory (http://localhost:8000/static/js/app.js:11919:28)
    at updateChart (http://localhost:8000/static/js/app.js:13985:31)
    at http://localhost:8000/static/js/app.js:1209:27 @ http://localhost:8000/static/js/app.js:14010
[  484239ms] [ERROR] Failed to load resource: net::ERR_CONNECTION_REFUSED @ http://localhost:8000/api/objects/SharedMemory/variables/io%3ASensor10_S/history?count=200&server=ee8d9159:0
[  484239ms] [ERROR] Error обновления графика для io:Sensor10_S: TypeError: Failed to fetch
    at fetchVariableHistory (http://localhost:8000/static/js/app.js:11919:28)
    at updateChart (http://localhost:8000/static/js/app.js:13985:31)
    at http://localhost:8000/static/js/app.js:1209:27 @ http://localhost:8000/static/js/app.js:14010
[  484239ms] [ERROR] Failed to load resource: net::ERR_CONNECTION_REFUSED @ http://localhost:8000/api/objects/SharedMemory/variables/io%3ASensor100_S/history?count=200&server=ee8d9159:0
[  484239ms] [ERROR] Error обновления графика для io:Sensor100_S: TypeError: Failed to fetch
    at fetchVariableHistory (http://localhost:8000/static/js/app.js:11919:28)
    at updateChart (http://localhost:8000/static/js/app.js:13985:31)
    at http://localhost:8000/static/js/app.js:1209:27 @ http://localhost:8000/static/js/app.js:14010
[  485236ms] [ERROR] Failed to load resource: net::ERR_CONNECTION_REFUSED @ http://localhost:8000/api/objects/SharedMemory?server=ee8d9159:0
[  485236ms] [ERROR] Error загрузки ee8d9159:SharedMemory: TypeError: Failed to fetch
    at fetchObjectData (http://localhost:8000/static/js/app.js:11889:28)
    at loadObjectData (http://localhost:8000/static/js/app.js:13547:28)
    at http://localhost:8000/static/js/app.js:1198:23 @ http://localhost:8000/static/js/app.js:13558
[  485236ms] [ERROR] Failed to load resource: net::ERR_CONNECTION_REFUSED @ http://localhost:8000/api/objects/SharedMemory/variables/io%3ASensor1_S/history?count=200&server=ee8d9159:0
[  485236ms] [ERROR] Error обновления графика для io:Sensor1_S: TypeError: Failed to fetch
    at fetchVariableHistory (http://localhost:8000/static/js/app.js:11919:28)
    at updateChart (http://localhost:8000/static/js/app.js:13985:31)
    at http://localhost:8000/static/js/app.js:1209:27 @ http://localhost:8000/static/js/app.js:14010
[  485236ms] [ERROR] Failed to load resource: net::ERR_CONNECTION_REFUSED @ http://localhost:8000/api/objects/SharedMemory/variables/io%3ASensor10_S/history?count=200&server=ee8d9159:0
[  485237ms] [ERROR] Error обновления графика для io:Sensor10_S: TypeError: Failed to fetch
    at fetchVariableHistory (http://localhost:8000/static/js/app.js:11919:28)
    at updateChart (http://localhost:8000/static/js/app.js:13985:31)
    at http://localhost:8000/static/js/app.js:1209:27 @ http://localhost:8000/static/js/app.js:14010
[  485237ms] [ERROR] Failed to load resource: net::ERR_CONNECTION_REFUSED @ http://localhost:8000/api/objects/SharedMemory/variables/io%3ASensor100_S/history?count=200&server=ee8d9159:0
[  485237ms] [ERROR] Error обновления графика для io:Sensor100_S: TypeError: Failed to fetch
    at fetchVariableHistory (http://localhost:8000/static/js/app.js:11919:28)
    at updateChart (http://localhost:8000/static/js/app.js:13985:31)
    at http://localhost:8000/static/js/app.js:1209:27 @ http://localhost:8000/static/js/app.js:14010
[  485349ms] [ERROR] Failed to load resource: net::ERR_CONNECTION_REFUSED @ http://localhost:8000/api/recording/status:0
[  486236ms] [ERROR] Failed to load resource: net::ERR_CONNECTION_REFUSED @ http://localhost:8000/api/objects/SharedMemory?server=ee8d9159:0
[  486236ms] [ERROR] Error загрузки ee8d9159:SharedMemory: TypeError: Failed to fetch
    at fetchObjectData (http://localhost:8000/static/js/app.js:11889:28)
    at loadObjectData (http://localhost:8000/static/js/app.js:13547:28)
    at http://localhost:8000/static/js/app.js:1198:23 @ http://localhost:8000/static/js/app.js:13558
[  486236ms] [ERROR] Failed to load resource: net::ERR_CONNECTION_REFUSED @ http://localhost:8000/api/objects/SharedMemory/variables/io%3ASensor1_S/history?count=200&server=ee8d9159:0
[  486236ms] [ERROR] Error обновления графика для io:Sensor1_S: TypeError: Failed to fetch
    at fetchVariableHistory (http://localhost:8000/static/js/app.js:11919:28)
    at updateChart (http://localhost:8000/static/js/app.js:13985:31)
    at http://localhost:8000/static/js/app.js:1209:27 @ http://localhost:8000/static/js/app.js:14010
[  486236ms] [ERROR] Failed to load resource: net::ERR_CONNECTION_REFUSED @ http://localhost:8000/api/objects/SharedMemory/variables/io%3ASensor10_S/history?count=200&server=ee8d9159:0
[  486236ms] [ERROR] Error обновления графика для io:Sensor10_S: TypeError: Failed to fetch
    at fetchVariableHistory (http://localhost:8000/static/js/app.js:11919:28)
    at updateChart (http://localhost:8000/static/js/app.js:13985:31)
    at http://localhost:8000/static/js/app.js:1209:27 @ http://localhost:8000/static/js/app.js:14010
[  486236ms] [ERROR] Failed to load resource: net::ERR_CONNECTION_REFUSED @ http://localhost:8000/api/objects/SharedMemory/variables/io%3ASensor100_S/history?count=200&server=ee8d9159:0
[  486236ms] [ERROR] Error обновления графика для io:Sensor100_S: TypeError: Failed to fetch
    at fetchVariableHistory (http://localhost:8000/static/js/app.js:11919:28)
    at updateChart (http://localhost:8000/static/js/app.js:13985:31)
    at http://localhost:8000/static/js/app.js:1209:27 @ http://localhost:8000/static/js/app.js:14010
[  487238ms] [ERROR] Failed to load resource: net::ERR_CONNECTION_REFUSED @ http://localhost:8000/api/objects/SharedMemory?server=ee8d9159:0
[  487239ms] [ERROR] Error загрузки ee8d9159:SharedMemory: TypeError: Failed to fetch
    at fetchObjectData (http://localhost:8000/static/js/app.js:11889:28)
    at loadObjectData (http://localhost:8000/static/js/app.js:13547:28)
    at http://localhost:8000/static/js/app.js:1198:23 @ http://localhost:8000/static/js/app.js:13558
[  487239ms] [ERROR] Failed to load resource: net::ERR_CONNECTION_REFUSED @ http://localhost:8000/api/objects/SharedMemory/variables/io%3ASensor1_S/history?count=200&server=ee8d9159:0
[  487239ms] [ERROR] Error обновления графика для io:Sensor1_S: TypeError: Failed to fetch
    at fetchVariableHistory (http://localhost:8000/static/js/app.js:11919:28)
    at updateChart (http://localhost:8000/static/js/app.js:13985:31)
    at http://localhost:8000/static/js/app.js:1209:27 @ http://localhost:8000/static/js/app.js:14010
[  487239ms] [ERROR] Failed to load resource: net::ERR_CONNECTION_REFUSED @ http://localhost:8000/api/objects/SharedMemory/variables/io%3ASensor10_S/history?count=200&server=ee8d9159:0
[  487239ms] [ERROR] Error обновления графика для io:Sensor10_S: TypeError: Failed to fetch
    at fetchVariableHistory (http://localhost:8000/static/js/app.js:11919:28)
    at updateChart (http://localhost:8000/static/js/app.js:13985:31)
    at http://localhost:8000/static/js/app.js:1209:27 @ http://localhost:8000/static/js/app.js:14010
[  487240ms] [ERROR] Failed to load resource: net::ERR_CONNECTION_REFUSED @ http://localhost:8000/api/objects/SharedMemory/variables/io%3ASensor100_S/history?count=200&server=ee8d9159:0
[  487240ms] [ERROR] Error обновления графика для io:Sensor100_S: TypeError: Failed to fetch
    at fetchVariableHistory (http://localhost:8000/static/js/app.js:11919:28)
    at updateChart (http://localhost:8000/static/js/app.js:13985:31)
    at http://localhost:8000/static/js/app.js:1209:27 @ http://localhost:8000/static/js/app.js:14010
[  488238ms] [ERROR] Failed to load resource: net::ERR_CONNECTION_REFUSED @ http://localhost:8000/api/servers:0
[  488238ms] [ERROR] Error обновления списка объектов: TypeError: Failed to fetch
    at fetchServers (http://localhost:8000/static/js/app.js:11815:28)
    at fetchObjects (http://localhost:8000/static/js/app.js:11822:31)
    at refreshObjectsList (http://localhost:8000/static/js/app.js:11870:28)
    at http://localhost:8000/static/js/app.js:1191:9 @ http://localhost:8000/static/js/app.js:11873
[  488239ms] [ERROR] Failed to load resource: net::ERR_CONNECTION_REFUSED @ http://localhost:8000/api/objects/SharedMemory?server=ee8d9159:0
[  488239ms] [ERROR] Error загрузки ee8d9159:SharedMemory: TypeError: Failed to fetch
    at fetchObjectData (http://localhost:8000/static/js/app.js:11889:28)
    at loadObjectData (http://localhost:8000/static/js/app.js:13547:28)
    at http://localhost:8000/static/js/app.js:1198:23 @ http://localhost:8000/static/js/app.js:13558
[  488239ms] [ERROR] Failed to load resource: net::ERR_CONNECTION_REFUSED @ http://localhost:8000/api/objects/SharedMemory/variables/io%3ASensor1_S/history?count=200&server=ee8d9159:0
[  488239ms] [ERROR] Error обновления графика для io:Sensor1_S: TypeError: Failed to fetch
    at fetchVariableHistory (http://localhost:8000/static/js/app.js:11919:28)
    at updateChart (http://localhost:8000/static/js/app.js:13985:31)
    at http://localhost:8000/static/js/app.js:1209:27 @ http://localhost:8000/static/js/app.js:14010
[  488240ms] [ERROR] Failed to load resource: net::ERR_CONNECTION_REFUSED @ http://localhost:8000/api/objects/SharedMemory/variables/io%3ASensor10_S/history?count=200&server=ee8d9159:0
[  488240ms] [ERROR] Error обновления графика для io:Sensor10_S: TypeError: Failed to fetch
    at fetchVariableHistory (http://localhost:8000/static/js/app.js:11919:28)
    at updateChart (http://localhost:8000/static/js/app.js:13985:31)
    at http://localhost:8000/static/js/app.js:1209:27 @ http://localhost:8000/static/js/app.js:14010
[  488240ms] [ERROR] Failed to load resource: net::ERR_CONNECTION_REFUSED @ http://localhost:8000/api/objects/SharedMemory/variables/io%3ASensor100_S/history?count=200&server=ee8d9159:0
[  488240ms] [ERROR] Error обновления графика для io:Sensor100_S: TypeError: Failed to fetch
    at fetchVariableHistory (http://localhost:8000/static/js/app.js:11919:28)
    at updateChart (http://localhost:8000/static/js/app.js:13985:31)
    at http://localhost:8000/static/js/app.js:1209:27 @ http://localhost:8000/static/js/app.js:14010
[  489236ms] [ERROR] Failed to load resource: net::ERR_CONNECTION_REFUSED @ http://localhost:8000/api/objects/SharedMemory?server=ee8d9159:0
[  489236ms] [ERROR] Error загрузки ee8d9159:SharedMemory: TypeError: Failed to fetch
    at fetchObjectData (http://localhost:8000/static/js/app.js:11889:28)
    at loadObjectData (http://localhost:8000/static/js/app.js:13547:28)
    at http://localhost:8000/static/js/app.js:1198:23 @ http://localhost:8000/static/js/app.js:13558
[  489236ms] [ERROR] Failed to load resource: net::ERR_CONNECTION_REFUSED @ http://localhost:8000/api/objects/SharedMemory/variables/io%3ASensor1_S/history?count=200&server=ee8d9159:0
[  489236ms] [ERROR] Error обновления графика для io:Sensor1_S: TypeError: Failed to fetch
    at fetchVariableHistory (http://localhost:8000/static/js/app.js:11919:28)
    at updateChart (http://localhost:8000/static/js/app.js:13985:31)
    at http://localhost:8000/static/js/app.js:1209:27 @ http://localhost:8000/static/js/app.js:14010
[  489236ms] [ERROR] Failed to load resource: net::ERR_CONNECTION_REFUSED @ http://localhost:8000/api/objects/SharedMemory/variables/io%3ASensor10_S/history?count=200&server=ee8d9159:0
[  489236ms] [ERROR] Error обновления графика для io:Sensor10_S: TypeError: Failed to fetch
    at fetchVariableHistory (http://localhost:8000/static/js/app.js:11919:28)
    at updateChart (http://localhost:8000/static/js/app.js:13985:31)
    at http://localhost:8000/static/js/app.js:1209:27 @ http://localhost:8000/static/js/app.js:14010
[  489236ms] [ERROR] Failed to load resource: net::ERR_CONNECTION_REFUSED @ http://localhost:8000/api/objects/SharedMemory/variables/io%3ASensor100_S/history?count=200&server=ee8d9159:0
[  489236ms] [ERROR] Error обновления графика для io:Sensor100_S: TypeError: Failed to fetch
    at fetchVariableHistory (http://localhost:8000/static/js/app.js:11919:28)
    at updateChart (http://localhost:8000/static/js/app.js:13985:31)
    at http://localhost:8000/static/js/app.js:1209:27 @ http://localhost:8000/static/js/app.js:14010
[  490238ms] [ERROR] Failed to load resource: net::ERR_CONNECTION_REFUSED @ http://localhost:8000/api/objects/SharedMemory?server=ee8d9159:0
[  490238ms] [ERROR] Error загрузки ee8d9159:SharedMemory: TypeError: Failed to fetch
    at fetchObjectData (http://localhost:8000/static/js/app.js:11889:28)
    at loadObjectData (http://localhost:8000/static/js/app.js:13547:28)
    at http://localhost:8000/static/js/app.js:1198:23 @ http://localhost:8000/static/js/app.js:13558
[  490238ms] [ERROR] Failed to load resource: net::ERR_CONNECTION_REFUSED @ http://localhost:8000/api/objects/SharedMemory/variables/io%3ASensor1_S/history?count=200&server=ee8d9159:0
[  490238ms] [ERROR] Error обновления графика для io:Sensor1_S: TypeError: Failed to fetch
    at fetchVariableHistory (http://localhost:8000/static/js/app.js:11919:28)
    at updateChart (http://localhost:8000/static/js/app.js:13985:31)
    at http://localhost:8000/static/js/app.js:1209:27 @ http://localhost:8000/static/js/app.js:14010
[  490239ms] [ERROR] Failed to load resource: net::ERR_CONNECTION_REFUSED @ http://localhost:8000/api/objects/SharedMemory/variables/io%3ASensor10_S/history?count=200&server=ee8d9159:0
[  490239ms] [ERROR] Error обновления графика для io:Sensor10_S: TypeError: Failed to fetch
    at fetchVariableHistory (http://localhost:8000/static/js/app.js:11919:28)
    at updateChart (http://localhost:8000/static/js/app.js:13985:31)
    at http://localhost:8000/static/js/app.js:1209:27 @ http://localhost:8000/static/js/app.js:14010
[  490239ms] [ERROR] Failed to load resource: net::ERR_CONNECTION_REFUSED @ http://localhost:8000/api/objects/SharedMemory/variables/io%3ASensor100_S/history?count=200&server=ee8d9159:0
[  490239ms] [ERROR] Error обновления графика для io:Sensor100_S: TypeError: Failed to fetch
    at fetchVariableHistory (http://localhost:8000/static/js/app.js:11919:28)
    at updateChart (http://localhost:8000/static/js/app.js:13985:31)
    at http://localhost:8000/static/js/app.js:1209:27 @ http://localhost:8000/static/js/app.js:14010
[  490350ms] [ERROR] Failed to load resource: net::ERR_CONNECTION_REFUSED @ http://localhost:8000/api/recording/status:0
[  491239ms] [ERROR] Failed to load resource: net::ERR_CONNECTION_REFUSED @ http://localhost:8000/api/objects/SharedMemory?server=ee8d9159:0
[  491239ms] [ERROR] Error загрузки ee8d9159:SharedMemory: TypeError: Failed to fetch
    at fetchObjectData (http://localhost:8000/static/js/app.js:11889:28)
    at loadObjectData (http://localhost:8000/static/js/app.js:13547:28)
    at http://localhost:8000/static/js/app.js:1198:23 @ http://localhost:8000/static/js/app.js:13558
[  491239ms] [ERROR] Failed to load resource: net::ERR_CONNECTION_REFUSED @ http://localhost:8000/api/objects/SharedMemory/variables/io%3ASensor1_S/history?count=200&server=ee8d9159:0
[  491239ms] [ERROR] Error обновления графика для io:Sensor1_S: TypeError: Failed to fetch
    at fetchVariableHistory (http://localhost:8000/static/js/app.js:11919:28)
    at updateChart (http://localhost:8000/static/js/app.js:13985:31)
    at http://localhost:8000/static/js/app.js:1209:27 @ http://localhost:8000/static/js/app.js:14010
[  491239ms] [ERROR] Failed to load resource: net::ERR_CONNECTION_REFUSED @ http://localhost:8000/api/objects/SharedMemory/variables/io%3ASensor10_S/history?count=200&server=ee8d9159:0
[  491239ms] [ERROR] Error обновления графика для io:Sensor10_S: TypeError: Failed to fetch
    at fetchVariableHistory (http://localhost:8000/static/js/app.js:11919:28)
    at updateChart (http://localhost:8000/static/js/app.js:13985:31)
    at http://localhost:8000/static/js/app.js:1209:27 @ http://localhost:8000/static/js/app.js:14010
[  491240ms] [ERROR] Failed to load resource: net::ERR_CONNECTION_REFUSED @ http://localhost:8000/api/objects/SharedMemory/variables/io%3ASensor100_S/history?count=200&server=ee8d9159:0
[  491240ms] [ERROR] Error обновления графика для io:Sensor100_S: TypeError: Failed to fetch
    at fetchVariableHistory (http://localhost:8000/static/js/app.js:11919:28)
    at updateChart (http://localhost:8000/static/js/app.js:13985:31)
    at http://localhost:8000/static/js/app.js:1209:27 @ http://localhost:8000/static/js/app.js:14010
[  492238ms] [ERROR] Failed to load resource: net::ERR_CONNECTION_REFUSED @ http://localhost:8000/api/objects/SharedMemory?server=ee8d9159:0
[  492238ms] [ERROR] Error загрузки ee8d9159:SharedMemory: TypeError: Failed to fetch
    at fetchObjectData (http://localhost:8000/static/js/app.js:11889:28)
    at loadObjectData (http://localhost:8000/static/js/app.js:13547:28)
    at http://localhost:8000/static/js/app.js:1198:23 @ http://localhost:8000/static/js/app.js:13558
[  492238ms] [ERROR] Failed to load resource: net::ERR_CONNECTION_REFUSED @ http://localhost:8000/api/objects/SharedMemory/variables/io%3ASensor1_S/history?count=200&server=ee8d9159:0
[  492238ms] [ERROR] Error обновления графика для io:Sensor1_S: TypeError: Failed to fetch
    at fetchVariableHistory (http://localhost:8000/static/js/app.js:11919:28)
    at updateChart (http://localhost:8000/static/js/app.js:13985:31)
    at http://localhost:8000/static/js/app.js:1209:27 @ http://localhost:8000/static/js/app.js:14010
[  492238ms] [ERROR] Failed to load resource: net::ERR_CONNECTION_REFUSED @ http://localhost:8000/api/objects/SharedMemory/variables/io%3ASensor10_S/history?count=200&server=ee8d9159:0
[  492239ms] [ERROR] Error обновления графика для io:Sensor10_S: TypeError: Failed to fetch
    at fetchVariableHistory (http://localhost:8000/static/js/app.js:11919:28)
    at updateChart (http://localhost:8000/static/js/app.js:13985:31)
    at http://localhost:8000/static/js/app.js:1209:27 @ http://localhost:8000/static/js/app.js:14010
[  492239ms] [ERROR] Failed to load resource: net::ERR_CONNECTION_REFUSED @ http://localhost:8000/api/objects/SharedMemory/variables/io%3ASensor100_S/history?count=200&server=ee8d9159:0
[  492239ms] [ERROR] Error обновления графика для io:Sensor100_S: TypeError: Failed to fetch
    at fetchVariableHistory (http://localhost:8000/static/js/app.js:11919:28)
    at updateChart (http://localhost:8000/static/js/app.js:13985:31)
    at http://localhost:8000/static/js/app.js:1209:27 @ http://localhost:8000/static/js/app.js:14010
[  493237ms] [ERROR] Failed to load resource: net::ERR_CONNECTION_REFUSED @ http://localhost:8000/api/objects/SharedMemory?server=ee8d9159:0
[  493237ms] [ERROR] Error загрузки ee8d9159:SharedMemory: TypeError: Failed to fetch
    at fetchObjectData (http://localhost:8000/static/js/app.js:11889:28)
    at loadObjectData (http://localhost:8000/static/js/app.js:13547:28)
    at http://localhost:8000/static/js/app.js:1198:23 @ http://localhost:8000/static/js/app.js:13558
[  493237ms] [ERROR] Failed to load resource: net::ERR_CONNECTION_REFUSED @ http://localhost:8000/api/objects/SharedMemory/variables/io%3ASensor1_S/history?count=200&server=ee8d9159:0
[  493237ms] [ERROR] Error обновления графика для io:Sensor1_S: TypeError: Failed to fetch
    at fetchVariableHistory (http://localhost:8000/static/js/app.js:11919:28)
    at updateChart (http://localhost:8000/static/js/app.js:13985:31)
    at http://localhost:8000/static/js/app.js:1209:27 @ http://localhost:8000/static/js/app.js:14010
[  493237ms] [ERROR] Failed to load resource: net::ERR_CONNECTION_REFUSED @ http://localhost:8000/api/objects/SharedMemory/variables/io%3ASensor10_S/history?count=200&server=ee8d9159:0
[  493237ms] [ERROR] Error обновления графика для io:Sensor10_S: TypeError: Failed to fetch
    at fetchVariableHistory (http://localhost:8000/static/js/app.js:11919:28)
    at updateChart (http://localhost:8000/static/js/app.js:13985:31)
    at http://localhost:8000/static/js/app.js:1209:27 @ http://localhost:8000/static/js/app.js:14010
[  493237ms] [ERROR] Failed to load resource: net::ERR_CONNECTION_REFUSED @ http://localhost:8000/api/objects/SharedMemory/variables/io%3ASensor100_S/history?count=200&server=ee8d9159:0
[  493237ms] [ERROR] Error обновления графика для io:Sensor100_S: TypeError: Failed to fetch
    at fetchVariableHistory (http://localhost:8000/static/js/app.js:11919:28)
    at updateChart (http://localhost:8000/static/js/app.js:13985:31)
    at http://localhost:8000/static/js/app.js:1209:27 @ http://localhost:8000/static/js/app.js:14010
[  494239ms] [ERROR] Failed to load resource: net::ERR_CONNECTION_REFUSED @ http://localhost:8000/api/servers:0
[  494239ms] [ERROR] Error обновления списка объектов: TypeError: Failed to fetch
    at fetchServers (http://localhost:8000/static/js/app.js:11815:28)
    at fetchObjects (http://localhost:8000/static/js/app.js:11822:31)
    at refreshObjectsList (http://localhost:8000/static/js/app.js:11870:28)
    at http://localhost:8000/static/js/app.js:1191:9 @ http://localhost:8000/static/js/app.js:11873
[  494239ms] [ERROR] Failed to load resource: net::ERR_CONNECTION_REFUSED @ http://localhost:8000/api/objects/SharedMemory?server=ee8d9159:0
[  494239ms] [ERROR] Error загрузки ee8d9159:SharedMemory: TypeError: Failed to fetch
    at fetchObjectData (http://localhost:8000/static/js/app.js:11889:28)
    at loadObjectData (http://localhost:8000/static/js/app.js:13547:28)
    at http://localhost:8000/static/js/app.js:1198:23 @ http://localhost:8000/static/js/app.js:13558
[  494239ms] [ERROR] Failed to load resource: net::ERR_CONNECTION_REFUSED @ http://localhost:8000/api/objects/SharedMemory/variables/io%3ASensor1_S/history?count=200&server=ee8d9159:0
[  494239ms] [ERROR] Error обновления графика для io:Sensor1_S: TypeError: Failed to fetch
    at fetchVariableHistory (http://localhost:8000/static/js/app.js:11919:28)
    at updateChart (http://localhost:8000/static/js/app.js:13985:31)
    at http://localhost:8000/static/js/app.js:1209:27 @ http://localhost:8000/static/js/app.js:14010
[  494239ms] [ERROR] Failed to load resource: net::ERR_CONNECTION_REFUSED @ http://localhost:8000/api/objects/SharedMemory/variables/io%3ASensor10_S/history?count=200&server=ee8d9159:0
[  494239ms] [ERROR] Error обновления графика для io:Sensor10_S: TypeError: Failed to fetch
    at fetchVariableHistory (http://localhost:8000/static/js/app.js:11919:28)
    at updateChart (http://localhost:8000/static/js/app.js:13985:31)
    at http://localhost:8000/static/js/app.js:1209:27 @ http://localhost:8000/static/js/app.js:14010
[  494240ms] [ERROR] Failed to load resource: net::ERR_CONNECTION_REFUSED @ http://localhost:8000/api/objects/SharedMemory/variables/io%3ASensor100_S/history?count=200&server=ee8d9159:0
[  494240ms] [ERROR] Error обновления графика для io:Sensor100_S: TypeError: Failed to fetch
    at fetchVariableHistory (http://localhost:8000/static/js/app.js:11919:28)
    at updateChart (http://localhost:8000/static/js/app.js:13985:31)
    at http://localhost:8000/static/js/app.js:1209:27 @ http://localhost:8000/static/js/app.js:14010
[  495238ms] [ERROR] Failed to load resource: net::ERR_CONNECTION_REFUSED @ http://localhost:8000/api/objects/SharedMemory?server=ee8d9159:0
[  495238ms] [ERROR] Error загрузки ee8d9159:SharedMemory: TypeError: Failed to fetch
    at fetchObjectData (http://localhost:8000/static/js/app.js:11889:28)
    at loadObjectData (http://localhost:8000/static/js/app.js:13547:28)
    at http://localhost:8000/static/js/app.js:1198:23 @ http://localhost:8000/static/js/app.js:13558
[  495238ms] [ERROR] Failed to load resource: net::ERR_CONNECTION_REFUSED @ http://localhost:8000/api/objects/SharedMemory/variables/io%3ASensor1_S/history?count=200&server=ee8d9159:0
[  495238ms] [ERROR] Error обновления графика для io:Sensor1_S: TypeError: Failed to fetch
    at fetchVariableHistory (http://localhost:8000/static/js/app.js:11919:28)
    at updateChart (http://localhost:8000/static/js/app.js:13985:31)
    at http://localhost:8000/static/js/app.js:1209:27 @ http://localhost:8000/static/js/app.js:14010
[  495239ms] [ERROR] Failed to load resource: net::ERR_CONNECTION_REFUSED @ http://localhost:8000/api/objects/SharedMemory/variables/io%3ASensor10_S/history?count=200&server=ee8d9159:0
[  495239ms] [ERROR] Error обновления графика для io:Sensor10_S: TypeError: Failed to fetch
    at fetchVariableHistory (http://localhost:8000/static/js/app.js:11919:28)
    at updateChart (http://localhost:8000/static/js/app.js:13985:31)
    at http://localhost:8000/static/js/app.js:1209:27 @ http://localhost:8000/static/js/app.js:14010
[  495239ms] [ERROR] Failed to load resource: net::ERR_CONNECTION_REFUSED @ http://localhost:8000/api/objects/SharedMemory/variables/io%3ASensor100_S/history?count=200&server=ee8d9159:0
[  495239ms] [ERROR] Error обновления графика для io:Sensor100_S: TypeError: Failed to fetch
    at fetchVariableHistory (http://localhost:8000/static/js/app.js:11919:28)
    at updateChart (http://localhost:8000/static/js/app.js:13985:31)
    at http://localhost:8000/static/js/app.js:1209:27 @ http://localhost:8000/static/js/app.js:14010
[  495351ms] [ERROR] Failed to load resource: net::ERR_CONNECTION_REFUSED @ http://localhost:8000/api/recording/status:0
[  496237ms] [ERROR] Failed to load resource: net::ERR_CONNECTION_REFUSED @ http://localhost:8000/api/objects/SharedMemory?server=ee8d9159:0
[  496237ms] [ERROR] Error загрузки ee8d9159:SharedMemory: TypeError: Failed to fetch
    at fetchObjectData (http://localhost:8000/static/js/app.js:11889:28)
    at loadObjectData (http://localhost:8000/static/js/app.js:13547:28)
    at http://localhost:8000/static/js/app.js:1198:23 @ http://localhost:8000/static/js/app.js:13558
[  496238ms] [ERROR] Failed to load resource: net::ERR_CONNECTION_REFUSED @ http://localhost:8000/api/objects/SharedMemory/variables/io%3ASensor1_S/history?count=200&server=ee8d9159:0
[  496238ms] [ERROR] Error обновления графика для io:Sensor1_S: TypeError: Failed to fetch
    at fetchVariableHistory (http://localhost:8000/static/js/app.js:11919:28)
    at updateChart (http://localhost:8000/static/js/app.js:13985:31)
    at http://localhost:8000/static/js/app.js:1209:27 @ http://localhost:8000/static/js/app.js:14010
[  496238ms] [ERROR] Failed to load resource: net::ERR_CONNECTION_REFUSED @ http://localhost:8000/api/objects/SharedMemory/variables/io%3ASensor10_S/history?count=200&server=ee8d9159:0
[  496238ms] [ERROR] Error обновления графика для io:Sensor10_S: TypeError: Failed to fetch
    at fetchVariableHistory (http://localhost:8000/static/js/app.js:11919:28)
    at updateChart (http://localhost:8000/static/js/app.js:13985:31)
    at http://localhost:8000/static/js/app.js:1209:27 @ http://localhost:8000/static/js/app.js:14010
[  496238ms] [ERROR] Failed to load resource: net::ERR_CONNECTION_REFUSED @ http://localhost:8000/api/objects/SharedMemory/variables/io%3ASensor100_S/history?count=200&server=ee8d9159:0
[  496238ms] [ERROR] Error обновления графика для io:Sensor100_S: TypeError: Failed to fetch
    at fetchVariableHistory (http://localhost:8000/static/js/app.js:11919:28)
    at updateChart (http://localhost:8000/static/js/app.js:13985:31)
    at http://localhost:8000/static/js/app.js:1209:27 @ http://localhost:8000/static/js/app.js:14010
[  497238ms] [ERROR] Failed to load resource: net::ERR_CONNECTION_REFUSED @ http://localhost:8000/api/objects/SharedMemory?server=ee8d9159:0
[  497238ms] [ERROR] Error загрузки ee8d9159:SharedMemory: TypeError: Failed to fetch
    at fetchObjectData (http://localhost:8000/static/js/app.js:11889:28)
    at loadObjectData (http://localhost:8000/static/js/app.js:13547:28)
    at http://localhost:8000/static/js/app.js:1198:23 @ http://localhost:8000/static/js/app.js:13558
[  497239ms] [ERROR] Failed to load resource: net::ERR_CONNECTION_REFUSED @ http://localhost:8000/api/objects/SharedMemory/variables/io%3ASensor1_S/history?count=200&server=ee8d9159:0
[  497239ms] [ERROR] Error обновления графика для io:Sensor1_S: TypeError: Failed to fetch
    at fetchVariableHistory (http://localhost:8000/static/js/app.js:11919:28)
    at updateChart (http://localhost:8000/static/js/app.js:13985:31)
    at http://localhost:8000/static/js/app.js:1209:27 @ http://localhost:8000/static/js/app.js:14010
[  497239ms] [ERROR] Failed to load resource: net::ERR_CONNECTION_REFUSED @ http://localhost:8000/api/objects/SharedMemory/variables/io%3ASensor10_S/history?count=200&server=ee8d9159:0
[  497239ms] [ERROR] Error обновления графика для io:Sensor10_S: TypeError: Failed to fetch
    at fetchVariableHistory (http://localhost:8000/static/js/app.js:11919:28)
    at updateChart (http://localhost:8000/static/js/app.js:13985:31)
    at http://localhost:8000/static/js/app.js:1209:27 @ http://localhost:8000/static/js/app.js:14010
[  497239ms] [ERROR] Failed to load resource: net::ERR_CONNECTION_REFUSED @ http://localhost:8000/api/objects/SharedMemory/variables/io%3ASensor100_S/history?count=200&server=ee8d9159:0
[  497239ms] [ERROR] Error обновления графика для io:Sensor100_S: TypeError: Failed to fetch
    at fetchVariableHistory (http://localhost:8000/static/js/app.js:11919:28)
    at updateChart (http://localhost:8000/static/js/app.js:13985:31)
    at http://localhost:8000/static/js/app.js:1209:27 @ http://localhost:8000/static/js/app.js:14010
[  498238ms] [ERROR] Failed to load resource: net::ERR_CONNECTION_REFUSED @ http://localhost:8000/api/objects/SharedMemory?server=ee8d9159:0
[  498238ms] [ERROR] Error загрузки ee8d9159:SharedMemory: TypeError: Failed to fetch
    at fetchObjectData (http://localhost:8000/static/js/app.js:11889:28)
    at loadObjectData (http://localhost:8000/static/js/app.js:13547:28)
    at http://localhost:8000/static/js/app.js:1198:23 @ http://localhost:8000/static/js/app.js:13558
[  498238ms] [ERROR] Failed to load resource: net::ERR_CONNECTION_REFUSED @ http://localhost:8000/api/objects/SharedMemory/variables/io%3ASensor1_S/history?count=200&server=ee8d9159:0
[  498238ms] [ERROR] Error обновления графика для io:Sensor1_S: TypeError: Failed to fetch
    at fetchVariableHistory (http://localhost:8000/static/js/app.js:11919:28)
    at updateChart (http://localhost:8000/static/js/app.js:13985:31)
    at http://localhost:8000/static/js/app.js:1209:27 @ http://localhost:8000/static/js/app.js:14010
[  498238ms] [ERROR] Failed to load resource: net::ERR_CONNECTION_REFUSED @ http://localhost:8000/api/objects/SharedMemory/variables/io%3ASensor10_S/history?count=200&server=ee8d9159:0
[  498238ms] [ERROR] Error обновления графика для io:Sensor10_S: TypeError: Failed to fetch
    at fetchVariableHistory (http://localhost:8000/static/js/app.js:11919:28)
    at updateChart (http://localhost:8000/static/js/app.js:13985:31)
    at http://localhost:8000/static/js/app.js:1209:27 @ http://localhost:8000/static/js/app.js:14010
[  498238ms] [ERROR] Failed to load resource: net::ERR_CONNECTION_REFUSED @ http://localhost:8000/api/objects/SharedMemory/variables/io%3ASensor100_S/history?count=200&server=ee8d9159:0
[  498238ms] [ERROR] Error обновления графика для io:Sensor100_S: TypeError: Failed to fetch
    at fetchVariableHistory (http://localhost:8000/static/js/app.js:11919:28)
    at updateChart (http://localhost:8000/static/js/app.js:13985:31)
    at http://localhost:8000/static/js/app.js:1209:27 @ http://localhost:8000/static/js/app.js:14010
[  499238ms] [ERROR] Failed to load resource: net::ERR_CONNECTION_REFUSED @ http://localhost:8000/api/objects/SharedMemory?server=ee8d9159:0
[  499238ms] [ERROR] Error загрузки ee8d9159:SharedMemory: TypeError: Failed to fetch
    at fetchObjectData (http://localhost:8000/static/js/app.js:11889:28)
    at loadObjectData (http://localhost:8000/static/js/app.js:13547:28)
    at http://localhost:8000/static/js/app.js:1198:23 @ http://localhost:8000/static/js/app.js:13558
[  499239ms] [ERROR] Failed to load resource: net::ERR_CONNECTION_REFUSED @ http://localhost:8000/api/objects/SharedMemory/variables/io%3ASensor1_S/history?count=200&server=ee8d9159:0
[  499239ms] [ERROR] Error обновления графика для io:Sensor1_S: TypeError: Failed to fetch
    at fetchVariableHistory (http://localhost:8000/static/js/app.js:11919:28)
    at updateChart (http://localhost:8000/static/js/app.js:13985:31)
    at http://localhost:8000/static/js/app.js:1209:27 @ http://localhost:8000/static/js/app.js:14010
[  499239ms] [ERROR] Failed to load resource: net::ERR_CONNECTION_REFUSED @ http://localhost:8000/api/objects/SharedMemory/variables/io%3ASensor10_S/history?count=200&server=ee8d9159:0
[  499239ms] [ERROR] Error обновления графика для io:Sensor10_S: TypeError: Failed to fetch
    at fetchVariableHistory (http://localhost:8000/static/js/app.js:11919:28)
    at updateChart (http://localhost:8000/static/js/app.js:13985:31)
    at http://localhost:8000/static/js/app.js:1209:27 @ http://localhost:8000/static/js/app.js:14010
[  499239ms] [ERROR] Failed to load resource: net::ERR_CONNECTION_REFUSED @ http://localhost:8000/api/objects/SharedMemory/variables/io%3ASensor100_S/history?count=200&server=ee8d9159:0
[  499239ms] [ERROR] Error обновления графика для io:Sensor100_S: TypeError: Failed to fetch
    at fetchVariableHistory (http://localhost:8000/static/js/app.js:11919:28)
    at updateChart (http://localhost:8000/static/js/app.js:13985:31)
    at http://localhost:8000/static/js/app.js:1209:27 @ http://localhost:8000/static/js/app.js:14010
[  500237ms] [ERROR] Failed to load resource: net::ERR_CONNECTION_REFUSED @ http://localhost:8000/api/servers:0
[  500237ms] [ERROR] Error обновления списка объектов: TypeError: Failed to fetch
    at fetchServers (http://localhost:8000/static/js/app.js:11815:28)
    at fetchObjects (http://localhost:8000/static/js/app.js:11822:31)
    at refreshObjectsList (http://localhost:8000/static/js/app.js:11870:28)
    at http://localhost:8000/static/js/app.js:1191:9 @ http://localhost:8000/static/js/app.js:11873
[  500237ms] [ERROR] Failed to load resource: net::ERR_CONNECTION_REFUSED @ http://localhost:8000/api/objects/SharedMemory?server=ee8d9159:0
[  500237ms] [ERROR] Error загрузки ee8d9159:SharedMemory: TypeError: Failed to fetch
    at fetchObjectData (http://localhost:8000/static/js/app.js:11889:28)
    at loadObjectData (http://localhost:8000/static/js/app.js:13547:28)
    at http://localhost:8000/static/js/app.js:1198:23 @ http://localhost:8000/static/js/app.js:13558
[  500237ms] [ERROR] Failed to load resource: net::ERR_CONNECTION_REFUSED @ http://localhost:8000/api/objects/SharedMemory/variables/io%3ASensor1_S/history?count=200&server=ee8d9159:0
[  500237ms] [ERROR] Error обновления графика для io:Sensor1_S: TypeError: Failed to fetch
    at fetchVariableHistory (http://localhost:8000/static/js/app.js:11919:28)
    at updateChart (http://localhost:8000/static/js/app.js:13985:31)
    at http://localhost:8000/static/js/app.js:1209:27 @ http://localhost:8000/static/js/app.js:14010
[  500238ms] [ERROR] Failed to load resource: net::ERR_CONNECTION_REFUSED @ http://localhost:8000/api/objects/SharedMemory/variables/io%3ASensor10_S/history?count=200&server=ee8d9159:0
[  500238ms] [ERROR] Error обновления графика для io:Sensor10_S: TypeError: Failed to fetch
    at fetchVariableHistory (http://localhost:8000/static/js/app.js:11919:28)
    at updateChart (http://localhost:8000/static/js/app.js:13985:31)
    at http://localhost:8000/static/js/app.js:1209:27 @ http://localhost:8000/static/js/app.js:14010
[  500238ms] [ERROR] Failed to load resource: net::ERR_CONNECTION_REFUSED @ http://localhost:8000/api/objects/SharedMemory/variables/io%3ASensor100_S/history?count=200&server=ee8d9159:0
[  500238ms] [ERROR] Error обновления графика для io:Sensor100_S: TypeError: Failed to fetch
    at fetchVariableHistory (http://localhost:8000/static/js/app.js:11919:28)
    at updateChart (http://localhost:8000/static/js/app.js:13985:31)
    at http://localhost:8000/static/js/app.js:1209:27 @ http://localhost:8000/static/js/app.js:14010
[  500350ms] [ERROR] Failed to load resource: net::ERR_CONNECTION_REFUSED @ http://localhost:8000/api/recording/status:0
[  501238ms] [ERROR] Failed to load resource: net::ERR_CONNECTION_REFUSED @ http://localhost:8000/api/objects/SharedMemory?server=ee8d9159:0
[  501238ms] [ERROR] Error загрузки ee8d9159:SharedMemory: TypeError: Failed to fetch
    at fetchObjectData (http://localhost:8000/static/js/app.js:11889:28)
    at loadObjectData (http://localhost:8000/static/js/app.js:13547:28)
    at http://localhost:8000/static/js/app.js:1198:23 @ http://localhost:8000/static/js/app.js:13558
[  501238ms] [ERROR] Failed to load resource: net::ERR_CONNECTION_REFUSED @ http://localhost:8000/api/objects/SharedMemory/variables/io%3ASensor1_S/history?count=200&server=ee8d9159:0
[  501238ms] [ERROR] Error обновления графика для io:Sensor1_S: TypeError: Failed to fetch
    at fetchVariableHistory (http://localhost:8000/static/js/app.js:11919:28)
    at updateChart (http://localhost:8000/static/js/app.js:13985:31)
    at http://localhost:8000/static/js/app.js:1209:27 @ http://localhost:8000/static/js/app.js:14010
[  501239ms] [ERROR] Failed to load resource: net::ERR_CONNECTION_REFUSED @ http://localhost:8000/api/objects/SharedMemory/variables/io%3ASensor10_S/history?count=200&server=ee8d9159:0
[  501239ms] [ERROR] Error обновления графика для io:Sensor10_S: TypeError: Failed to fetch
    at fetchVariableHistory (http://localhost:8000/static/js/app.js:11919:28)
    at updateChart (http://localhost:8000/static/js/app.js:13985:31)
    at http://localhost:8000/static/js/app.js:1209:27 @ http://localhost:8000/static/js/app.js:14010
[  501239ms] [ERROR] Failed to load resource: net::ERR_CONNECTION_REFUSED @ http://localhost:8000/api/objects/SharedMemory/variables/io%3ASensor100_S/history?count=200&server=ee8d9159:0
[  501239ms] [ERROR] Error обновления графика для io:Sensor100_S: TypeError: Failed to fetch
    at fetchVariableHistory (http://localhost:8000/static/js/app.js:11919:28)
    at updateChart (http://localhost:8000/static/js/app.js:13985:31)
    at http://localhost:8000/static/js/app.js:1209:27 @ http://localhost:8000/static/js/app.js:14010
[  502237ms] [ERROR] Failed to load resource: net::ERR_CONNECTION_REFUSED @ http://localhost:8000/api/objects/SharedMemory?server=ee8d9159:0
[  502237ms] [ERROR] Error загрузки ee8d9159:SharedMemory: TypeError: Failed to fetch
    at fetchObjectData (http://localhost:8000/static/js/app.js:11889:28)
    at loadObjectData (http://localhost:8000/static/js/app.js:13547:28)
    at http://localhost:8000/static/js/app.js:1198:23 @ http://localhost:8000/static/js/app.js:13558
[  502237ms] [ERROR] Failed to load resource: net::ERR_CONNECTION_REFUSED @ http://localhost:8000/api/objects/SharedMemory/variables/io%3ASensor1_S/history?count=200&server=ee8d9159:0
[  502237ms] [ERROR] Error обновления графика для io:Sensor1_S: TypeError: Failed to fetch
    at fetchVariableHistory (http://localhost:8000/static/js/app.js:11919:28)
    at updateChart (http://localhost:8000/static/js/app.js:13985:31)
    at http://localhost:8000/static/js/app.js:1209:27 @ http://localhost:8000/static/js/app.js:14010
[  502237ms] [ERROR] Failed to load resource: net::ERR_CONNECTION_REFUSED @ http://localhost:8000/api/objects/SharedMemory/variables/io%3ASensor10_S/history?count=200&server=ee8d9159:0
[  502237ms] [ERROR] Error обновления графика для io:Sensor10_S: TypeError: Failed to fetch
    at fetchVariableHistory (http://localhost:8000/static/js/app.js:11919:28)
    at updateChart (http://localhost:8000/static/js/app.js:13985:31)
    at http://localhost:8000/static/js/app.js:1209:27 @ http://localhost:8000/static/js/app.js:14010
[  502237ms] [ERROR] Failed to load resource: net::ERR_CONNECTION_REFUSED @ http://localhost:8000/api/objects/SharedMemory/variables/io%3ASensor100_S/history?count=200&server=ee8d9159:0
[  502237ms] [ERROR] Error обновления графика для io:Sensor100_S: TypeError: Failed to fetch
    at fetchVariableHistory (http://localhost:8000/static/js/app.js:11919:28)
    at updateChart (http://localhost:8000/static/js/app.js:13985:31)
    at http://localhost:8000/static/js/app.js:1209:27 @ http://localhost:8000/static/js/app.js:14010
[  503238ms] [ERROR] Failed to load resource: net::ERR_CONNECTION_REFUSED @ http://localhost:8000/api/objects/SharedMemory?server=ee8d9159:0
[  503239ms] [ERROR] Error загрузки ee8d9159:SharedMemory: TypeError: Failed to fetch
    at fetchObjectData (http://localhost:8000/static/js/app.js:11889:28)
    at loadObjectData (http://localhost:8000/static/js/app.js:13547:28)
    at http://localhost:8000/static/js/app.js:1198:23 @ http://localhost:8000/static/js/app.js:13558
[  503239ms] [ERROR] Failed to load resource: net::ERR_CONNECTION_REFUSED @ http://localhost:8000/api/objects/SharedMemory/variables/io%3ASensor1_S/history?count=200&server=ee8d9159:0
[  503239ms] [ERROR] Error обновления графика для io:Sensor1_S: TypeError: Failed to fetch
    at fetchVariableHistory (http://localhost:8000/static/js/app.js:11919:28)
    at updateChart (http://localhost:8000/static/js/app.js:13985:31)
    at http://localhost:8000/static/js/app.js:1209:27 @ http://localhost:8000/static/js/app.js:14010
[  503239ms] [ERROR] Failed to load resource: net::ERR_CONNECTION_REFUSED @ http://localhost:8000/api/objects/SharedMemory/variables/io%3ASensor10_S/history?count=200&server=ee8d9159:0
[  503239ms] [ERROR] Error обновления графика для io:Sensor10_S: TypeError: Failed to fetch
    at fetchVariableHistory (http://localhost:8000/static/js/app.js:11919:28)
    at updateChart (http://localhost:8000/static/js/app.js:13985:31)
    at http://localhost:8000/static/js/app.js:1209:27 @ http://localhost:8000/static/js/app.js:14010
[  503239ms] [ERROR] Failed to load resource: net::ERR_CONNECTION_REFUSED @ http://localhost:8000/api/objects/SharedMemory/variables/io%3ASensor100_S/history?count=200&server=ee8d9159:0
[  503239ms] [ERROR] Error обновления графика для io:Sensor100_S: TypeError: Failed to fetch
    at fetchVariableHistory (http://localhost:8000/static/js/app.js:11919:28)
    at updateChart (http://localhost:8000/static/js/app.js:13985:31)
    at http://localhost:8000/static/js/app.js:1209:27 @ http://localhost:8000/static/js/app.js:14010
[  504238ms] [ERROR] Failed to load resource: net::ERR_CONNECTION_REFUSED @ http://localhost:8000/api/objects/SharedMemory?server=ee8d9159:0
[  504238ms] [ERROR] Error загрузки ee8d9159:SharedMemory: TypeError: Failed to fetch
    at fetchObjectData (http://localhost:8000/static/js/app.js:11889:28)
    at loadObjectData (http://localhost:8000/static/js/app.js:13547:28)
    at http://localhost:8000/static/js/app.js:1198:23 @ http://localhost:8000/static/js/app.js:13558
[  504238ms] [ERROR] Failed to load resource: net::ERR_CONNECTION_REFUSED @ http://localhost:8000/api/objects/SharedMemory/variables/io%3ASensor1_S/history?count=200&server=ee8d9159:0
[  504238ms] [ERROR] Error обновления графика для io:Sensor1_S: TypeError: Failed to fetch
    at fetchVariableHistory (http://localhost:8000/static/js/app.js:11919:28)
    at updateChart (http://localhost:8000/static/js/app.js:13985:31)
    at http://localhost:8000/static/js/app.js:1209:27 @ http://localhost:8000/static/js/app.js:14010
[  504239ms] [ERROR] Failed to load resource: net::ERR_CONNECTION_REFUSED @ http://localhost:8000/api/objects/SharedMemory/variables/io%3ASensor10_S/history?count=200&server=ee8d9159:0
[  504239ms] [ERROR] Error обновления графика для io:Sensor10_S: TypeError: Failed to fetch
    at fetchVariableHistory (http://localhost:8000/static/js/app.js:11919:28)
    at updateChart (http://localhost:8000/static/js/app.js:13985:31)
    at http://localhost:8000/static/js/app.js:1209:27 @ http://localhost:8000/static/js/app.js:14010
[  504239ms] [ERROR] Failed to load resource: net::ERR_CONNECTION_REFUSED @ http://localhost:8000/api/objects/SharedMemory/variables/io%3ASensor100_S/history?count=200&server=ee8d9159:0
[  504239ms] [ERROR] Error обновления графика для io:Sensor100_S: TypeError: Failed to fetch
    at fetchVariableHistory (http://localhost:8000/static/js/app.js:11919:28)
    at updateChart (http://localhost:8000/static/js/app.js:13985:31)
    at http://localhost:8000/static/js/app.js:1209:27 @ http://localhost:8000/static/js/app.js:14010
[  505239ms] [ERROR] Failed to load resource: net::ERR_CONNECTION_REFUSED @ http://localhost:8000/api/objects/SharedMemory?server=ee8d9159:0
[  505239ms] [ERROR] Error загрузки ee8d9159:SharedMemory: TypeError: Failed to fetch
    at fetchObjectData (http://localhost:8000/static/js/app.js:11889:28)
    at loadObjectData (http://localhost:8000/static/js/app.js:13547:28)
    at http://localhost:8000/static/js/app.js:1198:23 @ http://localhost:8000/static/js/app.js:13558
[  505240ms] [ERROR] Failed to load resource: net::ERR_CONNECTION_REFUSED @ http://localhost:8000/api/objects/SharedMemory/variables/io%3ASensor1_S/history?count=200&server=ee8d9159:0
[  505240ms] [ERROR] Error обновления графика для io:Sensor1_S: TypeError: Failed to fetch
    at fetchVariableHistory (http://localhost:8000/static/js/app.js:11919:28)
    at updateChart (http://localhost:8000/static/js/app.js:13985:31)
    at http://localhost:8000/static/js/app.js:1209:27 @ http://localhost:8000/static/js/app.js:14010
[  505240ms] [ERROR] Failed to load resource: net::ERR_CONNECTION_REFUSED @ http://localhost:8000/api/objects/SharedMemory/variables/io%3ASensor10_S/history?count=200&server=ee8d9159:0
[  505240ms] [ERROR] Error обновления графика для io:Sensor10_S: TypeError: Failed to fetch
    at fetchVariableHistory (http://localhost:8000/static/js/app.js:11919:28)
    at updateChart (http://localhost:8000/static/js/app.js:13985:31)
    at http://localhost:8000/static/js/app.js:1209:27 @ http://localhost:8000/static/js/app.js:14010
[  505241ms] [ERROR] Failed to load resource: net::ERR_CONNECTION_REFUSED @ http://localhost:8000/api/objects/SharedMemory/variables/io%3ASensor100_S/history?count=200&server=ee8d9159:0
[  505241ms] [ERROR] Error обновления графика для io:Sensor100_S: TypeError: Failed to fetch
    at fetchVariableHistory (http://localhost:8000/static/js/app.js:11919:28)
    at updateChart (http://localhost:8000/static/js/app.js:13985:31)
    at http://localhost:8000/static/js/app.js:1209:27 @ http://localhost:8000/static/js/app.js:14010
[  505351ms] [ERROR] Failed to load resource: net::ERR_CONNECTION_REFUSED @ http://localhost:8000/api/recording/status:0
[  506237ms] [ERROR] Failed to load resource: net::ERR_CONNECTION_REFUSED @ http://localhost:8000/api/servers:0
[  506237ms] [ERROR] Error обновления списка объектов: TypeError: Failed to fetch
    at fetchServers (http://localhost:8000/static/js/app.js:11815:28)
    at fetchObjects (http://localhost:8000/static/js/app.js:11822:31)
    at refreshObjectsList (http://localhost:8000/static/js/app.js:11870:28)
    at http://localhost:8000/static/js/app.js:1191:9 @ http://localhost:8000/static/js/app.js:11873
[  506238ms] [ERROR] Failed to load resource: net::ERR_CONNECTION_REFUSED @ http://localhost:8000/api/objects/SharedMemory?server=ee8d9159:0
[  506238ms] [ERROR] Error загрузки ee8d9159:SharedMemory: TypeError: Failed to fetch
    at fetchObjectData (http://localhost:8000/static/js/app.js:11889:28)
    at loadObjectData (http://localhost:8000/static/js/app.js:13547:28)
    at http://localhost:8000/static/js/app.js:1198:23 @ http://localhost:8000/static/js/app.js:13558
[  506238ms] [ERROR] Failed to load resource: net::ERR_CONNECTION_REFUSED @ http://localhost:8000/api/objects/SharedMemory/variables/io%3ASensor1_S/history?count=200&server=ee8d9159:0
[  506238ms] [ERROR] Error обновления графика для io:Sensor1_S: TypeError: Failed to fetch
    at fetchVariableHistory (http://localhost:8000/static/js/app.js:11919:28)
    at updateChart (http://localhost:8000/static/js/app.js:13985:31)
    at http://localhost:8000/static/js/app.js:1209:27 @ http://localhost:8000/static/js/app.js:14010
[  506238ms] [ERROR] Failed to load resource: net::ERR_CONNECTION_REFUSED @ http://localhost:8000/api/objects/SharedMemory/variables/io%3ASensor10_S/history?count=200&server=ee8d9159:0
[  506238ms] [ERROR] Error обновления графика для io:Sensor10_S: TypeError: Failed to fetch
    at fetchVariableHistory (http://localhost:8000/static/js/app.js:11919:28)
    at updateChart (http://localhost:8000/static/js/app.js:13985:31)
    at http://localhost:8000/static/js/app.js:1209:27 @ http://localhost:8000/static/js/app.js:14010
[  506239ms] [ERROR] Failed to load resource: net::ERR_CONNECTION_REFUSED @ http://localhost:8000/api/objects/SharedMemory/variables/io%3ASensor100_S/history?count=200&server=ee8d9159:0
[  506239ms] [ERROR] Error обновления графика для io:Sensor100_S: TypeError: Failed to fetch
    at fetchVariableHistory (http://localhost:8000/static/js/app.js:11919:28)
    at updateChart (http://localhost:8000/static/js/app.js:13985:31)
    at http://localhost:8000/static/js/app.js:1209:27 @ http://localhost:8000/static/js/app.js:14010
[  506239ms] [ERROR] Failed to load resource: net::ERR_CONNECTION_REFUSED @ http://localhost:8000/api/version:0
[  507239ms] [ERROR] Failed to load resource: net::ERR_CONNECTION_REFUSED @ http://localhost:8000/api/objects/SharedMemory?server=ee8d9159:0
[  507239ms] [ERROR] Error загрузки ee8d9159:SharedMemory: TypeError: Failed to fetch
    at fetchObjectData (http://localhost:8000/static/js/app.js:11889:28)
    at loadObjectData (http://localhost:8000/static/js/app.js:13547:28)
    at http://localhost:8000/static/js/app.js:1198:23 @ http://localhost:8000/static/js/app.js:13558
[  507239ms] [ERROR] Failed to load resource: net::ERR_CONNECTION_REFUSED @ http://localhost:8000/api/objects/SharedMemory/variables/io%3ASensor1_S/history?count=200&server=ee8d9159:0
[  507239ms] [ERROR] Error обновления графика для io:Sensor1_S: TypeError: Failed to fetch
    at fetchVariableHistory (http://localhost:8000/static/js/app.js:11919:28)
    at updateChart (http://localhost:8000/static/js/app.js:13985:31)
    at http://localhost:8000/static/js/app.js:1209:27 @ http://localhost:8000/static/js/app.js:14010
[  507239ms] [ERROR] Failed to load resource: net::ERR_CONNECTION_REFUSED @ http://localhost:8000/api/objects/SharedMemory/variables/io%3ASensor10_S/history?count=200&server=ee8d9159:0
[  507239ms] [ERROR] Error обновления графика для io:Sensor10_S: TypeError: Failed to fetch
    at fetchVariableHistory (http://localhost:8000/static/js/app.js:11919:28)
    at updateChart (http://localhost:8000/static/js/app.js:13985:31)
    at http://localhost:8000/static/js/app.js:1209:27 @ http://localhost:8000/static/js/app.js:14010
[  507240ms] [ERROR] Failed to load resource: net::ERR_CONNECTION_REFUSED @ http://localhost:8000/api/objects/SharedMemory/variables/io%3ASensor100_S/history?count=200&server=ee8d9159:0
[  507240ms] [ERROR] Error обновления графика для io:Sensor100_S: TypeError: Failed to fetch
    at fetchVariableHistory (http://localhost:8000/static/js/app.js:11919:28)
    at updateChart (http://localhost:8000/static/js/app.js:13985:31)
    at http://localhost:8000/static/js/app.js:1209:27 @ http://localhost:8000/static/js/app.js:14010
[  508237ms] [ERROR] Failed to load resource: net::ERR_CONNECTION_REFUSED @ http://localhost:8000/api/objects/SharedMemory?server=ee8d9159:0
[  508237ms] [ERROR] Error загрузки ee8d9159:SharedMemory: TypeError: Failed to fetch
    at fetchObjectData (http://localhost:8000/static/js/app.js:11889:28)
    at loadObjectData (http://localhost:8000/static/js/app.js:13547:28)
    at http://localhost:8000/static/js/app.js:1198:23 @ http://localhost:8000/static/js/app.js:13558
[  508237ms] [ERROR] Failed to load resource: net::ERR_CONNECTION_REFUSED @ http://localhost:8000/api/objects/SharedMemory/variables/io%3ASensor1_S/history?count=200&server=ee8d9159:0
[  508237ms] [ERROR] Error обновления графика для io:Sensor1_S: TypeError: Failed to fetch
    at fetchVariableHistory (http://localhost:8000/static/js/app.js:11919:28)
    at updateChart (http://localhost:8000/static/js/app.js:13985:31)
    at http://localhost:8000/static/js/app.js:1209:27 @ http://localhost:8000/static/js/app.js:14010
[  508238ms] [ERROR] Failed to load resource: net::ERR_CONNECTION_REFUSED @ http://localhost:8000/api/objects/SharedMemory/variables/io%3ASensor10_S/history?count=200&server=ee8d9159:0
[  508238ms] [ERROR] Error обновления графика для io:Sensor10_S: TypeError: Failed to fetch
    at fetchVariableHistory (http://localhost:8000/static/js/app.js:11919:28)
    at updateChart (http://localhost:8000/static/js/app.js:13985:31)
    at http://localhost:8000/static/js/app.js:1209:27 @ http://localhost:8000/static/js/app.js:14010
[  508238ms] [ERROR] Failed to load resource: net::ERR_CONNECTION_REFUSED @ http://localhost:8000/api/objects/SharedMemory/variables/io%3ASensor100_S/history?count=200&server=ee8d9159:0
[  508238ms] [ERROR] Error обновления графика для io:Sensor100_S: TypeError: Failed to fetch
    at fetchVariableHistory (http://localhost:8000/static/js/app.js:11919:28)
    at updateChart (http://localhost:8000/static/js/app.js:13985:31)
    at http://localhost:8000/static/js/app.js:1209:27 @ http://localhost:8000/static/js/app.js:14010
[  509238ms] [ERROR] Failed to load resource: net::ERR_CONNECTION_REFUSED @ http://localhost:8000/api/objects/SharedMemory?server=ee8d9159:0
[  509238ms] [ERROR] Error загрузки ee8d9159:SharedMemory: TypeError: Failed to fetch
    at fetchObjectData (http://localhost:8000/static/js/app.js:11889:28)
    at loadObjectData (http://localhost:8000/static/js/app.js:13547:28)
    at http://localhost:8000/static/js/app.js:1198:23 @ http://localhost:8000/static/js/app.js:13558
[  509238ms] [ERROR] Failed to load resource: net::ERR_CONNECTION_REFUSED @ http://localhost:8000/api/objects/SharedMemory/variables/io%3ASensor1_S/history?count=200&server=ee8d9159:0
[  509238ms] [ERROR] Error обновления графика для io:Sensor1_S: TypeError: Failed to fetch
    at fetchVariableHistory (http://localhost:8000/static/js/app.js:11919:28)
    at updateChart (http://localhost:8000/static/js/app.js:13985:31)
    at http://localhost:8000/static/js/app.js:1209:27 @ http://localhost:8000/static/js/app.js:14010
[  509238ms] [ERROR] Failed to load resource: net::ERR_CONNECTION_REFUSED @ http://localhost:8000/api/objects/SharedMemory/variables/io%3ASensor10_S/history?count=200&server=ee8d9159:0
[  509238ms] [ERROR] Error обновления графика для io:Sensor10_S: TypeError: Failed to fetch
    at fetchVariableHistory (http://localhost:8000/static/js/app.js:11919:28)
    at updateChart (http://localhost:8000/static/js/app.js:13985:31)
    at http://localhost:8000/static/js/app.js:1209:27 @ http://localhost:8000/static/js/app.js:14010
[  509239ms] [ERROR] Failed to load resource: net::ERR_CONNECTION_REFUSED @ http://localhost:8000/api/objects/SharedMemory/variables/io%3ASensor100_S/history?count=200&server=ee8d9159:0
[  509239ms] [ERROR] Error обновления графика для io:Sensor100_S: TypeError: Failed to fetch
    at fetchVariableHistory (http://localhost:8000/static/js/app.js:11919:28)
    at updateChart (http://localhost:8000/static/js/app.js:13985:31)
    at http://localhost:8000/static/js/app.js:1209:27 @ http://localhost:8000/static/js/app.js:14010
[  510236ms] [ERROR] Failed to load resource: net::ERR_CONNECTION_REFUSED @ http://localhost:8000/api/objects/SharedMemory?server=ee8d9159:0
[  510236ms] [ERROR] Error загрузки ee8d9159:SharedMemory: TypeError: Failed to fetch
    at fetchObjectData (http://localhost:8000/static/js/app.js:11889:28)
    at loadObjectData (http://localhost:8000/static/js/app.js:13547:28)
    at http://localhost:8000/static/js/app.js:1198:23 @ http://localhost:8000/static/js/app.js:13558
[  510236ms] [ERROR] Failed to load resource: net::ERR_CONNECTION_REFUSED @ http://localhost:8000/api/objects/SharedMemory/variables/io%3ASensor1_S/history?count=200&server=ee8d9159:0
[  510236ms] [ERROR] Error обновления графика для io:Sensor1_S: TypeError: Failed to fetch
    at fetchVariableHistory (http://localhost:8000/static/js/app.js:11919:28)
    at updateChart (http://localhost:8000/static/js/app.js:13985:31)
    at http://localhost:8000/static/js/app.js:1209:27 @ http://localhost:8000/static/js/app.js:14010
[  510236ms] [ERROR] Failed to load resource: net::ERR_CONNECTION_REFUSED @ http://localhost:8000/api/objects/SharedMemory/variables/io%3ASensor10_S/history?count=200&server=ee8d9159:0
[  510236ms] [ERROR] Error обновления графика для io:Sensor10_S: TypeError: Failed to fetch
    at fetchVariableHistory (http://localhost:8000/static/js/app.js:11919:28)
    at updateChart (http://localhost:8000/static/js/app.js:13985:31)
    at http://localhost:8000/static/js/app.js:1209:27 @ http://localhost:8000/static/js/app.js:14010
[  510236ms] [ERROR] Failed to load resource: net::ERR_CONNECTION_REFUSED @ http://localhost:8000/api/objects/SharedMemory/variables/io%3ASensor100_S/history?count=200&server=ee8d9159:0
[  510236ms] [ERROR] Error обновления графика для io:Sensor100_S: TypeError: Failed to fetch
    at fetchVariableHistory (http://localhost:8000/static/js/app.js:11919:28)
    at updateChart (http://localhost:8000/static/js/app.js:13985:31)
    at http://localhost:8000/static/js/app.js:1209:27 @ http://localhost:8000/static/js/app.js:14010
[  510351ms] [ERROR] Failed to load resource: net::ERR_CONNECTION_REFUSED @ http://localhost:8000/api/recording/status:0
[  511238ms] [ERROR] Failed to load resource: net::ERR_CONNECTION_REFUSED @ http://localhost:8000/api/objects/SharedMemory?server=ee8d9159:0
[  511238ms] [ERROR] Error загрузки ee8d9159:SharedMemory: TypeError: Failed to fetch
    at fetchObjectData (http://localhost:8000/static/js/app.js:11889:28)
    at loadObjectData (http://localhost:8000/static/js/app.js:13547:28)
    at http://localhost:8000/static/js/app.js:1198:23 @ http://localhost:8000/static/js/app.js:13558
[  511238ms] [ERROR] Failed to load resource: net::ERR_CONNECTION_REFUSED @ http://localhost:8000/api/objects/SharedMemory/variables/io%3ASensor1_S/history?count=200&server=ee8d9159:0
[  511238ms] [ERROR] Error обновления графика для io:Sensor1_S: TypeError: Failed to fetch
    at fetchVariableHistory (http://localhost:8000/static/js/app.js:11919:28)
    at updateChart (http://localhost:8000/static/js/app.js:13985:31)
    at http://localhost:8000/static/js/app.js:1209:27 @ http://localhost:8000/static/js/app.js:14010
[  511239ms] [ERROR] Failed to load resource: net::ERR_CONNECTION_REFUSED @ http://localhost:8000/api/objects/SharedMemory/variables/io%3ASensor10_S/history?count=200&server=ee8d9159:0
[  511239ms] [ERROR] Error обновления графика для io:Sensor10_S: TypeError: Failed to fetch
    at fetchVariableHistory (http://localhost:8000/static/js/app.js:11919:28)
    at updateChart (http://localhost:8000/static/js/app.js:13985:31)
    at http://localhost:8000/static/js/app.js:1209:27 @ http://localhost:8000/static/js/app.js:14010
[  511239ms] [ERROR] Failed to load resource: net::ERR_CONNECTION_REFUSED @ http://localhost:8000/api/objects/SharedMemory/variables/io%3ASensor100_S/history?count=200&server=ee8d9159:0
[  511239ms] [ERROR] Error обновления графика для io:Sensor100_S: TypeError: Failed to fetch
    at fetchVariableHistory (http://localhost:8000/static/js/app.js:11919:28)
    at updateChart (http://localhost:8000/static/js/app.js:13985:31)
    at http://localhost:8000/static/js/app.js:1209:27 @ http://localhost:8000/static/js/app.js:14010
[  512240ms] [ERROR] Failed to load resource: net::ERR_CONNECTION_REFUSED @ http://localhost:8000/api/servers:0
[  512240ms] [ERROR] Error обновления списка объектов: TypeError: Failed to fetch
    at fetchServers (http://localhost:8000/static/js/app.js:11815:28)
    at fetchObjects (http://localhost:8000/static/js/app.js:11822:31)
    at refreshObjectsList (http://localhost:8000/static/js/app.js:11870:28)
    at http://localhost:8000/static/js/app.js:1191:9 @ http://localhost:8000/static/js/app.js:11873
[  512240ms] [ERROR] Failed to load resource: net::ERR_CONNECTION_REFUSED @ http://localhost:8000/api/objects/SharedMemory?server=ee8d9159:0
[  512240ms] [ERROR] Error загрузки ee8d9159:SharedMemory: TypeError: Failed to fetch
    at fetchObjectData (http://localhost:8000/static/js/app.js:11889:28)
    at loadObjectData (http://localhost:8000/static/js/app.js:13547:28)
    at http://localhost:8000/static/js/app.js:1198:23 @ http://localhost:8000/static/js/app.js:13558
[  512241ms] [ERROR] Failed to load resource: net::ERR_CONNECTION_REFUSED @ http://localhost:8000/api/objects/SharedMemory/variables/io%3ASensor1_S/history?count=200&server=ee8d9159:0
[  512241ms] [ERROR] Error обновления графика для io:Sensor1_S: TypeError: Failed to fetch
    at fetchVariableHistory (http://localhost:8000/static/js/app.js:11919:28)
    at updateChart (http://localhost:8000/static/js/app.js:13985:31)
    at http://localhost:8000/static/js/app.js:1209:27 @ http://localhost:8000/static/js/app.js:14010
[  512241ms] [ERROR] Failed to load resource: net::ERR_CONNECTION_REFUSED @ http://localhost:8000/api/objects/SharedMemory/variables/io%3ASensor10_S/history?count=200&server=ee8d9159:0
[  512241ms] [ERROR] Error обновления графика для io:Sensor10_S: TypeError: Failed to fetch
    at fetchVariableHistory (http://localhost:8000/static/js/app.js:11919:28)
    at updateChart (http://localhost:8000/static/js/app.js:13985:31)
    at http://localhost:8000/static/js/app.js:1209:27 @ http://localhost:8000/static/js/app.js:14010
[  512242ms] [ERROR] Failed to load resource: net::ERR_CONNECTION_REFUSED @ http://localhost:8000/api/objects/SharedMemory/variables/io%3ASensor100_S/history?count=200&server=ee8d9159:0
[  512242ms] [ERROR] Error обновления графика для io:Sensor100_S: TypeError: Failed to fetch
    at fetchVariableHistory (http://localhost:8000/static/js/app.js:11919:28)
    at updateChart (http://localhost:8000/static/js/app.js:13985:31)
    at http://localhost:8000/static/js/app.js:1209:27 @ http://localhost:8000/static/js/app.js:14010
[  513239ms] [ERROR] Failed to load resource: net::ERR_CONNECTION_REFUSED @ http://localhost:8000/api/objects/SharedMemory?server=ee8d9159:0
[  513239ms] [ERROR] Error загрузки ee8d9159:SharedMemory: TypeError: Failed to fetch
    at fetchObjectData (http://localhost:8000/static/js/app.js:11889:28)
    at loadObjectData (http://localhost:8000/static/js/app.js:13547:28)
    at http://localhost:8000/static/js/app.js:1198:23 @ http://localhost:8000/static/js/app.js:13558
[  513240ms] [ERROR] Failed to load resource: net::ERR_CONNECTION_REFUSED @ http://localhost:8000/api/objects/SharedMemory/variables/io%3ASensor1_S/history?count=200&server=ee8d9159:0
[  513240ms] [ERROR] Error обновления графика для io:Sensor1_S: TypeError: Failed to fetch
    at fetchVariableHistory (http://localhost:8000/static/js/app.js:11919:28)
    at updateChart (http://localhost:8000/static/js/app.js:13985:31)
    at http://localhost:8000/static/js/app.js:1209:27 @ http://localhost:8000/static/js/app.js:14010
[  513240ms] [ERROR] Failed to load resource: net::ERR_CONNECTION_REFUSED @ http://localhost:8000/api/objects/SharedMemory/variables/io%3ASensor10_S/history?count=200&server=ee8d9159:0
[  513240ms] [ERROR] Error обновления графика для io:Sensor10_S: TypeError: Failed to fetch
    at fetchVariableHistory (http://localhost:8000/static/js/app.js:11919:28)
    at updateChart (http://localhost:8000/static/js/app.js:13985:31)
    at http://localhost:8000/static/js/app.js:1209:27 @ http://localhost:8000/static/js/app.js:14010
[  513240ms] [ERROR] Failed to load resource: net::ERR_CONNECTION_REFUSED @ http://localhost:8000/api/objects/SharedMemory/variables/io%3ASensor100_S/history?count=200&server=ee8d9159:0
[  513240ms] [ERROR] Error обновления графика для io:Sensor100_S: TypeError: Failed to fetch
    at fetchVariableHistory (http://localhost:8000/static/js/app.js:11919:28)
    at updateChart (http://localhost:8000/static/js/app.js:13985:31)
    at http://localhost:8000/static/js/app.js:1209:27 @ http://localhost:8000/static/js/app.js:14010
[  514239ms] [ERROR] Failed to load resource: net::ERR_CONNECTION_REFUSED @ http://localhost:8000/api/objects/SharedMemory?server=ee8d9159:0
[  514239ms] [ERROR] Error загрузки ee8d9159:SharedMemory: TypeError: Failed to fetch
    at fetchObjectData (http://localhost:8000/static/js/app.js:11889:28)
    at loadObjectData (http://localhost:8000/static/js/app.js:13547:28)
    at http://localhost:8000/static/js/app.js:1198:23 @ http://localhost:8000/static/js/app.js:13558
[  514240ms] [ERROR] Failed to load resource: net::ERR_CONNECTION_REFUSED @ http://localhost:8000/api/objects/SharedMemory/variables/io%3ASensor1_S/history?count=200&server=ee8d9159:0
[  514240ms] [ERROR] Error обновления графика для io:Sensor1_S: TypeError: Failed to fetch
    at fetchVariableHistory (http://localhost:8000/static/js/app.js:11919:28)
    at updateChart (http://localhost:8000/static/js/app.js:13985:31)
    at http://localhost:8000/static/js/app.js:1209:27 @ http://localhost:8000/static/js/app.js:14010
[  514241ms] [ERROR] Failed to load resource: net::ERR_CONNECTION_REFUSED @ http://localhost:8000/api/objects/SharedMemory/variables/io%3ASensor10_S/history?count=200&server=ee8d9159:0
[  514241ms] [ERROR] Error обновления графика для io:Sensor10_S: TypeError: Failed to fetch
    at fetchVariableHistory (http://localhost:8000/static/js/app.js:11919:28)
    at updateChart (http://localhost:8000/static/js/app.js:13985:31)
    at http://localhost:8000/static/js/app.js:1209:27 @ http://localhost:8000/static/js/app.js:14010
[  514241ms] [ERROR] Failed to load resource: net::ERR_CONNECTION_REFUSED @ http://localhost:8000/api/objects/SharedMemory/variables/io%3ASensor100_S/history?count=200&server=ee8d9159:0
[  514241ms] [ERROR] Error обновления графика для io:Sensor100_S: TypeError: Failed to fetch
    at fetchVariableHistory (http://localhost:8000/static/js/app.js:11919:28)
    at updateChart (http://localhost:8000/static/js/app.js:13985:31)
    at http://localhost:8000/static/js/app.js:1209:27 @ http://localhost:8000/static/js/app.js:14010
[  515239ms] [ERROR] Failed to load resource: net::ERR_CONNECTION_REFUSED @ http://localhost:8000/api/objects/SharedMemory?server=ee8d9159:0
[  515239ms] [ERROR] Error загрузки ee8d9159:SharedMemory: TypeError: Failed to fetch
    at fetchObjectData (http://localhost:8000/static/js/app.js:11889:28)
    at loadObjectData (http://localhost:8000/static/js/app.js:13547:28)
    at http://localhost:8000/static/js/app.js:1198:23 @ http://localhost:8000/static/js/app.js:13558
[  515240ms] [ERROR] Failed to load resource: net::ERR_CONNECTION_REFUSED @ http://localhost:8000/api/objects/SharedMemory/variables/io%3ASensor1_S/history?count=200&server=ee8d9159:0
[  515240ms] [ERROR] Error обновления графика для io:Sensor1_S: TypeError: Failed to fetch
    at fetchVariableHistory (http://localhost:8000/static/js/app.js:11919:28)
    at updateChart (http://localhost:8000/static/js/app.js:13985:31)
    at http://localhost:8000/static/js/app.js:1209:27 @ http://localhost:8000/static/js/app.js:14010
[  515240ms] [ERROR] Failed to load resource: net::ERR_CONNECTION_REFUSED @ http://localhost:8000/api/objects/SharedMemory/variables/io%3ASensor10_S/history?count=200&server=ee8d9159:0
[  515240ms] [ERROR] Error обновления графика для io:Sensor10_S: TypeError: Failed to fetch
    at fetchVariableHistory (http://localhost:8000/static/js/app.js:11919:28)
    at updateChart (http://localhost:8000/static/js/app.js:13985:31)
    at http://localhost:8000/static/js/app.js:1209:27 @ http://localhost:8000/static/js/app.js:14010
[  515241ms] [ERROR] Failed to load resource: net::ERR_CONNECTION_REFUSED @ http://localhost:8000/api/objects/SharedMemory/variables/io%3ASensor100_S/history?count=200&server=ee8d9159:0
[  515241ms] [ERROR] Error обновления графика для io:Sensor100_S: TypeError: Failed to fetch
    at fetchVariableHistory (http://localhost:8000/static/js/app.js:11919:28)
    at updateChart (http://localhost:8000/static/js/app.js:13985:31)
    at http://localhost:8000/static/js/app.js:1209:27 @ http://localhost:8000/static/js/app.js:14010
[  515351ms] [ERROR] Failed to load resource: net::ERR_CONNECTION_REFUSED @ http://localhost:8000/api/recording/status:0
[  516237ms] [ERROR] Failed to load resource: net::ERR_CONNECTION_REFUSED @ http://localhost:8000/api/objects/SharedMemory?server=ee8d9159:0
[  516238ms] [ERROR] Error загрузки ee8d9159:SharedMemory: TypeError: Failed to fetch
    at fetchObjectData (http://localhost:8000/static/js/app.js:11889:28)
    at loadObjectData (http://localhost:8000/static/js/app.js:13547:28)
    at http://localhost:8000/static/js/app.js:1198:23 @ http://localhost:8000/static/js/app.js:13558
[  516238ms] [ERROR] Failed to load resource: net::ERR_CONNECTION_REFUSED @ http://localhost:8000/api/objects/SharedMemory/variables/io%3ASensor1_S/history?count=200&server=ee8d9159:0
[  516238ms] [ERROR] Error обновления графика для io:Sensor1_S: TypeError: Failed to fetch
    at fetchVariableHistory (http://localhost:8000/static/js/app.js:11919:28)
    at updateChart (http://localhost:8000/static/js/app.js:13985:31)
    at http://localhost:8000/static/js/app.js:1209:27 @ http://localhost:8000/static/js/app.js:14010
[  516238ms] [ERROR] Failed to load resource: net::ERR_CONNECTION_REFUSED @ http://localhost:8000/api/objects/SharedMemory/variables/io%3ASensor10_S/history?count=200&server=ee8d9159:0
[  516238ms] [ERROR] Error обновления графика для io:Sensor10_S: TypeError: Failed to fetch
    at fetchVariableHistory (http://localhost:8000/static/js/app.js:11919:28)
    at updateChart (http://localhost:8000/static/js/app.js:13985:31)
    at http://localhost:8000/static/js/app.js:1209:27 @ http://localhost:8000/static/js/app.js:14010
[  516238ms] [ERROR] Failed to load resource: net::ERR_CONNECTION_REFUSED @ http://localhost:8000/api/objects/SharedMemory/variables/io%3ASensor100_S/history?count=200&server=ee8d9159:0
[  516238ms] [ERROR] Error обновления графика для io:Sensor100_S: TypeError: Failed to fetch
    at fetchVariableHistory (http://localhost:8000/static/js/app.js:11919:28)
    at updateChart (http://localhost:8000/static/js/app.js:13985:31)
    at http://localhost:8000/static/js/app.js:1209:27 @ http://localhost:8000/static/js/app.js:14010
[  517239ms] [ERROR] Failed to load resource: net::ERR_CONNECTION_REFUSED @ http://localhost:8000/api/objects/SharedMemory?server=ee8d9159:0
[  517239ms] [ERROR] Error загрузки ee8d9159:SharedMemory: TypeError: Failed to fetch
    at fetchObjectData (http://localhost:8000/static/js/app.js:11889:28)
    at loadObjectData (http://localhost:8000/static/js/app.js:13547:28)
    at http://localhost:8000/static/js/app.js:1198:23 @ http://localhost:8000/static/js/app.js:13558
[  517239ms] [ERROR] Failed to load resource: net::ERR_CONNECTION_REFUSED @ http://localhost:8000/api/objects/SharedMemory/variables/io%3ASensor1_S/history?count=200&server=ee8d9159:0
[  517239ms] [ERROR] Error обновления графика для io:Sensor1_S: TypeError: Failed to fetch
    at fetchVariableHistory (http://localhost:8000/static/js/app.js:11919:28)
    at updateChart (http://localhost:8000/static/js/app.js:13985:31)
    at http://localhost:8000/static/js/app.js:1209:27 @ http://localhost:8000/static/js/app.js:14010
[  517239ms] [ERROR] Failed to load resource: net::ERR_CONNECTION_REFUSED @ http://localhost:8000/api/objects/SharedMemory/variables/io%3ASensor10_S/history?count=200&server=ee8d9159:0
[  517239ms] [ERROR] Error обновления графика для io:Sensor10_S: TypeError: Failed to fetch
    at fetchVariableHistory (http://localhost:8000/static/js/app.js:11919:28)
    at updateChart (http://localhost:8000/static/js/app.js:13985:31)
    at http://localhost:8000/static/js/app.js:1209:27 @ http://localhost:8000/static/js/app.js:14010
[  517239ms] [ERROR] Failed to load resource: net::ERR_CONNECTION_REFUSED @ http://localhost:8000/api/objects/SharedMemory/variables/io%3ASensor100_S/history?count=200&server=ee8d9159:0
[  517239ms] [ERROR] Error обновления графика для io:Sensor100_S: TypeError: Failed to fetch
    at fetchVariableHistory (http://localhost:8000/static/js/app.js:11919:28)
    at updateChart (http://localhost:8000/static/js/app.js:13985:31)
    at http://localhost:8000/static/js/app.js:1209:27 @ http://localhost:8000/static/js/app.js:14010
[  518240ms] [ERROR] Failed to load resource: net::ERR_CONNECTION_REFUSED @ http://localhost:8000/api/servers:0
[  518240ms] [ERROR] Error обновления списка объектов: TypeError: Failed to fetch
    at fetchServers (http://localhost:8000/static/js/app.js:11815:28)
    at fetchObjects (http://localhost:8000/static/js/app.js:11822:31)
    at refreshObjectsList (http://localhost:8000/static/js/app.js:11870:28)
    at http://localhost:8000/static/js/app.js:1191:9 @ http://localhost:8000/static/js/app.js:11873
[  518240ms] [ERROR] Failed to load resource: net::ERR_CONNECTION_REFUSED @ http://localhost:8000/api/objects/SharedMemory?server=ee8d9159:0
[  518240ms] [ERROR] Error загрузки ee8d9159:SharedMemory: TypeError: Failed to fetch
    at fetchObjectData (http://localhost:8000/static/js/app.js:11889:28)
    at loadObjectData (http://localhost:8000/static/js/app.js:13547:28)
    at http://localhost:8000/static/js/app.js:1198:23 @ http://localhost:8000/static/js/app.js:13558
[  518240ms] [ERROR] Failed to load resource: net::ERR_CONNECTION_REFUSED @ http://localhost:8000/api/objects/SharedMemory/variables/io%3ASensor1_S/history?count=200&server=ee8d9159:0
[  518240ms] [ERROR] Error обновления графика для io:Sensor1_S: TypeError: Failed to fetch
    at fetchVariableHistory (http://localhost:8000/static/js/app.js:11919:28)
    at updateChart (http://localhost:8000/static/js/app.js:13985:31)
    at http://localhost:8000/static/js/app.js:1209:27 @ http://localhost:8000/static/js/app.js:14010
[  518241ms] [ERROR] Failed to load resource: net::ERR_CONNECTION_REFUSED @ http://localhost:8000/api/objects/SharedMemory/variables/io%3ASensor10_S/history?count=200&server=ee8d9159:0
[  518241ms] [ERROR] Error обновления графика для io:Sensor10_S: TypeError: Failed to fetch
    at fetchVariableHistory (http://localhost:8000/static/js/app.js:11919:28)
    at updateChart (http://localhost:8000/static/js/app.js:13985:31)
    at http://localhost:8000/static/js/app.js:1209:27 @ http://localhost:8000/static/js/app.js:14010
[  518241ms] [ERROR] Failed to load resource: net::ERR_CONNECTION_REFUSED @ http://localhost:8000/api/objects/SharedMemory/variables/io%3ASensor100_S/history?count=200&server=ee8d9159:0
[  518241ms] [ERROR] Error обновления графика для io:Sensor100_S: TypeError: Failed to fetch
    at fetchVariableHistory (http://localhost:8000/static/js/app.js:11919:28)
    at updateChart (http://localhost:8000/static/js/app.js:13985:31)
    at http://localhost:8000/static/js/app.js:1209:27 @ http://localhost:8000/static/js/app.js:14010
[  519238ms] [ERROR] Failed to load resource: net::ERR_CONNECTION_REFUSED @ http://localhost:8000/api/objects/SharedMemory?server=ee8d9159:0
[  519238ms] [ERROR] Error загрузки ee8d9159:SharedMemory: TypeError: Failed to fetch
    at fetchObjectData (http://localhost:8000/static/js/app.js:11889:28)
    at loadObjectData (http://localhost:8000/static/js/app.js:13547:28)
    at http://localhost:8000/static/js/app.js:1198:23 @ http://localhost:8000/static/js/app.js:13558
[  519239ms] [ERROR] Failed to load resource: net::ERR_CONNECTION_REFUSED @ http://localhost:8000/api/objects/SharedMemory/variables/io%3ASensor1_S/history?count=200&server=ee8d9159:0
[  519239ms] [ERROR] Error обновления графика для io:Sensor1_S: TypeError: Failed to fetch
    at fetchVariableHistory (http://localhost:8000/static/js/app.js:11919:28)
    at updateChart (http://localhost:8000/static/js/app.js:13985:31)
    at http://localhost:8000/static/js/app.js:1209:27 @ http://localhost:8000/static/js/app.js:14010
[  519239ms] [ERROR] Failed to load resource: net::ERR_CONNECTION_REFUSED @ http://localhost:8000/api/objects/SharedMemory/variables/io%3ASensor10_S/history?count=200&server=ee8d9159:0
[  519239ms] [ERROR] Error обновления графика для io:Sensor10_S: TypeError: Failed to fetch
    at fetchVariableHistory (http://localhost:8000/static/js/app.js:11919:28)
    at updateChart (http://localhost:8000/static/js/app.js:13985:31)
    at http://localhost:8000/static/js/app.js:1209:27 @ http://localhost:8000/static/js/app.js:14010
[  519239ms] [ERROR] Failed to load resource: net::ERR_CONNECTION_REFUSED @ http://localhost:8000/api/objects/SharedMemory/variables/io%3ASensor100_S/history?count=200&server=ee8d9159:0
[  519239ms] [ERROR] Error обновления графика для io:Sensor100_S: TypeError: Failed to fetch
    at fetchVariableHistory (http://localhost:8000/static/js/app.js:11919:28)
    at updateChart (http://localhost:8000/static/js/app.js:13985:31)
    at http://localhost:8000/static/js/app.js:1209:27 @ http://localhost:8000/static/js/app.js:14010
[  520239ms] [ERROR] Failed to load resource: net::ERR_CONNECTION_REFUSED @ http://localhost:8000/api/objects/SharedMemory?server=ee8d9159:0
[  520239ms] [ERROR] Error загрузки ee8d9159:SharedMemory: TypeError: Failed to fetch
    at fetchObjectData (http://localhost:8000/static/js/app.js:11889:28)
    at loadObjectData (http://localhost:8000/static/js/app.js:13547:28)
    at http://localhost:8000/static/js/app.js:1198:23 @ http://localhost:8000/static/js/app.js:13558
[  520239ms] [ERROR] Failed to load resource: net::ERR_CONNECTION_REFUSED @ http://localhost:8000/api/objects/SharedMemory/variables/io%3ASensor1_S/history?count=200&server=ee8d9159:0
[  520239ms] [ERROR] Error обновления графика для io:Sensor1_S: TypeError: Failed to fetch
    at fetchVariableHistory (http://localhost:8000/static/js/app.js:11919:28)
    at updateChart (http://localhost:8000/static/js/app.js:13985:31)
    at http://localhost:8000/static/js/app.js:1209:27 @ http://localhost:8000/static/js/app.js:14010
[  520240ms] [ERROR] Failed to load resource: net::ERR_CONNECTION_REFUSED @ http://localhost:8000/api/objects/SharedMemory/variables/io%3ASensor10_S/history?count=200&server=ee8d9159:0
[  520240ms] [ERROR] Error обновления графика для io:Sensor10_S: TypeError: Failed to fetch
    at fetchVariableHistory (http://localhost:8000/static/js/app.js:11919:28)
    at updateChart (http://localhost:8000/static/js/app.js:13985:31)
    at http://localhost:8000/static/js/app.js:1209:27 @ http://localhost:8000/static/js/app.js:14010
[  520240ms] [ERROR] Failed to load resource: net::ERR_CONNECTION_REFUSED @ http://localhost:8000/api/objects/SharedMemory/variables/io%3ASensor100_S/history?count=200&server=ee8d9159:0
[  520240ms] [ERROR] Error обновления графика для io:Sensor100_S: TypeError: Failed to fetch
    at fetchVariableHistory (http://localhost:8000/static/js/app.js:11919:28)
    at updateChart (http://localhost:8000/static/js/app.js:13985:31)
    at http://localhost:8000/static/js/app.js:1209:27 @ http://localhost:8000/static/js/app.js:14010
[  520351ms] [ERROR] Failed to load resource: net::ERR_CONNECTION_REFUSED @ http://localhost:8000/api/recording/status:0
[  521238ms] [ERROR] Failed to load resource: net::ERR_CONNECTION_REFUSED @ http://localhost:8000/api/objects/SharedMemory?server=ee8d9159:0
[  521238ms] [ERROR] Error загрузки ee8d9159:SharedMemory: TypeError: Failed to fetch
    at fetchObjectData (http://localhost:8000/static/js/app.js:11889:28)
    at loadObjectData (http://localhost:8000/static/js/app.js:13547:28)
    at http://localhost:8000/static/js/app.js:1198:23 @ http://localhost:8000/static/js/app.js:13558
[  521238ms] [ERROR] Failed to load resource: net::ERR_CONNECTION_REFUSED @ http://localhost:8000/api/objects/SharedMemory/variables/io%3ASensor1_S/history?count=200&server=ee8d9159:0
[  521238ms] [ERROR] Error обновления графика для io:Sensor1_S: TypeError: Failed to fetch
    at fetchVariableHistory (http://localhost:8000/static/js/app.js:11919:28)
    at updateChart (http://localhost:8000/static/js/app.js:13985:31)
    at http://localhost:8000/static/js/app.js:1209:27 @ http://localhost:8000/static/js/app.js:14010
[  521238ms] [ERROR] Failed to load resource: net::ERR_CONNECTION_REFUSED @ http://localhost:8000/api/objects/SharedMemory/variables/io%3ASensor10_S/history?count=200&server=ee8d9159:0
[  521238ms] [ERROR] Error обновления графика для io:Sensor10_S: TypeError: Failed to fetch
    at fetchVariableHistory (http://localhost:8000/static/js/app.js:11919:28)
    at updateChart (http://localhost:8000/static/js/app.js:13985:31)
    at http://localhost:8000/static/js/app.js:1209:27 @ http://localhost:8000/static/js/app.js:14010
[  521238ms] [ERROR] Failed to load resource: net::ERR_CONNECTION_REFUSED @ http://localhost:8000/api/objects/SharedMemory/variables/io%3ASensor100_S/history?count=200&server=ee8d9159:0
[  521238ms] [ERROR] Error обновления графика для io:Sensor100_S: TypeError: Failed to fetch
    at fetchVariableHistory (http://localhost:8000/static/js/app.js:11919:28)
    at updateChart (http://localhost:8000/static/js/app.js:13985:31)
    at http://localhost:8000/static/js/app.js:1209:27 @ http://localhost:8000/static/js/app.js:14010
[  522238ms] [ERROR] Failed to load resource: net::ERR_CONNECTION_REFUSED @ http://localhost:8000/api/objects/SharedMemory?server=ee8d9159:0
[  522238ms] [ERROR] Error загрузки ee8d9159:SharedMemory: TypeError: Failed to fetch
    at fetchObjectData (http://localhost:8000/static/js/app.js:11889:28)
    at loadObjectData (http://localhost:8000/static/js/app.js:13547:28)
    at http://localhost:8000/static/js/app.js:1198:23 @ http://localhost:8000/static/js/app.js:13558
[  522238ms] [ERROR] Failed to load resource: net::ERR_CONNECTION_REFUSED @ http://localhost:8000/api/objects/SharedMemory/variables/io%3ASensor1_S/history?count=200&server=ee8d9159:0
[  522238ms] [ERROR] Error обновления графика для io:Sensor1_S: TypeError: Failed to fetch
    at fetchVariableHistory (http://localhost:8000/static/js/app.js:11919:28)
    at updateChart (http://localhost:8000/static/js/app.js:13985:31)
    at http://localhost:8000/static/js/app.js:1209:27 @ http://localhost:8000/static/js/app.js:14010
[  522238ms] [ERROR] Failed to load resource: net::ERR_CONNECTION_REFUSED @ http://localhost:8000/api/objects/SharedMemory/variables/io%3ASensor10_S/history?count=200&server=ee8d9159:0
[  522238ms] [ERROR] Error обновления графика для io:Sensor10_S: TypeError: Failed to fetch
    at fetchVariableHistory (http://localhost:8000/static/js/app.js:11919:28)
    at updateChart (http://localhost:8000/static/js/app.js:13985:31)
    at http://localhost:8000/static/js/app.js:1209:27 @ http://localhost:8000/static/js/app.js:14010
[  522238ms] [ERROR] Failed to load resource: net::ERR_CONNECTION_REFUSED @ http://localhost:8000/api/objects/SharedMemory/variables/io%3ASensor100_S/history?count=200&server=ee8d9159:0
[  522239ms] [ERROR] Error обновления графика для io:Sensor100_S: TypeError: Failed to fetch
    at fetchVariableHistory (http://localhost:8000/static/js/app.js:11919:28)
    at updateChart (http://localhost:8000/static/js/app.js:13985:31)
    at http://localhost:8000/static/js/app.js:1209:27 @ http://localhost:8000/static/js/app.js:14010
[  523237ms] [ERROR] Failed to load resource: net::ERR_CONNECTION_REFUSED @ http://localhost:8000/api/objects/SharedMemory?server=ee8d9159:0
[  523237ms] [ERROR] Error загрузки ee8d9159:SharedMemory: TypeError: Failed to fetch
    at fetchObjectData (http://localhost:8000/static/js/app.js:11889:28)
    at loadObjectData (http://localhost:8000/static/js/app.js:13547:28)
    at http://localhost:8000/static/js/app.js:1198:23 @ http://localhost:8000/static/js/app.js:13558
[  523237ms] [ERROR] Failed to load resource: net::ERR_CONNECTION_REFUSED @ http://localhost:8000/api/objects/SharedMemory/variables/io%3ASensor1_S/history?count=200&server=ee8d9159:0
[  523237ms] [ERROR] Error обновления графика для io:Sensor1_S: TypeError: Failed to fetch
    at fetchVariableHistory (http://localhost:8000/static/js/app.js:11919:28)
    at updateChart (http://localhost:8000/static/js/app.js:13985:31)
    at http://localhost:8000/static/js/app.js:1209:27 @ http://localhost:8000/static/js/app.js:14010
[  523237ms] [ERROR] Failed to load resource: net::ERR_CONNECTION_REFUSED @ http://localhost:8000/api/objects/SharedMemory/variables/io%3ASensor10_S/history?count=200&server=ee8d9159:0
[  523237ms] [ERROR] Error обновления графика для io:Sensor10_S: TypeError: Failed to fetch
    at fetchVariableHistory (http://localhost:8000/static/js/app.js:11919:28)
    at updateChart (http://localhost:8000/static/js/app.js:13985:31)
    at http://localhost:8000/static/js/app.js:1209:27 @ http://localhost:8000/static/js/app.js:14010
[  523237ms] [ERROR] Failed to load resource: net::ERR_CONNECTION_REFUSED @ http://localhost:8000/api/objects/SharedMemory/variables/io%3ASensor100_S/history?count=200&server=ee8d9159:0
[  523237ms] [ERROR] Error обновления графика для io:Sensor100_S: TypeError: Failed to fetch
    at fetchVariableHistory (http://localhost:8000/static/js/app.js:11919:28)
    at updateChart (http://localhost:8000/static/js/app.js:13985:31)
    at http://localhost:8000/static/js/app.js:1209:27 @ http://localhost:8000/static/js/app.js:14010
[  524236ms] [ERROR] Failed to load resource: net::ERR_CONNECTION_REFUSED @ http://localhost:8000/api/servers:0
[  524236ms] [ERROR] Error обновления списка объектов: TypeError: Failed to fetch
    at fetchServers (http://localhost:8000/static/js/app.js:11815:28)
    at fetchObjects (http://localhost:8000/static/js/app.js:11822:31)
    at refreshObjectsList (http://localhost:8000/static/js/app.js:11870:28)
    at http://localhost:8000/static/js/app.js:1191:9 @ http://localhost:8000/static/js/app.js:11873
[  524236ms] [ERROR] Failed to load resource: net::ERR_CONNECTION_REFUSED @ http://localhost:8000/api/objects/SharedMemory?server=ee8d9159:0
[  524236ms] [ERROR] Error загрузки ee8d9159:SharedMemory: TypeError: Failed to fetch
    at fetchObjectData (http://localhost:8000/static/js/app.js:11889:28)
    at loadObjectData (http://localhost:8000/static/js/app.js:13547:28)
    at http://localhost:8000/static/js/app.js:1198:23 @ http://localhost:8000/static/js/app.js:13558
[  524236ms] [ERROR] Failed to load resource: net::ERR_CONNECTION_REFUSED @ http://localhost:8000/api/objects/SharedMemory/variables/io%3ASensor1_S/history?count=200&server=ee8d9159:0
[  524236ms] [ERROR] Error обновления графика для io:Sensor1_S: TypeError: Failed to fetch
    at fetchVariableHistory (http://localhost:8000/static/js/app.js:11919:28)
    at updateChart (http://localhost:8000/static/js/app.js:13985:31)
    at http://localhost:8000/static/js/app.js:1209:27 @ http://localhost:8000/static/js/app.js:14010
[  524236ms] [ERROR] Failed to load resource: net::ERR_CONNECTION_REFUSED @ http://localhost:8000/api/objects/SharedMemory/variables/io%3ASensor10_S/history?count=200&server=ee8d9159:0
[  524236ms] [ERROR] Error обновления графика для io:Sensor10_S: TypeError: Failed to fetch
    at fetchVariableHistory (http://localhost:8000/static/js/app.js:11919:28)
    at updateChart (http://localhost:8000/static/js/app.js:13985:31)
    at http://localhost:8000/static/js/app.js:1209:27 @ http://localhost:8000/static/js/app.js:14010
[  524236ms] [ERROR] Failed to load resource: net::ERR_CONNECTION_REFUSED @ http://localhost:8000/api/objects/SharedMemory/variables/io%3ASensor100_S/history?count=200&server=ee8d9159:0
[  524236ms] [ERROR] Error обновления графика для io:Sensor100_S: TypeError: Failed to fetch
    at fetchVariableHistory (http://localhost:8000/static/js/app.js:11919:28)
    at updateChart (http://localhost:8000/static/js/app.js:13985:31)
    at http://localhost:8000/static/js/app.js:1209:27 @ http://localhost:8000/static/js/app.js:14010
[  525236ms] [ERROR] Failed to load resource: net::ERR_CONNECTION_REFUSED @ http://localhost:8000/api/objects/SharedMemory?server=ee8d9159:0
[  525236ms] [ERROR] Error загрузки ee8d9159:SharedMemory: TypeError: Failed to fetch
    at fetchObjectData (http://localhost:8000/static/js/app.js:11889:28)
    at loadObjectData (http://localhost:8000/static/js/app.js:13547:28)
    at http://localhost:8000/static/js/app.js:1198:23 @ http://localhost:8000/static/js/app.js:13558
[  525236ms] [ERROR] Failed to load resource: net::ERR_CONNECTION_REFUSED @ http://localhost:8000/api/objects/SharedMemory/variables/io%3ASensor1_S/history?count=200&server=ee8d9159:0
[  525236ms] [ERROR] Error обновления графика для io:Sensor1_S: TypeError: Failed to fetch
    at fetchVariableHistory (http://localhost:8000/static/js/app.js:11919:28)
    at updateChart (http://localhost:8000/static/js/app.js:13985:31)
    at http://localhost:8000/static/js/app.js:1209:27 @ http://localhost:8000/static/js/app.js:14010
[  525236ms] [ERROR] Failed to load resource: net::ERR_CONNECTION_REFUSED @ http://localhost:8000/api/objects/SharedMemory/variables/io%3ASensor10_S/history?count=200&server=ee8d9159:0
[  525236ms] [ERROR] Error обновления графика для io:Sensor10_S: TypeError: Failed to fetch
    at fetchVariableHistory (http://localhost:8000/static/js/app.js:11919:28)
    at updateChart (http://localhost:8000/static/js/app.js:13985:31)
    at http://localhost:8000/static/js/app.js:1209:27 @ http://localhost:8000/static/js/app.js:14010
[  525236ms] [ERROR] Failed to load resource: net::ERR_CONNECTION_REFUSED @ http://localhost:8000/api/objects/SharedMemory/variables/io%3ASensor100_S/history?count=200&server=ee8d9159:0
[  525236ms] [ERROR] Error обновления графика для io:Sensor100_S: TypeError: Failed to fetch
    at fetchVariableHistory (http://localhost:8000/static/js/app.js:11919:28)
    at updateChart (http://localhost:8000/static/js/app.js:13985:31)
    at http://localhost:8000/static/js/app.js:1209:27 @ http://localhost:8000/static/js/app.js:14010
[  525350ms] [ERROR] Failed to load resource: net::ERR_CONNECTION_REFUSED @ http://localhost:8000/api/recording/status:0
[  526237ms] [ERROR] Failed to load resource: net::ERR_CONNECTION_REFUSED @ http://localhost:8000/api/objects/SharedMemory?server=ee8d9159:0
[  526238ms] [ERROR] Error загрузки ee8d9159:SharedMemory: TypeError: Failed to fetch
    at fetchObjectData (http://localhost:8000/static/js/app.js:11889:28)
    at loadObjectData (http://localhost:8000/static/js/app.js:13547:28)
    at http://localhost:8000/static/js/app.js:1198:23 @ http://localhost:8000/static/js/app.js:13558
[  526238ms] [ERROR] Failed to load resource: net::ERR_CONNECTION_REFUSED @ http://localhost:8000/api/objects/SharedMemory/variables/io%3ASensor1_S/history?count=200&server=ee8d9159:0
[  526238ms] [ERROR] Error обновления графика для io:Sensor1_S: TypeError: Failed to fetch
    at fetchVariableHistory (http://localhost:8000/static/js/app.js:11919:28)
    at updateChart (http://localhost:8000/static/js/app.js:13985:31)
    at http://localhost:8000/static/js/app.js:1209:27 @ http://localhost:8000/static/js/app.js:14010
[  526238ms] [ERROR] Failed to load resource: net::ERR_CONNECTION_REFUSED @ http://localhost:8000/api/objects/SharedMemory/variables/io%3ASensor10_S/history?count=200&server=ee8d9159:0
[  526238ms] [ERROR] Error обновления графика для io:Sensor10_S: TypeError: Failed to fetch
    at fetchVariableHistory (http://localhost:8000/static/js/app.js:11919:28)
    at updateChart (http://localhost:8000/static/js/app.js:13985:31)
    at http://localhost:8000/static/js/app.js:1209:27 @ http://localhost:8000/static/js/app.js:14010
[  526238ms] [ERROR] Failed to load resource: net::ERR_CONNECTION_REFUSED @ http://localhost:8000/api/objects/SharedMemory/variables/io%3ASensor100_S/history?count=200&server=ee8d9159:0
[  526238ms] [ERROR] Error обновления графика для io:Sensor100_S: TypeError: Failed to fetch
    at fetchVariableHistory (http://localhost:8000/static/js/app.js:11919:28)
    at updateChart (http://localhost:8000/static/js/app.js:13985:31)
    at http://localhost:8000/static/js/app.js:1209:27 @ http://localhost:8000/static/js/app.js:14010
[  527236ms] [ERROR] Failed to load resource: net::ERR_CONNECTION_REFUSED @ http://localhost:8000/api/objects/SharedMemory?server=ee8d9159:0
[  527236ms] [ERROR] Error загрузки ee8d9159:SharedMemory: TypeError: Failed to fetch
    at fetchObjectData (http://localhost:8000/static/js/app.js:11889:28)
    at loadObjectData (http://localhost:8000/static/js/app.js:13547:28)
    at http://localhost:8000/static/js/app.js:1198:23 @ http://localhost:8000/static/js/app.js:13558
[  527236ms] [ERROR] Failed to load resource: net::ERR_CONNECTION_REFUSED @ http://localhost:8000/api/objects/SharedMemory/variables/io%3ASensor1_S/history?count=200&server=ee8d9159:0
[  527236ms] [ERROR] Error обновления графика для io:Sensor1_S: TypeError: Failed to fetch
    at fetchVariableHistory (http://localhost:8000/static/js/app.js:11919:28)
    at updateChart (http://localhost:8000/static/js/app.js:13985:31)
    at http://localhost:8000/static/js/app.js:1209:27 @ http://localhost:8000/static/js/app.js:14010
[  527236ms] [ERROR] Failed to load resource: net::ERR_CONNECTION_REFUSED @ http://localhost:8000/api/objects/SharedMemory/variables/io%3ASensor10_S/history?count=200&server=ee8d9159:0
[  527236ms] [ERROR] Error обновления графика для io:Sensor10_S: TypeError: Failed to fetch
    at fetchVariableHistory (http://localhost:8000/static/js/app.js:11919:28)
    at updateChart (http://localhost:8000/static/js/app.js:13985:31)
    at http://localhost:8000/static/js/app.js:1209:27 @ http://localhost:8000/static/js/app.js:14010
[  527236ms] [ERROR] Failed to load resource: net::ERR_CONNECTION_REFUSED @ http://localhost:8000/api/objects/SharedMemory/variables/io%3ASensor100_S/history?count=200&server=ee8d9159:0
[  527236ms] [ERROR] Error обновления графика для io:Sensor100_S: TypeError: Failed to fetch
    at fetchVariableHistory (http://localhost:8000/static/js/app.js:11919:28)
    at updateChart (http://localhost:8000/static/js/app.js:13985:31)
    at http://localhost:8000/static/js/app.js:1209:27 @ http://localhost:8000/static/js/app.js:14010
[  528238ms] [ERROR] Failed to load resource: net::ERR_CONNECTION_REFUSED @ http://localhost:8000/api/objects/SharedMemory?server=ee8d9159:0
[  528238ms] [ERROR] Error загрузки ee8d9159:SharedMemory: TypeError: Failed to fetch
    at fetchObjectData (http://localhost:8000/static/js/app.js:11889:28)
    at loadObjectData (http://localhost:8000/static/js/app.js:13547:28)
    at http://localhost:8000/static/js/app.js:1198:23 @ http://localhost:8000/static/js/app.js:13558
[  528239ms] [ERROR] Failed to load resource: net::ERR_CONNECTION_REFUSED @ http://localhost:8000/api/objects/SharedMemory/variables/io%3ASensor1_S/history?count=200&server=ee8d9159:0
[  528239ms] [ERROR] Error обновления графика для io:Sensor1_S: TypeError: Failed to fetch
    at fetchVariableHistory (http://localhost:8000/static/js/app.js:11919:28)
    at updateChart (http://localhost:8000/static/js/app.js:13985:31)
    at http://localhost:8000/static/js/app.js:1209:27 @ http://localhost:8000/static/js/app.js:14010
[  528239ms] [ERROR] Failed to load resource: net::ERR_CONNECTION_REFUSED @ http://localhost:8000/api/objects/SharedMemory/variables/io%3ASensor10_S/history?count=200&server=ee8d9159:0
[  528239ms] [ERROR] Error обновления графика для io:Sensor10_S: TypeError: Failed to fetch
    at fetchVariableHistory (http://localhost:8000/static/js/app.js:11919:28)
    at updateChart (http://localhost:8000/static/js/app.js:13985:31)
    at http://localhost:8000/static/js/app.js:1209:27 @ http://localhost:8000/static/js/app.js:14010
[  528239ms] [ERROR] Failed to load resource: net::ERR_CONNECTION_REFUSED @ http://localhost:8000/api/objects/SharedMemory/variables/io%3ASensor100_S/history?count=200&server=ee8d9159:0
[  528239ms] [ERROR] Error обновления графика для io:Sensor100_S: TypeError: Failed to fetch
    at fetchVariableHistory (http://localhost:8000/static/js/app.js:11919:28)
    at updateChart (http://localhost:8000/static/js/app.js:13985:31)
    at http://localhost:8000/static/js/app.js:1209:27 @ http://localhost:8000/static/js/app.js:14010
[  529238ms] [ERROR] Failed to load resource: net::ERR_CONNECTION_REFUSED @ http://localhost:8000/api/objects/SharedMemory?server=ee8d9159:0
[  529238ms] [ERROR] Error загрузки ee8d9159:SharedMemory: TypeError: Failed to fetch
    at fetchObjectData (http://localhost:8000/static/js/app.js:11889:28)
    at loadObjectData (http://localhost:8000/static/js/app.js:13547:28)
    at http://localhost:8000/static/js/app.js:1198:23 @ http://localhost:8000/static/js/app.js:13558
[  529239ms] [ERROR] Failed to load resource: net::ERR_CONNECTION_REFUSED @ http://localhost:8000/api/objects/SharedMemory/variables/io%3ASensor1_S/history?count=200&server=ee8d9159:0
[  529239ms] [ERROR] Error обновления графика для io:Sensor1_S: TypeError: Failed to fetch
    at fetchVariableHistory (http://localhost:8000/static/js/app.js:11919:28)
    at updateChart (http://localhost:8000/static/js/app.js:13985:31)
    at http://localhost:8000/static/js/app.js:1209:27 @ http://localhost:8000/static/js/app.js:14010
[  529239ms] [ERROR] Failed to load resource: net::ERR_CONNECTION_REFUSED @ http://localhost:8000/api/objects/SharedMemory/variables/io%3ASensor10_S/history?count=200&server=ee8d9159:0
[  529239ms] [ERROR] Error обновления графика для io:Sensor10_S: TypeError: Failed to fetch
    at fetchVariableHistory (http://localhost:8000/static/js/app.js:11919:28)
    at updateChart (http://localhost:8000/static/js/app.js:13985:31)
    at http://localhost:8000/static/js/app.js:1209:27 @ http://localhost:8000/static/js/app.js:14010
[  529239ms] [ERROR] Failed to load resource: net::ERR_CONNECTION_REFUSED @ http://localhost:8000/api/objects/SharedMemory/variables/io%3ASensor100_S/history?count=200&server=ee8d9159:0
[  529239ms] [ERROR] Error обновления графика для io:Sensor100_S: TypeError: Failed to fetch
    at fetchVariableHistory (http://localhost:8000/static/js/app.js:11919:28)
    at updateChart (http://localhost:8000/static/js/app.js:13985:31)
    at http://localhost:8000/static/js/app.js:1209:27 @ http://localhost:8000/static/js/app.js:14010
[  530236ms] [ERROR] Failed to load resource: net::ERR_CONNECTION_REFUSED @ http://localhost:8000/api/servers:0
[  530236ms] [ERROR] Error обновления списка объектов: TypeError: Failed to fetch
    at fetchServers (http://localhost:8000/static/js/app.js:11815:28)
    at fetchObjects (http://localhost:8000/static/js/app.js:11822:31)
    at refreshObjectsList (http://localhost:8000/static/js/app.js:11870:28)
    at http://localhost:8000/static/js/app.js:1191:9 @ http://localhost:8000/static/js/app.js:11873
[  530236ms] [ERROR] Failed to load resource: net::ERR_CONNECTION_REFUSED @ http://localhost:8000/api/objects/SharedMemory?server=ee8d9159:0
[  530236ms] [ERROR] Error загрузки ee8d9159:SharedMemory: TypeError: Failed to fetch
    at fetchObjectData (http://localhost:8000/static/js/app.js:11889:28)
    at loadObjectData (http://localhost:8000/static/js/app.js:13547:28)
    at http://localhost:8000/static/js/app.js:1198:23 @ http://localhost:8000/static/js/app.js:13558
[  530236ms] [ERROR] Failed to load resource: net::ERR_CONNECTION_REFUSED @ http://localhost:8000/api/objects/SharedMemory/variables/io%3ASensor1_S/history?count=200&server=ee8d9159:0
[  530236ms] [ERROR] Error обновления графика для io:Sensor1_S: TypeError: Failed to fetch
    at fetchVariableHistory (http://localhost:8000/static/js/app.js:11919:28)
    at updateChart (http://localhost:8000/static/js/app.js:13985:31)
    at http://localhost:8000/static/js/app.js:1209:27 @ http://localhost:8000/static/js/app.js:14010
[  530236ms] [ERROR] Failed to load resource: net::ERR_CONNECTION_REFUSED @ http://localhost:8000/api/objects/SharedMemory/variables/io%3ASensor10_S/history?count=200&server=ee8d9159:0
[  530236ms] [ERROR] Error обновления графика для io:Sensor10_S: TypeError: Failed to fetch
    at fetchVariableHistory (http://localhost:8000/static/js/app.js:11919:28)
    at updateChart (http://localhost:8000/static/js/app.js:13985:31)
    at http://localhost:8000/static/js/app.js:1209:27 @ http://localhost:8000/static/js/app.js:14010
[  530236ms] [ERROR] Failed to load resource: net::ERR_CONNECTION_REFUSED @ http://localhost:8000/api/objects/SharedMemory/variables/io%3ASensor100_S/history?count=200&server=ee8d9159:0
[  530236ms] [ERROR] Error обновления графика для io:Sensor100_S: TypeError: Failed to fetch
    at fetchVariableHistory (http://localhost:8000/static/js/app.js:11919:28)
    at updateChart (http://localhost:8000/static/js/app.js:13985:31)
    at http://localhost:8000/static/js/app.js:1209:27 @ http://localhost:8000/static/js/app.js:14010
[  530350ms] [ERROR] Failed to load resource: net::ERR_CONNECTION_REFUSED @ http://localhost:8000/api/recording/status:0
[  531238ms] [ERROR] Failed to load resource: net::ERR_CONNECTION_REFUSED @ http://localhost:8000/api/objects/SharedMemory?server=ee8d9159:0
[  531238ms] [ERROR] Error загрузки ee8d9159:SharedMemory: TypeError: Failed to fetch
    at fetchObjectData (http://localhost:8000/static/js/app.js:11889:28)
    at loadObjectData (http://localhost:8000/static/js/app.js:13547:28)
    at http://localhost:8000/static/js/app.js:1198:23 @ http://localhost:8000/static/js/app.js:13558
[  531238ms] [ERROR] Failed to load resource: net::ERR_CONNECTION_REFUSED @ http://localhost:8000/api/objects/SharedMemory/variables/io%3ASensor1_S/history?count=200&server=ee8d9159:0
[  531238ms] [ERROR] Error обновления графика для io:Sensor1_S: TypeError: Failed to fetch
    at fetchVariableHistory (http://localhost:8000/static/js/app.js:11919:28)
    at updateChart (http://localhost:8000/static/js/app.js:13985:31)
    at http://localhost:8000/static/js/app.js:1209:27 @ http://localhost:8000/static/js/app.js:14010
[  531238ms] [ERROR] Failed to load resource: net::ERR_CONNECTION_REFUSED @ http://localhost:8000/api/objects/SharedMemory/variables/io%3ASensor10_S/history?count=200&server=ee8d9159:0
[  531238ms] [ERROR] Error обновления графика для io:Sensor10_S: TypeError: Failed to fetch
    at fetchVariableHistory (http://localhost:8000/static/js/app.js:11919:28)
    at updateChart (http://localhost:8000/static/js/app.js:13985:31)
    at http://localhost:8000/static/js/app.js:1209:27 @ http://localhost:8000/static/js/app.js:14010
[  531238ms] [ERROR] Failed to load resource: net::ERR_CONNECTION_REFUSED @ http://localhost:8000/api/objects/SharedMemory/variables/io%3ASensor100_S/history?count=200&server=ee8d9159:0
[  531238ms] [ERROR] Error обновления графика для io:Sensor100_S: TypeError: Failed to fetch
    at fetchVariableHistory (http://localhost:8000/static/js/app.js:11919:28)
    at updateChart (http://localhost:8000/static/js/app.js:13985:31)
    at http://localhost:8000/static/js/app.js:1209:27 @ http://localhost:8000/static/js/app.js:14010
[  532239ms] [ERROR] Failed to load resource: net::ERR_CONNECTION_REFUSED @ http://localhost:8000/api/objects/SharedMemory?server=ee8d9159:0
[  532239ms] [ERROR] Error загрузки ee8d9159:SharedMemory: TypeError: Failed to fetch
    at fetchObjectData (http://localhost:8000/static/js/app.js:11889:28)
    at loadObjectData (http://localhost:8000/static/js/app.js:13547:28)
    at http://localhost:8000/static/js/app.js:1198:23 @ http://localhost:8000/static/js/app.js:13558
[  532239ms] [ERROR] Failed to load resource: net::ERR_CONNECTION_REFUSED @ http://localhost:8000/api/objects/SharedMemory/variables/io%3ASensor1_S/history?count=200&server=ee8d9159:0
[  532239ms] [ERROR] Error обновления графика для io:Sensor1_S: TypeError: Failed to fetch
    at fetchVariableHistory (http://localhost:8000/static/js/app.js:11919:28)
    at updateChart (http://localhost:8000/static/js/app.js:13985:31)
    at http://localhost:8000/static/js/app.js:1209:27 @ http://localhost:8000/static/js/app.js:14010
[  532240ms] [ERROR] Failed to load resource: net::ERR_CONNECTION_REFUSED @ http://localhost:8000/api/objects/SharedMemory/variables/io%3ASensor10_S/history?count=200&server=ee8d9159:0
[  532240ms] [ERROR] Error обновления графика для io:Sensor10_S: TypeError: Failed to fetch
    at fetchVariableHistory (http://localhost:8000/static/js/app.js:11919:28)
    at updateChart (http://localhost:8000/static/js/app.js:13985:31)
    at http://localhost:8000/static/js/app.js:1209:27 @ http://localhost:8000/static/js/app.js:14010
[  532240ms] [ERROR] Failed to load resource: net::ERR_CONNECTION_REFUSED @ http://localhost:8000/api/objects/SharedMemory/variables/io%3ASensor100_S/history?count=200&server=ee8d9159:0
[  532240ms] [ERROR] Error обновления графика для io:Sensor100_S: TypeError: Failed to fetch
    at fetchVariableHistory (http://localhost:8000/static/js/app.js:11919:28)
    at updateChart (http://localhost:8000/static/js/app.js:13985:31)
    at http://localhost:8000/static/js/app.js:1209:27 @ http://localhost:8000/static/js/app.js:14010
[  533236ms] [ERROR] Failed to load resource: net::ERR_CONNECTION_REFUSED @ http://localhost:8000/api/objects/SharedMemory?server=ee8d9159:0
[  533236ms] [ERROR] Error загрузки ee8d9159:SharedMemory: TypeError: Failed to fetch
    at fetchObjectData (http://localhost:8000/static/js/app.js:11889:28)
    at loadObjectData (http://localhost:8000/static/js/app.js:13547:28)
    at http://localhost:8000/static/js/app.js:1198:23 @ http://localhost:8000/static/js/app.js:13558
[  533236ms] [ERROR] Failed to load resource: net::ERR_CONNECTION_REFUSED @ http://localhost:8000/api/objects/SharedMemory/variables/io%3ASensor1_S/history?count=200&server=ee8d9159:0
[  533236ms] [ERROR] Error обновления графика для io:Sensor1_S: TypeError: Failed to fetch
    at fetchVariableHistory (http://localhost:8000/static/js/app.js:11919:28)
    at updateChart (http://localhost:8000/static/js/app.js:13985:31)
    at http://localhost:8000/static/js/app.js:1209:27 @ http://localhost:8000/static/js/app.js:14010
[  533236ms] [ERROR] Failed to load resource: net::ERR_CONNECTION_REFUSED @ http://localhost:8000/api/objects/SharedMemory/variables/io%3ASensor10_S/history?count=200&server=ee8d9159:0
[  533236ms] [ERROR] Error обновления графика для io:Sensor10_S: TypeError: Failed to fetch
    at fetchVariableHistory (http://localhost:8000/static/js/app.js:11919:28)
    at updateChart (http://localhost:8000/static/js/app.js:13985:31)
    at http://localhost:8000/static/js/app.js:1209:27 @ http://localhost:8000/static/js/app.js:14010
[  533236ms] [ERROR] Failed to load resource: net::ERR_CONNECTION_REFUSED @ http://localhost:8000/api/objects/SharedMemory/variables/io%3ASensor100_S/history?count=200&server=ee8d9159:0
[  533236ms] [ERROR] Error обновления графика для io:Sensor100_S: TypeError: Failed to fetch
    at fetchVariableHistory (http://localhost:8000/static/js/app.js:11919:28)
    at updateChart (http://localhost:8000/static/js/app.js:13985:31)
    at http://localhost:8000/static/js/app.js:1209:27 @ http://localhost:8000/static/js/app.js:14010
[  534238ms] [ERROR] Failed to load resource: net::ERR_CONNECTION_REFUSED @ http://localhost:8000/api/objects/SharedMemory?server=ee8d9159:0
[  534238ms] [ERROR] Error загрузки ee8d9159:SharedMemory: TypeError: Failed to fetch
    at fetchObjectData (http://localhost:8000/static/js/app.js:11889:28)
    at loadObjectData (http://localhost:8000/static/js/app.js:13547:28)
    at http://localhost:8000/static/js/app.js:1198:23 @ http://localhost:8000/static/js/app.js:13558
[  534239ms] [ERROR] Failed to load resource: net::ERR_CONNECTION_REFUSED @ http://localhost:8000/api/objects/SharedMemory/variables/io%3ASensor1_S/history?count=200&server=ee8d9159:0
[  534239ms] [ERROR] Error обновления графика для io:Sensor1_S: TypeError: Failed to fetch
    at fetchVariableHistory (http://localhost:8000/static/js/app.js:11919:28)
    at updateChart (http://localhost:8000/static/js/app.js:13985:31)
    at http://localhost:8000/static/js/app.js:1209:27 @ http://localhost:8000/static/js/app.js:14010
[  534239ms] [ERROR] Failed to load resource: net::ERR_CONNECTION_REFUSED @ http://localhost:8000/api/objects/SharedMemory/variables/io%3ASensor10_S/history?count=200&server=ee8d9159:0
[  534239ms] [ERROR] Error обновления графика для io:Sensor10_S: TypeError: Failed to fetch
    at fetchVariableHistory (http://localhost:8000/static/js/app.js:11919:28)
    at updateChart (http://localhost:8000/static/js/app.js:13985:31)
    at http://localhost:8000/static/js/app.js:1209:27 @ http://localhost:8000/static/js/app.js:14010
[  534239ms] [ERROR] Failed to load resource: net::ERR_CONNECTION_REFUSED @ http://localhost:8000/api/objects/SharedMemory/variables/io%3ASensor100_S/history?count=200&server=ee8d9159:0
[  534239ms] [ERROR] Error обновления графика для io:Sensor100_S: TypeError: Failed to fetch
    at fetchVariableHistory (http://localhost:8000/static/js/app.js:11919:28)
    at updateChart (http://localhost:8000/static/js/app.js:13985:31)
    at http://localhost:8000/static/js/app.js:1209:27 @ http://localhost:8000/static/js/app.js:14010
[  535238ms] [ERROR] Failed to load resource: net::ERR_CONNECTION_REFUSED @ http://localhost:8000/api/objects/SharedMemory?server=ee8d9159:0
[  535238ms] [ERROR] Error загрузки ee8d9159:SharedMemory: TypeError: Failed to fetch
    at fetchObjectData (http://localhost:8000/static/js/app.js:11889:28)
    at loadObjectData (http://localhost:8000/static/js/app.js:13547:28)
    at http://localhost:8000/static/js/app.js:1198:23 @ http://localhost:8000/static/js/app.js:13558
[  535238ms] [ERROR] Failed to load resource: net::ERR_CONNECTION_REFUSED @ http://localhost:8000/api/objects/SharedMemory/variables/io%3ASensor1_S/history?count=200&server=ee8d9159:0
[  535238ms] [ERROR] Error обновления графика для io:Sensor1_S: TypeError: Failed to fetch
    at fetchVariableHistory (http://localhost:8000/static/js/app.js:11919:28)
    at updateChart (http://localhost:8000/static/js/app.js:13985:31)
    at http://localhost:8000/static/js/app.js:1209:27 @ http://localhost:8000/static/js/app.js:14010
[  535239ms] [ERROR] Failed to load resource: net::ERR_CONNECTION_REFUSED @ http://localhost:8000/api/objects/SharedMemory/variables/io%3ASensor10_S/history?count=200&server=ee8d9159:0
[  535239ms] [ERROR] Error обновления графика для io:Sensor10_S: TypeError: Failed to fetch
    at fetchVariableHistory (http://localhost:8000/static/js/app.js:11919:28)
    at updateChart (http://localhost:8000/static/js/app.js:13985:31)
    at http://localhost:8000/static/js/app.js:1209:27 @ http://localhost:8000/static/js/app.js:14010
[  535239ms] [ERROR] Failed to load resource: net::ERR_CONNECTION_REFUSED @ http://localhost:8000/api/objects/SharedMemory/variables/io%3ASensor100_S/history?count=200&server=ee8d9159:0
[  535239ms] [ERROR] Error обновления графика для io:Sensor100_S: TypeError: Failed to fetch
    at fetchVariableHistory (http://localhost:8000/static/js/app.js:11919:28)
    at updateChart (http://localhost:8000/static/js/app.js:13985:31)
    at http://localhost:8000/static/js/app.js:1209:27 @ http://localhost:8000/static/js/app.js:14010
[  535350ms] [ERROR] Failed to load resource: net::ERR_CONNECTION_REFUSED @ http://localhost:8000/api/recording/status:0
[  536238ms] [ERROR] Failed to load resource: net::ERR_CONNECTION_REFUSED @ http://localhost:8000/api/servers:0
[  536238ms] [ERROR] Error обновления списка объектов: TypeError: Failed to fetch
    at fetchServers (http://localhost:8000/static/js/app.js:11815:28)
    at fetchObjects (http://localhost:8000/static/js/app.js:11822:31)
    at refreshObjectsList (http://localhost:8000/static/js/app.js:11870:28)
    at http://localhost:8000/static/js/app.js:1191:9 @ http://localhost:8000/static/js/app.js:11873
[  536238ms] [ERROR] Failed to load resource: net::ERR_CONNECTION_REFUSED @ http://localhost:8000/api/objects/SharedMemory?server=ee8d9159:0
[  536238ms] [ERROR] Error загрузки ee8d9159:SharedMemory: TypeError: Failed to fetch
    at fetchObjectData (http://localhost:8000/static/js/app.js:11889:28)
    at loadObjectData (http://localhost:8000/static/js/app.js:13547:28)
    at http://localhost:8000/static/js/app.js:1198:23 @ http://localhost:8000/static/js/app.js:13558
[  536239ms] [ERROR] Failed to load resource: net::ERR_CONNECTION_REFUSED @ http://localhost:8000/api/objects/SharedMemory/variables/io%3ASensor1_S/history?count=200&server=ee8d9159:0
[  536239ms] [ERROR] Error обновления графика для io:Sensor1_S: TypeError: Failed to fetch
    at fetchVariableHistory (http://localhost:8000/static/js/app.js:11919:28)
    at updateChart (http://localhost:8000/static/js/app.js:13985:31)
    at http://localhost:8000/static/js/app.js:1209:27 @ http://localhost:8000/static/js/app.js:14010
[  536239ms] [ERROR] Failed to load resource: net::ERR_CONNECTION_REFUSED @ http://localhost:8000/api/objects/SharedMemory/variables/io%3ASensor10_S/history?count=200&server=ee8d9159:0
[  536239ms] [ERROR] Error обновления графика для io:Sensor10_S: TypeError: Failed to fetch
    at fetchVariableHistory (http://localhost:8000/static/js/app.js:11919:28)
    at updateChart (http://localhost:8000/static/js/app.js:13985:31)
    at http://localhost:8000/static/js/app.js:1209:27 @ http://localhost:8000/static/js/app.js:14010
[  536239ms] [ERROR] Failed to load resource: net::ERR_CONNECTION_REFUSED @ http://localhost:8000/api/objects/SharedMemory/variables/io%3ASensor100_S/history?count=200&server=ee8d9159:0
[  536239ms] [ERROR] Error обновления графика для io:Sensor100_S: TypeError: Failed to fetch
    at fetchVariableHistory (http://localhost:8000/static/js/app.js:11919:28)
    at updateChart (http://localhost:8000/static/js/app.js:13985:31)
    at http://localhost:8000/static/js/app.js:1209:27 @ http://localhost:8000/static/js/app.js:14010
[  536239ms] [ERROR] Failed to load resource: net::ERR_CONNECTION_REFUSED @ http://localhost:8000/api/version:0
[  537237ms] [ERROR] Failed to load resource: net::ERR_CONNECTION_REFUSED @ http://localhost:8000/api/objects/SharedMemory?server=ee8d9159:0
[  537237ms] [ERROR] Error загрузки ee8d9159:SharedMemory: TypeError: Failed to fetch
    at fetchObjectData (http://localhost:8000/static/js/app.js:11889:28)
    at loadObjectData (http://localhost:8000/static/js/app.js:13547:28)
    at http://localhost:8000/static/js/app.js:1198:23 @ http://localhost:8000/static/js/app.js:13558
[  537238ms] [ERROR] Failed to load resource: net::ERR_CONNECTION_REFUSED @ http://localhost:8000/api/objects/SharedMemory/variables/io%3ASensor1_S/history?count=200&server=ee8d9159:0
[  537238ms] [ERROR] Error обновления графика для io:Sensor1_S: TypeError: Failed to fetch
    at fetchVariableHistory (http://localhost:8000/static/js/app.js:11919:28)
    at updateChart (http://localhost:8000/static/js/app.js:13985:31)
    at http://localhost:8000/static/js/app.js:1209:27 @ http://localhost:8000/static/js/app.js:14010
[  537238ms] [ERROR] Failed to load resource: net::ERR_CONNECTION_REFUSED @ http://localhost:8000/api/objects/SharedMemory/variables/io%3ASensor10_S/history?count=200&server=ee8d9159:0
[  537238ms] [ERROR] Error обновления графика для io:Sensor10_S: TypeError: Failed to fetch
    at fetchVariableHistory (http://localhost:8000/static/js/app.js:11919:28)
    at updateChart (http://localhost:8000/static/js/app.js:13985:31)
    at http://localhost:8000/static/js/app.js:1209:27 @ http://localhost:8000/static/js/app.js:14010
[  537238ms] [ERROR] Failed to load resource: net::ERR_CONNECTION_REFUSED @ http://localhost:8000/api/objects/SharedMemory/variables/io%3ASensor100_S/history?count=200&server=ee8d9159:0
[  537238ms] [ERROR] Error обновления графика для io:Sensor100_S: TypeError: Failed to fetch
    at fetchVariableHistory (http://localhost:8000/static/js/app.js:11919:28)
    at updateChart (http://localhost:8000/static/js/app.js:13985:31)
    at http://localhost:8000/static/js/app.js:1209:27 @ http://localhost:8000/static/js/app.js:14010
[  538238ms] [ERROR] Failed to load resource: net::ERR_CONNECTION_REFUSED @ http://localhost:8000/api/objects/SharedMemory?server=ee8d9159:0
[  538238ms] [ERROR] Error загрузки ee8d9159:SharedMemory: TypeError: Failed to fetch
    at fetchObjectData (http://localhost:8000/static/js/app.js:11889:28)
    at loadObjectData (http://localhost:8000/static/js/app.js:13547:28)
    at http://localhost:8000/static/js/app.js:1198:23 @ http://localhost:8000/static/js/app.js:13558
[  538239ms] [ERROR] Failed to load resource: net::ERR_CONNECTION_REFUSED @ http://localhost:8000/api/objects/SharedMemory/variables/io%3ASensor1_S/history?count=200&server=ee8d9159:0
[  538239ms] [ERROR] Error обновления графика для io:Sensor1_S: TypeError: Failed to fetch
    at fetchVariableHistory (http://localhost:8000/static/js/app.js:11919:28)
    at updateChart (http://localhost:8000/static/js/app.js:13985:31)
    at http://localhost:8000/static/js/app.js:1209:27 @ http://localhost:8000/static/js/app.js:14010
[  538239ms] [ERROR] Failed to load resource: net::ERR_CONNECTION_REFUSED @ http://localhost:8000/api/objects/SharedMemory/variables/io%3ASensor10_S/history?count=200&server=ee8d9159:0
[  538239ms] [ERROR] Error обновления графика для io:Sensor10_S: TypeError: Failed to fetch
    at fetchVariableHistory (http://localhost:8000/static/js/app.js:11919:28)
    at updateChart (http://localhost:8000/static/js/app.js:13985:31)
    at http://localhost:8000/static/js/app.js:1209:27 @ http://localhost:8000/static/js/app.js:14010
[  538239ms] [ERROR] Failed to load resource: net::ERR_CONNECTION_REFUSED @ http://localhost:8000/api/objects/SharedMemory/variables/io%3ASensor100_S/history?count=200&server=ee8d9159:0
[  538239ms] [ERROR] Error обновления графика для io:Sensor100_S: TypeError: Failed to fetch
    at fetchVariableHistory (http://localhost:8000/static/js/app.js:11919:28)
    at updateChart (http://localhost:8000/static/js/app.js:13985:31)
    at http://localhost:8000/static/js/app.js:1209:27 @ http://localhost:8000/static/js/app.js:14010
[  539238ms] [ERROR] Failed to load resource: net::ERR_CONNECTION_REFUSED @ http://localhost:8000/api/objects/SharedMemory?server=ee8d9159:0
[  539238ms] [ERROR] Error загрузки ee8d9159:SharedMemory: TypeError: Failed to fetch
    at fetchObjectData (http://localhost:8000/static/js/app.js:11889:28)
    at loadObjectData (http://localhost:8000/static/js/app.js:13547:28)
    at http://localhost:8000/static/js/app.js:1198:23 @ http://localhost:8000/static/js/app.js:13558
[  539238ms] [ERROR] Failed to load resource: net::ERR_CONNECTION_REFUSED @ http://localhost:8000/api/objects/SharedMemory/variables/io%3ASensor1_S/history?count=200&server=ee8d9159:0
[  539238ms] [ERROR] Error обновления графика для io:Sensor1_S: TypeError: Failed to fetch
    at fetchVariableHistory (http://localhost:8000/static/js/app.js:11919:28)
    at updateChart (http://localhost:8000/static/js/app.js:13985:31)
    at http://localhost:8000/static/js/app.js:1209:27 @ http://localhost:8000/static/js/app.js:14010
[  539238ms] [ERROR] Failed to load resource: net::ERR_CONNECTION_REFUSED @ http://localhost:8000/api/objects/SharedMemory/variables/io%3ASensor10_S/history?count=200&server=ee8d9159:0
[  539238ms] [ERROR] Error обновления графика для io:Sensor10_S: TypeError: Failed to fetch
    at fetchVariableHistory (http://localhost:8000/static/js/app.js:11919:28)
    at updateChart (http://localhost:8000/static/js/app.js:13985:31)
    at http://localhost:8000/static/js/app.js:1209:27 @ http://localhost:8000/static/js/app.js:14010
[  539238ms] [ERROR] Failed to load resource: net::ERR_CONNECTION_REFUSED @ http://localhost:8000/api/objects/SharedMemory/variables/io%3ASensor100_S/history?count=200&server=ee8d9159:0
[  539238ms] [ERROR] Error обновления графика для io:Sensor100_S: TypeError: Failed to fetch
    at fetchVariableHistory (http://localhost:8000/static/js/app.js:11919:28)
    at updateChart (http://localhost:8000/static/js/app.js:13985:31)
    at http://localhost:8000/static/js/app.js:1209:27 @ http://localhost:8000/static/js/app.js:14010
[  540236ms] [ERROR] Failed to load resource: net::ERR_CONNECTION_REFUSED @ http://localhost:8000/api/objects/SharedMemory?server=ee8d9159:0
[  540236ms] [ERROR] Error загрузки ee8d9159:SharedMemory: TypeError: Failed to fetch
    at fetchObjectData (http://localhost:8000/static/js/app.js:11889:28)
    at loadObjectData (http://localhost:8000/static/js/app.js:13547:28)
    at http://localhost:8000/static/js/app.js:1198:23 @ http://localhost:8000/static/js/app.js:13558
[  540237ms] [ERROR] Failed to load resource: net::ERR_CONNECTION_REFUSED @ http://localhost:8000/api/objects/SharedMemory/variables/io%3ASensor1_S/history?count=200&server=ee8d9159:0
[  540237ms] [ERROR] Error обновления графика для io:Sensor1_S: TypeError: Failed to fetch
    at fetchVariableHistory (http://localhost:8000/static/js/app.js:11919:28)
    at updateChart (http://localhost:8000/static/js/app.js:13985:31)
    at http://localhost:8000/static/js/app.js:1209:27 @ http://localhost:8000/static/js/app.js:14010
[  540237ms] [ERROR] Failed to load resource: net::ERR_CONNECTION_REFUSED @ http://localhost:8000/api/objects/SharedMemory/variables/io%3ASensor10_S/history?count=200&server=ee8d9159:0
[  540237ms] [ERROR] Error обновления графика для io:Sensor10_S: TypeError: Failed to fetch
    at fetchVariableHistory (http://localhost:8000/static/js/app.js:11919:28)
    at updateChart (http://localhost:8000/static/js/app.js:13985:31)
    at http://localhost:8000/static/js/app.js:1209:27 @ http://localhost:8000/static/js/app.js:14010
[  540237ms] [ERROR] Failed to load resource: net::ERR_CONNECTION_REFUSED @ http://localhost:8000/api/objects/SharedMemory/variables/io%3ASensor100_S/history?count=200&server=ee8d9159:0
[  540237ms] [ERROR] Error обновления графика для io:Sensor100_S: TypeError: Failed to fetch
    at fetchVariableHistory (http://localhost:8000/static/js/app.js:11919:28)
    at updateChart (http://localhost:8000/static/js/app.js:13985:31)
    at http://localhost:8000/static/js/app.js:1209:27 @ http://localhost:8000/static/js/app.js:14010
[  540351ms] [ERROR] Failed to load resource: net::ERR_CONNECTION_REFUSED @ http://localhost:8000/api/recording/status:0
[  541237ms] [ERROR] Failed to load resource: net::ERR_CONNECTION_REFUSED @ http://localhost:8000/api/objects/SharedMemory?server=ee8d9159:0
[  541238ms] [ERROR] Error загрузки ee8d9159:SharedMemory: TypeError: Failed to fetch
    at fetchObjectData (http://localhost:8000/static/js/app.js:11889:28)
    at loadObjectData (http://localhost:8000/static/js/app.js:13547:28)
    at http://localhost:8000/static/js/app.js:1198:23 @ http://localhost:8000/static/js/app.js:13558
[  541238ms] [ERROR] Failed to load resource: net::ERR_CONNECTION_REFUSED @ http://localhost:8000/api/objects/SharedMemory/variables/io%3ASensor1_S/history?count=200&server=ee8d9159:0
[  541238ms] [ERROR] Error обновления графика для io:Sensor1_S: TypeError: Failed to fetch
    at fetchVariableHistory (http://localhost:8000/static/js/app.js:11919:28)
    at updateChart (http://localhost:8000/static/js/app.js:13985:31)
    at http://localhost:8000/static/js/app.js:1209:27 @ http://localhost:8000/static/js/app.js:14010
[  541238ms] [ERROR] Failed to load resource: net::ERR_CONNECTION_REFUSED @ http://localhost:8000/api/objects/SharedMemory/variables/io%3ASensor10_S/history?count=200&server=ee8d9159:0
[  541238ms] [ERROR] Error обновления графика для io:Sensor10_S: TypeError: Failed to fetch
    at fetchVariableHistory (http://localhost:8000/static/js/app.js:11919:28)
    at updateChart (http://localhost:8000/static/js/app.js:13985:31)
    at http://localhost:8000/static/js/app.js:1209:27 @ http://localhost:8000/static/js/app.js:14010
[  541238ms] [ERROR] Failed to load resource: net::ERR_CONNECTION_REFUSED @ http://localhost:8000/api/objects/SharedMemory/variables/io%3ASensor100_S/history?count=200&server=ee8d9159:0
[  541238ms] [ERROR] Error обновления графика для io:Sensor100_S: TypeError: Failed to fetch
    at fetchVariableHistory (http://localhost:8000/static/js/app.js:11919:28)
    at updateChart (http://localhost:8000/static/js/app.js:13985:31)
    at http://localhost:8000/static/js/app.js:1209:27 @ http://localhost:8000/static/js/app.js:14010
[  542238ms] [ERROR] Failed to load resource: net::ERR_CONNECTION_REFUSED @ http://localhost:8000/api/servers:0
[  542238ms] [ERROR] Error обновления списка объектов: TypeError: Failed to fetch
    at fetchServers (http://localhost:8000/static/js/app.js:11815:28)
    at fetchObjects (http://localhost:8000/static/js/app.js:11822:31)
    at refreshObjectsList (http://localhost:8000/static/js/app.js:11870:28)
    at http://localhost:8000/static/js/app.js:1191:9 @ http://localhost:8000/static/js/app.js:11873
[  542238ms] [ERROR] Failed to load resource: net::ERR_CONNECTION_REFUSED @ http://localhost:8000/api/objects/SharedMemory?server=ee8d9159:0
[  542238ms] [ERROR] Error загрузки ee8d9159:SharedMemory: TypeError: Failed to fetch
    at fetchObjectData (http://localhost:8000/static/js/app.js:11889:28)
    at loadObjectData (http://localhost:8000/static/js/app.js:13547:28)
    at http://localhost:8000/static/js/app.js:1198:23 @ http://localhost:8000/static/js/app.js:13558
[  542239ms] [ERROR] Failed to load resource: net::ERR_CONNECTION_REFUSED @ http://localhost:8000/api/objects/SharedMemory/variables/io%3ASensor1_S/history?count=200&server=ee8d9159:0
[  542239ms] [ERROR] Error обновления графика для io:Sensor1_S: TypeError: Failed to fetch
    at fetchVariableHistory (http://localhost:8000/static/js/app.js:11919:28)
    at updateChart (http://localhost:8000/static/js/app.js:13985:31)
    at http://localhost:8000/static/js/app.js:1209:27 @ http://localhost:8000/static/js/app.js:14010
[  542239ms] [ERROR] Failed to load resource: net::ERR_CONNECTION_REFUSED @ http://localhost:8000/api/objects/SharedMemory/variables/io%3ASensor10_S/history?count=200&server=ee8d9159:0
[  542239ms] [ERROR] Error обновления графика для io:Sensor10_S: TypeError: Failed to fetch
    at fetchVariableHistory (http://localhost:8000/static/js/app.js:11919:28)
    at updateChart (http://localhost:8000/static/js/app.js:13985:31)
    at http://localhost:8000/static/js/app.js:1209:27 @ http://localhost:8000/static/js/app.js:14010
[  542239ms] [ERROR] Failed to load resource: net::ERR_CONNECTION_REFUSED @ http://localhost:8000/api/objects/SharedMemory/variables/io%3ASensor100_S/history?count=200&server=ee8d9159:0
[  542239ms] [ERROR] Error обновления графика для io:Sensor100_S: TypeError: Failed to fetch
    at fetchVariableHistory (http://localhost:8000/static/js/app.js:11919:28)
    at updateChart (http://localhost:8000/static/js/app.js:13985:31)
    at http://localhost:8000/static/js/app.js:1209:27 @ http://localhost:8000/static/js/app.js:14010
[  543236ms] [ERROR] Failed to load resource: net::ERR_CONNECTION_REFUSED @ http://localhost:8000/api/objects/SharedMemory?server=ee8d9159:0
[  543236ms] [ERROR] Error загрузки ee8d9159:SharedMemory: TypeError: Failed to fetch
    at fetchObjectData (http://localhost:8000/static/js/app.js:11889:28)
    at loadObjectData (http://localhost:8000/static/js/app.js:13547:28)
    at http://localhost:8000/static/js/app.js:1198:23 @ http://localhost:8000/static/js/app.js:13558
[  543236ms] [ERROR] Failed to load resource: net::ERR_CONNECTION_REFUSED @ http://localhost:8000/api/objects/SharedMemory/variables/io%3ASensor1_S/history?count=200&server=ee8d9159:0
[  543236ms] [ERROR] Error обновления графика для io:Sensor1_S: TypeError: Failed to fetch
    at fetchVariableHistory (http://localhost:8000/static/js/app.js:11919:28)
    at updateChart (http://localhost:8000/static/js/app.js:13985:31)
    at http://localhost:8000/static/js/app.js:1209:27 @ http://localhost:8000/static/js/app.js:14010
[  543236ms] [ERROR] Failed to load resource: net::ERR_CONNECTION_REFUSED @ http://localhost:8000/api/objects/SharedMemory/variables/io%3ASensor10_S/history?count=200&server=ee8d9159:0
[  543236ms] [ERROR] Error обновления графика для io:Sensor10_S: TypeError: Failed to fetch
    at fetchVariableHistory (http://localhost:8000/static/js/app.js:11919:28)
    at updateChart (http://localhost:8000/static/js/app.js:13985:31)
    at http://localhost:8000/static/js/app.js:1209:27 @ http://localhost:8000/static/js/app.js:14010
[  543236ms] [ERROR] Failed to load resource: net::ERR_CONNECTION_REFUSED @ http://localhost:8000/api/objects/SharedMemory/variables/io%3ASensor100_S/history?count=200&server=ee8d9159:0
[  543236ms] [ERROR] Error обновления графика для io:Sensor100_S: TypeError: Failed to fetch
    at fetchVariableHistory (http://localhost:8000/static/js/app.js:11919:28)
    at updateChart (http://localhost:8000/static/js/app.js:13985:31)
    at http://localhost:8000/static/js/app.js:1209:27 @ http://localhost:8000/static/js/app.js:14010
[  544236ms] [ERROR] Failed to load resource: net::ERR_CONNECTION_REFUSED @ http://localhost:8000/api/objects/SharedMemory?server=ee8d9159:0
[  544236ms] [ERROR] Error загрузки ee8d9159:SharedMemory: TypeError: Failed to fetch
    at fetchObjectData (http://localhost:8000/static/js/app.js:11889:28)
    at loadObjectData (http://localhost:8000/static/js/app.js:13547:28)
    at http://localhost:8000/static/js/app.js:1198:23 @ http://localhost:8000/static/js/app.js:13558
[  544236ms] [ERROR] Failed to load resource: net::ERR_CONNECTION_REFUSED @ http://localhost:8000/api/objects/SharedMemory/variables/io%3ASensor1_S/history?count=200&server=ee8d9159:0
[  544236ms] [ERROR] Error обновления графика для io:Sensor1_S: TypeError: Failed to fetch
    at fetchVariableHistory (http://localhost:8000/static/js/app.js:11919:28)
    at updateChart (http://localhost:8000/static/js/app.js:13985:31)
    at http://localhost:8000/static/js/app.js:1209:27 @ http://localhost:8000/static/js/app.js:14010
[  544236ms] [ERROR] Failed to load resource: net::ERR_CONNECTION_REFUSED @ http://localhost:8000/api/objects/SharedMemory/variables/io%3ASensor10_S/history?count=200&server=ee8d9159:0
[  544236ms] [ERROR] Error обновления графика для io:Sensor10_S: TypeError: Failed to fetch
    at fetchVariableHistory (http://localhost:8000/static/js/app.js:11919:28)
    at updateChart (http://localhost:8000/static/js/app.js:13985:31)
    at http://localhost:8000/static/js/app.js:1209:27 @ http://localhost:8000/static/js/app.js:14010
[  544236ms] [ERROR] Failed to load resource: net::ERR_CONNECTION_REFUSED @ http://localhost:8000/api/objects/SharedMemory/variables/io%3ASensor100_S/history?count=200&server=ee8d9159:0
[  544236ms] [ERROR] Error обновления графика для io:Sensor100_S: TypeError: Failed to fetch
    at fetchVariableHistory (http://localhost:8000/static/js/app.js:11919:28)
    at updateChart (http://localhost:8000/static/js/app.js:13985:31)
    at http://localhost:8000/static/js/app.js:1209:27 @ http://localhost:8000/static/js/app.js:14010
[  545236ms] [ERROR] Failed to load resource: net::ERR_CONNECTION_REFUSED @ http://localhost:8000/api/objects/SharedMemory?server=ee8d9159:0
[  545236ms] [ERROR] Error загрузки ee8d9159:SharedMemory: TypeError: Failed to fetch
    at fetchObjectData (http://localhost:8000/static/js/app.js:11889:28)
    at loadObjectData (http://localhost:8000/static/js/app.js:13547:28)
    at http://localhost:8000/static/js/app.js:1198:23 @ http://localhost:8000/static/js/app.js:13558
[  545236ms] [ERROR] Failed to load resource: net::ERR_CONNECTION_REFUSED @ http://localhost:8000/api/objects/SharedMemory/variables/io%3ASensor1_S/history?count=200&server=ee8d9159:0
[  545236ms] [ERROR] Error обновления графика для io:Sensor1_S: TypeError: Failed to fetch
    at fetchVariableHistory (http://localhost:8000/static/js/app.js:11919:28)
    at updateChart (http://localhost:8000/static/js/app.js:13985:31)
    at http://localhost:8000/static/js/app.js:1209:27 @ http://localhost:8000/static/js/app.js:14010
[  545236ms] [ERROR] Failed to load resource: net::ERR_CONNECTION_REFUSED @ http://localhost:8000/api/objects/SharedMemory/variables/io%3ASensor10_S/history?count=200&server=ee8d9159:0
[  545236ms] [ERROR] Error обновления графика для io:Sensor10_S: TypeError: Failed to fetch
    at fetchVariableHistory (http://localhost:8000/static/js/app.js:11919:28)
    at updateChart (http://localhost:8000/static/js/app.js:13985:31)
    at http://localhost:8000/static/js/app.js:1209:27 @ http://localhost:8000/static/js/app.js:14010
[  545237ms] [ERROR] Failed to load resource: net::ERR_CONNECTION_REFUSED @ http://localhost:8000/api/objects/SharedMemory/variables/io%3ASensor100_S/history?count=200&server=ee8d9159:0
[  545237ms] [ERROR] Error обновления графика для io:Sensor100_S: TypeError: Failed to fetch
    at fetchVariableHistory (http://localhost:8000/static/js/app.js:11919:28)
    at updateChart (http://localhost:8000/static/js/app.js:13985:31)
    at http://localhost:8000/static/js/app.js:1209:27 @ http://localhost:8000/static/js/app.js:14010
[  545349ms] [ERROR] Failed to load resource: net::ERR_CONNECTION_REFUSED @ http://localhost:8000/api/recording/status:0
[  546237ms] [ERROR] Failed to load resource: net::ERR_CONNECTION_REFUSED @ http://localhost:8000/api/objects/SharedMemory?server=ee8d9159:0
[  546237ms] [ERROR] Error загрузки ee8d9159:SharedMemory: TypeError: Failed to fetch
    at fetchObjectData (http://localhost:8000/static/js/app.js:11889:28)
    at loadObjectData (http://localhost:8000/static/js/app.js:13547:28)
    at http://localhost:8000/static/js/app.js:1198:23 @ http://localhost:8000/static/js/app.js:13558
[  546238ms] [ERROR] Failed to load resource: net::ERR_CONNECTION_REFUSED @ http://localhost:8000/api/objects/SharedMemory/variables/io%3ASensor1_S/history?count=200&server=ee8d9159:0
[  546238ms] [ERROR] Error обновления графика для io:Sensor1_S: TypeError: Failed to fetch
    at fetchVariableHistory (http://localhost:8000/static/js/app.js:11919:28)
    at updateChart (http://localhost:8000/static/js/app.js:13985:31)
    at http://localhost:8000/static/js/app.js:1209:27 @ http://localhost:8000/static/js/app.js:14010
[  546238ms] [ERROR] Failed to load resource: net::ERR_CONNECTION_REFUSED @ http://localhost:8000/api/objects/SharedMemory/variables/io%3ASensor10_S/history?count=200&server=ee8d9159:0
[  546238ms] [ERROR] Error обновления графика для io:Sensor10_S: TypeError: Failed to fetch
    at fetchVariableHistory (http://localhost:8000/static/js/app.js:11919:28)
    at updateChart (http://localhost:8000/static/js/app.js:13985:31)
    at http://localhost:8000/static/js/app.js:1209:27 @ http://localhost:8000/static/js/app.js:14010
[  546238ms] [ERROR] Failed to load resource: net::ERR_CONNECTION_REFUSED @ http://localhost:8000/api/objects/SharedMemory/variables/io%3ASensor100_S/history?count=200&server=ee8d9159:0
[  546238ms] [ERROR] Error обновления графика для io:Sensor100_S: TypeError: Failed to fetch
    at fetchVariableHistory (http://localhost:8000/static/js/app.js:11919:28)
    at updateChart (http://localhost:8000/static/js/app.js:13985:31)
    at http://localhost:8000/static/js/app.js:1209:27 @ http://localhost:8000/static/js/app.js:14010
[  547238ms] [ERROR] Failed to load resource: net::ERR_CONNECTION_REFUSED @ http://localhost:8000/api/objects/SharedMemory?server=ee8d9159:0
[  547238ms] [ERROR] Error загрузки ee8d9159:SharedMemory: TypeError: Failed to fetch
    at fetchObjectData (http://localhost:8000/static/js/app.js:11889:28)
    at loadObjectData (http://localhost:8000/static/js/app.js:13547:28)
    at http://localhost:8000/static/js/app.js:1198:23 @ http://localhost:8000/static/js/app.js:13558
[  547239ms] [ERROR] Failed to load resource: net::ERR_CONNECTION_REFUSED @ http://localhost:8000/api/objects/SharedMemory/variables/io%3ASensor1_S/history?count=200&server=ee8d9159:0
[  547239ms] [ERROR] Error обновления графика для io:Sensor1_S: TypeError: Failed to fetch
    at fetchVariableHistory (http://localhost:8000/static/js/app.js:11919:28)
    at updateChart (http://localhost:8000/static/js/app.js:13985:31)
    at http://localhost:8000/static/js/app.js:1209:27 @ http://localhost:8000/static/js/app.js:14010
[  547239ms] [ERROR] Failed to load resource: net::ERR_CONNECTION_REFUSED @ http://localhost:8000/api/objects/SharedMemory/variables/io%3ASensor10_S/history?count=200&server=ee8d9159:0
[  547239ms] [ERROR] Error обновления графика для io:Sensor10_S: TypeError: Failed to fetch
    at fetchVariableHistory (http://localhost:8000/static/js/app.js:11919:28)
    at updateChart (http://localhost:8000/static/js/app.js:13985:31)
    at http://localhost:8000/static/js/app.js:1209:27 @ http://localhost:8000/static/js/app.js:14010
[  547239ms] [ERROR] Failed to load resource: net::ERR_CONNECTION_REFUSED @ http://localhost:8000/api/objects/SharedMemory/variables/io%3ASensor100_S/history?count=200&server=ee8d9159:0
[  547239ms] [ERROR] Error обновления графика для io:Sensor100_S: TypeError: Failed to fetch
    at fetchVariableHistory (http://localhost:8000/static/js/app.js:11919:28)
    at updateChart (http://localhost:8000/static/js/app.js:13985:31)
    at http://localhost:8000/static/js/app.js:1209:27 @ http://localhost:8000/static/js/app.js:14010
[  548237ms] [ERROR] Failed to load resource: net::ERR_CONNECTION_REFUSED @ http://localhost:8000/api/servers:0
[  548237ms] [ERROR] Error обновления списка объектов: TypeError: Failed to fetch
    at fetchServers (http://localhost:8000/static/js/app.js:11815:28)
    at fetchObjects (http://localhost:8000/static/js/app.js:11822:31)
    at refreshObjectsList (http://localhost:8000/static/js/app.js:11870:28)
    at http://localhost:8000/static/js/app.js:1191:9 @ http://localhost:8000/static/js/app.js:11873
[  548238ms] [ERROR] Failed to load resource: net::ERR_CONNECTION_REFUSED @ http://localhost:8000/api/objects/SharedMemory?server=ee8d9159:0
[  548238ms] [ERROR] Error загрузки ee8d9159:SharedMemory: TypeError: Failed to fetch
    at fetchObjectData (http://localhost:8000/static/js/app.js:11889:28)
    at loadObjectData (http://localhost:8000/static/js/app.js:13547:28)
    at http://localhost:8000/static/js/app.js:1198:23 @ http://localhost:8000/static/js/app.js:13558
[  548238ms] [ERROR] Failed to load resource: net::ERR_CONNECTION_REFUSED @ http://localhost:8000/api/objects/SharedMemory/variables/io%3ASensor1_S/history?count=200&server=ee8d9159:0
[  548238ms] [ERROR] Error обновления графика для io:Sensor1_S: TypeError: Failed to fetch
    at fetchVariableHistory (http://localhost:8000/static/js/app.js:11919:28)
    at updateChart (http://localhost:8000/static/js/app.js:13985:31)
    at http://localhost:8000/static/js/app.js:1209:27 @ http://localhost:8000/static/js/app.js:14010
[  548239ms] [ERROR] Failed to load resource: net::ERR_CONNECTION_REFUSED @ http://localhost:8000/api/objects/SharedMemory/variables/io%3ASensor10_S/history?count=200&server=ee8d9159:0
[  548239ms] [ERROR] Error обновления графика для io:Sensor10_S: TypeError: Failed to fetch
    at fetchVariableHistory (http://localhost:8000/static/js/app.js:11919:28)
    at updateChart (http://localhost:8000/static/js/app.js:13985:31)
    at http://localhost:8000/static/js/app.js:1209:27 @ http://localhost:8000/static/js/app.js:14010
[  548239ms] [ERROR] Failed to load resource: net::ERR_CONNECTION_REFUSED @ http://localhost:8000/api/objects/SharedMemory/variables/io%3ASensor100_S/history?count=200&server=ee8d9159:0
[  548239ms] [ERROR] Error обновления графика для io:Sensor100_S: TypeError: Failed to fetch
    at fetchVariableHistory (http://localhost:8000/static/js/app.js:11919:28)
    at updateChart (http://localhost:8000/static/js/app.js:13985:31)
    at http://localhost:8000/static/js/app.js:1209:27 @ http://localhost:8000/static/js/app.js:14010
[  549238ms] [ERROR] Failed to load resource: net::ERR_CONNECTION_REFUSED @ http://localhost:8000/api/objects/SharedMemory?server=ee8d9159:0
[  549238ms] [ERROR] Error загрузки ee8d9159:SharedMemory: TypeError: Failed to fetch
    at fetchObjectData (http://localhost:8000/static/js/app.js:11889:28)
    at loadObjectData (http://localhost:8000/static/js/app.js:13547:28)
    at http://localhost:8000/static/js/app.js:1198:23 @ http://localhost:8000/static/js/app.js:13558
[  549238ms] [ERROR] Failed to load resource: net::ERR_CONNECTION_REFUSED @ http://localhost:8000/api/objects/SharedMemory/variables/io%3ASensor1_S/history?count=200&server=ee8d9159:0
[  549238ms] [ERROR] Error обновления графика для io:Sensor1_S: TypeError: Failed to fetch
    at fetchVariableHistory (http://localhost:8000/static/js/app.js:11919:28)
    at updateChart (http://localhost:8000/static/js/app.js:13985:31)
    at http://localhost:8000/static/js/app.js:1209:27 @ http://localhost:8000/static/js/app.js:14010
[  549239ms] [ERROR] Failed to load resource: net::ERR_CONNECTION_REFUSED @ http://localhost:8000/api/objects/SharedMemory/variables/io%3ASensor10_S/history?count=200&server=ee8d9159:0
[  549239ms] [ERROR] Error обновления графика для io:Sensor10_S: TypeError: Failed to fetch
    at fetchVariableHistory (http://localhost:8000/static/js/app.js:11919:28)
    at updateChart (http://localhost:8000/static/js/app.js:13985:31)
    at http://localhost:8000/static/js/app.js:1209:27 @ http://localhost:8000/static/js/app.js:14010
[  549239ms] [ERROR] Failed to load resource: net::ERR_CONNECTION_REFUSED @ http://localhost:8000/api/objects/SharedMemory/variables/io%3ASensor100_S/history?count=200&server=ee8d9159:0
[  549239ms] [ERROR] Error обновления графика для io:Sensor100_S: TypeError: Failed to fetch
    at fetchVariableHistory (http://localhost:8000/static/js/app.js:11919:28)
    at updateChart (http://localhost:8000/static/js/app.js:13985:31)
    at http://localhost:8000/static/js/app.js:1209:27 @ http://localhost:8000/static/js/app.js:14010
[  550238ms] [ERROR] Failed to load resource: net::ERR_CONNECTION_REFUSED @ http://localhost:8000/api/objects/SharedMemory?server=ee8d9159:0
[  550238ms] [ERROR] Error загрузки ee8d9159:SharedMemory: TypeError: Failed to fetch
    at fetchObjectData (http://localhost:8000/static/js/app.js:11889:28)
    at loadObjectData (http://localhost:8000/static/js/app.js:13547:28)
    at http://localhost:8000/static/js/app.js:1198:23 @ http://localhost:8000/static/js/app.js:13558
[  550239ms] [ERROR] Failed to load resource: net::ERR_CONNECTION_REFUSED @ http://localhost:8000/api/objects/SharedMemory/variables/io%3ASensor1_S/history?count=200&server=ee8d9159:0
[  550239ms] [ERROR] Error обновления графика для io:Sensor1_S: TypeError: Failed to fetch
    at fetchVariableHistory (http://localhost:8000/static/js/app.js:11919:28)
    at updateChart (http://localhost:8000/static/js/app.js:13985:31)
    at http://localhost:8000/static/js/app.js:1209:27 @ http://localhost:8000/static/js/app.js:14010
[  550239ms] [ERROR] Failed to load resource: net::ERR_CONNECTION_REFUSED @ http://localhost:8000/api/objects/SharedMemory/variables/io%3ASensor10_S/history?count=200&server=ee8d9159:0
[  550239ms] [ERROR] Error обновления графика для io:Sensor10_S: TypeError: Failed to fetch
    at fetchVariableHistory (http://localhost:8000/static/js/app.js:11919:28)
    at updateChart (http://localhost:8000/static/js/app.js:13985:31)
    at http://localhost:8000/static/js/app.js:1209:27 @ http://localhost:8000/static/js/app.js:14010
[  550239ms] [ERROR] Failed to load resource: net::ERR_CONNECTION_REFUSED @ http://localhost:8000/api/objects/SharedMemory/variables/io%3ASensor100_S/history?count=200&server=ee8d9159:0
[  550239ms] [ERROR] Error обновления графика для io:Sensor100_S: TypeError: Failed to fetch
    at fetchVariableHistory (http://localhost:8000/static/js/app.js:11919:28)
    at updateChart (http://localhost:8000/static/js/app.js:13985:31)
    at http://localhost:8000/static/js/app.js:1209:27 @ http://localhost:8000/static/js/app.js:14010
[  550350ms] [ERROR] Failed to load resource: net::ERR_CONNECTION_REFUSED @ http://localhost:8000/api/recording/status:0
[  551238ms] [ERROR] Failed to load resource: net::ERR_CONNECTION_REFUSED @ http://localhost:8000/api/objects/SharedMemory?server=ee8d9159:0
[  551238ms] [ERROR] Error загрузки ee8d9159:SharedMemory: TypeError: Failed to fetch
    at fetchObjectData (http://localhost:8000/static/js/app.js:11889:28)
    at loadObjectData (http://localhost:8000/static/js/app.js:13547:28)
    at http://localhost:8000/static/js/app.js:1198:23 @ http://localhost:8000/static/js/app.js:13558
[  551238ms] [ERROR] Failed to load resource: net::ERR_CONNECTION_REFUSED @ http://localhost:8000/api/objects/SharedMemory/variables/io%3ASensor1_S/history?count=200&server=ee8d9159:0
[  551238ms] [ERROR] Error обновления графика для io:Sensor1_S: TypeError: Failed to fetch
    at fetchVariableHistory (http://localhost:8000/static/js/app.js:11919:28)
    at updateChart (http://localhost:8000/static/js/app.js:13985:31)
    at http://localhost:8000/static/js/app.js:1209:27 @ http://localhost:8000/static/js/app.js:14010
[  551239ms] [ERROR] Failed to load resource: net::ERR_CONNECTION_REFUSED @ http://localhost:8000/api/objects/SharedMemory/variables/io%3ASensor10_S/history?count=200&server=ee8d9159:0
[  551239ms] [ERROR] Error обновления графика для io:Sensor10_S: TypeError: Failed to fetch
    at fetchVariableHistory (http://localhost:8000/static/js/app.js:11919:28)
    at updateChart (http://localhost:8000/static/js/app.js:13985:31)
    at http://localhost:8000/static/js/app.js:1209:27 @ http://localhost:8000/static/js/app.js:14010
[  551239ms] [ERROR] Failed to load resource: net::ERR_CONNECTION_REFUSED @ http://localhost:8000/api/objects/SharedMemory/variables/io%3ASensor100_S/history?count=200&server=ee8d9159:0
[  551239ms] [ERROR] Error обновления графика для io:Sensor100_S: TypeError: Failed to fetch
    at fetchVariableHistory (http://localhost:8000/static/js/app.js:11919:28)
    at updateChart (http://localhost:8000/static/js/app.js:13985:31)
    at http://localhost:8000/static/js/app.js:1209:27 @ http://localhost:8000/static/js/app.js:14010
[  552238ms] [ERROR] Failed to load resource: net::ERR_CONNECTION_REFUSED @ http://localhost:8000/api/objects/SharedMemory?server=ee8d9159:0
[  552238ms] [ERROR] Error загрузки ee8d9159:SharedMemory: TypeError: Failed to fetch
    at fetchObjectData (http://localhost:8000/static/js/app.js:11889:28)
    at loadObjectData (http://localhost:8000/static/js/app.js:13547:28)
    at http://localhost:8000/static/js/app.js:1198:23 @ http://localhost:8000/static/js/app.js:13558
[  552238ms] [ERROR] Failed to load resource: net::ERR_CONNECTION_REFUSED @ http://localhost:8000/api/objects/SharedMemory/variables/io%3ASensor1_S/history?count=200&server=ee8d9159:0
[  552238ms] [ERROR] Error обновления графика для io:Sensor1_S: TypeError: Failed to fetch
    at fetchVariableHistory (http://localhost:8000/static/js/app.js:11919:28)
    at updateChart (http://localhost:8000/static/js/app.js:13985:31)
    at http://localhost:8000/static/js/app.js:1209:27 @ http://localhost:8000/static/js/app.js:14010
[  552238ms] [ERROR] Failed to load resource: net::ERR_CONNECTION_REFUSED @ http://localhost:8000/api/objects/SharedMemory/variables/io%3ASensor10_S/history?count=200&server=ee8d9159:0
[  552238ms] [ERROR] Error обновления графика для io:Sensor10_S: TypeError: Failed to fetch
    at fetchVariableHistory (http://localhost:8000/static/js/app.js:11919:28)
    at updateChart (http://localhost:8000/static/js/app.js:13985:31)
    at http://localhost:8000/static/js/app.js:1209:27 @ http://localhost:8000/static/js/app.js:14010
[  552239ms] [ERROR] Failed to load resource: net::ERR_CONNECTION_REFUSED @ http://localhost:8000/api/objects/SharedMemory/variables/io%3ASensor100_S/history?count=200&server=ee8d9159:0
[  552239ms] [ERROR] Error обновления графика для io:Sensor100_S: TypeError: Failed to fetch
    at fetchVariableHistory (http://localhost:8000/static/js/app.js:11919:28)
    at updateChart (http://localhost:8000/static/js/app.js:13985:31)
    at http://localhost:8000/static/js/app.js:1209:27 @ http://localhost:8000/static/js/app.js:14010
[  553238ms] [ERROR] Failed to load resource: net::ERR_CONNECTION_REFUSED @ http://localhost:8000/api/objects/SharedMemory?server=ee8d9159:0
[  553238ms] [ERROR] Error загрузки ee8d9159:SharedMemory: TypeError: Failed to fetch
    at fetchObjectData (http://localhost:8000/static/js/app.js:11889:28)
    at loadObjectData (http://localhost:8000/static/js/app.js:13547:28)
    at http://localhost:8000/static/js/app.js:1198:23 @ http://localhost:8000/static/js/app.js:13558
[  553239ms] [ERROR] Failed to load resource: net::ERR_CONNECTION_REFUSED @ http://localhost:8000/api/objects/SharedMemory/variables/io%3ASensor1_S/history?count=200&server=ee8d9159:0
[  553239ms] [ERROR] Error обновления графика для io:Sensor1_S: TypeError: Failed to fetch
    at fetchVariableHistory (http://localhost:8000/static/js/app.js:11919:28)
    at updateChart (http://localhost:8000/static/js/app.js:13985:31)
    at http://localhost:8000/static/js/app.js:1209:27 @ http://localhost:8000/static/js/app.js:14010
[  553239ms] [ERROR] Failed to load resource: net::ERR_CONNECTION_REFUSED @ http://localhost:8000/api/objects/SharedMemory/variables/io%3ASensor10_S/history?count=200&server=ee8d9159:0
[  553239ms] [ERROR] Error обновления графика для io:Sensor10_S: TypeError: Failed to fetch
    at fetchVariableHistory (http://localhost:8000/static/js/app.js:11919:28)
    at updateChart (http://localhost:8000/static/js/app.js:13985:31)
    at http://localhost:8000/static/js/app.js:1209:27 @ http://localhost:8000/static/js/app.js:14010
[  553239ms] [ERROR] Failed to load resource: net::ERR_CONNECTION_REFUSED @ http://localhost:8000/api/objects/SharedMemory/variables/io%3ASensor100_S/history?count=200&server=ee8d9159:0
[  553239ms] [ERROR] Error обновления графика для io:Sensor100_S: TypeError: Failed to fetch
    at fetchVariableHistory (http://localhost:8000/static/js/app.js:11919:28)
    at updateChart (http://localhost:8000/static/js/app.js:13985:31)
    at http://localhost:8000/static/js/app.js:1209:27 @ http://localhost:8000/static/js/app.js:14010
[  554240ms] [ERROR] Failed to load resource: net::ERR_CONNECTION_REFUSED @ http://localhost:8000/api/servers:0
[  554240ms] [ERROR] Error обновления списка объектов: TypeError: Failed to fetch
    at fetchServers (http://localhost:8000/static/js/app.js:11815:28)
    at fetchObjects (http://localhost:8000/static/js/app.js:11822:31)
    at refreshObjectsList (http://localhost:8000/static/js/app.js:11870:28)
    at http://localhost:8000/static/js/app.js:1191:9 @ http://localhost:8000/static/js/app.js:11873
[  554240ms] [ERROR] Failed to load resource: net::ERR_CONNECTION_REFUSED @ http://localhost:8000/api/objects/SharedMemory?server=ee8d9159:0
[  554240ms] [ERROR] Error загрузки ee8d9159:SharedMemory: TypeError: Failed to fetch
    at fetchObjectData (http://localhost:8000/static/js/app.js:11889:28)
    at loadObjectData (http://localhost:8000/static/js/app.js:13547:28)
    at http://localhost:8000/static/js/app.js:1198:23 @ http://localhost:8000/static/js/app.js:13558
[  554240ms] [ERROR] Failed to load resource: net::ERR_CONNECTION_REFUSED @ http://localhost:8000/api/objects/SharedMemory/variables/io%3ASensor1_S/history?count=200&server=ee8d9159:0
[  554240ms] [ERROR] Error обновления графика для io:Sensor1_S: TypeError: Failed to fetch
    at fetchVariableHistory (http://localhost:8000/static/js/app.js:11919:28)
    at updateChart (http://localhost:8000/static/js/app.js:13985:31)
    at http://localhost:8000/static/js/app.js:1209:27 @ http://localhost:8000/static/js/app.js:14010
[  554241ms] [ERROR] Failed to load resource: net::ERR_CONNECTION_REFUSED @ http://localhost:8000/api/objects/SharedMemory/variables/io%3ASensor10_S/history?count=200&server=ee8d9159:0
[  554241ms] [ERROR] Error обновления графика для io:Sensor10_S: TypeError: Failed to fetch
    at fetchVariableHistory (http://localhost:8000/static/js/app.js:11919:28)
    at updateChart (http://localhost:8000/static/js/app.js:13985:31)
    at http://localhost:8000/static/js/app.js:1209:27 @ http://localhost:8000/static/js/app.js:14010
[  554241ms] [ERROR] Failed to load resource: net::ERR_CONNECTION_REFUSED @ http://localhost:8000/api/objects/SharedMemory/variables/io%3ASensor100_S/history?count=200&server=ee8d9159:0
[  554241ms] [ERROR] Error обновления графика для io:Sensor100_S: TypeError: Failed to fetch
    at fetchVariableHistory (http://localhost:8000/static/js/app.js:11919:28)
    at updateChart (http://localhost:8000/static/js/app.js:13985:31)
    at http://localhost:8000/static/js/app.js:1209:27 @ http://localhost:8000/static/js/app.js:14010
[  555237ms] [ERROR] Failed to load resource: net::ERR_CONNECTION_REFUSED @ http://localhost:8000/api/objects/SharedMemory?server=ee8d9159:0
[  555237ms] [ERROR] Error загрузки ee8d9159:SharedMemory: TypeError: Failed to fetch
    at fetchObjectData (http://localhost:8000/static/js/app.js:11889:28)
    at loadObjectData (http://localhost:8000/static/js/app.js:13547:28)
    at http://localhost:8000/static/js/app.js:1198:23 @ http://localhost:8000/static/js/app.js:13558
[  555238ms] [ERROR] Failed to load resource: net::ERR_CONNECTION_REFUSED @ http://localhost:8000/api/objects/SharedMemory/variables/io%3ASensor1_S/history?count=200&server=ee8d9159:0
[  555238ms] [ERROR] Error обновления графика для io:Sensor1_S: TypeError: Failed to fetch
    at fetchVariableHistory (http://localhost:8000/static/js/app.js:11919:28)
    at updateChart (http://localhost:8000/static/js/app.js:13985:31)
    at http://localhost:8000/static/js/app.js:1209:27 @ http://localhost:8000/static/js/app.js:14010
[  555238ms] [ERROR] Failed to load resource: net::ERR_CONNECTION_REFUSED @ http://localhost:8000/api/objects/SharedMemory/variables/io%3ASensor10_S/history?count=200&server=ee8d9159:0
[  555238ms] [ERROR] Error обновления графика для io:Sensor10_S: TypeError: Failed to fetch
    at fetchVariableHistory (http://localhost:8000/static/js/app.js:11919:28)
    at updateChart (http://localhost:8000/static/js/app.js:13985:31)
    at http://localhost:8000/static/js/app.js:1209:27 @ http://localhost:8000/static/js/app.js:14010
[  555238ms] [ERROR] Failed to load resource: net::ERR_CONNECTION_REFUSED @ http://localhost:8000/api/objects/SharedMemory/variables/io%3ASensor100_S/history?count=200&server=ee8d9159:0
[  555238ms] [ERROR] Error обновления графика для io:Sensor100_S: TypeError: Failed to fetch
    at fetchVariableHistory (http://localhost:8000/static/js/app.js:11919:28)
    at updateChart (http://localhost:8000/static/js/app.js:13985:31)
    at http://localhost:8000/static/js/app.js:1209:27 @ http://localhost:8000/static/js/app.js:14010
[  555350ms] [ERROR] Failed to load resource: net::ERR_CONNECTION_REFUSED @ http://localhost:8000/api/recording/status:0
[  556236ms] [ERROR] Failed to load resource: net::ERR_CONNECTION_REFUSED @ http://localhost:8000/api/objects/SharedMemory?server=ee8d9159:0
[  556236ms] [ERROR] Error загрузки ee8d9159:SharedMemory: TypeError: Failed to fetch
    at fetchObjectData (http://localhost:8000/static/js/app.js:11889:28)
    at loadObjectData (http://localhost:8000/static/js/app.js:13547:28)
    at http://localhost:8000/static/js/app.js:1198:23 @ http://localhost:8000/static/js/app.js:13558
[  556236ms] [ERROR] Failed to load resource: net::ERR_CONNECTION_REFUSED @ http://localhost:8000/api/objects/SharedMemory/variables/io%3ASensor1_S/history?count=200&server=ee8d9159:0
[  556236ms] [ERROR] Error обновления графика для io:Sensor1_S: TypeError: Failed to fetch
    at fetchVariableHistory (http://localhost:8000/static/js/app.js:11919:28)
    at updateChart (http://localhost:8000/static/js/app.js:13985:31)
    at http://localhost:8000/static/js/app.js:1209:27 @ http://localhost:8000/static/js/app.js:14010
[  556236ms] [ERROR] Failed to load resource: net::ERR_CONNECTION_REFUSED @ http://localhost:8000/api/objects/SharedMemory/variables/io%3ASensor10_S/history?count=200&server=ee8d9159:0
[  556236ms] [ERROR] Error обновления графика для io:Sensor10_S: TypeError: Failed to fetch
    at fetchVariableHistory (http://localhost:8000/static/js/app.js:11919:28)
    at updateChart (http://localhost:8000/static/js/app.js:13985:31)
    at http://localhost:8000/static/js/app.js:1209:27 @ http://localhost:8000/static/js/app.js:14010
[  556237ms] [ERROR] Failed to load resource: net::ERR_CONNECTION_REFUSED @ http://localhost:8000/api/objects/SharedMemory/variables/io%3ASensor100_S/history?count=200&server=ee8d9159:0
[  556237ms] [ERROR] Error обновления графика для io:Sensor100_S: TypeError: Failed to fetch
    at fetchVariableHistory (http://localhost:8000/static/js/app.js:11919:28)
    at updateChart (http://localhost:8000/static/js/app.js:13985:31)
    at http://localhost:8000/static/js/app.js:1209:27 @ http://localhost:8000/static/js/app.js:14010
[  557238ms] [ERROR] Failed to load resource: net::ERR_CONNECTION_REFUSED @ http://localhost:8000/api/objects/SharedMemory?server=ee8d9159:0
[  557238ms] [ERROR] Error загрузки ee8d9159:SharedMemory: TypeError: Failed to fetch
    at fetchObjectData (http://localhost:8000/static/js/app.js:11889:28)
    at loadObjectData (http://localhost:8000/static/js/app.js:13547:28)
    at http://localhost:8000/static/js/app.js:1198:23 @ http://localhost:8000/static/js/app.js:13558
[  557238ms] [ERROR] Failed to load resource: net::ERR_CONNECTION_REFUSED @ http://localhost:8000/api/objects/SharedMemory/variables/io%3ASensor1_S/history?count=200&server=ee8d9159:0
[  557238ms] [ERROR] Error обновления графика для io:Sensor1_S: TypeError: Failed to fetch
    at fetchVariableHistory (http://localhost:8000/static/js/app.js:11919:28)
    at updateChart (http://localhost:8000/static/js/app.js:13985:31)
    at http://localhost:8000/static/js/app.js:1209:27 @ http://localhost:8000/static/js/app.js:14010
[  557238ms] [ERROR] Failed to load resource: net::ERR_CONNECTION_REFUSED @ http://localhost:8000/api/objects/SharedMemory/variables/io%3ASensor10_S/history?count=200&server=ee8d9159:0
[  557238ms] [ERROR] Error обновления графика для io:Sensor10_S: TypeError: Failed to fetch
    at fetchVariableHistory (http://localhost:8000/static/js/app.js:11919:28)
    at updateChart (http://localhost:8000/static/js/app.js:13985:31)
    at http://localhost:8000/static/js/app.js:1209:27 @ http://localhost:8000/static/js/app.js:14010
[  557239ms] [ERROR] Failed to load resource: net::ERR_CONNECTION_REFUSED @ http://localhost:8000/api/objects/SharedMemory/variables/io%3ASensor100_S/history?count=200&server=ee8d9159:0
[  557239ms] [ERROR] Error обновления графика для io:Sensor100_S: TypeError: Failed to fetch
    at fetchVariableHistory (http://localhost:8000/static/js/app.js:11919:28)
    at updateChart (http://localhost:8000/static/js/app.js:13985:31)
    at http://localhost:8000/static/js/app.js:1209:27 @ http://localhost:8000/static/js/app.js:14010
[  558238ms] [ERROR] Failed to load resource: net::ERR_CONNECTION_REFUSED @ http://localhost:8000/api/objects/SharedMemory?server=ee8d9159:0
[  558238ms] [ERROR] Error загрузки ee8d9159:SharedMemory: TypeError: Failed to fetch
    at fetchObjectData (http://localhost:8000/static/js/app.js:11889:28)
    at loadObjectData (http://localhost:8000/static/js/app.js:13547:28)
    at http://localhost:8000/static/js/app.js:1198:23 @ http://localhost:8000/static/js/app.js:13558
[  558238ms] [ERROR] Failed to load resource: net::ERR_CONNECTION_REFUSED @ http://localhost:8000/api/objects/SharedMemory/variables/io%3ASensor1_S/history?count=200&server=ee8d9159:0
[  558238ms] [ERROR] Error обновления графика для io:Sensor1_S: TypeError: Failed to fetch
    at fetchVariableHistory (http://localhost:8000/static/js/app.js:11919:28)
    at updateChart (http://localhost:8000/static/js/app.js:13985:31)
    at http://localhost:8000/static/js/app.js:1209:27 @ http://localhost:8000/static/js/app.js:14010
[  558239ms] [ERROR] Failed to load resource: net::ERR_CONNECTION_REFUSED @ http://localhost:8000/api/objects/SharedMemory/variables/io%3ASensor10_S/history?count=200&server=ee8d9159:0
[  558239ms] [ERROR] Error обновления графика для io:Sensor10_S: TypeError: Failed to fetch
    at fetchVariableHistory (http://localhost:8000/static/js/app.js:11919:28)
    at updateChart (http://localhost:8000/static/js/app.js:13985:31)
    at http://localhost:8000/static/js/app.js:1209:27 @ http://localhost:8000/static/js/app.js:14010
[  558239ms] [ERROR] Failed to load resource: net::ERR_CONNECTION_REFUSED @ http://localhost:8000/api/objects/SharedMemory/variables/io%3ASensor100_S/history?count=200&server=ee8d9159:0
[  558239ms] [ERROR] Error обновления графика для io:Sensor100_S: TypeError: Failed to fetch
    at fetchVariableHistory (http://localhost:8000/static/js/app.js:11919:28)
    at updateChart (http://localhost:8000/static/js/app.js:13985:31)
    at http://localhost:8000/static/js/app.js:1209:27 @ http://localhost:8000/static/js/app.js:14010
[  559238ms] [ERROR] Failed to load resource: net::ERR_CONNECTION_REFUSED @ http://localhost:8000/api/objects/SharedMemory?server=ee8d9159:0
[  559238ms] [ERROR] Error загрузки ee8d9159:SharedMemory: TypeError: Failed to fetch
    at fetchObjectData (http://localhost:8000/static/js/app.js:11889:28)
    at loadObjectData (http://localhost:8000/static/js/app.js:13547:28)
    at http://localhost:8000/static/js/app.js:1198:23 @ http://localhost:8000/static/js/app.js:13558
[  559238ms] [ERROR] Failed to load resource: net::ERR_CONNECTION_REFUSED @ http://localhost:8000/api/objects/SharedMemory/variables/io%3ASensor1_S/history?count=200&server=ee8d9159:0
[  559238ms] [ERROR] Error обновления графика для io:Sensor1_S: TypeError: Failed to fetch
    at fetchVariableHistory (http://localhost:8000/static/js/app.js:11919:28)
    at updateChart (http://localhost:8000/static/js/app.js:13985:31)
    at http://localhost:8000/static/js/app.js:1209:27 @ http://localhost:8000/static/js/app.js:14010
[  559239ms] [ERROR] Failed to load resource: net::ERR_CONNECTION_REFUSED @ http://localhost:8000/api/objects/SharedMemory/variables/io%3ASensor10_S/history?count=200&server=ee8d9159:0
[  559239ms] [ERROR] Error обновления графика для io:Sensor10_S: TypeError: Failed to fetch
    at fetchVariableHistory (http://localhost:8000/static/js/app.js:11919:28)
    at updateChart (http://localhost:8000/static/js/app.js:13985:31)
    at http://localhost:8000/static/js/app.js:1209:27 @ http://localhost:8000/static/js/app.js:14010
[  559239ms] [ERROR] Failed to load resource: net::ERR_CONNECTION_REFUSED @ http://localhost:8000/api/objects/SharedMemory/variables/io%3ASensor100_S/history?count=200&server=ee8d9159:0
[  559239ms] [ERROR] Error обновления графика для io:Sensor100_S: TypeError: Failed to fetch
    at fetchVariableHistory (http://localhost:8000/static/js/app.js:11919:28)
    at updateChart (http://localhost:8000/static/js/app.js:13985:31)
    at http://localhost:8000/static/js/app.js:1209:27 @ http://localhost:8000/static/js/app.js:14010
[  560238ms] [ERROR] Failed to load resource: net::ERR_CONNECTION_REFUSED @ http://localhost:8000/api/servers:0
[  560238ms] [ERROR] Error обновления списка объектов: TypeError: Failed to fetch
    at fetchServers (http://localhost:8000/static/js/app.js:11815:28)
    at fetchObjects (http://localhost:8000/static/js/app.js:11822:31)
    at refreshObjectsList (http://localhost:8000/static/js/app.js:11870:28)
    at http://localhost:8000/static/js/app.js:1191:9 @ http://localhost:8000/static/js/app.js:11873
[  560239ms] [ERROR] Failed to load resource: net::ERR_CONNECTION_REFUSED @ http://localhost:8000/api/objects/SharedMemory?server=ee8d9159:0
[  560239ms] [ERROR] Error загрузки ee8d9159:SharedMemory: TypeError: Failed to fetch
    at fetchObjectData (http://localhost:8000/static/js/app.js:11889:28)
    at loadObjectData (http://localhost:8000/static/js/app.js:13547:28)
    at http://localhost:8000/static/js/app.js:1198:23 @ http://localhost:8000/static/js/app.js:13558
[  560239ms] [ERROR] Failed to load resource: net::ERR_CONNECTION_REFUSED @ http://localhost:8000/api/objects/SharedMemory/variables/io%3ASensor1_S/history?count=200&server=ee8d9159:0
[  560239ms] [ERROR] Error обновления графика для io:Sensor1_S: TypeError: Failed to fetch
    at fetchVariableHistory (http://localhost:8000/static/js/app.js:11919:28)
    at updateChart (http://localhost:8000/static/js/app.js:13985:31)
    at http://localhost:8000/static/js/app.js:1209:27 @ http://localhost:8000/static/js/app.js:14010
[  560239ms] [ERROR] Failed to load resource: net::ERR_CONNECTION_REFUSED @ http://localhost:8000/api/objects/SharedMemory/variables/io%3ASensor10_S/history?count=200&server=ee8d9159:0
[  560239ms] [ERROR] Error обновления графика для io:Sensor10_S: TypeError: Failed to fetch
    at fetchVariableHistory (http://localhost:8000/static/js/app.js:11919:28)
    at updateChart (http://localhost:8000/static/js/app.js:13985:31)
    at http://localhost:8000/static/js/app.js:1209:27 @ http://localhost:8000/static/js/app.js:14010
[  560239ms] [ERROR] Failed to load resource: net::ERR_CONNECTION_REFUSED @ http://localhost:8000/api/objects/SharedMemory/variables/io%3ASensor100_S/history?count=200&server=ee8d9159:0
[  560239ms] [ERROR] Error обновления графика для io:Sensor100_S: TypeError: Failed to fetch
    at fetchVariableHistory (http://localhost:8000/static/js/app.js:11919:28)
    at updateChart (http://localhost:8000/static/js/app.js:13985:31)
    at http://localhost:8000/static/js/app.js:1209:27 @ http://localhost:8000/static/js/app.js:14010
[  560350ms] [ERROR] Failed to load resource: net::ERR_CONNECTION_REFUSED @ http://localhost:8000/api/recording/status:0
[  561236ms] [ERROR] Failed to load resource: net::ERR_CONNECTION_REFUSED @ http://localhost:8000/api/objects/SharedMemory?server=ee8d9159:0
[  561236ms] [ERROR] Error загрузки ee8d9159:SharedMemory: TypeError: Failed to fetch
    at fetchObjectData (http://localhost:8000/static/js/app.js:11889:28)
    at loadObjectData (http://localhost:8000/static/js/app.js:13547:28)
    at http://localhost:8000/static/js/app.js:1198:23 @ http://localhost:8000/static/js/app.js:13558
[  561236ms] [ERROR] Failed to load resource: net::ERR_CONNECTION_REFUSED @ http://localhost:8000/api/objects/SharedMemory/variables/io%3ASensor1_S/history?count=200&server=ee8d9159:0
[  561236ms] [ERROR] Error обновления графика для io:Sensor1_S: TypeError: Failed to fetch
    at fetchVariableHistory (http://localhost:8000/static/js/app.js:11919:28)
    at updateChart (http://localhost:8000/static/js/app.js:13985:31)
    at http://localhost:8000/static/js/app.js:1209:27 @ http://localhost:8000/static/js/app.js:14010
[  561236ms] [ERROR] Failed to load resource: net::ERR_CONNECTION_REFUSED @ http://localhost:8000/api/objects/SharedMemory/variables/io%3ASensor10_S/history?count=200&server=ee8d9159:0
[  561236ms] [ERROR] Error обновления графика для io:Sensor10_S: TypeError: Failed to fetch
    at fetchVariableHistory (http://localhost:8000/static/js/app.js:11919:28)
    at updateChart (http://localhost:8000/static/js/app.js:13985:31)
    at http://localhost:8000/static/js/app.js:1209:27 @ http://localhost:8000/static/js/app.js:14010
[  561236ms] [ERROR] Failed to load resource: net::ERR_CONNECTION_REFUSED @ http://localhost:8000/api/objects/SharedMemory/variables/io%3ASensor100_S/history?count=200&server=ee8d9159:0
[  561237ms] [ERROR] Error обновления графика для io:Sensor100_S: TypeError: Failed to fetch
    at fetchVariableHistory (http://localhost:8000/static/js/app.js:11919:28)
    at updateChart (http://localhost:8000/static/js/app.js:13985:31)
    at http://localhost:8000/static/js/app.js:1209:27 @ http://localhost:8000/static/js/app.js:14010
[  562238ms] [ERROR] Failed to load resource: net::ERR_CONNECTION_REFUSED @ http://localhost:8000/api/objects/SharedMemory?server=ee8d9159:0
[  562238ms] [ERROR] Error загрузки ee8d9159:SharedMemory: TypeError: Failed to fetch
    at fetchObjectData (http://localhost:8000/static/js/app.js:11889:28)
    at loadObjectData (http://localhost:8000/static/js/app.js:13547:28)
    at http://localhost:8000/static/js/app.js:1198:23 @ http://localhost:8000/static/js/app.js:13558
[  562239ms] [ERROR] Failed to load resource: net::ERR_CONNECTION_REFUSED @ http://localhost:8000/api/objects/SharedMemory/variables/io%3ASensor1_S/history?count=200&server=ee8d9159:0
[  562239ms] [ERROR] Error обновления графика для io:Sensor1_S: TypeError: Failed to fetch
    at fetchVariableHistory (http://localhost:8000/static/js/app.js:11919:28)
    at updateChart (http://localhost:8000/static/js/app.js:13985:31)
    at http://localhost:8000/static/js/app.js:1209:27 @ http://localhost:8000/static/js/app.js:14010
[  562239ms] [ERROR] Failed to load resource: net::ERR_CONNECTION_REFUSED @ http://localhost:8000/api/objects/SharedMemory/variables/io%3ASensor10_S/history?count=200&server=ee8d9159:0
[  562239ms] [ERROR] Error обновления графика для io:Sensor10_S: TypeError: Failed to fetch
    at fetchVariableHistory (http://localhost:8000/static/js/app.js:11919:28)
    at updateChart (http://localhost:8000/static/js/app.js:13985:31)
    at http://localhost:8000/static/js/app.js:1209:27 @ http://localhost:8000/static/js/app.js:14010
[  562240ms] [ERROR] Failed to load resource: net::ERR_CONNECTION_REFUSED @ http://localhost:8000/api/objects/SharedMemory/variables/io%3ASensor100_S/history?count=200&server=ee8d9159:0
[  562240ms] [ERROR] Error обновления графика для io:Sensor100_S: TypeError: Failed to fetch
    at fetchVariableHistory (http://localhost:8000/static/js/app.js:11919:28)
    at updateChart (http://localhost:8000/static/js/app.js:13985:31)
    at http://localhost:8000/static/js/app.js:1209:27 @ http://localhost:8000/static/js/app.js:14010
[  563238ms] [ERROR] Failed to load resource: net::ERR_CONNECTION_REFUSED @ http://localhost:8000/api/objects/SharedMemory?server=ee8d9159:0
[  563238ms] [ERROR] Error загрузки ee8d9159:SharedMemory: TypeError: Failed to fetch
    at fetchObjectData (http://localhost:8000/static/js/app.js:11889:28)
    at loadObjectData (http://localhost:8000/static/js/app.js:13547:28)
    at http://localhost:8000/static/js/app.js:1198:23 @ http://localhost:8000/static/js/app.js:13558
[  563239ms] [ERROR] Failed to load resource: net::ERR_CONNECTION_REFUSED @ http://localhost:8000/api/objects/SharedMemory/variables/io%3ASensor1_S/history?count=200&server=ee8d9159:0
[  563239ms] [ERROR] Error обновления графика для io:Sensor1_S: TypeError: Failed to fetch
    at fetchVariableHistory (http://localhost:8000/static/js/app.js:11919:28)
    at updateChart (http://localhost:8000/static/js/app.js:13985:31)
    at http://localhost:8000/static/js/app.js:1209:27 @ http://localhost:8000/static/js/app.js:14010
[  563239ms] [ERROR] Failed to load resource: net::ERR_CONNECTION_REFUSED @ http://localhost:8000/api/objects/SharedMemory/variables/io%3ASensor10_S/history?count=200&server=ee8d9159:0
[  563239ms] [ERROR] Error обновления графика для io:Sensor10_S: TypeError: Failed to fetch
    at fetchVariableHistory (http://localhost:8000/static/js/app.js:11919:28)
    at updateChart (http://localhost:8000/static/js/app.js:13985:31)
    at http://localhost:8000/static/js/app.js:1209:27 @ http://localhost:8000/static/js/app.js:14010
[  563239ms] [ERROR] Failed to load resource: net::ERR_CONNECTION_REFUSED @ http://localhost:8000/api/objects/SharedMemory/variables/io%3ASensor100_S/history?count=200&server=ee8d9159:0
[  563239ms] [ERROR] Error обновления графика для io:Sensor100_S: TypeError: Failed to fetch
    at fetchVariableHistory (http://localhost:8000/static/js/app.js:11919:28)
    at updateChart (http://localhost:8000/static/js/app.js:13985:31)
    at http://localhost:8000/static/js/app.js:1209:27 @ http://localhost:8000/static/js/app.js:14010
[  564238ms] [ERROR] Failed to load resource: net::ERR_CONNECTION_REFUSED @ http://localhost:8000/api/objects/SharedMemory?server=ee8d9159:0
[  564239ms] [ERROR] Error загрузки ee8d9159:SharedMemory: TypeError: Failed to fetch
    at fetchObjectData (http://localhost:8000/static/js/app.js:11889:28)
    at loadObjectData (http://localhost:8000/static/js/app.js:13547:28)
    at http://localhost:8000/static/js/app.js:1198:23 @ http://localhost:8000/static/js/app.js:13558
[  564239ms] [ERROR] Failed to load resource: net::ERR_CONNECTION_REFUSED @ http://localhost:8000/api/objects/SharedMemory/variables/io%3ASensor1_S/history?count=200&server=ee8d9159:0
[  564239ms] [ERROR] Error обновления графика для io:Sensor1_S: TypeError: Failed to fetch
    at fetchVariableHistory (http://localhost:8000/static/js/app.js:11919:28)
    at updateChart (http://localhost:8000/static/js/app.js:13985:31)
    at http://localhost:8000/static/js/app.js:1209:27 @ http://localhost:8000/static/js/app.js:14010
[  564239ms] [ERROR] Failed to load resource: net::ERR_CONNECTION_REFUSED @ http://localhost:8000/api/objects/SharedMemory/variables/io%3ASensor10_S/history?count=200&server=ee8d9159:0
[  564239ms] [ERROR] Error обновления графика для io:Sensor10_S: TypeError: Failed to fetch
    at fetchVariableHistory (http://localhost:8000/static/js/app.js:11919:28)
    at updateChart (http://localhost:8000/static/js/app.js:13985:31)
    at http://localhost:8000/static/js/app.js:1209:27 @ http://localhost:8000/static/js/app.js:14010
[  564239ms] [ERROR] Failed to load resource: net::ERR_CONNECTION_REFUSED @ http://localhost:8000/api/objects/SharedMemory/variables/io%3ASensor100_S/history?count=200&server=ee8d9159:0
[  564239ms] [ERROR] Error обновления графика для io:Sensor100_S: TypeError: Failed to fetch
    at fetchVariableHistory (http://localhost:8000/static/js/app.js:11919:28)
    at updateChart (http://localhost:8000/static/js/app.js:13985:31)
    at http://localhost:8000/static/js/app.js:1209:27 @ http://localhost:8000/static/js/app.js:14010
[  565238ms] [ERROR] Failed to load resource: net::ERR_CONNECTION_REFUSED @ http://localhost:8000/api/objects/SharedMemory?server=ee8d9159:0
[  565239ms] [ERROR] Error загрузки ee8d9159:SharedMemory: TypeError: Failed to fetch
    at fetchObjectData (http://localhost:8000/static/js/app.js:11889:28)
    at loadObjectData (http://localhost:8000/static/js/app.js:13547:28)
    at http://localhost:8000/static/js/app.js:1198:23 @ http://localhost:8000/static/js/app.js:13558
[  565239ms] [ERROR] Failed to load resource: net::ERR_CONNECTION_REFUSED @ http://localhost:8000/api/objects/SharedMemory/variables/io%3ASensor1_S/history?count=200&server=ee8d9159:0
[  565239ms] [ERROR] Error обновления графика для io:Sensor1_S: TypeError: Failed to fetch
    at fetchVariableHistory (http://localhost:8000/static/js/app.js:11919:28)
    at updateChart (http://localhost:8000/static/js/app.js:13985:31)
    at http://localhost:8000/static/js/app.js:1209:27 @ http://localhost:8000/static/js/app.js:14010
[  565239ms] [ERROR] Failed to load resource: net::ERR_CONNECTION_REFUSED @ http://localhost:8000/api/objects/SharedMemory/variables/io%3ASensor10_S/history?count=200&server=ee8d9159:0
[  565239ms] [ERROR] Error обновления графика для io:Sensor10_S: TypeError: Failed to fetch
    at fetchVariableHistory (http://localhost:8000/static/js/app.js:11919:28)
    at updateChart (http://localhost:8000/static/js/app.js:13985:31)
    at http://localhost:8000/static/js/app.js:1209:27 @ http://localhost:8000/static/js/app.js:14010
[  565240ms] [ERROR] Failed to load resource: net::ERR_CONNECTION_REFUSED @ http://localhost:8000/api/objects/SharedMemory/variables/io%3ASensor100_S/history?count=200&server=ee8d9159:0
[  565240ms] [ERROR] Error обновления графика для io:Sensor100_S: TypeError: Failed to fetch
    at fetchVariableHistory (http://localhost:8000/static/js/app.js:11919:28)
    at updateChart (http://localhost:8000/static/js/app.js:13985:31)
    at http://localhost:8000/static/js/app.js:1209:27 @ http://localhost:8000/static/js/app.js:14010
[  565349ms] [ERROR] Failed to load resource: net::ERR_CONNECTION_REFUSED @ http://localhost:8000/api/recording/status:0
[  566238ms] [ERROR] Failed to load resource: net::ERR_CONNECTION_REFUSED @ http://localhost:8000/api/servers:0
[  566238ms] [ERROR] Error обновления списка объектов: TypeError: Failed to fetch
    at fetchServers (http://localhost:8000/static/js/app.js:11815:28)
    at fetchObjects (http://localhost:8000/static/js/app.js:11822:31)
    at refreshObjectsList (http://localhost:8000/static/js/app.js:11870:28)
    at http://localhost:8000/static/js/app.js:1191:9 @ http://localhost:8000/static/js/app.js:11873
[  566238ms] [ERROR] Failed to load resource: net::ERR_CONNECTION_REFUSED @ http://localhost:8000/api/objects/SharedMemory?server=ee8d9159:0
[  566238ms] [ERROR] Error загрузки ee8d9159:SharedMemory: TypeError: Failed to fetch
    at fetchObjectData (http://localhost:8000/static/js/app.js:11889:28)
    at loadObjectData (http://localhost:8000/static/js/app.js:13547:28)
    at http://localhost:8000/static/js/app.js:1198:23 @ http://localhost:8000/static/js/app.js:13558
[  566239ms] [ERROR] Failed to load resource: net::ERR_CONNECTION_REFUSED @ http://localhost:8000/api/objects/SharedMemory/variables/io%3ASensor1_S/history?count=200&server=ee8d9159:0
[  566239ms] [ERROR] Error обновления графика для io:Sensor1_S: TypeError: Failed to fetch
    at fetchVariableHistory (http://localhost:8000/static/js/app.js:11919:28)
    at updateChart (http://localhost:8000/static/js/app.js:13985:31)
    at http://localhost:8000/static/js/app.js:1209:27 @ http://localhost:8000/static/js/app.js:14010
[  566239ms] [ERROR] Failed to load resource: net::ERR_CONNECTION_REFUSED @ http://localhost:8000/api/objects/SharedMemory/variables/io%3ASensor10_S/history?count=200&server=ee8d9159:0
[  566239ms] [ERROR] Error обновления графика для io:Sensor10_S: TypeError: Failed to fetch
    at fetchVariableHistory (http://localhost:8000/static/js/app.js:11919:28)
    at updateChart (http://localhost:8000/static/js/app.js:13985:31)
    at http://localhost:8000/static/js/app.js:1209:27 @ http://localhost:8000/static/js/app.js:14010
[  566239ms] [ERROR] Failed to load resource: net::ERR_CONNECTION_REFUSED @ http://localhost:8000/api/objects/SharedMemory/variables/io%3ASensor100_S/history?count=200&server=ee8d9159:0
[  566239ms] [ERROR] Error обновления графика для io:Sensor100_S: TypeError: Failed to fetch
    at fetchVariableHistory (http://localhost:8000/static/js/app.js:11919:28)
    at updateChart (http://localhost:8000/static/js/app.js:13985:31)
    at http://localhost:8000/static/js/app.js:1209:27 @ http://localhost:8000/static/js/app.js:14010
[  566239ms] [ERROR] Failed to load resource: net::ERR_CONNECTION_REFUSED @ http://localhost:8000/api/version:0
[  567237ms] [ERROR] Failed to load resource: net::ERR_CONNECTION_REFUSED @ http://localhost:8000/api/objects/SharedMemory?server=ee8d9159:0
[  567237ms] [ERROR] Error загрузки ee8d9159:SharedMemory: TypeError: Failed to fetch
    at fetchObjectData (http://localhost:8000/static/js/app.js:11889:28)
    at loadObjectData (http://localhost:8000/static/js/app.js:13547:28)
    at http://localhost:8000/static/js/app.js:1198:23 @ http://localhost:8000/static/js/app.js:13558
[  567238ms] [ERROR] Failed to load resource: net::ERR_CONNECTION_REFUSED @ http://localhost:8000/api/objects/SharedMemory/variables/io%3ASensor1_S/history?count=200&server=ee8d9159:0
[  567238ms] [ERROR] Error обновления графика для io:Sensor1_S: TypeError: Failed to fetch
    at fetchVariableHistory (http://localhost:8000/static/js/app.js:11919:28)
    at updateChart (http://localhost:8000/static/js/app.js:13985:31)
    at http://localhost:8000/static/js/app.js:1209:27 @ http://localhost:8000/static/js/app.js:14010
[  567238ms] [ERROR] Failed to load resource: net::ERR_CONNECTION_REFUSED @ http://localhost:8000/api/objects/SharedMemory/variables/io%3ASensor10_S/history?count=200&server=ee8d9159:0
[  567238ms] [ERROR] Error обновления графика для io:Sensor10_S: TypeError: Failed to fetch
    at fetchVariableHistory (http://localhost:8000/static/js/app.js:11919:28)
    at updateChart (http://localhost:8000/static/js/app.js:13985:31)
    at http://localhost:8000/static/js/app.js:1209:27 @ http://localhost:8000/static/js/app.js:14010
[  567238ms] [ERROR] Failed to load resource: net::ERR_CONNECTION_REFUSED @ http://localhost:8000/api/objects/SharedMemory/variables/io%3ASensor100_S/history?count=200&server=ee8d9159:0
[  567238ms] [ERROR] Error обновления графика для io:Sensor100_S: TypeError: Failed to fetch
    at fetchVariableHistory (http://localhost:8000/static/js/app.js:11919:28)
    at updateChart (http://localhost:8000/static/js/app.js:13985:31)
    at http://localhost:8000/static/js/app.js:1209:27 @ http://localhost:8000/static/js/app.js:14010
[  568237ms] [ERROR] Failed to load resource: net::ERR_CONNECTION_REFUSED @ http://localhost:8000/api/objects/SharedMemory?server=ee8d9159:0
[  568237ms] [ERROR] Error загрузки ee8d9159:SharedMemory: TypeError: Failed to fetch
    at fetchObjectData (http://localhost:8000/static/js/app.js:11889:28)
    at loadObjectData (http://localhost:8000/static/js/app.js:13547:28)
    at http://localhost:8000/static/js/app.js:1198:23 @ http://localhost:8000/static/js/app.js:13558
[  568238ms] [ERROR] Failed to load resource: net::ERR_CONNECTION_REFUSED @ http://localhost:8000/api/objects/SharedMemory/variables/io%3ASensor1_S/history?count=200&server=ee8d9159:0
[  568238ms] [ERROR] Error обновления графика для io:Sensor1_S: TypeError: Failed to fetch
    at fetchVariableHistory (http://localhost:8000/static/js/app.js:11919:28)
    at updateChart (http://localhost:8000/static/js/app.js:13985:31)
    at http://localhost:8000/static/js/app.js:1209:27 @ http://localhost:8000/static/js/app.js:14010
[  568238ms] [ERROR] Failed to load resource: net::ERR_CONNECTION_REFUSED @ http://localhost:8000/api/objects/SharedMemory/variables/io%3ASensor10_S/history?count=200&server=ee8d9159:0
[  568238ms] [ERROR] Error обновления графика для io:Sensor10_S: TypeError: Failed to fetch
    at fetchVariableHistory (http://localhost:8000/static/js/app.js:11919:28)
    at updateChart (http://localhost:8000/static/js/app.js:13985:31)
    at http://localhost:8000/static/js/app.js:1209:27 @ http://localhost:8000/static/js/app.js:14010
[  568238ms] [ERROR] Failed to load resource: net::ERR_CONNECTION_REFUSED @ http://localhost:8000/api/objects/SharedMemory/variables/io%3ASensor100_S/history?count=200&server=ee8d9159:0
[  568238ms] [ERROR] Error обновления графика для io:Sensor100_S: TypeError: Failed to fetch
    at fetchVariableHistory (http://localhost:8000/static/js/app.js:11919:28)
    at updateChart (http://localhost:8000/static/js/app.js:13985:31)
    at http://localhost:8000/static/js/app.js:1209:27 @ http://localhost:8000/static/js/app.js:14010
[  569238ms] [ERROR] Failed to load resource: net::ERR_CONNECTION_REFUSED @ http://localhost:8000/api/objects/SharedMemory?server=ee8d9159:0
[  569238ms] [ERROR] Error загрузки ee8d9159:SharedMemory: TypeError: Failed to fetch
    at fetchObjectData (http://localhost:8000/static/js/app.js:11889:28)
    at loadObjectData (http://localhost:8000/static/js/app.js:13547:28)
    at http://localhost:8000/static/js/app.js:1198:23 @ http://localhost:8000/static/js/app.js:13558
[  569238ms] [ERROR] Failed to load resource: net::ERR_CONNECTION_REFUSED @ http://localhost:8000/api/objects/SharedMemory/variables/io%3ASensor1_S/history?count=200&server=ee8d9159:0
[  569239ms] [ERROR] Error обновления графика для io:Sensor1_S: TypeError: Failed to fetch
    at fetchVariableHistory (http://localhost:8000/static/js/app.js:11919:28)
    at updateChart (http://localhost:8000/static/js/app.js:13985:31)
    at http://localhost:8000/static/js/app.js:1209:27 @ http://localhost:8000/static/js/app.js:14010
[  569239ms] [ERROR] Failed to load resource: net::ERR_CONNECTION_REFUSED @ http://localhost:8000/api/objects/SharedMemory/variables/io%3ASensor10_S/history?count=200&server=ee8d9159:0
[  569239ms] [ERROR] Error обновления графика для io:Sensor10_S: TypeError: Failed to fetch
    at fetchVariableHistory (http://localhost:8000/static/js/app.js:11919:28)
    at updateChart (http://localhost:8000/static/js/app.js:13985:31)
    at http://localhost:8000/static/js/app.js:1209:27 @ http://localhost:8000/static/js/app.js:14010
[  569239ms] [ERROR] Failed to load resource: net::ERR_CONNECTION_REFUSED @ http://localhost:8000/api/objects/SharedMemory/variables/io%3ASensor100_S/history?count=200&server=ee8d9159:0
[  569239ms] [ERROR] Error обновления графика для io:Sensor100_S: TypeError: Failed to fetch
    at fetchVariableHistory (http://localhost:8000/static/js/app.js:11919:28)
    at updateChart (http://localhost:8000/static/js/app.js:13985:31)
    at http://localhost:8000/static/js/app.js:1209:27 @ http://localhost:8000/static/js/app.js:14010
[  570237ms] [ERROR] Failed to load resource: net::ERR_CONNECTION_REFUSED @ http://localhost:8000/api/objects/SharedMemory?server=ee8d9159:0
[  570237ms] [ERROR] Error загрузки ee8d9159:SharedMemory: TypeError: Failed to fetch
    at fetchObjectData (http://localhost:8000/static/js/app.js:11889:28)
    at loadObjectData (http://localhost:8000/static/js/app.js:13547:28)
    at http://localhost:8000/static/js/app.js:1198:23 @ http://localhost:8000/static/js/app.js:13558
[  570237ms] [ERROR] Failed to load resource: net::ERR_CONNECTION_REFUSED @ http://localhost:8000/api/objects/SharedMemory/variables/io%3ASensor1_S/history?count=200&server=ee8d9159:0
[  570237ms] [ERROR] Error обновления графика для io:Sensor1_S: TypeError: Failed to fetch
    at fetchVariableHistory (http://localhost:8000/static/js/app.js:11919:28)
    at updateChart (http://localhost:8000/static/js/app.js:13985:31)
    at http://localhost:8000/static/js/app.js:1209:27 @ http://localhost:8000/static/js/app.js:14010
[  570237ms] [ERROR] Failed to load resource: net::ERR_CONNECTION_REFUSED @ http://localhost:8000/api/objects/SharedMemory/variables/io%3ASensor10_S/history?count=200&server=ee8d9159:0
[  570237ms] [ERROR] Error обновления графика для io:Sensor10_S: TypeError: Failed to fetch
    at fetchVariableHistory (http://localhost:8000/static/js/app.js:11919:28)
    at updateChart (http://localhost:8000/static/js/app.js:13985:31)
    at http://localhost:8000/static/js/app.js:1209:27 @ http://localhost:8000/static/js/app.js:14010
[  570238ms] [ERROR] Failed to load resource: net::ERR_CONNECTION_REFUSED @ http://localhost:8000/api/objects/SharedMemory/variables/io%3ASensor100_S/history?count=200&server=ee8d9159:0
[  570238ms] [ERROR] Error обновления графика для io:Sensor100_S: TypeError: Failed to fetch
    at fetchVariableHistory (http://localhost:8000/static/js/app.js:11919:28)
    at updateChart (http://localhost:8000/static/js/app.js:13985:31)
    at http://localhost:8000/static/js/app.js:1209:27 @ http://localhost:8000/static/js/app.js:14010
[  570351ms] [ERROR] Failed to load resource: net::ERR_CONNECTION_REFUSED @ http://localhost:8000/api/recording/status:0
[  571239ms] [ERROR] Failed to load resource: net::ERR_CONNECTION_REFUSED @ http://localhost:8000/api/objects/SharedMemory?server=ee8d9159:0
[  571239ms] [ERROR] Error загрузки ee8d9159:SharedMemory: TypeError: Failed to fetch
    at fetchObjectData (http://localhost:8000/static/js/app.js:11889:28)
    at loadObjectData (http://localhost:8000/static/js/app.js:13547:28)
    at http://localhost:8000/static/js/app.js:1198:23 @ http://localhost:8000/static/js/app.js:13558
[  571239ms] [ERROR] Failed to load resource: net::ERR_CONNECTION_REFUSED @ http://localhost:8000/api/objects/SharedMemory/variables/io%3ASensor1_S/history?count=200&server=ee8d9159:0
[  571239ms] [ERROR] Error обновления графика для io:Sensor1_S: TypeError: Failed to fetch
    at fetchVariableHistory (http://localhost:8000/static/js/app.js:11919:28)
    at updateChart (http://localhost:8000/static/js/app.js:13985:31)
    at http://localhost:8000/static/js/app.js:1209:27 @ http://localhost:8000/static/js/app.js:14010
[  571239ms] [ERROR] Failed to load resource: net::ERR_CONNECTION_REFUSED @ http://localhost:8000/api/objects/SharedMemory/variables/io%3ASensor10_S/history?count=200&server=ee8d9159:0
[  571239ms] [ERROR] Error обновления графика для io:Sensor10_S: TypeError: Failed to fetch
    at fetchVariableHistory (http://localhost:8000/static/js/app.js:11919:28)
    at updateChart (http://localhost:8000/static/js/app.js:13985:31)
    at http://localhost:8000/static/js/app.js:1209:27 @ http://localhost:8000/static/js/app.js:14010
[  571240ms] [ERROR] Failed to load resource: net::ERR_CONNECTION_REFUSED @ http://localhost:8000/api/objects/SharedMemory/variables/io%3ASensor100_S/history?count=200&server=ee8d9159:0
[  571240ms] [ERROR] Error обновления графика для io:Sensor100_S: TypeError: Failed to fetch
    at fetchVariableHistory (http://localhost:8000/static/js/app.js:11919:28)
    at updateChart (http://localhost:8000/static/js/app.js:13985:31)
    at http://localhost:8000/static/js/app.js:1209:27 @ http://localhost:8000/static/js/app.js:14010
[  572239ms] [ERROR] Failed to load resource: net::ERR_CONNECTION_REFUSED @ http://localhost:8000/api/servers:0
[  572239ms] [ERROR] Error обновления списка объектов: TypeError: Failed to fetch
    at fetchServers (http://localhost:8000/static/js/app.js:11815:28)
    at fetchObjects (http://localhost:8000/static/js/app.js:11822:31)
    at refreshObjectsList (http://localhost:8000/static/js/app.js:11870:28)
    at http://localhost:8000/static/js/app.js:1191:9 @ http://localhost:8000/static/js/app.js:11873
[  572239ms] [ERROR] Failed to load resource: net::ERR_CONNECTION_REFUSED @ http://localhost:8000/api/objects/SharedMemory?server=ee8d9159:0
[  572239ms] [ERROR] Error загрузки ee8d9159:SharedMemory: TypeError: Failed to fetch
    at fetchObjectData (http://localhost:8000/static/js/app.js:11889:28)
    at loadObjectData (http://localhost:8000/static/js/app.js:13547:28)
    at http://localhost:8000/static/js/app.js:1198:23 @ http://localhost:8000/static/js/app.js:13558
[  572239ms] [ERROR] Failed to load resource: net::ERR_CONNECTION_REFUSED @ http://localhost:8000/api/objects/SharedMemory/variables/io%3ASensor1_S/history?count=200&server=ee8d9159:0
[  572239ms] [ERROR] Error обновления графика для io:Sensor1_S: TypeError: Failed to fetch
    at fetchVariableHistory (http://localhost:8000/static/js/app.js:11919:28)
    at updateChart (http://localhost:8000/static/js/app.js:13985:31)
    at http://localhost:8000/static/js/app.js:1209:27 @ http://localhost:8000/static/js/app.js:14010
[  572239ms] [ERROR] Failed to load resource: net::ERR_CONNECTION_REFUSED @ http://localhost:8000/api/objects/SharedMemory/variables/io%3ASensor10_S/history?count=200&server=ee8d9159:0
[  572239ms] [ERROR] Error обновления графика для io:Sensor10_S: TypeError: Failed to fetch
    at fetchVariableHistory (http://localhost:8000/static/js/app.js:11919:28)
    at updateChart (http://localhost:8000/static/js/app.js:13985:31)
    at http://localhost:8000/static/js/app.js:1209:27 @ http://localhost:8000/static/js/app.js:14010
[  572239ms] [ERROR] Failed to load resource: net::ERR_CONNECTION_REFUSED @ http://localhost:8000/api/objects/SharedMemory/variables/io%3ASensor100_S/history?count=200&server=ee8d9159:0
[  572239ms] [ERROR] Error обновления графика для io:Sensor100_S: TypeError: Failed to fetch
    at fetchVariableHistory (http://localhost:8000/static/js/app.js:11919:28)
    at updateChart (http://localhost:8000/static/js/app.js:13985:31)
    at http://localhost:8000/static/js/app.js:1209:27 @ http://localhost:8000/static/js/app.js:14010
[  573238ms] [ERROR] Failed to load resource: net::ERR_CONNECTION_REFUSED @ http://localhost:8000/api/objects/SharedMemory?server=ee8d9159:0
[  573238ms] [ERROR] Error загрузки ee8d9159:SharedMemory: TypeError: Failed to fetch
    at fetchObjectData (http://localhost:8000/static/js/app.js:11889:28)
    at loadObjectData (http://localhost:8000/static/js/app.js:13547:28)
    at http://localhost:8000/static/js/app.js:1198:23 @ http://localhost:8000/static/js/app.js:13558
[  573239ms] [ERROR] Failed to load resource: net::ERR_CONNECTION_REFUSED @ http://localhost:8000/api/objects/SharedMemory/variables/io%3ASensor1_S/history?count=200&server=ee8d9159:0
[  573239ms] [ERROR] Error обновления графика для io:Sensor1_S: TypeError: Failed to fetch
    at fetchVariableHistory (http://localhost:8000/static/js/app.js:11919:28)
    at updateChart (http://localhost:8000/static/js/app.js:13985:31)
    at http://localhost:8000/static/js/app.js:1209:27 @ http://localhost:8000/static/js/app.js:14010
[  573239ms] [ERROR] Failed to load resource: net::ERR_CONNECTION_REFUSED @ http://localhost:8000/api/objects/SharedMemory/variables/io%3ASensor10_S/history?count=200&server=ee8d9159:0
[  573239ms] [ERROR] Error обновления графика для io:Sensor10_S: TypeError: Failed to fetch
    at fetchVariableHistory (http://localhost:8000/static/js/app.js:11919:28)
    at updateChart (http://localhost:8000/static/js/app.js:13985:31)
    at http://localhost:8000/static/js/app.js:1209:27 @ http://localhost:8000/static/js/app.js:14010
[  573239ms] [ERROR] Failed to load resource: net::ERR_CONNECTION_REFUSED @ http://localhost:8000/api/objects/SharedMemory/variables/io%3ASensor100_S/history?count=200&server=ee8d9159:0
[  573239ms] [ERROR] Error обновления графика для io:Sensor100_S: TypeError: Failed to fetch
    at fetchVariableHistory (http://localhost:8000/static/js/app.js:11919:28)
    at updateChart (http://localhost:8000/static/js/app.js:13985:31)
    at http://localhost:8000/static/js/app.js:1209:27 @ http://localhost:8000/static/js/app.js:14010
[  574238ms] [ERROR] Failed to load resource: net::ERR_CONNECTION_REFUSED @ http://localhost:8000/api/objects/SharedMemory?server=ee8d9159:0
[  574238ms] [ERROR] Error загрузки ee8d9159:SharedMemory: TypeError: Failed to fetch
    at fetchObjectData (http://localhost:8000/static/js/app.js:11889:28)
    at loadObjectData (http://localhost:8000/static/js/app.js:13547:28)
    at http://localhost:8000/static/js/app.js:1198:23 @ http://localhost:8000/static/js/app.js:13558
[  574238ms] [ERROR] Failed to load resource: net::ERR_CONNECTION_REFUSED @ http://localhost:8000/api/objects/SharedMemory/variables/io%3ASensor1_S/history?count=200&server=ee8d9159:0
[  574238ms] [ERROR] Error обновления графика для io:Sensor1_S: TypeError: Failed to fetch
    at fetchVariableHistory (http://localhost:8000/static/js/app.js:11919:28)
    at updateChart (http://localhost:8000/static/js/app.js:13985:31)
    at http://localhost:8000/static/js/app.js:1209:27 @ http://localhost:8000/static/js/app.js:14010
[  574239ms] [ERROR] Failed to load resource: net::ERR_CONNECTION_REFUSED @ http://localhost:8000/api/objects/SharedMemory/variables/io%3ASensor10_S/history?count=200&server=ee8d9159:0
[  574239ms] [ERROR] Error обновления графика для io:Sensor10_S: TypeError: Failed to fetch
    at fetchVariableHistory (http://localhost:8000/static/js/app.js:11919:28)
    at updateChart (http://localhost:8000/static/js/app.js:13985:31)
    at http://localhost:8000/static/js/app.js:1209:27 @ http://localhost:8000/static/js/app.js:14010
[  574239ms] [ERROR] Failed to load resource: net::ERR_CONNECTION_REFUSED @ http://localhost:8000/api/objects/SharedMemory/variables/io%3ASensor100_S/history?count=200&server=ee8d9159:0
[  574239ms] [ERROR] Error обновления графика для io:Sensor100_S: TypeError: Failed to fetch
    at fetchVariableHistory (http://localhost:8000/static/js/app.js:11919:28)
    at updateChart (http://localhost:8000/static/js/app.js:13985:31)
    at http://localhost:8000/static/js/app.js:1209:27 @ http://localhost:8000/static/js/app.js:14010
[  575237ms] [ERROR] Failed to load resource: net::ERR_CONNECTION_REFUSED @ http://localhost:8000/api/objects/SharedMemory?server=ee8d9159:0
[  575238ms] [ERROR] Error загрузки ee8d9159:SharedMemory: TypeError: Failed to fetch
    at fetchObjectData (http://localhost:8000/static/js/app.js:11889:28)
    at loadObjectData (http://localhost:8000/static/js/app.js:13547:28)
    at http://localhost:8000/static/js/app.js:1198:23 @ http://localhost:8000/static/js/app.js:13558
[  575238ms] [ERROR] Failed to load resource: net::ERR_CONNECTION_REFUSED @ http://localhost:8000/api/objects/SharedMemory/variables/io%3ASensor1_S/history?count=200&server=ee8d9159:0
[  575238ms] [ERROR] Error обновления графика для io:Sensor1_S: TypeError: Failed to fetch
    at fetchVariableHistory (http://localhost:8000/static/js/app.js:11919:28)
    at updateChart (http://localhost:8000/static/js/app.js:13985:31)
    at http://localhost:8000/static/js/app.js:1209:27 @ http://localhost:8000/static/js/app.js:14010
[  575238ms] [ERROR] Failed to load resource: net::ERR_CONNECTION_REFUSED @ http://localhost:8000/api/objects/SharedMemory/variables/io%3ASensor10_S/history?count=200&server=ee8d9159:0
[  575238ms] [ERROR] Error обновления графика для io:Sensor10_S: TypeError: Failed to fetch
    at fetchVariableHistory (http://localhost:8000/static/js/app.js:11919:28)
    at updateChart (http://localhost:8000/static/js/app.js:13985:31)
    at http://localhost:8000/static/js/app.js:1209:27 @ http://localhost:8000/static/js/app.js:14010
[  575238ms] [ERROR] Failed to load resource: net::ERR_CONNECTION_REFUSED @ http://localhost:8000/api/objects/SharedMemory/variables/io%3ASensor100_S/history?count=200&server=ee8d9159:0
[  575238ms] [ERROR] Error обновления графика для io:Sensor100_S: TypeError: Failed to fetch
    at fetchVariableHistory (http://localhost:8000/static/js/app.js:11919:28)
    at updateChart (http://localhost:8000/static/js/app.js:13985:31)
    at http://localhost:8000/static/js/app.js:1209:27 @ http://localhost:8000/static/js/app.js:14010
[  575351ms] [ERROR] Failed to load resource: net::ERR_CONNECTION_REFUSED @ http://localhost:8000/api/recording/status:0
[  576237ms] [ERROR] Failed to load resource: net::ERR_CONNECTION_REFUSED @ http://localhost:8000/api/objects/SharedMemory?server=ee8d9159:0
[  576237ms] [ERROR] Error загрузки ee8d9159:SharedMemory: TypeError: Failed to fetch
    at fetchObjectData (http://localhost:8000/static/js/app.js:11889:28)
    at loadObjectData (http://localhost:8000/static/js/app.js:13547:28)
    at http://localhost:8000/static/js/app.js:1198:23 @ http://localhost:8000/static/js/app.js:13558
[  576238ms] [ERROR] Failed to load resource: net::ERR_CONNECTION_REFUSED @ http://localhost:8000/api/objects/SharedMemory/variables/io%3ASensor1_S/history?count=200&server=ee8d9159:0
[  576238ms] [ERROR] Error обновления графика для io:Sensor1_S: TypeError: Failed to fetch
    at fetchVariableHistory (http://localhost:8000/static/js/app.js:11919:28)
    at updateChart (http://localhost:8000/static/js/app.js:13985:31)
    at http://localhost:8000/static/js/app.js:1209:27 @ http://localhost:8000/static/js/app.js:14010
[  576238ms] [ERROR] Failed to load resource: net::ERR_CONNECTION_REFUSED @ http://localhost:8000/api/objects/SharedMemory/variables/io%3ASensor10_S/history?count=200&server=ee8d9159:0
[  576238ms] [ERROR] Error обновления графика для io:Sensor10_S: TypeError: Failed to fetch
    at fetchVariableHistory (http://localhost:8000/static/js/app.js:11919:28)
    at updateChart (http://localhost:8000/static/js/app.js:13985:31)
    at http://localhost:8000/static/js/app.js:1209:27 @ http://localhost:8000/static/js/app.js:14010
[  576238ms] [ERROR] Failed to load resource: net::ERR_CONNECTION_REFUSED @ http://localhost:8000/api/objects/SharedMemory/variables/io%3ASensor100_S/history?count=200&server=ee8d9159:0
[  576238ms] [ERROR] Error обновления графика для io:Sensor100_S: TypeError: Failed to fetch
    at fetchVariableHistory (http://localhost:8000/static/js/app.js:11919:28)
    at updateChart (http://localhost:8000/static/js/app.js:13985:31)
    at http://localhost:8000/static/js/app.js:1209:27 @ http://localhost:8000/static/js/app.js:14010
[  577238ms] [ERROR] Failed to load resource: net::ERR_CONNECTION_REFUSED @ http://localhost:8000/api/objects/SharedMemory?server=ee8d9159:0
[  577238ms] [ERROR] Error загрузки ee8d9159:SharedMemory: TypeError: Failed to fetch
    at fetchObjectData (http://localhost:8000/static/js/app.js:11889:28)
    at loadObjectData (http://localhost:8000/static/js/app.js:13547:28)
    at http://localhost:8000/static/js/app.js:1198:23 @ http://localhost:8000/static/js/app.js:13558
[  577238ms] [ERROR] Failed to load resource: net::ERR_CONNECTION_REFUSED @ http://localhost:8000/api/objects/SharedMemory/variables/io%3ASensor1_S/history?count=200&server=ee8d9159:0
[  577238ms] [ERROR] Error обновления графика для io:Sensor1_S: TypeError: Failed to fetch
    at fetchVariableHistory (http://localhost:8000/static/js/app.js:11919:28)
    at updateChart (http://localhost:8000/static/js/app.js:13985:31)
    at http://localhost:8000/static/js/app.js:1209:27 @ http://localhost:8000/static/js/app.js:14010
[  577239ms] [ERROR] Failed to load resource: net::ERR_CONNECTION_REFUSED @ http://localhost:8000/api/objects/SharedMemory/variables/io%3ASensor10_S/history?count=200&server=ee8d9159:0
[  577239ms] [ERROR] Error обновления графика для io:Sensor10_S: TypeError: Failed to fetch
    at fetchVariableHistory (http://localhost:8000/static/js/app.js:11919:28)
    at updateChart (http://localhost:8000/static/js/app.js:13985:31)
    at http://localhost:8000/static/js/app.js:1209:27 @ http://localhost:8000/static/js/app.js:14010
[  577239ms] [ERROR] Failed to load resource: net::ERR_CONNECTION_REFUSED @ http://localhost:8000/api/objects/SharedMemory/variables/io%3ASensor100_S/history?count=200&server=ee8d9159:0
[  577239ms] [ERROR] Error обновления графика для io:Sensor100_S: TypeError: Failed to fetch
    at fetchVariableHistory (http://localhost:8000/static/js/app.js:11919:28)
    at updateChart (http://localhost:8000/static/js/app.js:13985:31)
    at http://localhost:8000/static/js/app.js:1209:27 @ http://localhost:8000/static/js/app.js:14010
[  578236ms] [ERROR] Failed to load resource: net::ERR_CONNECTION_REFUSED @ http://localhost:8000/api/servers:0
[  578236ms] [ERROR] Error обновления списка объектов: TypeError: Failed to fetch
    at fetchServers (http://localhost:8000/static/js/app.js:11815:28)
    at fetchObjects (http://localhost:8000/static/js/app.js:11822:31)
    at refreshObjectsList (http://localhost:8000/static/js/app.js:11870:28)
    at http://localhost:8000/static/js/app.js:1191:9 @ http://localhost:8000/static/js/app.js:11873
[  578237ms] [ERROR] Failed to load resource: net::ERR_CONNECTION_REFUSED @ http://localhost:8000/api/objects/SharedMemory?server=ee8d9159:0
[  578237ms] [ERROR] Error загрузки ee8d9159:SharedMemory: TypeError: Failed to fetch
    at fetchObjectData (http://localhost:8000/static/js/app.js:11889:28)
    at loadObjectData (http://localhost:8000/static/js/app.js:13547:28)
    at http://localhost:8000/static/js/app.js:1198:23 @ http://localhost:8000/static/js/app.js:13558
[  578237ms] [ERROR] Failed to load resource: net::ERR_CONNECTION_REFUSED @ http://localhost:8000/api/objects/SharedMemory/variables/io%3ASensor1_S/history?count=200&server=ee8d9159:0
[  578237ms] [ERROR] Error обновления графика для io:Sensor1_S: TypeError: Failed to fetch
    at fetchVariableHistory (http://localhost:8000/static/js/app.js:11919:28)
    at updateChart (http://localhost:8000/static/js/app.js:13985:31)
    at http://localhost:8000/static/js/app.js:1209:27 @ http://localhost:8000/static/js/app.js:14010
[  578237ms] [ERROR] Failed to load resource: net::ERR_CONNECTION_REFUSED @ http://localhost:8000/api/objects/SharedMemory/variables/io%3ASensor10_S/history?count=200&server=ee8d9159:0
[  578237ms] [ERROR] Error обновления графика для io:Sensor10_S: TypeError: Failed to fetch
    at fetchVariableHistory (http://localhost:8000/static/js/app.js:11919:28)
    at updateChart (http://localhost:8000/static/js/app.js:13985:31)
    at http://localhost:8000/static/js/app.js:1209:27 @ http://localhost:8000/static/js/app.js:14010
[  578237ms] [ERROR] Failed to load resource: net::ERR_CONNECTION_REFUSED @ http://localhost:8000/api/objects/SharedMemory/variables/io%3ASensor100_S/history?count=200&server=ee8d9159:0
[  578237ms] [ERROR] Error обновления графика для io:Sensor100_S: TypeError: Failed to fetch
    at fetchVariableHistory (http://localhost:8000/static/js/app.js:11919:28)
    at updateChart (http://localhost:8000/static/js/app.js:13985:31)
    at http://localhost:8000/static/js/app.js:1209:27 @ http://localhost:8000/static/js/app.js:14010
[  579239ms] [ERROR] Failed to load resource: net::ERR_CONNECTION_REFUSED @ http://localhost:8000/api/objects/SharedMemory?server=ee8d9159:0
[  579239ms] [ERROR] Error загрузки ee8d9159:SharedMemory: TypeError: Failed to fetch
    at fetchObjectData (http://localhost:8000/static/js/app.js:11889:28)
    at loadObjectData (http://localhost:8000/static/js/app.js:13547:28)
    at http://localhost:8000/static/js/app.js:1198:23 @ http://localhost:8000/static/js/app.js:13558
[  579239ms] [ERROR] Failed to load resource: net::ERR_CONNECTION_REFUSED @ http://localhost:8000/api/objects/SharedMemory/variables/io%3ASensor1_S/history?count=200&server=ee8d9159:0
[  579239ms] [ERROR] Error обновления графика для io:Sensor1_S: TypeError: Failed to fetch
    at fetchVariableHistory (http://localhost:8000/static/js/app.js:11919:28)
    at updateChart (http://localhost:8000/static/js/app.js:13985:31)
    at http://localhost:8000/static/js/app.js:1209:27 @ http://localhost:8000/static/js/app.js:14010
[  579239ms] [ERROR] Failed to load resource: net::ERR_CONNECTION_REFUSED @ http://localhost:8000/api/objects/SharedMemory/variables/io%3ASensor10_S/history?count=200&server=ee8d9159:0
[  579239ms] [ERROR] Error обновления графика для io:Sensor10_S: TypeError: Failed to fetch
    at fetchVariableHistory (http://localhost:8000/static/js/app.js:11919:28)
    at updateChart (http://localhost:8000/static/js/app.js:13985:31)
    at http://localhost:8000/static/js/app.js:1209:27 @ http://localhost:8000/static/js/app.js:14010
[  579240ms] [ERROR] Failed to load resource: net::ERR_CONNECTION_REFUSED @ http://localhost:8000/api/objects/SharedMemory/variables/io%3ASensor100_S/history?count=200&server=ee8d9159:0
[  579240ms] [ERROR] Error обновления графика для io:Sensor100_S: TypeError: Failed to fetch
    at fetchVariableHistory (http://localhost:8000/static/js/app.js:11919:28)
    at updateChart (http://localhost:8000/static/js/app.js:13985:31)
    at http://localhost:8000/static/js/app.js:1209:27 @ http://localhost:8000/static/js/app.js:14010
[  580238ms] [ERROR] Failed to load resource: net::ERR_CONNECTION_REFUSED @ http://localhost:8000/api/objects/SharedMemory?server=ee8d9159:0
[  580238ms] [ERROR] Error загрузки ee8d9159:SharedMemory: TypeError: Failed to fetch
    at fetchObjectData (http://localhost:8000/static/js/app.js:11889:28)
    at loadObjectData (http://localhost:8000/static/js/app.js:13547:28)
    at http://localhost:8000/static/js/app.js:1198:23 @ http://localhost:8000/static/js/app.js:13558
[  580238ms] [ERROR] Failed to load resource: net::ERR_CONNECTION_REFUSED @ http://localhost:8000/api/objects/SharedMemory/variables/io%3ASensor1_S/history?count=200&server=ee8d9159:0
[  580238ms] [ERROR] Error обновления графика для io:Sensor1_S: TypeError: Failed to fetch
    at fetchVariableHistory (http://localhost:8000/static/js/app.js:11919:28)
    at updateChart (http://localhost:8000/static/js/app.js:13985:31)
    at http://localhost:8000/static/js/app.js:1209:27 @ http://localhost:8000/static/js/app.js:14010
[  580238ms] [ERROR] Failed to load resource: net::ERR_CONNECTION_REFUSED @ http://localhost:8000/api/objects/SharedMemory/variables/io%3ASensor10_S/history?count=200&server=ee8d9159:0
[  580238ms] [ERROR] Error обновления графика для io:Sensor10_S: TypeError: Failed to fetch
    at fetchVariableHistory (http://localhost:8000/static/js/app.js:11919:28)
    at updateChart (http://localhost:8000/static/js/app.js:13985:31)
    at http://localhost:8000/static/js/app.js:1209:27 @ http://localhost:8000/static/js/app.js:14010
[  580238ms] [ERROR] Failed to load resource: net::ERR_CONNECTION_REFUSED @ http://localhost:8000/api/objects/SharedMemory/variables/io%3ASensor100_S/history?count=200&server=ee8d9159:0
[  580239ms] [ERROR] Error обновления графика для io:Sensor100_S: TypeError: Failed to fetch
    at fetchVariableHistory (http://localhost:8000/static/js/app.js:11919:28)
    at updateChart (http://localhost:8000/static/js/app.js:13985:31)
    at http://localhost:8000/static/js/app.js:1209:27 @ http://localhost:8000/static/js/app.js:14010
[  580350ms] [ERROR] Failed to load resource: net::ERR_CONNECTION_REFUSED @ http://localhost:8000/api/recording/status:0
[  581238ms] [ERROR] Failed to load resource: net::ERR_CONNECTION_REFUSED @ http://localhost:8000/api/objects/SharedMemory?server=ee8d9159:0
[  581238ms] [ERROR] Error загрузки ee8d9159:SharedMemory: TypeError: Failed to fetch
    at fetchObjectData (http://localhost:8000/static/js/app.js:11889:28)
    at loadObjectData (http://localhost:8000/static/js/app.js:13547:28)
    at http://localhost:8000/static/js/app.js:1198:23 @ http://localhost:8000/static/js/app.js:13558
[  581238ms] [ERROR] Failed to load resource: net::ERR_CONNECTION_REFUSED @ http://localhost:8000/api/objects/SharedMemory/variables/io%3ASensor1_S/history?count=200&server=ee8d9159:0
[  581238ms] [ERROR] Error обновления графика для io:Sensor1_S: TypeError: Failed to fetch
    at fetchVariableHistory (http://localhost:8000/static/js/app.js:11919:28)
    at updateChart (http://localhost:8000/static/js/app.js:13985:31)
    at http://localhost:8000/static/js/app.js:1209:27 @ http://localhost:8000/static/js/app.js:14010
[  581238ms] [ERROR] Failed to load resource: net::ERR_CONNECTION_REFUSED @ http://localhost:8000/api/objects/SharedMemory/variables/io%3ASensor10_S/history?count=200&server=ee8d9159:0
[  581238ms] [ERROR] Error обновления графика для io:Sensor10_S: TypeError: Failed to fetch
    at fetchVariableHistory (http://localhost:8000/static/js/app.js:11919:28)
    at updateChart (http://localhost:8000/static/js/app.js:13985:31)
    at http://localhost:8000/static/js/app.js:1209:27 @ http://localhost:8000/static/js/app.js:14010
[  581239ms] [ERROR] Failed to load resource: net::ERR_CONNECTION_REFUSED @ http://localhost:8000/api/objects/SharedMemory/variables/io%3ASensor100_S/history?count=200&server=ee8d9159:0
[  581239ms] [ERROR] Error обновления графика для io:Sensor100_S: TypeError: Failed to fetch
    at fetchVariableHistory (http://localhost:8000/static/js/app.js:11919:28)
    at updateChart (http://localhost:8000/static/js/app.js:13985:31)
    at http://localhost:8000/static/js/app.js:1209:27 @ http://localhost:8000/static/js/app.js:14010
[  582238ms] [ERROR] Failed to load resource: net::ERR_CONNECTION_REFUSED @ http://localhost:8000/api/objects/SharedMemory?server=ee8d9159:0
[  582238ms] [ERROR] Error загрузки ee8d9159:SharedMemory: TypeError: Failed to fetch
    at fetchObjectData (http://localhost:8000/static/js/app.js:11889:28)
    at loadObjectData (http://localhost:8000/static/js/app.js:13547:28)
    at http://localhost:8000/static/js/app.js:1198:23 @ http://localhost:8000/static/js/app.js:13558
[  582238ms] [ERROR] Failed to load resource: net::ERR_CONNECTION_REFUSED @ http://localhost:8000/api/objects/SharedMemory/variables/io%3ASensor1_S/history?count=200&server=ee8d9159:0
[  582238ms] [ERROR] Error обновления графика для io:Sensor1_S: TypeError: Failed to fetch
    at fetchVariableHistory (http://localhost:8000/static/js/app.js:11919:28)
    at updateChart (http://localhost:8000/static/js/app.js:13985:31)
    at http://localhost:8000/static/js/app.js:1209:27 @ http://localhost:8000/static/js/app.js:14010
[  582238ms] [ERROR] Failed to load resource: net::ERR_CONNECTION_REFUSED @ http://localhost:8000/api/objects/SharedMemory/variables/io%3ASensor10_S/history?count=200&server=ee8d9159:0
[  582238ms] [ERROR] Error обновления графика для io:Sensor10_S: TypeError: Failed to fetch
    at fetchVariableHistory (http://localhost:8000/static/js/app.js:11919:28)
    at updateChart (http://localhost:8000/static/js/app.js:13985:31)
    at http://localhost:8000/static/js/app.js:1209:27 @ http://localhost:8000/static/js/app.js:14010
[  582238ms] [ERROR] Failed to load resource: net::ERR_CONNECTION_REFUSED @ http://localhost:8000/api/objects/SharedMemory/variables/io%3ASensor100_S/history?count=200&server=ee8d9159:0
[  582238ms] [ERROR] Error обновления графика для io:Sensor100_S: TypeError: Failed to fetch
    at fetchVariableHistory (http://localhost:8000/static/js/app.js:11919:28)
    at updateChart (http://localhost:8000/static/js/app.js:13985:31)
    at http://localhost:8000/static/js/app.js:1209:27 @ http://localhost:8000/static/js/app.js:14010
[  583238ms] [ERROR] Failed to load resource: net::ERR_CONNECTION_REFUSED @ http://localhost:8000/api/objects/SharedMemory?server=ee8d9159:0
[  583238ms] [ERROR] Error загрузки ee8d9159:SharedMemory: TypeError: Failed to fetch
    at fetchObjectData (http://localhost:8000/static/js/app.js:11889:28)
    at loadObjectData (http://localhost:8000/static/js/app.js:13547:28)
    at http://localhost:8000/static/js/app.js:1198:23 @ http://localhost:8000/static/js/app.js:13558
[  583239ms] [ERROR] Failed to load resource: net::ERR_CONNECTION_REFUSED @ http://localhost:8000/api/objects/SharedMemory/variables/io%3ASensor1_S/history?count=200&server=ee8d9159:0
[  583239ms] [ERROR] Error обновления графика для io:Sensor1_S: TypeError: Failed to fetch
    at fetchVariableHistory (http://localhost:8000/static/js/app.js:11919:28)
    at updateChart (http://localhost:8000/static/js/app.js:13985:31)
    at http://localhost:8000/static/js/app.js:1209:27 @ http://localhost:8000/static/js/app.js:14010
[  583239ms] [ERROR] Failed to load resource: net::ERR_CONNECTION_REFUSED @ http://localhost:8000/api/objects/SharedMemory/variables/io%3ASensor10_S/history?count=200&server=ee8d9159:0
[  583239ms] [ERROR] Error обновления графика для io:Sensor10_S: TypeError: Failed to fetch
    at fetchVariableHistory (http://localhost:8000/static/js/app.js:11919:28)
    at updateChart (http://localhost:8000/static/js/app.js:13985:31)
    at http://localhost:8000/static/js/app.js:1209:27 @ http://localhost:8000/static/js/app.js:14010
[  583239ms] [ERROR] Failed to load resource: net::ERR_CONNECTION_REFUSED @ http://localhost:8000/api/objects/SharedMemory/variables/io%3ASensor100_S/history?count=200&server=ee8d9159:0
[  583239ms] [ERROR] Error обновления графика для io:Sensor100_S: TypeError: Failed to fetch
    at fetchVariableHistory (http://localhost:8000/static/js/app.js:11919:28)
    at updateChart (http://localhost:8000/static/js/app.js:13985:31)
    at http://localhost:8000/static/js/app.js:1209:27 @ http://localhost:8000/static/js/app.js:14010
[  584238ms] [ERROR] Failed to load resource: net::ERR_CONNECTION_REFUSED @ http://localhost:8000/api/servers:0
[  584239ms] [ERROR] Error обновления списка объектов: TypeError: Failed to fetch
    at fetchServers (http://localhost:8000/static/js/app.js:11815:28)
    at fetchObjects (http://localhost:8000/static/js/app.js:11822:31)
    at refreshObjectsList (http://localhost:8000/static/js/app.js:11870:28)
    at http://localhost:8000/static/js/app.js:1191:9 @ http://localhost:8000/static/js/app.js:11873
[  584239ms] [ERROR] Failed to load resource: net::ERR_CONNECTION_REFUSED @ http://localhost:8000/api/objects/SharedMemory?server=ee8d9159:0
[  584239ms] [ERROR] Error загрузки ee8d9159:SharedMemory: TypeError: Failed to fetch
    at fetchObjectData (http://localhost:8000/static/js/app.js:11889:28)
    at loadObjectData (http://localhost:8000/static/js/app.js:13547:28)
    at http://localhost:8000/static/js/app.js:1198:23 @ http://localhost:8000/static/js/app.js:13558
[  584239ms] [ERROR] Failed to load resource: net::ERR_CONNECTION_REFUSED @ http://localhost:8000/api/objects/SharedMemory/variables/io%3ASensor1_S/history?count=200&server=ee8d9159:0
[  584239ms] [ERROR] Error обновления графика для io:Sensor1_S: TypeError: Failed to fetch
    at fetchVariableHistory (http://localhost:8000/static/js/app.js:11919:28)
    at updateChart (http://localhost:8000/static/js/app.js:13985:31)
    at http://localhost:8000/static/js/app.js:1209:27 @ http://localhost:8000/static/js/app.js:14010
[  584239ms] [ERROR] Failed to load resource: net::ERR_CONNECTION_REFUSED @ http://localhost:8000/api/objects/SharedMemory/variables/io%3ASensor10_S/history?count=200&server=ee8d9159:0
[  584239ms] [ERROR] Error обновления графика для io:Sensor10_S: TypeError: Failed to fetch
    at fetchVariableHistory (http://localhost:8000/static/js/app.js:11919:28)
    at updateChart (http://localhost:8000/static/js/app.js:13985:31)
    at http://localhost:8000/static/js/app.js:1209:27 @ http://localhost:8000/static/js/app.js:14010
[  584240ms] [ERROR] Failed to load resource: net::ERR_CONNECTION_REFUSED @ http://localhost:8000/api/objects/SharedMemory/variables/io%3ASensor100_S/history?count=200&server=ee8d9159:0
[  584240ms] [ERROR] Error обновления графика для io:Sensor100_S: TypeError: Failed to fetch
    at fetchVariableHistory (http://localhost:8000/static/js/app.js:11919:28)
    at updateChart (http://localhost:8000/static/js/app.js:13985:31)
    at http://localhost:8000/static/js/app.js:1209:27 @ http://localhost:8000/static/js/app.js:14010
[  585238ms] [ERROR] Failed to load resource: net::ERR_CONNECTION_REFUSED @ http://localhost:8000/api/objects/SharedMemory?server=ee8d9159:0
[  585238ms] [ERROR] Error загрузки ee8d9159:SharedMemory: TypeError: Failed to fetch
    at fetchObjectData (http://localhost:8000/static/js/app.js:11889:28)
    at loadObjectData (http://localhost:8000/static/js/app.js:13547:28)
    at http://localhost:8000/static/js/app.js:1198:23 @ http://localhost:8000/static/js/app.js:13558
[  585239ms] [ERROR] Failed to load resource: net::ERR_CONNECTION_REFUSED @ http://localhost:8000/api/objects/SharedMemory/variables/io%3ASensor1_S/history?count=200&server=ee8d9159:0
[  585239ms] [ERROR] Error обновления графика для io:Sensor1_S: TypeError: Failed to fetch
    at fetchVariableHistory (http://localhost:8000/static/js/app.js:11919:28)
    at updateChart (http://localhost:8000/static/js/app.js:13985:31)
    at http://localhost:8000/static/js/app.js:1209:27 @ http://localhost:8000/static/js/app.js:14010
[  585239ms] [ERROR] Failed to load resource: net::ERR_CONNECTION_REFUSED @ http://localhost:8000/api/objects/SharedMemory/variables/io%3ASensor10_S/history?count=200&server=ee8d9159:0
[  585239ms] [ERROR] Error обновления графика для io:Sensor10_S: TypeError: Failed to fetch
    at fetchVariableHistory (http://localhost:8000/static/js/app.js:11919:28)
    at updateChart (http://localhost:8000/static/js/app.js:13985:31)
    at http://localhost:8000/static/js/app.js:1209:27 @ http://localhost:8000/static/js/app.js:14010
[  585239ms] [ERROR] Failed to load resource: net::ERR_CONNECTION_REFUSED @ http://localhost:8000/api/objects/SharedMemory/variables/io%3ASensor100_S/history?count=200&server=ee8d9159:0
[  585239ms] [ERROR] Error обновления графика для io:Sensor100_S: TypeError: Failed to fetch
    at fetchVariableHistory (http://localhost:8000/static/js/app.js:11919:28)
    at updateChart (http://localhost:8000/static/js/app.js:13985:31)
    at http://localhost:8000/static/js/app.js:1209:27 @ http://localhost:8000/static/js/app.js:14010
[  585350ms] [ERROR] Failed to load resource: net::ERR_CONNECTION_REFUSED @ http://localhost:8000/api/recording/status:0
[  586237ms] [ERROR] Failed to load resource: net::ERR_CONNECTION_REFUSED @ http://localhost:8000/api/objects/SharedMemory?server=ee8d9159:0
[  586237ms] [ERROR] Error загрузки ee8d9159:SharedMemory: TypeError: Failed to fetch
    at fetchObjectData (http://localhost:8000/static/js/app.js:11889:28)
    at loadObjectData (http://localhost:8000/static/js/app.js:13547:28)
    at http://localhost:8000/static/js/app.js:1198:23 @ http://localhost:8000/static/js/app.js:13558
[  586238ms] [ERROR] Failed to load resource: net::ERR_CONNECTION_REFUSED @ http://localhost:8000/api/objects/SharedMemory/variables/io%3ASensor1_S/history?count=200&server=ee8d9159:0
[  586238ms] [ERROR] Error обновления графика для io:Sensor1_S: TypeError: Failed to fetch
    at fetchVariableHistory (http://localhost:8000/static/js/app.js:11919:28)
    at updateChart (http://localhost:8000/static/js/app.js:13985:31)
    at http://localhost:8000/static/js/app.js:1209:27 @ http://localhost:8000/static/js/app.js:14010
[  586238ms] [ERROR] Failed to load resource: net::ERR_CONNECTION_REFUSED @ http://localhost:8000/api/objects/SharedMemory/variables/io%3ASensor10_S/history?count=200&server=ee8d9159:0
[  586238ms] [ERROR] Error обновления графика для io:Sensor10_S: TypeError: Failed to fetch
    at fetchVariableHistory (http://localhost:8000/static/js/app.js:11919:28)
    at updateChart (http://localhost:8000/static/js/app.js:13985:31)
    at http://localhost:8000/static/js/app.js:1209:27 @ http://localhost:8000/static/js/app.js:14010
[  586238ms] [ERROR] Failed to load resource: net::ERR_CONNECTION_REFUSED @ http://localhost:8000/api/objects/SharedMemory/variables/io%3ASensor100_S/history?count=200&server=ee8d9159:0
[  586238ms] [ERROR] Error обновления графика для io:Sensor100_S: TypeError: Failed to fetch
    at fetchVariableHistory (http://localhost:8000/static/js/app.js:11919:28)
    at updateChart (http://localhost:8000/static/js/app.js:13985:31)
    at http://localhost:8000/static/js/app.js:1209:27 @ http://localhost:8000/static/js/app.js:14010
[  587236ms] [ERROR] Failed to load resource: net::ERR_CONNECTION_REFUSED @ http://localhost:8000/api/objects/SharedMemory?server=ee8d9159:0
[  587236ms] [ERROR] Error загрузки ee8d9159:SharedMemory: TypeError: Failed to fetch
    at fetchObjectData (http://localhost:8000/static/js/app.js:11889:28)
    at loadObjectData (http://localhost:8000/static/js/app.js:13547:28)
    at http://localhost:8000/static/js/app.js:1198:23 @ http://localhost:8000/static/js/app.js:13558
[  587236ms] [ERROR] Failed to load resource: net::ERR_CONNECTION_REFUSED @ http://localhost:8000/api/objects/SharedMemory/variables/io%3ASensor1_S/history?count=200&server=ee8d9159:0
[  587236ms] [ERROR] Error обновления графика для io:Sensor1_S: TypeError: Failed to fetch
    at fetchVariableHistory (http://localhost:8000/static/js/app.js:11919:28)
    at updateChart (http://localhost:8000/static/js/app.js:13985:31)
    at http://localhost:8000/static/js/app.js:1209:27 @ http://localhost:8000/static/js/app.js:14010
[  587236ms] [ERROR] Failed to load resource: net::ERR_CONNECTION_REFUSED @ http://localhost:8000/api/objects/SharedMemory/variables/io%3ASensor10_S/history?count=200&server=ee8d9159:0
[  587236ms] [ERROR] Error обновления графика для io:Sensor10_S: TypeError: Failed to fetch
    at fetchVariableHistory (http://localhost:8000/static/js/app.js:11919:28)
    at updateChart (http://localhost:8000/static/js/app.js:13985:31)
    at http://localhost:8000/static/js/app.js:1209:27 @ http://localhost:8000/static/js/app.js:14010
[  587237ms] [ERROR] Failed to load resource: net::ERR_CONNECTION_REFUSED @ http://localhost:8000/api/objects/SharedMemory/variables/io%3ASensor100_S/history?count=200&server=ee8d9159:0
[  587237ms] [ERROR] Error обновления графика для io:Sensor100_S: TypeError: Failed to fetch
    at fetchVariableHistory (http://localhost:8000/static/js/app.js:11919:28)
    at updateChart (http://localhost:8000/static/js/app.js:13985:31)
    at http://localhost:8000/static/js/app.js:1209:27 @ http://localhost:8000/static/js/app.js:14010
[  588238ms] [ERROR] Failed to load resource: net::ERR_CONNECTION_REFUSED @ http://localhost:8000/api/objects/SharedMemory?server=ee8d9159:0
[  588238ms] [ERROR] Error загрузки ee8d9159:SharedMemory: TypeError: Failed to fetch
    at fetchObjectData (http://localhost:8000/static/js/app.js:11889:28)
    at loadObjectData (http://localhost:8000/static/js/app.js:13547:28)
    at http://localhost:8000/static/js/app.js:1198:23 @ http://localhost:8000/static/js/app.js:13558
[  588238ms] [ERROR] Failed to load resource: net::ERR_CONNECTION_REFUSED @ http://localhost:8000/api/objects/SharedMemory/variables/io%3ASensor1_S/history?count=200&server=ee8d9159:0
[  588238ms] [ERROR] Error обновления графика для io:Sensor1_S: TypeError: Failed to fetch
    at fetchVariableHistory (http://localhost:8000/static/js/app.js:11919:28)
    at updateChart (http://localhost:8000/static/js/app.js:13985:31)
    at http://localhost:8000/static/js/app.js:1209:27 @ http://localhost:8000/static/js/app.js:14010
[  588238ms] [ERROR] Failed to load resource: net::ERR_CONNECTION_REFUSED @ http://localhost:8000/api/objects/SharedMemory/variables/io%3ASensor10_S/history?count=200&server=ee8d9159:0
[  588238ms] [ERROR] Error обновления графика для io:Sensor10_S: TypeError: Failed to fetch
    at fetchVariableHistory (http://localhost:8000/static/js/app.js:11919:28)
    at updateChart (http://localhost:8000/static/js/app.js:13985:31)
    at http://localhost:8000/static/js/app.js:1209:27 @ http://localhost:8000/static/js/app.js:14010
[  588238ms] [ERROR] Failed to load resource: net::ERR_CONNECTION_REFUSED @ http://localhost:8000/api/objects/SharedMemory/variables/io%3ASensor100_S/history?count=200&server=ee8d9159:0
[  588239ms] [ERROR] Error обновления графика для io:Sensor100_S: TypeError: Failed to fetch
    at fetchVariableHistory (http://localhost:8000/static/js/app.js:11919:28)
    at updateChart (http://localhost:8000/static/js/app.js:13985:31)
    at http://localhost:8000/static/js/app.js:1209:27 @ http://localhost:8000/static/js/app.js:14010
[  589238ms] [ERROR] Failed to load resource: net::ERR_CONNECTION_REFUSED @ http://localhost:8000/api/objects/SharedMemory?server=ee8d9159:0
[  589238ms] [ERROR] Error загрузки ee8d9159:SharedMemory: TypeError: Failed to fetch
    at fetchObjectData (http://localhost:8000/static/js/app.js:11889:28)
    at loadObjectData (http://localhost:8000/static/js/app.js:13547:28)
    at http://localhost:8000/static/js/app.js:1198:23 @ http://localhost:8000/static/js/app.js:13558
[  589239ms] [ERROR] Failed to load resource: net::ERR_CONNECTION_REFUSED @ http://localhost:8000/api/objects/SharedMemory/variables/io%3ASensor1_S/history?count=200&server=ee8d9159:0
[  589239ms] [ERROR] Error обновления графика для io:Sensor1_S: TypeError: Failed to fetch
    at fetchVariableHistory (http://localhost:8000/static/js/app.js:11919:28)
    at updateChart (http://localhost:8000/static/js/app.js:13985:31)
    at http://localhost:8000/static/js/app.js:1209:27 @ http://localhost:8000/static/js/app.js:14010
[  589239ms] [ERROR] Failed to load resource: net::ERR_CONNECTION_REFUSED @ http://localhost:8000/api/objects/SharedMemory/variables/io%3ASensor10_S/history?count=200&server=ee8d9159:0
[  589239ms] [ERROR] Error обновления графика для io:Sensor10_S: TypeError: Failed to fetch
    at fetchVariableHistory (http://localhost:8000/static/js/app.js:11919:28)
    at updateChart (http://localhost:8000/static/js/app.js:13985:31)
    at http://localhost:8000/static/js/app.js:1209:27 @ http://localhost:8000/static/js/app.js:14010
[  589239ms] [ERROR] Failed to load resource: net::ERR_CONNECTION_REFUSED @ http://localhost:8000/api/objects/SharedMemory/variables/io%3ASensor100_S/history?count=200&server=ee8d9159:0
[  589239ms] [ERROR] Error обновления графика для io:Sensor100_S: TypeError: Failed to fetch
    at fetchVariableHistory (http://localhost:8000/static/js/app.js:11919:28)
    at updateChart (http://localhost:8000/static/js/app.js:13985:31)
    at http://localhost:8000/static/js/app.js:1209:27 @ http://localhost:8000/static/js/app.js:14010
[  590237ms] [ERROR] Failed to load resource: net::ERR_CONNECTION_REFUSED @ http://localhost:8000/api/servers:0
[  590237ms] [ERROR] Error обновления списка объектов: TypeError: Failed to fetch
    at fetchServers (http://localhost:8000/static/js/app.js:11815:28)
    at fetchObjects (http://localhost:8000/static/js/app.js:11822:31)
    at refreshObjectsList (http://localhost:8000/static/js/app.js:11870:28)
    at http://localhost:8000/static/js/app.js:1191:9 @ http://localhost:8000/static/js/app.js:11873
[  590238ms] [ERROR] Failed to load resource: net::ERR_CONNECTION_REFUSED @ http://localhost:8000/api/objects/SharedMemory?server=ee8d9159:0
[  590238ms] [ERROR] Error загрузки ee8d9159:SharedMemory: TypeError: Failed to fetch
    at fetchObjectData (http://localhost:8000/static/js/app.js:11889:28)
    at loadObjectData (http://localhost:8000/static/js/app.js:13547:28)
    at http://localhost:8000/static/js/app.js:1198:23 @ http://localhost:8000/static/js/app.js:13558
[  590238ms] [ERROR] Failed to load resource: net::ERR_CONNECTION_REFUSED @ http://localhost:8000/api/objects/SharedMemory/variables/io%3ASensor1_S/history?count=200&server=ee8d9159:0
[  590238ms] [ERROR] Error обновления графика для io:Sensor1_S: TypeError: Failed to fetch
    at fetchVariableHistory (http://localhost:8000/static/js/app.js:11919:28)
    at updateChart (http://localhost:8000/static/js/app.js:13985:31)
    at http://localhost:8000/static/js/app.js:1209:27 @ http://localhost:8000/static/js/app.js:14010
[  590238ms] [ERROR] Failed to load resource: net::ERR_CONNECTION_REFUSED @ http://localhost:8000/api/objects/SharedMemory/variables/io%3ASensor10_S/history?count=200&server=ee8d9159:0
[  590238ms] [ERROR] Error обновления графика для io:Sensor10_S: TypeError: Failed to fetch
    at fetchVariableHistory (http://localhost:8000/static/js/app.js:11919:28)
    at updateChart (http://localhost:8000/static/js/app.js:13985:31)
    at http://localhost:8000/static/js/app.js:1209:27 @ http://localhost:8000/static/js/app.js:14010
[  590239ms] [ERROR] Failed to load resource: net::ERR_CONNECTION_REFUSED @ http://localhost:8000/api/objects/SharedMemory/variables/io%3ASensor100_S/history?count=200&server=ee8d9159:0
[  590239ms] [ERROR] Error обновления графика для io:Sensor100_S: TypeError: Failed to fetch
    at fetchVariableHistory (http://localhost:8000/static/js/app.js:11919:28)
    at updateChart (http://localhost:8000/static/js/app.js:13985:31)
    at http://localhost:8000/static/js/app.js:1209:27 @ http://localhost:8000/static/js/app.js:14010
[  590351ms] [ERROR] Failed to load resource: net::ERR_CONNECTION_REFUSED @ http://localhost:8000/api/recording/status:0
[  591236ms] [ERROR] Failed to load resource: net::ERR_CONNECTION_REFUSED @ http://localhost:8000/api/objects/SharedMemory?server=ee8d9159:0
[  591236ms] [ERROR] Error загрузки ee8d9159:SharedMemory: TypeError: Failed to fetch
    at fetchObjectData (http://localhost:8000/static/js/app.js:11889:28)
    at loadObjectData (http://localhost:8000/static/js/app.js:13547:28)
    at http://localhost:8000/static/js/app.js:1198:23 @ http://localhost:8000/static/js/app.js:13558
[  591236ms] [ERROR] Failed to load resource: net::ERR_CONNECTION_REFUSED @ http://localhost:8000/api/objects/SharedMemory/variables/io%3ASensor1_S/history?count=200&server=ee8d9159:0
[  591237ms] [ERROR] Error обновления графика для io:Sensor1_S: TypeError: Failed to fetch
    at fetchVariableHistory (http://localhost:8000/static/js/app.js:11919:28)
    at updateChart (http://localhost:8000/static/js/app.js:13985:31)
    at http://localhost:8000/static/js/app.js:1209:27 @ http://localhost:8000/static/js/app.js:14010
[  591237ms] [ERROR] Failed to load resource: net::ERR_CONNECTION_REFUSED @ http://localhost:8000/api/objects/SharedMemory/variables/io%3ASensor10_S/history?count=200&server=ee8d9159:0
[  591237ms] [ERROR] Error обновления графика для io:Sensor10_S: TypeError: Failed to fetch
    at fetchVariableHistory (http://localhost:8000/static/js/app.js:11919:28)
    at updateChart (http://localhost:8000/static/js/app.js:13985:31)
    at http://localhost:8000/static/js/app.js:1209:27 @ http://localhost:8000/static/js/app.js:14010
[  591237ms] [ERROR] Failed to load resource: net::ERR_CONNECTION_REFUSED @ http://localhost:8000/api/objects/SharedMemory/variables/io%3ASensor100_S/history?count=200&server=ee8d9159:0
[  591237ms] [ERROR] Error обновления графика для io:Sensor100_S: TypeError: Failed to fetch
    at fetchVariableHistory (http://localhost:8000/static/js/app.js:11919:28)
    at updateChart (http://localhost:8000/static/js/app.js:13985:31)
    at http://localhost:8000/static/js/app.js:1209:27 @ http://localhost:8000/static/js/app.js:14010
[  592237ms] [ERROR] Failed to load resource: net::ERR_CONNECTION_REFUSED @ http://localhost:8000/api/objects/SharedMemory?server=ee8d9159:0
[  592237ms] [ERROR] Error загрузки ee8d9159:SharedMemory: TypeError: Failed to fetch
    at fetchObjectData (http://localhost:8000/static/js/app.js:11889:28)
    at loadObjectData (http://localhost:8000/static/js/app.js:13547:28)
    at http://localhost:8000/static/js/app.js:1198:23 @ http://localhost:8000/static/js/app.js:13558
[  592238ms] [ERROR] Failed to load resource: net::ERR_CONNECTION_REFUSED @ http://localhost:8000/api/objects/SharedMemory/variables/io%3ASensor1_S/history?count=200&server=ee8d9159:0
[  592238ms] [ERROR] Error обновления графика для io:Sensor1_S: TypeError: Failed to fetch
    at fetchVariableHistory (http://localhost:8000/static/js/app.js:11919:28)
    at updateChart (http://localhost:8000/static/js/app.js:13985:31)
    at http://localhost:8000/static/js/app.js:1209:27 @ http://localhost:8000/static/js/app.js:14010
[  592238ms] [ERROR] Failed to load resource: net::ERR_CONNECTION_REFUSED @ http://localhost:8000/api/objects/SharedMemory/variables/io%3ASensor10_S/history?count=200&server=ee8d9159:0
[  592238ms] [ERROR] Error обновления графика для io:Sensor10_S: TypeError: Failed to fetch
    at fetchVariableHistory (http://localhost:8000/static/js/app.js:11919:28)
    at updateChart (http://localhost:8000/static/js/app.js:13985:31)
    at http://localhost:8000/static/js/app.js:1209:27 @ http://localhost:8000/static/js/app.js:14010
[  592238ms] [ERROR] Failed to load resource: net::ERR_CONNECTION_REFUSED @ http://localhost:8000/api/objects/SharedMemory/variables/io%3ASensor100_S/history?count=200&server=ee8d9159:0
[  592238ms] [ERROR] Error обновления графика для io:Sensor100_S: TypeError: Failed to fetch
    at fetchVariableHistory (http://localhost:8000/static/js/app.js:11919:28)
    at updateChart (http://localhost:8000/static/js/app.js:13985:31)
    at http://localhost:8000/static/js/app.js:1209:27 @ http://localhost:8000/static/js/app.js:14010
[  593238ms] [ERROR] Failed to load resource: net::ERR_CONNECTION_REFUSED @ http://localhost:8000/api/objects/SharedMemory?server=ee8d9159:0
[  593239ms] [ERROR] Error загрузки ee8d9159:SharedMemory: TypeError: Failed to fetch
    at fetchObjectData (http://localhost:8000/static/js/app.js:11889:28)
    at loadObjectData (http://localhost:8000/static/js/app.js:13547:28)
    at http://localhost:8000/static/js/app.js:1198:23 @ http://localhost:8000/static/js/app.js:13558
[  593239ms] [ERROR] Failed to load resource: net::ERR_CONNECTION_REFUSED @ http://localhost:8000/api/objects/SharedMemory/variables/io%3ASensor1_S/history?count=200&server=ee8d9159:0
[  593239ms] [ERROR] Error обновления графика для io:Sensor1_S: TypeError: Failed to fetch
    at fetchVariableHistory (http://localhost:8000/static/js/app.js:11919:28)
    at updateChart (http://localhost:8000/static/js/app.js:13985:31)
    at http://localhost:8000/static/js/app.js:1209:27 @ http://localhost:8000/static/js/app.js:14010
[  593239ms] [ERROR] Failed to load resource: net::ERR_CONNECTION_REFUSED @ http://localhost:8000/api/objects/SharedMemory/variables/io%3ASensor10_S/history?count=200&server=ee8d9159:0
[  593239ms] [ERROR] Error обновления графика для io:Sensor10_S: TypeError: Failed to fetch
    at fetchVariableHistory (http://localhost:8000/static/js/app.js:11919:28)
    at updateChart (http://localhost:8000/static/js/app.js:13985:31)
    at http://localhost:8000/static/js/app.js:1209:27 @ http://localhost:8000/static/js/app.js:14010
[  593239ms] [ERROR] Failed to load resource: net::ERR_CONNECTION_REFUSED @ http://localhost:8000/api/objects/SharedMemory/variables/io%3ASensor100_S/history?count=200&server=ee8d9159:0
[  593239ms] [ERROR] Error обновления графика для io:Sensor100_S: TypeError: Failed to fetch
    at fetchVariableHistory (http://localhost:8000/static/js/app.js:11919:28)
    at updateChart (http://localhost:8000/static/js/app.js:13985:31)
    at http://localhost:8000/static/js/app.js:1209:27 @ http://localhost:8000/static/js/app.js:14010
[  594237ms] [ERROR] Failed to load resource: net::ERR_CONNECTION_REFUSED @ http://localhost:8000/api/objects/SharedMemory?server=ee8d9159:0
[  594237ms] [ERROR] Error загрузки ee8d9159:SharedMemory: TypeError: Failed to fetch
    at fetchObjectData (http://localhost:8000/static/js/app.js:11889:28)
    at loadObjectData (http://localhost:8000/static/js/app.js:13547:28)
    at http://localhost:8000/static/js/app.js:1198:23 @ http://localhost:8000/static/js/app.js:13558
[  594237ms] [ERROR] Failed to load resource: net::ERR_CONNECTION_REFUSED @ http://localhost:8000/api/objects/SharedMemory/variables/io%3ASensor1_S/history?count=200&server=ee8d9159:0
[  594237ms] [ERROR] Error обновления графика для io:Sensor1_S: TypeError: Failed to fetch
    at fetchVariableHistory (http://localhost:8000/static/js/app.js:11919:28)
    at updateChart (http://localhost:8000/static/js/app.js:13985:31)
    at http://localhost:8000/static/js/app.js:1209:27 @ http://localhost:8000/static/js/app.js:14010
[  594238ms] [ERROR] Failed to load resource: net::ERR_CONNECTION_REFUSED @ http://localhost:8000/api/objects/SharedMemory/variables/io%3ASensor10_S/history?count=200&server=ee8d9159:0
[  594238ms] [ERROR] Error обновления графика для io:Sensor10_S: TypeError: Failed to fetch
    at fetchVariableHistory (http://localhost:8000/static/js/app.js:11919:28)
    at updateChart (http://localhost:8000/static/js/app.js:13985:31)
    at http://localhost:8000/static/js/app.js:1209:27 @ http://localhost:8000/static/js/app.js:14010
[  594238ms] [ERROR] Failed to load resource: net::ERR_CONNECTION_REFUSED @ http://localhost:8000/api/objects/SharedMemory/variables/io%3ASensor100_S/history?count=200&server=ee8d9159:0
[  594238ms] [ERROR] Error обновления графика для io:Sensor100_S: TypeError: Failed to fetch
    at fetchVariableHistory (http://localhost:8000/static/js/app.js:11919:28)
    at updateChart (http://localhost:8000/static/js/app.js:13985:31)
    at http://localhost:8000/static/js/app.js:1209:27 @ http://localhost:8000/static/js/app.js:14010
[  595237ms] [ERROR] Failed to load resource: net::ERR_CONNECTION_REFUSED @ http://localhost:8000/api/objects/SharedMemory?server=ee8d9159:0
[  595237ms] [ERROR] Error загрузки ee8d9159:SharedMemory: TypeError: Failed to fetch
    at fetchObjectData (http://localhost:8000/static/js/app.js:11889:28)
    at loadObjectData (http://localhost:8000/static/js/app.js:13547:28)
    at http://localhost:8000/static/js/app.js:1198:23 @ http://localhost:8000/static/js/app.js:13558
[  595237ms] [ERROR] Failed to load resource: net::ERR_CONNECTION_REFUSED @ http://localhost:8000/api/objects/SharedMemory/variables/io%3ASensor1_S/history?count=200&server=ee8d9159:0
[  595237ms] [ERROR] Error обновления графика для io:Sensor1_S: TypeError: Failed to fetch
    at fetchVariableHistory (http://localhost:8000/static/js/app.js:11919:28)
    at updateChart (http://localhost:8000/static/js/app.js:13985:31)
    at http://localhost:8000/static/js/app.js:1209:27 @ http://localhost:8000/static/js/app.js:14010
[  595237ms] [ERROR] Failed to load resource: net::ERR_CONNECTION_REFUSED @ http://localhost:8000/api/objects/SharedMemory/variables/io%3ASensor10_S/history?count=200&server=ee8d9159:0
[  595237ms] [ERROR] Error обновления графика для io:Sensor10_S: TypeError: Failed to fetch
    at fetchVariableHistory (http://localhost:8000/static/js/app.js:11919:28)
    at updateChart (http://localhost:8000/static/js/app.js:13985:31)
    at http://localhost:8000/static/js/app.js:1209:27 @ http://localhost:8000/static/js/app.js:14010
[  595238ms] [ERROR] Failed to load resource: net::ERR_CONNECTION_REFUSED @ http://localhost:8000/api/objects/SharedMemory/variables/io%3ASensor100_S/history?count=200&server=ee8d9159:0
[  595238ms] [ERROR] Error обновления графика для io:Sensor100_S: TypeError: Failed to fetch
    at fetchVariableHistory (http://localhost:8000/static/js/app.js:11919:28)
    at updateChart (http://localhost:8000/static/js/app.js:13985:31)
    at http://localhost:8000/static/js/app.js:1209:27 @ http://localhost:8000/static/js/app.js:14010
[  595349ms] [ERROR] Failed to load resource: net::ERR_CONNECTION_REFUSED @ http://localhost:8000/api/recording/status:0
[  596238ms] [ERROR] Failed to load resource: net::ERR_CONNECTION_REFUSED @ http://localhost:8000/api/servers:0
[  596238ms] [ERROR] Error обновления списка объектов: TypeError: Failed to fetch
    at fetchServers (http://localhost:8000/static/js/app.js:11815:28)
    at fetchObjects (http://localhost:8000/static/js/app.js:11822:31)
    at refreshObjectsList (http://localhost:8000/static/js/app.js:11870:28)
    at http://localhost:8000/static/js/app.js:1191:9 @ http://localhost:8000/static/js/app.js:11873
[  596238ms] [ERROR] Failed to load resource: net::ERR_CONNECTION_REFUSED @ http://localhost:8000/api/objects/SharedMemory?server=ee8d9159:0
[  596238ms] [ERROR] Error загрузки ee8d9159:SharedMemory: TypeError: Failed to fetch
    at fetchObjectData (http://localhost:8000/static/js/app.js:11889:28)
    at loadObjectData (http://localhost:8000/static/js/app.js:13547:28)
    at http://localhost:8000/static/js/app.js:1198:23 @ http://localhost:8000/static/js/app.js:13558
[  596238ms] [ERROR] Failed to load resource: net::ERR_CONNECTION_REFUSED @ http://localhost:8000/api/objects/SharedMemory/variables/io%3ASensor1_S/history?count=200&server=ee8d9159:0
[  596238ms] [ERROR] Error обновления графика для io:Sensor1_S: TypeError: Failed to fetch
    at fetchVariableHistory (http://localhost:8000/static/js/app.js:11919:28)
    at updateChart (http://localhost:8000/static/js/app.js:13985:31)
    at http://localhost:8000/static/js/app.js:1209:27 @ http://localhost:8000/static/js/app.js:14010
[  596238ms] [ERROR] Failed to load resource: net::ERR_CONNECTION_REFUSED @ http://localhost:8000/api/objects/SharedMemory/variables/io%3ASensor10_S/history?count=200&server=ee8d9159:0
[  596239ms] [ERROR] Error обновления графика для io:Sensor10_S: TypeError: Failed to fetch
    at fetchVariableHistory (http://localhost:8000/static/js/app.js:11919:28)
    at updateChart (http://localhost:8000/static/js/app.js:13985:31)
    at http://localhost:8000/static/js/app.js:1209:27 @ http://localhost:8000/static/js/app.js:14010
[  596239ms] [ERROR] Failed to load resource: net::ERR_CONNECTION_REFUSED @ http://localhost:8000/api/objects/SharedMemory/variables/io%3ASensor100_S/history?count=200&server=ee8d9159:0
[  596239ms] [ERROR] Error обновления графика для io:Sensor100_S: TypeError: Failed to fetch
    at fetchVariableHistory (http://localhost:8000/static/js/app.js:11919:28)
    at updateChart (http://localhost:8000/static/js/app.js:13985:31)
    at http://localhost:8000/static/js/app.js:1209:27 @ http://localhost:8000/static/js/app.js:14010
[  596239ms] [ERROR] Failed to load resource: net::ERR_CONNECTION_REFUSED @ http://localhost:8000/api/version:0
[  597237ms] [ERROR] Failed to load resource: net::ERR_CONNECTION_REFUSED @ http://localhost:8000/api/objects/SharedMemory?server=ee8d9159:0
[  597237ms] [ERROR] Error загрузки ee8d9159:SharedMemory: TypeError: Failed to fetch
    at fetchObjectData (http://localhost:8000/static/js/app.js:11889:28)
    at loadObjectData (http://localhost:8000/static/js/app.js:13547:28)
    at http://localhost:8000/static/js/app.js:1198:23 @ http://localhost:8000/static/js/app.js:13558
[  597238ms] [ERROR] Failed to load resource: net::ERR_CONNECTION_REFUSED @ http://localhost:8000/api/objects/SharedMemory/variables/io%3ASensor1_S/history?count=200&server=ee8d9159:0
[  597239ms] [ERROR] Error обновления графика для io:Sensor1_S: TypeError: Failed to fetch
    at fetchVariableHistory (http://localhost:8000/static/js/app.js:11919:28)
    at updateChart (http://localhost:8000/static/js/app.js:13985:31)
    at http://localhost:8000/static/js/app.js:1209:27 @ http://localhost:8000/static/js/app.js:14010
[  597239ms] [ERROR] Failed to load resource: net::ERR_CONNECTION_REFUSED @ http://localhost:8000/api/objects/SharedMemory/variables/io%3ASensor10_S/history?count=200&server=ee8d9159:0
[  597239ms] [ERROR] Error обновления графика для io:Sensor10_S: TypeError: Failed to fetch
    at fetchVariableHistory (http://localhost:8000/static/js/app.js:11919:28)
    at updateChart (http://localhost:8000/static/js/app.js:13985:31)
    at http://localhost:8000/static/js/app.js:1209:27 @ http://localhost:8000/static/js/app.js:14010
[  597239ms] [ERROR] Failed to load resource: net::ERR_CONNECTION_REFUSED @ http://localhost:8000/api/objects/SharedMemory/variables/io%3ASensor100_S/history?count=200&server=ee8d9159:0
[  597239ms] [ERROR] Error обновления графика для io:Sensor100_S: TypeError: Failed to fetch
    at fetchVariableHistory (http://localhost:8000/static/js/app.js:11919:28)
    at updateChart (http://localhost:8000/static/js/app.js:13985:31)
    at http://localhost:8000/static/js/app.js:1209:27 @ http://localhost:8000/static/js/app.js:14010
[  598238ms] [ERROR] Failed to load resource: net::ERR_CONNECTION_REFUSED @ http://localhost:8000/api/objects/SharedMemory?server=ee8d9159:0
[  598238ms] [ERROR] Error загрузки ee8d9159:SharedMemory: TypeError: Failed to fetch
    at fetchObjectData (http://localhost:8000/static/js/app.js:11889:28)
    at loadObjectData (http://localhost:8000/static/js/app.js:13547:28)
    at http://localhost:8000/static/js/app.js:1198:23 @ http://localhost:8000/static/js/app.js:13558
[  598238ms] [ERROR] Failed to load resource: net::ERR_CONNECTION_REFUSED @ http://localhost:8000/api/objects/SharedMemory/variables/io%3ASensor1_S/history?count=200&server=ee8d9159:0
[  598238ms] [ERROR] Error обновления графика для io:Sensor1_S: TypeError: Failed to fetch
    at fetchVariableHistory (http://localhost:8000/static/js/app.js:11919:28)
    at updateChart (http://localhost:8000/static/js/app.js:13985:31)
    at http://localhost:8000/static/js/app.js:1209:27 @ http://localhost:8000/static/js/app.js:14010
[  598238ms] [ERROR] Failed to load resource: net::ERR_CONNECTION_REFUSED @ http://localhost:8000/api/objects/SharedMemory/variables/io%3ASensor10_S/history?count=200&server=ee8d9159:0
[  598238ms] [ERROR] Error обновления графика для io:Sensor10_S: TypeError: Failed to fetch
    at fetchVariableHistory (http://localhost:8000/static/js/app.js:11919:28)
    at updateChart (http://localhost:8000/static/js/app.js:13985:31)
    at http://localhost:8000/static/js/app.js:1209:27 @ http://localhost:8000/static/js/app.js:14010
[  598238ms] [ERROR] Failed to load resource: net::ERR_CONNECTION_REFUSED @ http://localhost:8000/api/objects/SharedMemory/variables/io%3ASensor100_S/history?count=200&server=ee8d9159:0
[  598238ms] [ERROR] Error обновления графика для io:Sensor100_S: TypeError: Failed to fetch
    at fetchVariableHistory (http://localhost:8000/static/js/app.js:11919:28)
    at updateChart (http://localhost:8000/static/js/app.js:13985:31)
    at http://localhost:8000/static/js/app.js:1209:27 @ http://localhost:8000/static/js/app.js:14010
[  599236ms] [ERROR] Failed to load resource: net::ERR_CONNECTION_REFUSED @ http://localhost:8000/api/objects/SharedMemory?server=ee8d9159:0
[  599236ms] [ERROR] Error загрузки ee8d9159:SharedMemory: TypeError: Failed to fetch
    at fetchObjectData (http://localhost:8000/static/js/app.js:11889:28)
    at loadObjectData (http://localhost:8000/static/js/app.js:13547:28)
    at http://localhost:8000/static/js/app.js:1198:23 @ http://localhost:8000/static/js/app.js:13558
[  599236ms] [ERROR] Failed to load resource: net::ERR_CONNECTION_REFUSED @ http://localhost:8000/api/objects/SharedMemory/variables/io%3ASensor1_S/history?count=200&server=ee8d9159:0
[  599236ms] [ERROR] Error обновления графика для io:Sensor1_S: TypeError: Failed to fetch
    at fetchVariableHistory (http://localhost:8000/static/js/app.js:11919:28)
    at updateChart (http://localhost:8000/static/js/app.js:13985:31)
    at http://localhost:8000/static/js/app.js:1209:27 @ http://localhost:8000/static/js/app.js:14010
[  599236ms] [ERROR] Failed to load resource: net::ERR_CONNECTION_REFUSED @ http://localhost:8000/api/objects/SharedMemory/variables/io%3ASensor10_S/history?count=200&server=ee8d9159:0
[  599236ms] [ERROR] Error обновления графика для io:Sensor10_S: TypeError: Failed to fetch
    at fetchVariableHistory (http://localhost:8000/static/js/app.js:11919:28)
    at updateChart (http://localhost:8000/static/js/app.js:13985:31)
    at http://localhost:8000/static/js/app.js:1209:27 @ http://localhost:8000/static/js/app.js:14010
[  599236ms] [ERROR] Failed to load resource: net::ERR_CONNECTION_REFUSED @ http://localhost:8000/api/objects/SharedMemory/variables/io%3ASensor100_S/history?count=200&server=ee8d9159:0
[  599236ms] [ERROR] Error обновления графика для io:Sensor100_S: TypeError: Failed to fetch
    at fetchVariableHistory (http://localhost:8000/static/js/app.js:11919:28)
    at updateChart (http://localhost:8000/static/js/app.js:13985:31)
    at http://localhost:8000/static/js/app.js:1209:27 @ http://localhost:8000/static/js/app.js:14010
[  600236ms] [ERROR] Failed to load resource: net::ERR_CONNECTION_REFUSED @ http://localhost:8000/api/objects/SharedMemory?server=ee8d9159:0
[  600236ms] [ERROR] Error загрузки ee8d9159:SharedMemory: TypeError: Failed to fetch
    at fetchObjectData (http://localhost:8000/static/js/app.js:11889:28)
    at loadObjectData (http://localhost:8000/static/js/app.js:13547:28)
    at http://localhost:8000/static/js/app.js:1198:23 @ http://localhost:8000/static/js/app.js:13558
[  600236ms] [ERROR] Failed to load resource: net::ERR_CONNECTION_REFUSED @ http://localhost:8000/api/objects/SharedMemory/variables/io%3ASensor1_S/history?count=200&server=ee8d9159:0
[  600236ms] [ERROR] Error обновления графика для io:Sensor1_S: TypeError: Failed to fetch
    at fetchVariableHistory (http://localhost:8000/static/js/app.js:11919:28)
    at updateChart (http://localhost:8000/static/js/app.js:13985:31)
    at http://localhost:8000/static/js/app.js:1209:27 @ http://localhost:8000/static/js/app.js:14010
[  600236ms] [ERROR] Failed to load resource: net::ERR_CONNECTION_REFUSED @ http://localhost:8000/api/objects/SharedMemory/variables/io%3ASensor10_S/history?count=200&server=ee8d9159:0
[  600236ms] [ERROR] Error обновления графика для io:Sensor10_S: TypeError: Failed to fetch
    at fetchVariableHistory (http://localhost:8000/static/js/app.js:11919:28)
    at updateChart (http://localhost:8000/static/js/app.js:13985:31)
    at http://localhost:8000/static/js/app.js:1209:27 @ http://localhost:8000/static/js/app.js:14010
[  600236ms] [ERROR] Failed to load resource: net::ERR_CONNECTION_REFUSED @ http://localhost:8000/api/objects/SharedMemory/variables/io%3ASensor100_S/history?count=200&server=ee8d9159:0
[  600236ms] [ERROR] Error обновления графика для io:Sensor100_S: TypeError: Failed to fetch
    at fetchVariableHistory (http://localhost:8000/static/js/app.js:11919:28)
    at updateChart (http://localhost:8000/static/js/app.js:13985:31)
    at http://localhost:8000/static/js/app.js:1209:27 @ http://localhost:8000/static/js/app.js:14010
[  600349ms] [ERROR] Failed to load resource: net::ERR_CONNECTION_REFUSED @ http://localhost:8000/api/recording/status:0
[  601238ms] [ERROR] Failed to load resource: net::ERR_CONNECTION_REFUSED @ http://localhost:8000/api/objects/SharedMemory?server=ee8d9159:0
[  601238ms] [ERROR] Error загрузки ee8d9159:SharedMemory: TypeError: Failed to fetch
    at fetchObjectData (http://localhost:8000/static/js/app.js:11889:28)
    at loadObjectData (http://localhost:8000/static/js/app.js:13547:28)
    at http://localhost:8000/static/js/app.js:1198:23 @ http://localhost:8000/static/js/app.js:13558
[  601238ms] [ERROR] Failed to load resource: net::ERR_CONNECTION_REFUSED @ http://localhost:8000/api/objects/SharedMemory/variables/io%3ASensor1_S/history?count=200&server=ee8d9159:0
[  601238ms] [ERROR] Error обновления графика для io:Sensor1_S: TypeError: Failed to fetch
    at fetchVariableHistory (http://localhost:8000/static/js/app.js:11919:28)
    at updateChart (http://localhost:8000/static/js/app.js:13985:31)
    at http://localhost:8000/static/js/app.js:1209:27 @ http://localhost:8000/static/js/app.js:14010
[  601239ms] [ERROR] Failed to load resource: net::ERR_CONNECTION_REFUSED @ http://localhost:8000/api/objects/SharedMemory/variables/io%3ASensor10_S/history?count=200&server=ee8d9159:0
[  601239ms] [ERROR] Error обновления графика для io:Sensor10_S: TypeError: Failed to fetch
    at fetchVariableHistory (http://localhost:8000/static/js/app.js:11919:28)
    at updateChart (http://localhost:8000/static/js/app.js:13985:31)
    at http://localhost:8000/static/js/app.js:1209:27 @ http://localhost:8000/static/js/app.js:14010
[  601239ms] [ERROR] Failed to load resource: net::ERR_CONNECTION_REFUSED @ http://localhost:8000/api/objects/SharedMemory/variables/io%3ASensor100_S/history?count=200&server=ee8d9159:0
[  601239ms] [ERROR] Error обновления графика для io:Sensor100_S: TypeError: Failed to fetch
    at fetchVariableHistory (http://localhost:8000/static/js/app.js:11919:28)
    at updateChart (http://localhost:8000/static/js/app.js:13985:31)
    at http://localhost:8000/static/js/app.js:1209:27 @ http://localhost:8000/static/js/app.js:14010
[  602238ms] [ERROR] Failed to load resource: net::ERR_CONNECTION_REFUSED @ http://localhost:8000/api/servers:0
[  602238ms] [ERROR] Error обновления списка объектов: TypeError: Failed to fetch
    at fetchServers (http://localhost:8000/static/js/app.js:11815:28)
    at fetchObjects (http://localhost:8000/static/js/app.js:11822:31)
    at refreshObjectsList (http://localhost:8000/static/js/app.js:11870:28)
    at http://localhost:8000/static/js/app.js:1191:9 @ http://localhost:8000/static/js/app.js:11873
[  602238ms] [ERROR] Failed to load resource: net::ERR_CONNECTION_REFUSED @ http://localhost:8000/api/objects/SharedMemory?server=ee8d9159:0
[  602238ms] [ERROR] Error загрузки ee8d9159:SharedMemory: TypeError: Failed to fetch
    at fetchObjectData (http://localhost:8000/static/js/app.js:11889:28)
    at loadObjectData (http://localhost:8000/static/js/app.js:13547:28)
    at http://localhost:8000/static/js/app.js:1198:23 @ http://localhost:8000/static/js/app.js:13558
[  602238ms] [ERROR] Failed to load resource: net::ERR_CONNECTION_REFUSED @ http://localhost:8000/api/objects/SharedMemory/variables/io%3ASensor1_S/history?count=200&server=ee8d9159:0
[  602238ms] [ERROR] Error обновления графика для io:Sensor1_S: TypeError: Failed to fetch
    at fetchVariableHistory (http://localhost:8000/static/js/app.js:11919:28)
    at updateChart (http://localhost:8000/static/js/app.js:13985:31)
    at http://localhost:8000/static/js/app.js:1209:27 @ http://localhost:8000/static/js/app.js:14010
[  602239ms] [ERROR] Failed to load resource: net::ERR_CONNECTION_REFUSED @ http://localhost:8000/api/objects/SharedMemory/variables/io%3ASensor10_S/history?count=200&server=ee8d9159:0
[  602239ms] [ERROR] Error обновления графика для io:Sensor10_S: TypeError: Failed to fetch
    at fetchVariableHistory (http://localhost:8000/static/js/app.js:11919:28)
    at updateChart (http://localhost:8000/static/js/app.js:13985:31)
    at http://localhost:8000/static/js/app.js:1209:27 @ http://localhost:8000/static/js/app.js:14010
[  602239ms] [ERROR] Failed to load resource: net::ERR_CONNECTION_REFUSED @ http://localhost:8000/api/objects/SharedMemory/variables/io%3ASensor100_S/history?count=200&server=ee8d9159:0
[  602239ms] [ERROR] Error обновления графика для io:Sensor100_S: TypeError: Failed to fetch
    at fetchVariableHistory (http://localhost:8000/static/js/app.js:11919:28)
    at updateChart (http://localhost:8000/static/js/app.js:13985:31)
    at http://localhost:8000/static/js/app.js:1209:27 @ http://localhost:8000/static/js/app.js:14010
[  603237ms] [ERROR] Failed to load resource: net::ERR_CONNECTION_REFUSED @ http://localhost:8000/api/objects/SharedMemory?server=ee8d9159:0
[  603237ms] [ERROR] Error загрузки ee8d9159:SharedMemory: TypeError: Failed to fetch
    at fetchObjectData (http://localhost:8000/static/js/app.js:11889:28)
    at loadObjectData (http://localhost:8000/static/js/app.js:13547:28)
    at http://localhost:8000/static/js/app.js:1198:23 @ http://localhost:8000/static/js/app.js:13558
[  603237ms] [ERROR] Failed to load resource: net::ERR_CONNECTION_REFUSED @ http://localhost:8000/api/objects/SharedMemory/variables/io%3ASensor1_S/history?count=200&server=ee8d9159:0
[  603237ms] [ERROR] Error обновления графика для io:Sensor1_S: TypeError: Failed to fetch
    at fetchVariableHistory (http://localhost:8000/static/js/app.js:11919:28)
    at updateChart (http://localhost:8000/static/js/app.js:13985:31)
    at http://localhost:8000/static/js/app.js:1209:27 @ http://localhost:8000/static/js/app.js:14010
[  603237ms] [ERROR] Failed to load resource: net::ERR_CONNECTION_REFUSED @ http://localhost:8000/api/objects/SharedMemory/variables/io%3ASensor10_S/history?count=200&server=ee8d9159:0
[  603238ms] [ERROR] Error обновления графика для io:Sensor10_S: TypeError: Failed to fetch
    at fetchVariableHistory (http://localhost:8000/static/js/app.js:11919:28)
    at updateChart (http://localhost:8000/static/js/app.js:13985:31)
    at http://localhost:8000/static/js/app.js:1209:27 @ http://localhost:8000/static/js/app.js:14010
[  603238ms] [ERROR] Failed to load resource: net::ERR_CONNECTION_REFUSED @ http://localhost:8000/api/objects/SharedMemory/variables/io%3ASensor100_S/history?count=200&server=ee8d9159:0
[  603238ms] [ERROR] Error обновления графика для io:Sensor100_S: TypeError: Failed to fetch
    at fetchVariableHistory (http://localhost:8000/static/js/app.js:11919:28)
    at updateChart (http://localhost:8000/static/js/app.js:13985:31)
    at http://localhost:8000/static/js/app.js:1209:27 @ http://localhost:8000/static/js/app.js:14010
[  604238ms] [ERROR] Failed to load resource: net::ERR_CONNECTION_REFUSED @ http://localhost:8000/api/objects/SharedMemory?server=ee8d9159:0
[  604238ms] [ERROR] Error загрузки ee8d9159:SharedMemory: TypeError: Failed to fetch
    at fetchObjectData (http://localhost:8000/static/js/app.js:11889:28)
    at loadObjectData (http://localhost:8000/static/js/app.js:13547:28)
    at http://localhost:8000/static/js/app.js:1198:23 @ http://localhost:8000/static/js/app.js:13558
[  604238ms] [ERROR] Failed to load resource: net::ERR_CONNECTION_REFUSED @ http://localhost:8000/api/objects/SharedMemory/variables/io%3ASensor1_S/history?count=200&server=ee8d9159:0
[  604238ms] [ERROR] Error обновления графика для io:Sensor1_S: TypeError: Failed to fetch
    at fetchVariableHistory (http://localhost:8000/static/js/app.js:11919:28)
    at updateChart (http://localhost:8000/static/js/app.js:13985:31)
    at http://localhost:8000/static/js/app.js:1209:27 @ http://localhost:8000/static/js/app.js:14010
[  604238ms] [ERROR] Failed to load resource: net::ERR_CONNECTION_REFUSED @ http://localhost:8000/api/objects/SharedMemory/variables/io%3ASensor10_S/history?count=200&server=ee8d9159:0
[  604238ms] [ERROR] Error обновления графика для io:Sensor10_S: TypeError: Failed to fetch
    at fetchVariableHistory (http://localhost:8000/static/js/app.js:11919:28)
    at updateChart (http://localhost:8000/static/js/app.js:13985:31)
    at http://localhost:8000/static/js/app.js:1209:27 @ http://localhost:8000/static/js/app.js:14010
[  604238ms] [ERROR] Failed to load resource: net::ERR_CONNECTION_REFUSED @ http://localhost:8000/api/objects/SharedMemory/variables/io%3ASensor100_S/history?count=200&server=ee8d9159:0
[  604238ms] [ERROR] Error обновления графика для io:Sensor100_S: TypeError: Failed to fetch
    at fetchVariableHistory (http://localhost:8000/static/js/app.js:11919:28)
    at updateChart (http://localhost:8000/static/js/app.js:13985:31)
    at http://localhost:8000/static/js/app.js:1209:27 @ http://localhost:8000/static/js/app.js:14010
[  605236ms] [ERROR] Failed to load resource: net::ERR_CONNECTION_REFUSED @ http://localhost:8000/api/objects/SharedMemory?server=ee8d9159:0
[  605236ms] [ERROR] Error загрузки ee8d9159:SharedMemory: TypeError: Failed to fetch
    at fetchObjectData (http://localhost:8000/static/js/app.js:11889:28)
    at loadObjectData (http://localhost:8000/static/js/app.js:13547:28)
    at http://localhost:8000/static/js/app.js:1198:23 @ http://localhost:8000/static/js/app.js:13558
[  605237ms] [ERROR] Failed to load resource: net::ERR_CONNECTION_REFUSED @ http://localhost:8000/api/objects/SharedMemory/variables/io%3ASensor1_S/history?count=200&server=ee8d9159:0
[  605237ms] [ERROR] Error обновления графика для io:Sensor1_S: TypeError: Failed to fetch
    at fetchVariableHistory (http://localhost:8000/static/js/app.js:11919:28)
    at updateChart (http://localhost:8000/static/js/app.js:13985:31)
    at http://localhost:8000/static/js/app.js:1209:27 @ http://localhost:8000/static/js/app.js:14010
[  605237ms] [ERROR] Failed to load resource: net::ERR_CONNECTION_REFUSED @ http://localhost:8000/api/objects/SharedMemory/variables/io%3ASensor10_S/history?count=200&server=ee8d9159:0
[  605237ms] [ERROR] Error обновления графика для io:Sensor10_S: TypeError: Failed to fetch
    at fetchVariableHistory (http://localhost:8000/static/js/app.js:11919:28)
    at updateChart (http://localhost:8000/static/js/app.js:13985:31)
    at http://localhost:8000/static/js/app.js:1209:27 @ http://localhost:8000/static/js/app.js:14010
[  605237ms] [ERROR] Failed to load resource: net::ERR_CONNECTION_REFUSED @ http://localhost:8000/api/objects/SharedMemory/variables/io%3ASensor100_S/history?count=200&server=ee8d9159:0
[  605237ms] [ERROR] Error обновления графика для io:Sensor100_S: TypeError: Failed to fetch
    at fetchVariableHistory (http://localhost:8000/static/js/app.js:11919:28)
    at updateChart (http://localhost:8000/static/js/app.js:13985:31)
    at http://localhost:8000/static/js/app.js:1209:27 @ http://localhost:8000/static/js/app.js:14010
[  605349ms] [ERROR] Failed to load resource: net::ERR_CONNECTION_REFUSED @ http://localhost:8000/api/recording/status:0
[  606237ms] [ERROR] Failed to load resource: net::ERR_CONNECTION_REFUSED @ http://localhost:8000/api/objects/SharedMemory?server=ee8d9159:0
[  606237ms] [ERROR] Error загрузки ee8d9159:SharedMemory: TypeError: Failed to fetch
    at fetchObjectData (http://localhost:8000/static/js/app.js:11889:28)
    at loadObjectData (http://localhost:8000/static/js/app.js:13547:28)
    at http://localhost:8000/static/js/app.js:1198:23 @ http://localhost:8000/static/js/app.js:13558
[  606237ms] [ERROR] Failed to load resource: net::ERR_CONNECTION_REFUSED @ http://localhost:8000/api/objects/SharedMemory/variables/io%3ASensor1_S/history?count=200&server=ee8d9159:0
[  606237ms] [ERROR] Error обновления графика для io:Sensor1_S: TypeError: Failed to fetch
    at fetchVariableHistory (http://localhost:8000/static/js/app.js:11919:28)
    at updateChart (http://localhost:8000/static/js/app.js:13985:31)
    at http://localhost:8000/static/js/app.js:1209:27 @ http://localhost:8000/static/js/app.js:14010
[  606238ms] [ERROR] Failed to load resource: net::ERR_CONNECTION_REFUSED @ http://localhost:8000/api/objects/SharedMemory/variables/io%3ASensor10_S/history?count=200&server=ee8d9159:0
[  606238ms] [ERROR] Error обновления графика для io:Sensor10_S: TypeError: Failed to fetch
    at fetchVariableHistory (http://localhost:8000/static/js/app.js:11919:28)
    at updateChart (http://localhost:8000/static/js/app.js:13985:31)
    at http://localhost:8000/static/js/app.js:1209:27 @ http://localhost:8000/static/js/app.js:14010
[  606238ms] [ERROR] Failed to load resource: net::ERR_CONNECTION_REFUSED @ http://localhost:8000/api/objects/SharedMemory/variables/io%3ASensor100_S/history?count=200&server=ee8d9159:0
[  606238ms] [ERROR] Error обновления графика для io:Sensor100_S: TypeError: Failed to fetch
    at fetchVariableHistory (http://localhost:8000/static/js/app.js:11919:28)
    at updateChart (http://localhost:8000/static/js/app.js:13985:31)
    at http://localhost:8000/static/js/app.js:1209:27 @ http://localhost:8000/static/js/app.js:14010
[  607237ms] [ERROR] Failed to load resource: net::ERR_CONNECTION_REFUSED @ http://localhost:8000/api/objects/SharedMemory?server=ee8d9159:0
[  607237ms] [ERROR] Error загрузки ee8d9159:SharedMemory: TypeError: Failed to fetch
    at fetchObjectData (http://localhost:8000/static/js/app.js:11889:28)
    at loadObjectData (http://localhost:8000/static/js/app.js:13547:28)
    at http://localhost:8000/static/js/app.js:1198:23 @ http://localhost:8000/static/js/app.js:13558
[  607238ms] [ERROR] Failed to load resource: net::ERR_CONNECTION_REFUSED @ http://localhost:8000/api/objects/SharedMemory/variables/io%3ASensor1_S/history?count=200&server=ee8d9159:0
[  607238ms] [ERROR] Error обновления графика для io:Sensor1_S: TypeError: Failed to fetch
    at fetchVariableHistory (http://localhost:8000/static/js/app.js:11919:28)
    at updateChart (http://localhost:8000/static/js/app.js:13985:31)
    at http://localhost:8000/static/js/app.js:1209:27 @ http://localhost:8000/static/js/app.js:14010
[  607238ms] [ERROR] Failed to load resource: net::ERR_CONNECTION_REFUSED @ http://localhost:8000/api/objects/SharedMemory/variables/io%3ASensor10_S/history?count=200&server=ee8d9159:0
[  607238ms] [ERROR] Error обновления графика для io:Sensor10_S: TypeError: Failed to fetch
    at fetchVariableHistory (http://localhost:8000/static/js/app.js:11919:28)
    at updateChart (http://localhost:8000/static/js/app.js:13985:31)
    at http://localhost:8000/static/js/app.js:1209:27 @ http://localhost:8000/static/js/app.js:14010
[  607238ms] [ERROR] Failed to load resource: net::ERR_CONNECTION_REFUSED @ http://localhost:8000/api/objects/SharedMemory/variables/io%3ASensor100_S/history?count=200&server=ee8d9159:0
[  607238ms] [ERROR] Error обновления графика для io:Sensor100_S: TypeError: Failed to fetch
    at fetchVariableHistory (http://localhost:8000/static/js/app.js:11919:28)
    at updateChart (http://localhost:8000/static/js/app.js:13985:31)
    at http://localhost:8000/static/js/app.js:1209:27 @ http://localhost:8000/static/js/app.js:14010
[  608236ms] [ERROR] Failed to load resource: net::ERR_CONNECTION_REFUSED @ http://localhost:8000/api/servers:0
[  608236ms] [ERROR] Error обновления списка объектов: TypeError: Failed to fetch
    at fetchServers (http://localhost:8000/static/js/app.js:11815:28)
    at fetchObjects (http://localhost:8000/static/js/app.js:11822:31)
    at refreshObjectsList (http://localhost:8000/static/js/app.js:11870:28)
    at http://localhost:8000/static/js/app.js:1191:9 @ http://localhost:8000/static/js/app.js:11873
[  608236ms] [ERROR] Failed to load resource: net::ERR_CONNECTION_REFUSED @ http://localhost:8000/api/objects/SharedMemory?server=ee8d9159:0
[  608236ms] [ERROR] Error загрузки ee8d9159:SharedMemory: TypeError: Failed to fetch
    at fetchObjectData (http://localhost:8000/static/js/app.js:11889:28)
    at loadObjectData (http://localhost:8000/static/js/app.js:13547:28)
    at http://localhost:8000/static/js/app.js:1198:23 @ http://localhost:8000/static/js/app.js:13558
[  608236ms] [ERROR] Failed to load resource: net::ERR_CONNECTION_REFUSED @ http://localhost:8000/api/objects/SharedMemory/variables/io%3ASensor1_S/history?count=200&server=ee8d9159:0
[  608236ms] [ERROR] Error обновления графика для io:Sensor1_S: TypeError: Failed to fetch
    at fetchVariableHistory (http://localhost:8000/static/js/app.js:11919:28)
    at updateChart (http://localhost:8000/static/js/app.js:13985:31)
    at http://localhost:8000/static/js/app.js:1209:27 @ http://localhost:8000/static/js/app.js:14010
[  608237ms] [ERROR] Failed to load resource: net::ERR_CONNECTION_REFUSED @ http://localhost:8000/api/objects/SharedMemory/variables/io%3ASensor10_S/history?count=200&server=ee8d9159:0
[  608237ms] [ERROR] Error обновления графика для io:Sensor10_S: TypeError: Failed to fetch
    at fetchVariableHistory (http://localhost:8000/static/js/app.js:11919:28)
    at updateChart (http://localhost:8000/static/js/app.js:13985:31)
    at http://localhost:8000/static/js/app.js:1209:27 @ http://localhost:8000/static/js/app.js:14010
[  608237ms] [ERROR] Failed to load resource: net::ERR_CONNECTION_REFUSED @ http://localhost:8000/api/objects/SharedMemory/variables/io%3ASensor100_S/history?count=200&server=ee8d9159:0
[  608237ms] [ERROR] Error обновления графика для io:Sensor100_S: TypeError: Failed to fetch
    at fetchVariableHistory (http://localhost:8000/static/js/app.js:11919:28)
    at updateChart (http://localhost:8000/static/js/app.js:13985:31)
    at http://localhost:8000/static/js/app.js:1209:27 @ http://localhost:8000/static/js/app.js:14010
[  609238ms] [ERROR] Failed to load resource: net::ERR_CONNECTION_REFUSED @ http://localhost:8000/api/objects/SharedMemory?server=ee8d9159:0
[  609238ms] [ERROR] Error загрузки ee8d9159:SharedMemory: TypeError: Failed to fetch
    at fetchObjectData (http://localhost:8000/static/js/app.js:11889:28)
    at loadObjectData (http://localhost:8000/static/js/app.js:13547:28)
    at http://localhost:8000/static/js/app.js:1198:23 @ http://localhost:8000/static/js/app.js:13558
[  609239ms] [ERROR] Failed to load resource: net::ERR_CONNECTION_REFUSED @ http://localhost:8000/api/objects/SharedMemory/variables/io%3ASensor1_S/history?count=200&server=ee8d9159:0
[  609239ms] [ERROR] Error обновления графика для io:Sensor1_S: TypeError: Failed to fetch
    at fetchVariableHistory (http://localhost:8000/static/js/app.js:11919:28)
    at updateChart (http://localhost:8000/static/js/app.js:13985:31)
    at http://localhost:8000/static/js/app.js:1209:27 @ http://localhost:8000/static/js/app.js:14010
[  609239ms] [ERROR] Failed to load resource: net::ERR_CONNECTION_REFUSED @ http://localhost:8000/api/objects/SharedMemory/variables/io%3ASensor10_S/history?count=200&server=ee8d9159:0
[  609239ms] [ERROR] Error обновления графика для io:Sensor10_S: TypeError: Failed to fetch
    at fetchVariableHistory (http://localhost:8000/static/js/app.js:11919:28)
    at updateChart (http://localhost:8000/static/js/app.js:13985:31)
    at http://localhost:8000/static/js/app.js:1209:27 @ http://localhost:8000/static/js/app.js:14010
[  609240ms] [ERROR] Failed to load resource: net::ERR_CONNECTION_REFUSED @ http://localhost:8000/api/objects/SharedMemory/variables/io%3ASensor100_S/history?count=200&server=ee8d9159:0
[  609240ms] [ERROR] Error обновления графика для io:Sensor100_S: TypeError: Failed to fetch
    at fetchVariableHistory (http://localhost:8000/static/js/app.js:11919:28)
    at updateChart (http://localhost:8000/static/js/app.js:13985:31)
    at http://localhost:8000/static/js/app.js:1209:27 @ http://localhost:8000/static/js/app.js:14010
[  610238ms] [ERROR] Failed to load resource: net::ERR_CONNECTION_REFUSED @ http://localhost:8000/api/objects/SharedMemory?server=ee8d9159:0
[  610239ms] [ERROR] Error загрузки ee8d9159:SharedMemory: TypeError: Failed to fetch
    at fetchObjectData (http://localhost:8000/static/js/app.js:11889:28)
    at loadObjectData (http://localhost:8000/static/js/app.js:13547:28)
    at http://localhost:8000/static/js/app.js:1198:23 @ http://localhost:8000/static/js/app.js:13558
[  610239ms] [ERROR] Failed to load resource: net::ERR_CONNECTION_REFUSED @ http://localhost:8000/api/objects/SharedMemory/variables/io%3ASensor1_S/history?count=200&server=ee8d9159:0
[  610239ms] [ERROR] Error обновления графика для io:Sensor1_S: TypeError: Failed to fetch
    at fetchVariableHistory (http://localhost:8000/static/js/app.js:11919:28)
    at updateChart (http://localhost:8000/static/js/app.js:13985:31)
    at http://localhost:8000/static/js/app.js:1209:27 @ http://localhost:8000/static/js/app.js:14010
[  610239ms] [ERROR] Failed to load resource: net::ERR_CONNECTION_REFUSED @ http://localhost:8000/api/objects/SharedMemory/variables/io%3ASensor10_S/history?count=200&server=ee8d9159:0
[  610239ms] [ERROR] Error обновления графика для io:Sensor10_S: TypeError: Failed to fetch
    at fetchVariableHistory (http://localhost:8000/static/js/app.js:11919:28)
    at updateChart (http://localhost:8000/static/js/app.js:13985:31)
    at http://localhost:8000/static/js/app.js:1209:27 @ http://localhost:8000/static/js/app.js:14010
[  610240ms] [ERROR] Failed to load resource: net::ERR_CONNECTION_REFUSED @ http://localhost:8000/api/objects/SharedMemory/variables/io%3ASensor100_S/history?count=200&server=ee8d9159:0
[  610240ms] [ERROR] Error обновления графика для io:Sensor100_S: TypeError: Failed to fetch
    at fetchVariableHistory (http://localhost:8000/static/js/app.js:11919:28)
    at updateChart (http://localhost:8000/static/js/app.js:13985:31)
    at http://localhost:8000/static/js/app.js:1209:27 @ http://localhost:8000/static/js/app.js:14010
[  610350ms] [ERROR] Failed to load resource: net::ERR_CONNECTION_REFUSED @ http://localhost:8000/api/recording/status:0
[  611238ms] [ERROR] Failed to load resource: net::ERR_CONNECTION_REFUSED @ http://localhost:8000/api/objects/SharedMemory?server=ee8d9159:0
[  611238ms] [ERROR] Error загрузки ee8d9159:SharedMemory: TypeError: Failed to fetch
    at fetchObjectData (http://localhost:8000/static/js/app.js:11889:28)
    at loadObjectData (http://localhost:8000/static/js/app.js:13547:28)
    at http://localhost:8000/static/js/app.js:1198:23 @ http://localhost:8000/static/js/app.js:13558
[  611239ms] [ERROR] Failed to load resource: net::ERR_CONNECTION_REFUSED @ http://localhost:8000/api/objects/SharedMemory/variables/io%3ASensor1_S/history?count=200&server=ee8d9159:0
[  611239ms] [ERROR] Error обновления графика для io:Sensor1_S: TypeError: Failed to fetch
    at fetchVariableHistory (http://localhost:8000/static/js/app.js:11919:28)
    at updateChart (http://localhost:8000/static/js/app.js:13985:31)
    at http://localhost:8000/static/js/app.js:1209:27 @ http://localhost:8000/static/js/app.js:14010
[  611239ms] [ERROR] Failed to load resource: net::ERR_CONNECTION_REFUSED @ http://localhost:8000/api/objects/SharedMemory/variables/io%3ASensor10_S/history?count=200&server=ee8d9159:0
[  611239ms] [ERROR] Error обновления графика для io:Sensor10_S: TypeError: Failed to fetch
    at fetchVariableHistory (http://localhost:8000/static/js/app.js:11919:28)
    at updateChart (http://localhost:8000/static/js/app.js:13985:31)
    at http://localhost:8000/static/js/app.js:1209:27 @ http://localhost:8000/static/js/app.js:14010
[  611240ms] [ERROR] Failed to load resource: net::ERR_CONNECTION_REFUSED @ http://localhost:8000/api/objects/SharedMemory/variables/io%3ASensor100_S/history?count=200&server=ee8d9159:0
[  611240ms] [ERROR] Error обновления графика для io:Sensor100_S: TypeError: Failed to fetch
    at fetchVariableHistory (http://localhost:8000/static/js/app.js:11919:28)
    at updateChart (http://localhost:8000/static/js/app.js:13985:31)
    at http://localhost:8000/static/js/app.js:1209:27 @ http://localhost:8000/static/js/app.js:14010
[  612238ms] [ERROR] Failed to load resource: net::ERR_CONNECTION_REFUSED @ http://localhost:8000/api/objects/SharedMemory?server=ee8d9159:0
[  612238ms] [ERROR] Error загрузки ee8d9159:SharedMemory: TypeError: Failed to fetch
    at fetchObjectData (http://localhost:8000/static/js/app.js:11889:28)
    at loadObjectData (http://localhost:8000/static/js/app.js:13547:28)
    at http://localhost:8000/static/js/app.js:1198:23 @ http://localhost:8000/static/js/app.js:13558
[  612238ms] [ERROR] Failed to load resource: net::ERR_CONNECTION_REFUSED @ http://localhost:8000/api/objects/SharedMemory/variables/io%3ASensor1_S/history?count=200&server=ee8d9159:0
[  612238ms] [ERROR] Error обновления графика для io:Sensor1_S: TypeError: Failed to fetch
    at fetchVariableHistory (http://localhost:8000/static/js/app.js:11919:28)
    at updateChart (http://localhost:8000/static/js/app.js:13985:31)
    at http://localhost:8000/static/js/app.js:1209:27 @ http://localhost:8000/static/js/app.js:14010
[  612239ms] [ERROR] Failed to load resource: net::ERR_CONNECTION_REFUSED @ http://localhost:8000/api/objects/SharedMemory/variables/io%3ASensor10_S/history?count=200&server=ee8d9159:0
[  612239ms] [ERROR] Error обновления графика для io:Sensor10_S: TypeError: Failed to fetch
    at fetchVariableHistory (http://localhost:8000/static/js/app.js:11919:28)
    at updateChart (http://localhost:8000/static/js/app.js:13985:31)
    at http://localhost:8000/static/js/app.js:1209:27 @ http://localhost:8000/static/js/app.js:14010
[  612239ms] [ERROR] Failed to load resource: net::ERR_CONNECTION_REFUSED @ http://localhost:8000/api/objects/SharedMemory/variables/io%3ASensor100_S/history?count=200&server=ee8d9159:0
[  612239ms] [ERROR] Error обновления графика для io:Sensor100_S: TypeError: Failed to fetch
    at fetchVariableHistory (http://localhost:8000/static/js/app.js:11919:28)
    at updateChart (http://localhost:8000/static/js/app.js:13985:31)
    at http://localhost:8000/static/js/app.js:1209:27 @ http://localhost:8000/static/js/app.js:14010
[  613236ms] [ERROR] Failed to load resource: net::ERR_CONNECTION_REFUSED @ http://localhost:8000/api/objects/SharedMemory?server=ee8d9159:0
[  613236ms] [ERROR] Error загрузки ee8d9159:SharedMemory: TypeError: Failed to fetch
    at fetchObjectData (http://localhost:8000/static/js/app.js:11889:28)
    at loadObjectData (http://localhost:8000/static/js/app.js:13547:28)
    at http://localhost:8000/static/js/app.js:1198:23 @ http://localhost:8000/static/js/app.js:13558
[  613237ms] [ERROR] Failed to load resource: net::ERR_CONNECTION_REFUSED @ http://localhost:8000/api/objects/SharedMemory/variables/io%3ASensor1_S/history?count=200&server=ee8d9159:0
[  613237ms] [ERROR] Error обновления графика для io:Sensor1_S: TypeError: Failed to fetch
    at fetchVariableHistory (http://localhost:8000/static/js/app.js:11919:28)
    at updateChart (http://localhost:8000/static/js/app.js:13985:31)
    at http://localhost:8000/static/js/app.js:1209:27 @ http://localhost:8000/static/js/app.js:14010
[  613237ms] [ERROR] Failed to load resource: net::ERR_CONNECTION_REFUSED @ http://localhost:8000/api/objects/SharedMemory/variables/io%3ASensor10_S/history?count=200&server=ee8d9159:0
[  613237ms] [ERROR] Error обновления графика для io:Sensor10_S: TypeError: Failed to fetch
    at fetchVariableHistory (http://localhost:8000/static/js/app.js:11919:28)
    at updateChart (http://localhost:8000/static/js/app.js:13985:31)
    at http://localhost:8000/static/js/app.js:1209:27 @ http://localhost:8000/static/js/app.js:14010
[  613237ms] [ERROR] Failed to load resource: net::ERR_CONNECTION_REFUSED @ http://localhost:8000/api/objects/SharedMemory/variables/io%3ASensor100_S/history?count=200&server=ee8d9159:0
[  613237ms] [ERROR] Error обновления графика для io:Sensor100_S: TypeError: Failed to fetch
    at fetchVariableHistory (http://localhost:8000/static/js/app.js:11919:28)
    at updateChart (http://localhost:8000/static/js/app.js:13985:31)
    at http://localhost:8000/static/js/app.js:1209:27 @ http://localhost:8000/static/js/app.js:14010
[  614238ms] [ERROR] Failed to load resource: net::ERR_CONNECTION_REFUSED @ http://localhost:8000/api/servers:0
[  614238ms] [ERROR] Error обновления списка объектов: TypeError: Failed to fetch
    at fetchServers (http://localhost:8000/static/js/app.js:11815:28)
    at fetchObjects (http://localhost:8000/static/js/app.js:11822:31)
    at refreshObjectsList (http://localhost:8000/static/js/app.js:11870:28)
    at http://localhost:8000/static/js/app.js:1191:9 @ http://localhost:8000/static/js/app.js:11873
[  614238ms] [ERROR] Failed to load resource: net::ERR_CONNECTION_REFUSED @ http://localhost:8000/api/objects/SharedMemory?server=ee8d9159:0
[  614238ms] [ERROR] Error загрузки ee8d9159:SharedMemory: TypeError: Failed to fetch
    at fetchObjectData (http://localhost:8000/static/js/app.js:11889:28)
    at loadObjectData (http://localhost:8000/static/js/app.js:13547:28)
    at http://localhost:8000/static/js/app.js:1198:23 @ http://localhost:8000/static/js/app.js:13558
[  614239ms] [ERROR] Failed to load resource: net::ERR_CONNECTION_REFUSED @ http://localhost:8000/api/objects/SharedMemory/variables/io%3ASensor1_S/history?count=200&server=ee8d9159:0
[  614239ms] [ERROR] Error обновления графика для io:Sensor1_S: TypeError: Failed to fetch
    at fetchVariableHistory (http://localhost:8000/static/js/app.js:11919:28)
    at updateChart (http://localhost:8000/static/js/app.js:13985:31)
    at http://localhost:8000/static/js/app.js:1209:27 @ http://localhost:8000/static/js/app.js:14010
[  614239ms] [ERROR] Failed to load resource: net::ERR_CONNECTION_REFUSED @ http://localhost:8000/api/objects/SharedMemory/variables/io%3ASensor10_S/history?count=200&server=ee8d9159:0
[  614239ms] [ERROR] Error обновления графика для io:Sensor10_S: TypeError: Failed to fetch
    at fetchVariableHistory (http://localhost:8000/static/js/app.js:11919:28)
    at updateChart (http://localhost:8000/static/js/app.js:13985:31)
    at http://localhost:8000/static/js/app.js:1209:27 @ http://localhost:8000/static/js/app.js:14010
[  614239ms] [ERROR] Failed to load resource: net::ERR_CONNECTION_REFUSED @ http://localhost:8000/api/objects/SharedMemory/variables/io%3ASensor100_S/history?count=200&server=ee8d9159:0
[  614239ms] [ERROR] Error обновления графика для io:Sensor100_S: TypeError: Failed to fetch
    at fetchVariableHistory (http://localhost:8000/static/js/app.js:11919:28)
    at updateChart (http://localhost:8000/static/js/app.js:13985:31)
    at http://localhost:8000/static/js/app.js:1209:27 @ http://localhost:8000/static/js/app.js:14010
[  615238ms] [ERROR] Failed to load resource: net::ERR_CONNECTION_REFUSED @ http://localhost:8000/api/objects/SharedMemory?server=ee8d9159:0
[  615239ms] [ERROR] Error загрузки ee8d9159:SharedMemory: TypeError: Failed to fetch
    at fetchObjectData (http://localhost:8000/static/js/app.js:11889:28)
    at loadObjectData (http://localhost:8000/static/js/app.js:13547:28)
    at http://localhost:8000/static/js/app.js:1198:23 @ http://localhost:8000/static/js/app.js:13558
[  615239ms] [ERROR] Failed to load resource: net::ERR_CONNECTION_REFUSED @ http://localhost:8000/api/objects/SharedMemory/variables/io%3ASensor1_S/history?count=200&server=ee8d9159:0
[  615239ms] [ERROR] Error обновления графика для io:Sensor1_S: TypeError: Failed to fetch
    at fetchVariableHistory (http://localhost:8000/static/js/app.js:11919:28)
    at updateChart (http://localhost:8000/static/js/app.js:13985:31)
    at http://localhost:8000/static/js/app.js:1209:27 @ http://localhost:8000/static/js/app.js:14010
[  615239ms] [ERROR] Failed to load resource: net::ERR_CONNECTION_REFUSED @ http://localhost:8000/api/objects/SharedMemory/variables/io%3ASensor10_S/history?count=200&server=ee8d9159:0
[  615239ms] [ERROR] Error обновления графика для io:Sensor10_S: TypeError: Failed to fetch
    at fetchVariableHistory (http://localhost:8000/static/js/app.js:11919:28)
    at updateChart (http://localhost:8000/static/js/app.js:13985:31)
    at http://localhost:8000/static/js/app.js:1209:27 @ http://localhost:8000/static/js/app.js:14010
[  615240ms] [ERROR] Failed to load resource: net::ERR_CONNECTION_REFUSED @ http://localhost:8000/api/objects/SharedMemory/variables/io%3ASensor100_S/history?count=200&server=ee8d9159:0
[  615240ms] [ERROR] Error обновления графика для io:Sensor100_S: TypeError: Failed to fetch
    at fetchVariableHistory (http://localhost:8000/static/js/app.js:11919:28)
    at updateChart (http://localhost:8000/static/js/app.js:13985:31)
    at http://localhost:8000/static/js/app.js:1209:27 @ http://localhost:8000/static/js/app.js:14010
[  615349ms] [ERROR] Failed to load resource: net::ERR_CONNECTION_REFUSED @ http://localhost:8000/api/recording/status:0
[  616236ms] [ERROR] Failed to load resource: net::ERR_CONNECTION_REFUSED @ http://localhost:8000/api/objects/SharedMemory?server=ee8d9159:0
[  616236ms] [ERROR] Error загрузки ee8d9159:SharedMemory: TypeError: Failed to fetch
    at fetchObjectData (http://localhost:8000/static/js/app.js:11889:28)
    at loadObjectData (http://localhost:8000/static/js/app.js:13547:28)
    at http://localhost:8000/static/js/app.js:1198:23 @ http://localhost:8000/static/js/app.js:13558
[  616236ms] [ERROR] Failed to load resource: net::ERR_CONNECTION_REFUSED @ http://localhost:8000/api/objects/SharedMemory/variables/io%3ASensor1_S/history?count=200&server=ee8d9159:0
[  616236ms] [ERROR] Error обновления графика для io:Sensor1_S: TypeError: Failed to fetch
    at fetchVariableHistory (http://localhost:8000/static/js/app.js:11919:28)
    at updateChart (http://localhost:8000/static/js/app.js:13985:31)
    at http://localhost:8000/static/js/app.js:1209:27 @ http://localhost:8000/static/js/app.js:14010
[  616236ms] [ERROR] Failed to load resource: net::ERR_CONNECTION_REFUSED @ http://localhost:8000/api/objects/SharedMemory/variables/io%3ASensor10_S/history?count=200&server=ee8d9159:0
[  616236ms] [ERROR] Error обновления графика для io:Sensor10_S: TypeError: Failed to fetch
    at fetchVariableHistory (http://localhost:8000/static/js/app.js:11919:28)
    at updateChart (http://localhost:8000/static/js/app.js:13985:31)
    at http://localhost:8000/static/js/app.js:1209:27 @ http://localhost:8000/static/js/app.js:14010
[  616236ms] [ERROR] Failed to load resource: net::ERR_CONNECTION_REFUSED @ http://localhost:8000/api/objects/SharedMemory/variables/io%3ASensor100_S/history?count=200&server=ee8d9159:0
[  616236ms] [ERROR] Error обновления графика для io:Sensor100_S: TypeError: Failed to fetch
    at fetchVariableHistory (http://localhost:8000/static/js/app.js:11919:28)
    at updateChart (http://localhost:8000/static/js/app.js:13985:31)
    at http://localhost:8000/static/js/app.js:1209:27 @ http://localhost:8000/static/js/app.js:14010
[  617238ms] [ERROR] Failed to load resource: net::ERR_CONNECTION_REFUSED @ http://localhost:8000/api/objects/SharedMemory?server=ee8d9159:0
[  617238ms] [ERROR] Error загрузки ee8d9159:SharedMemory: TypeError: Failed to fetch
    at fetchObjectData (http://localhost:8000/static/js/app.js:11889:28)
    at loadObjectData (http://localhost:8000/static/js/app.js:13547:28)
    at http://localhost:8000/static/js/app.js:1198:23 @ http://localhost:8000/static/js/app.js:13558
[  617238ms] [ERROR] Failed to load resource: net::ERR_CONNECTION_REFUSED @ http://localhost:8000/api/objects/SharedMemory/variables/io%3ASensor1_S/history?count=200&server=ee8d9159:0
[  617238ms] [ERROR] Error обновления графика для io:Sensor1_S: TypeError: Failed to fetch
    at fetchVariableHistory (http://localhost:8000/static/js/app.js:11919:28)
    at updateChart (http://localhost:8000/static/js/app.js:13985:31)
    at http://localhost:8000/static/js/app.js:1209:27 @ http://localhost:8000/static/js/app.js:14010
[  617239ms] [ERROR] Failed to load resource: net::ERR_CONNECTION_REFUSED @ http://localhost:8000/api/objects/SharedMemory/variables/io%3ASensor10_S/history?count=200&server=ee8d9159:0
[  617239ms] [ERROR] Error обновления графика для io:Sensor10_S: TypeError: Failed to fetch
    at fetchVariableHistory (http://localhost:8000/static/js/app.js:11919:28)
    at updateChart (http://localhost:8000/static/js/app.js:13985:31)
    at http://localhost:8000/static/js/app.js:1209:27 @ http://localhost:8000/static/js/app.js:14010
[  617239ms] [ERROR] Failed to load resource: net::ERR_CONNECTION_REFUSED @ http://localhost:8000/api/objects/SharedMemory/variables/io%3ASensor100_S/history?count=200&server=ee8d9159:0
[  617239ms] [ERROR] Error обновления графика для io:Sensor100_S: TypeError: Failed to fetch
    at fetchVariableHistory (http://localhost:8000/static/js/app.js:11919:28)
    at updateChart (http://localhost:8000/static/js/app.js:13985:31)
    at http://localhost:8000/static/js/app.js:1209:27 @ http://localhost:8000/static/js/app.js:14010
[  618237ms] [ERROR] Failed to load resource: net::ERR_CONNECTION_REFUSED @ http://localhost:8000/api/objects/SharedMemory?server=ee8d9159:0
[  618237ms] [ERROR] Error загрузки ee8d9159:SharedMemory: TypeError: Failed to fetch
    at fetchObjectData (http://localhost:8000/static/js/app.js:11889:28)
    at loadObjectData (http://localhost:8000/static/js/app.js:13547:28)
    at http://localhost:8000/static/js/app.js:1198:23 @ http://localhost:8000/static/js/app.js:13558
[  618238ms] [ERROR] Failed to load resource: net::ERR_CONNECTION_REFUSED @ http://localhost:8000/api/objects/SharedMemory/variables/io%3ASensor1_S/history?count=200&server=ee8d9159:0
[  618238ms] [ERROR] Error обновления графика для io:Sensor1_S: TypeError: Failed to fetch
    at fetchVariableHistory (http://localhost:8000/static/js/app.js:11919:28)
    at updateChart (http://localhost:8000/static/js/app.js:13985:31)
    at http://localhost:8000/static/js/app.js:1209:27 @ http://localhost:8000/static/js/app.js:14010
[  618238ms] [ERROR] Failed to load resource: net::ERR_CONNECTION_REFUSED @ http://localhost:8000/api/objects/SharedMemory/variables/io%3ASensor10_S/history?count=200&server=ee8d9159:0
[  618238ms] [ERROR] Error обновления графика для io:Sensor10_S: TypeError: Failed to fetch
    at fetchVariableHistory (http://localhost:8000/static/js/app.js:11919:28)
    at updateChart (http://localhost:8000/static/js/app.js:13985:31)
    at http://localhost:8000/static/js/app.js:1209:27 @ http://localhost:8000/static/js/app.js:14010
[  618238ms] [ERROR] Failed to load resource: net::ERR_CONNECTION_REFUSED @ http://localhost:8000/api/objects/SharedMemory/variables/io%3ASensor100_S/history?count=200&server=ee8d9159:0
[  618238ms] [ERROR] Error обновления графика для io:Sensor100_S: TypeError: Failed to fetch
    at fetchVariableHistory (http://localhost:8000/static/js/app.js:11919:28)
    at updateChart (http://localhost:8000/static/js/app.js:13985:31)
    at http://localhost:8000/static/js/app.js:1209:27 @ http://localhost:8000/static/js/app.js:14010
[  619239ms] [ERROR] Failed to load resource: net::ERR_CONNECTION_REFUSED @ http://localhost:8000/api/objects/SharedMemory?server=ee8d9159:0
[  619239ms] [ERROR] Error загрузки ee8d9159:SharedMemory: TypeError: Failed to fetch
    at fetchObjectData (http://localhost:8000/static/js/app.js:11889:28)
    at loadObjectData (http://localhost:8000/static/js/app.js:13547:28)
    at http://localhost:8000/static/js/app.js:1198:23 @ http://localhost:8000/static/js/app.js:13558
[  619240ms] [ERROR] Failed to load resource: net::ERR_CONNECTION_REFUSED @ http://localhost:8000/api/objects/SharedMemory/variables/io%3ASensor1_S/history?count=200&server=ee8d9159:0
[  619240ms] [ERROR] Error обновления графика для io:Sensor1_S: TypeError: Failed to fetch
    at fetchVariableHistory (http://localhost:8000/static/js/app.js:11919:28)
    at updateChart (http://localhost:8000/static/js/app.js:13985:31)
    at http://localhost:8000/static/js/app.js:1209:27 @ http://localhost:8000/static/js/app.js:14010
[  619240ms] [ERROR] Failed to load resource: net::ERR_CONNECTION_REFUSED @ http://localhost:8000/api/objects/SharedMemory/variables/io%3ASensor10_S/history?count=200&server=ee8d9159:0
[  619240ms] [ERROR] Error обновления графика для io:Sensor10_S: TypeError: Failed to fetch
    at fetchVariableHistory (http://localhost:8000/static/js/app.js:11919:28)
    at updateChart (http://localhost:8000/static/js/app.js:13985:31)
    at http://localhost:8000/static/js/app.js:1209:27 @ http://localhost:8000/static/js/app.js:14010
[  619240ms] [ERROR] Failed to load resource: net::ERR_CONNECTION_REFUSED @ http://localhost:8000/api/objects/SharedMemory/variables/io%3ASensor100_S/history?count=200&server=ee8d9159:0
[  619240ms] [ERROR] Error обновления графика для io:Sensor100_S: TypeError: Failed to fetch
    at fetchVariableHistory (http://localhost:8000/static/js/app.js:11919:28)
    at updateChart (http://localhost:8000/static/js/app.js:13985:31)
    at http://localhost:8000/static/js/app.js:1209:27 @ http://localhost:8000/static/js/app.js:14010
[  620238ms] [ERROR] Failed to load resource: net::ERR_CONNECTION_REFUSED @ http://localhost:8000/api/servers:0
[  620238ms] [ERROR] Error обновления списка объектов: TypeError: Failed to fetch
    at fetchServers (http://localhost:8000/static/js/app.js:11815:28)
    at fetchObjects (http://localhost:8000/static/js/app.js:11822:31)
    at refreshObjectsList (http://localhost:8000/static/js/app.js:11870:28)
    at http://localhost:8000/static/js/app.js:1191:9 @ http://localhost:8000/static/js/app.js:11873
[  620238ms] [ERROR] Failed to load resource: net::ERR_CONNECTION_REFUSED @ http://localhost:8000/api/objects/SharedMemory?server=ee8d9159:0
[  620238ms] [ERROR] Error загрузки ee8d9159:SharedMemory: TypeError: Failed to fetch
    at fetchObjectData (http://localhost:8000/static/js/app.js:11889:28)
    at loadObjectData (http://localhost:8000/static/js/app.js:13547:28)
    at http://localhost:8000/static/js/app.js:1198:23 @ http://localhost:8000/static/js/app.js:13558
[  620238ms] [ERROR] Failed to load resource: net::ERR_CONNECTION_REFUSED @ http://localhost:8000/api/objects/SharedMemory/variables/io%3ASensor1_S/history?count=200&server=ee8d9159:0
[  620238ms] [ERROR] Error обновления графика для io:Sensor1_S: TypeError: Failed to fetch
    at fetchVariableHistory (http://localhost:8000/static/js/app.js:11919:28)
    at updateChart (http://localhost:8000/static/js/app.js:13985:31)
    at http://localhost:8000/static/js/app.js:1209:27 @ http://localhost:8000/static/js/app.js:14010
[  620239ms] [ERROR] Failed to load resource: net::ERR_CONNECTION_REFUSED @ http://localhost:8000/api/objects/SharedMemory/variables/io%3ASensor10_S/history?count=200&server=ee8d9159:0
[  620239ms] [ERROR] Error обновления графика для io:Sensor10_S: TypeError: Failed to fetch
    at fetchVariableHistory (http://localhost:8000/static/js/app.js:11919:28)
    at updateChart (http://localhost:8000/static/js/app.js:13985:31)
    at http://localhost:8000/static/js/app.js:1209:27 @ http://localhost:8000/static/js/app.js:14010
[  620239ms] [ERROR] Failed to load resource: net::ERR_CONNECTION_REFUSED @ http://localhost:8000/api/objects/SharedMemory/variables/io%3ASensor100_S/history?count=200&server=ee8d9159:0
[  620239ms] [ERROR] Error обновления графика для io:Sensor100_S: TypeError: Failed to fetch
    at fetchVariableHistory (http://localhost:8000/static/js/app.js:11919:28)
    at updateChart (http://localhost:8000/static/js/app.js:13985:31)
    at http://localhost:8000/static/js/app.js:1209:27 @ http://localhost:8000/static/js/app.js:14010
[  620350ms] [ERROR] Failed to load resource: net::ERR_CONNECTION_REFUSED @ http://localhost:8000/api/recording/status:0
[  621239ms] [ERROR] Failed to load resource: net::ERR_CONNECTION_REFUSED @ http://localhost:8000/api/objects/SharedMemory?server=ee8d9159:0
[  621239ms] [ERROR] Error загрузки ee8d9159:SharedMemory: TypeError: Failed to fetch
    at fetchObjectData (http://localhost:8000/static/js/app.js:11889:28)
    at loadObjectData (http://localhost:8000/static/js/app.js:13547:28)
    at http://localhost:8000/static/js/app.js:1198:23 @ http://localhost:8000/static/js/app.js:13558
[  621240ms] [ERROR] Failed to load resource: net::ERR_CONNECTION_REFUSED @ http://localhost:8000/api/objects/SharedMemory/variables/io%3ASensor1_S/history?count=200&server=ee8d9159:0
[  621240ms] [ERROR] Error обновления графика для io:Sensor1_S: TypeError: Failed to fetch
    at fetchVariableHistory (http://localhost:8000/static/js/app.js:11919:28)
    at updateChart (http://localhost:8000/static/js/app.js:13985:31)
    at http://localhost:8000/static/js/app.js:1209:27 @ http://localhost:8000/static/js/app.js:14010
[  621240ms] [ERROR] Failed to load resource: net::ERR_CONNECTION_REFUSED @ http://localhost:8000/api/objects/SharedMemory/variables/io%3ASensor10_S/history?count=200&server=ee8d9159:0
[  621240ms] [ERROR] Error обновления графика для io:Sensor10_S: TypeError: Failed to fetch
    at fetchVariableHistory (http://localhost:8000/static/js/app.js:11919:28)
    at updateChart (http://localhost:8000/static/js/app.js:13985:31)
    at http://localhost:8000/static/js/app.js:1209:27 @ http://localhost:8000/static/js/app.js:14010
[  621240ms] [ERROR] Failed to load resource: net::ERR_CONNECTION_REFUSED @ http://localhost:8000/api/objects/SharedMemory/variables/io%3ASensor100_S/history?count=200&server=ee8d9159:0
[  621240ms] [ERROR] Error обновления графика для io:Sensor100_S: TypeError: Failed to fetch
    at fetchVariableHistory (http://localhost:8000/static/js/app.js:11919:28)
    at updateChart (http://localhost:8000/static/js/app.js:13985:31)
    at http://localhost:8000/static/js/app.js:1209:27 @ http://localhost:8000/static/js/app.js:14010
[  622237ms] [ERROR] Failed to load resource: net::ERR_CONNECTION_REFUSED @ http://localhost:8000/api/objects/SharedMemory?server=ee8d9159:0
[  622237ms] [ERROR] Error загрузки ee8d9159:SharedMemory: TypeError: Failed to fetch
    at fetchObjectData (http://localhost:8000/static/js/app.js:11889:28)
    at loadObjectData (http://localhost:8000/static/js/app.js:13547:28)
    at http://localhost:8000/static/js/app.js:1198:23 @ http://localhost:8000/static/js/app.js:13558
[  622237ms] [ERROR] Failed to load resource: net::ERR_CONNECTION_REFUSED @ http://localhost:8000/api/objects/SharedMemory/variables/io%3ASensor1_S/history?count=200&server=ee8d9159:0
[  622237ms] [ERROR] Error обновления графика для io:Sensor1_S: TypeError: Failed to fetch
    at fetchVariableHistory (http://localhost:8000/static/js/app.js:11919:28)
    at updateChart (http://localhost:8000/static/js/app.js:13985:31)
    at http://localhost:8000/static/js/app.js:1209:27 @ http://localhost:8000/static/js/app.js:14010
[  622237ms] [ERROR] Failed to load resource: net::ERR_CONNECTION_REFUSED @ http://localhost:8000/api/objects/SharedMemory/variables/io%3ASensor10_S/history?count=200&server=ee8d9159:0
[  622237ms] [ERROR] Error обновления графика для io:Sensor10_S: TypeError: Failed to fetch
    at fetchVariableHistory (http://localhost:8000/static/js/app.js:11919:28)
    at updateChart (http://localhost:8000/static/js/app.js:13985:31)
    at http://localhost:8000/static/js/app.js:1209:27 @ http://localhost:8000/static/js/app.js:14010
[  622237ms] [ERROR] Failed to load resource: net::ERR_CONNECTION_REFUSED @ http://localhost:8000/api/objects/SharedMemory/variables/io%3ASensor100_S/history?count=200&server=ee8d9159:0
[  622237ms] [ERROR] Error обновления графика для io:Sensor100_S: TypeError: Failed to fetch
    at fetchVariableHistory (http://localhost:8000/static/js/app.js:11919:28)
    at updateChart (http://localhost:8000/static/js/app.js:13985:31)
    at http://localhost:8000/static/js/app.js:1209:27 @ http://localhost:8000/static/js/app.js:14010
[  623238ms] [ERROR] Failed to load resource: net::ERR_CONNECTION_REFUSED @ http://localhost:8000/api/objects/SharedMemory?server=ee8d9159:0
[  623238ms] [ERROR] Error загрузки ee8d9159:SharedMemory: TypeError: Failed to fetch
    at fetchObjectData (http://localhost:8000/static/js/app.js:11889:28)
    at loadObjectData (http://localhost:8000/static/js/app.js:13547:28)
    at http://localhost:8000/static/js/app.js:1198:23 @ http://localhost:8000/static/js/app.js:13558
[  623239ms] [ERROR] Failed to load resource: net::ERR_CONNECTION_REFUSED @ http://localhost:8000/api/objects/SharedMemory/variables/io%3ASensor1_S/history?count=200&server=ee8d9159:0
[  623239ms] [ERROR] Error обновления графика для io:Sensor1_S: TypeError: Failed to fetch
    at fetchVariableHistory (http://localhost:8000/static/js/app.js:11919:28)
    at updateChart (http://localhost:8000/static/js/app.js:13985:31)
    at http://localhost:8000/static/js/app.js:1209:27 @ http://localhost:8000/static/js/app.js:14010
[  623239ms] [ERROR] Failed to load resource: net::ERR_CONNECTION_REFUSED @ http://localhost:8000/api/objects/SharedMemory/variables/io%3ASensor10_S/history?count=200&server=ee8d9159:0
[  623239ms] [ERROR] Error обновления графика для io:Sensor10_S: TypeError: Failed to fetch
    at fetchVariableHistory (http://localhost:8000/static/js/app.js:11919:28)
    at updateChart (http://localhost:8000/static/js/app.js:13985:31)
    at http://localhost:8000/static/js/app.js:1209:27 @ http://localhost:8000/static/js/app.js:14010
[  623240ms] [ERROR] Failed to load resource: net::ERR_CONNECTION_REFUSED @ http://localhost:8000/api/objects/SharedMemory/variables/io%3ASensor100_S/history?count=200&server=ee8d9159:0
[  623240ms] [ERROR] Error обновления графика для io:Sensor100_S: TypeError: Failed to fetch
    at fetchVariableHistory (http://localhost:8000/static/js/app.js:11919:28)
    at updateChart (http://localhost:8000/static/js/app.js:13985:31)
    at http://localhost:8000/static/js/app.js:1209:27 @ http://localhost:8000/static/js/app.js:14010
[  624238ms] [ERROR] Failed to load resource: net::ERR_CONNECTION_REFUSED @ http://localhost:8000/api/objects/SharedMemory?server=ee8d9159:0
[  624238ms] [ERROR] Error загрузки ee8d9159:SharedMemory: TypeError: Failed to fetch
    at fetchObjectData (http://localhost:8000/static/js/app.js:11889:28)
    at loadObjectData (http://localhost:8000/static/js/app.js:13547:28)
    at http://localhost:8000/static/js/app.js:1198:23 @ http://localhost:8000/static/js/app.js:13558
[  624239ms] [ERROR] Failed to load resource: net::ERR_CONNECTION_REFUSED @ http://localhost:8000/api/objects/SharedMemory/variables/io%3ASensor1_S/history?count=200&server=ee8d9159:0
[  624239ms] [ERROR] Error обновления графика для io:Sensor1_S: TypeError: Failed to fetch
    at fetchVariableHistory (http://localhost:8000/static/js/app.js:11919:28)
    at updateChart (http://localhost:8000/static/js/app.js:13985:31)
    at http://localhost:8000/static/js/app.js:1209:27 @ http://localhost:8000/static/js/app.js:14010
[  624239ms] [ERROR] Failed to load resource: net::ERR_CONNECTION_REFUSED @ http://localhost:8000/api/objects/SharedMemory/variables/io%3ASensor10_S/history?count=200&server=ee8d9159:0
[  624239ms] [ERROR] Error обновления графика для io:Sensor10_S: TypeError: Failed to fetch
    at fetchVariableHistory (http://localhost:8000/static/js/app.js:11919:28)
    at updateChart (http://localhost:8000/static/js/app.js:13985:31)
    at http://localhost:8000/static/js/app.js:1209:27 @ http://localhost:8000/static/js/app.js:14010
[  624239ms] [ERROR] Failed to load resource: net::ERR_CONNECTION_REFUSED @ http://localhost:8000/api/objects/SharedMemory/variables/io%3ASensor100_S/history?count=200&server=ee8d9159:0
[  624240ms] [ERROR] Error обновления графика для io:Sensor100_S: TypeError: Failed to fetch
    at fetchVariableHistory (http://localhost:8000/static/js/app.js:11919:28)
    at updateChart (http://localhost:8000/static/js/app.js:13985:31)
    at http://localhost:8000/static/js/app.js:1209:27 @ http://localhost:8000/static/js/app.js:14010
[  625237ms] [ERROR] Failed to load resource: net::ERR_CONNECTION_REFUSED @ http://localhost:8000/api/objects/SharedMemory?server=ee8d9159:0
[  625237ms] [ERROR] Error загрузки ee8d9159:SharedMemory: TypeError: Failed to fetch
    at fetchObjectData (http://localhost:8000/static/js/app.js:11889:28)
    at loadObjectData (http://localhost:8000/static/js/app.js:13547:28)
    at http://localhost:8000/static/js/app.js:1198:23 @ http://localhost:8000/static/js/app.js:13558
[  625237ms] [ERROR] Failed to load resource: net::ERR_CONNECTION_REFUSED @ http://localhost:8000/api/objects/SharedMemory/variables/io%3ASensor1_S/history?count=200&server=ee8d9159:0
[  625237ms] [ERROR] Error обновления графика для io:Sensor1_S: TypeError: Failed to fetch
    at fetchVariableHistory (http://localhost:8000/static/js/app.js:11919:28)
    at updateChart (http://localhost:8000/static/js/app.js:13985:31)
    at http://localhost:8000/static/js/app.js:1209:27 @ http://localhost:8000/static/js/app.js:14010
[  625237ms] [ERROR] Failed to load resource: net::ERR_CONNECTION_REFUSED @ http://localhost:8000/api/objects/SharedMemory/variables/io%3ASensor10_S/history?count=200&server=ee8d9159:0
[  625237ms] [ERROR] Error обновления графика для io:Sensor10_S: TypeError: Failed to fetch
    at fetchVariableHistory (http://localhost:8000/static/js/app.js:11919:28)
    at updateChart (http://localhost:8000/static/js/app.js:13985:31)
    at http://localhost:8000/static/js/app.js:1209:27 @ http://localhost:8000/static/js/app.js:14010
[  625237ms] [ERROR] Failed to load resource: net::ERR_CONNECTION_REFUSED @ http://localhost:8000/api/objects/SharedMemory/variables/io%3ASensor100_S/history?count=200&server=ee8d9159:0
[  625237ms] [ERROR] Error обновления графика для io:Sensor100_S: TypeError: Failed to fetch
    at fetchVariableHistory (http://localhost:8000/static/js/app.js:11919:28)
    at updateChart (http://localhost:8000/static/js/app.js:13985:31)
    at http://localhost:8000/static/js/app.js:1209:27 @ http://localhost:8000/static/js/app.js:14010
[  625351ms] [ERROR] Failed to load resource: net::ERR_CONNECTION_REFUSED @ http://localhost:8000/api/recording/status:0
[  626239ms] [ERROR] Failed to load resource: net::ERR_CONNECTION_REFUSED @ http://localhost:8000/api/servers:0
[  626239ms] [ERROR] Error обновления списка объектов: TypeError: Failed to fetch
    at fetchServers (http://localhost:8000/static/js/app.js:11815:28)
    at fetchObjects (http://localhost:8000/static/js/app.js:11822:31)
    at refreshObjectsList (http://localhost:8000/static/js/app.js:11870:28)
    at http://localhost:8000/static/js/app.js:1191:9 @ http://localhost:8000/static/js/app.js:11873
[  626240ms] [ERROR] Failed to load resource: net::ERR_CONNECTION_REFUSED @ http://localhost:8000/api/objects/SharedMemory?server=ee8d9159:0
[  626240ms] [ERROR] Error загрузки ee8d9159:SharedMemory: TypeError: Failed to fetch
    at fetchObjectData (http://localhost:8000/static/js/app.js:11889:28)
    at loadObjectData (http://localhost:8000/static/js/app.js:13547:28)
    at http://localhost:8000/static/js/app.js:1198:23 @ http://localhost:8000/static/js/app.js:13558
[  626240ms] [ERROR] Failed to load resource: net::ERR_CONNECTION_REFUSED @ http://localhost:8000/api/objects/SharedMemory/variables/io%3ASensor1_S/history?count=200&server=ee8d9159:0
[  626240ms] [ERROR] Error обновления графика для io:Sensor1_S: TypeError: Failed to fetch
    at fetchVariableHistory (http://localhost:8000/static/js/app.js:11919:28)
    at updateChart (http://localhost:8000/static/js/app.js:13985:31)
    at http://localhost:8000/static/js/app.js:1209:27 @ http://localhost:8000/static/js/app.js:14010
[  626241ms] [ERROR] Failed to load resource: net::ERR_CONNECTION_REFUSED @ http://localhost:8000/api/objects/SharedMemory/variables/io%3ASensor10_S/history?count=200&server=ee8d9159:0
[  626241ms] [ERROR] Error обновления графика для io:Sensor10_S: TypeError: Failed to fetch
    at fetchVariableHistory (http://localhost:8000/static/js/app.js:11919:28)
    at updateChart (http://localhost:8000/static/js/app.js:13985:31)
    at http://localhost:8000/static/js/app.js:1209:27 @ http://localhost:8000/static/js/app.js:14010
[  626241ms] [ERROR] Failed to load resource: net::ERR_CONNECTION_REFUSED @ http://localhost:8000/api/objects/SharedMemory/variables/io%3ASensor100_S/history?count=200&server=ee8d9159:0
[  626241ms] [ERROR] Error обновления графика для io:Sensor100_S: TypeError: Failed to fetch
    at fetchVariableHistory (http://localhost:8000/static/js/app.js:11919:28)
    at updateChart (http://localhost:8000/static/js/app.js:13985:31)
    at http://localhost:8000/static/js/app.js:1209:27 @ http://localhost:8000/static/js/app.js:14010
[  626241ms] [ERROR] Failed to load resource: net::ERR_CONNECTION_REFUSED @ http://localhost:8000/api/version:0
[  627238ms] [ERROR] Failed to load resource: net::ERR_CONNECTION_REFUSED @ http://localhost:8000/api/objects/SharedMemory?server=ee8d9159:0
[  627238ms] [ERROR] Error загрузки ee8d9159:SharedMemory: TypeError: Failed to fetch
    at fetchObjectData (http://localhost:8000/static/js/app.js:11889:28)
    at loadObjectData (http://localhost:8000/static/js/app.js:13547:28)
    at http://localhost:8000/static/js/app.js:1198:23 @ http://localhost:8000/static/js/app.js:13558
[  627239ms] [ERROR] Failed to load resource: net::ERR_CONNECTION_REFUSED @ http://localhost:8000/api/objects/SharedMemory/variables/io%3ASensor1_S/history?count=200&server=ee8d9159:0
[  627239ms] [ERROR] Error обновления графика для io:Sensor1_S: TypeError: Failed to fetch
    at fetchVariableHistory (http://localhost:8000/static/js/app.js:11919:28)
    at updateChart (http://localhost:8000/static/js/app.js:13985:31)
    at http://localhost:8000/static/js/app.js:1209:27 @ http://localhost:8000/static/js/app.js:14010
[  627239ms] [ERROR] Failed to load resource: net::ERR_CONNECTION_REFUSED @ http://localhost:8000/api/objects/SharedMemory/variables/io%3ASensor10_S/history?count=200&server=ee8d9159:0
[  627239ms] [ERROR] Error обновления графика для io:Sensor10_S: TypeError: Failed to fetch
    at fetchVariableHistory (http://localhost:8000/static/js/app.js:11919:28)
    at updateChart (http://localhost:8000/static/js/app.js:13985:31)
    at http://localhost:8000/static/js/app.js:1209:27 @ http://localhost:8000/static/js/app.js:14010
[  627239ms] [ERROR] Failed to load resource: net::ERR_CONNECTION_REFUSED @ http://localhost:8000/api/objects/SharedMemory/variables/io%3ASensor100_S/history?count=200&server=ee8d9159:0
[  627239ms] [ERROR] Error обновления графика для io:Sensor100_S: TypeError: Failed to fetch
    at fetchVariableHistory (http://localhost:8000/static/js/app.js:11919:28)
    at updateChart (http://localhost:8000/static/js/app.js:13985:31)
    at http://localhost:8000/static/js/app.js:1209:27 @ http://localhost:8000/static/js/app.js:14010
[  628238ms] [ERROR] Failed to load resource: net::ERR_CONNECTION_REFUSED @ http://localhost:8000/api/objects/SharedMemory?server=ee8d9159:0
[  628238ms] [ERROR] Error загрузки ee8d9159:SharedMemory: TypeError: Failed to fetch
    at fetchObjectData (http://localhost:8000/static/js/app.js:11889:28)
    at loadObjectData (http://localhost:8000/static/js/app.js:13547:28)
    at http://localhost:8000/static/js/app.js:1198:23 @ http://localhost:8000/static/js/app.js:13558
[  628239ms] [ERROR] Failed to load resource: net::ERR_CONNECTION_REFUSED @ http://localhost:8000/api/objects/SharedMemory/variables/io%3ASensor1_S/history?count=200&server=ee8d9159:0
[  628239ms] [ERROR] Error обновления графика для io:Sensor1_S: TypeError: Failed to fetch
    at fetchVariableHistory (http://localhost:8000/static/js/app.js:11919:28)
    at updateChart (http://localhost:8000/static/js/app.js:13985:31)
    at http://localhost:8000/static/js/app.js:1209:27 @ http://localhost:8000/static/js/app.js:14010
[  628239ms] [ERROR] Failed to load resource: net::ERR_CONNECTION_REFUSED @ http://localhost:8000/api/objects/SharedMemory/variables/io%3ASensor10_S/history?count=200&server=ee8d9159:0
[  628239ms] [ERROR] Error обновления графика для io:Sensor10_S: TypeError: Failed to fetch
    at fetchVariableHistory (http://localhost:8000/static/js/app.js:11919:28)
    at updateChart (http://localhost:8000/static/js/app.js:13985:31)
    at http://localhost:8000/static/js/app.js:1209:27 @ http://localhost:8000/static/js/app.js:14010
[  628239ms] [ERROR] Failed to load resource: net::ERR_CONNECTION_REFUSED @ http://localhost:8000/api/objects/SharedMemory/variables/io%3ASensor100_S/history?count=200&server=ee8d9159:0
[  628239ms] [ERROR] Error обновления графика для io:Sensor100_S: TypeError: Failed to fetch
    at fetchVariableHistory (http://localhost:8000/static/js/app.js:11919:28)
    at updateChart (http://localhost:8000/static/js/app.js:13985:31)
    at http://localhost:8000/static/js/app.js:1209:27 @ http://localhost:8000/static/js/app.js:14010
[  629236ms] [ERROR] Failed to load resource: net::ERR_CONNECTION_REFUSED @ http://localhost:8000/api/objects/SharedMemory?server=ee8d9159:0
[  629236ms] [ERROR] Error загрузки ee8d9159:SharedMemory: TypeError: Failed to fetch
    at fetchObjectData (http://localhost:8000/static/js/app.js:11889:28)
    at loadObjectData (http://localhost:8000/static/js/app.js:13547:28)
    at http://localhost:8000/static/js/app.js:1198:23 @ http://localhost:8000/static/js/app.js:13558
[  629237ms] [ERROR] Failed to load resource: net::ERR_CONNECTION_REFUSED @ http://localhost:8000/api/objects/SharedMemory/variables/io%3ASensor1_S/history?count=200&server=ee8d9159:0
[  629237ms] [ERROR] Error обновления графика для io:Sensor1_S: TypeError: Failed to fetch
    at fetchVariableHistory (http://localhost:8000/static/js/app.js:11919:28)
    at updateChart (http://localhost:8000/static/js/app.js:13985:31)
    at http://localhost:8000/static/js/app.js:1209:27 @ http://localhost:8000/static/js/app.js:14010
[  629237ms] [ERROR] Failed to load resource: net::ERR_CONNECTION_REFUSED @ http://localhost:8000/api/objects/SharedMemory/variables/io%3ASensor10_S/history?count=200&server=ee8d9159:0
[  629237ms] [ERROR] Error обновления графика для io:Sensor10_S: TypeError: Failed to fetch
    at fetchVariableHistory (http://localhost:8000/static/js/app.js:11919:28)
    at updateChart (http://localhost:8000/static/js/app.js:13985:31)
    at http://localhost:8000/static/js/app.js:1209:27 @ http://localhost:8000/static/js/app.js:14010
[  629237ms] [ERROR] Failed to load resource: net::ERR_CONNECTION_REFUSED @ http://localhost:8000/api/objects/SharedMemory/variables/io%3ASensor100_S/history?count=200&server=ee8d9159:0
[  629237ms] [ERROR] Error обновления графика для io:Sensor100_S: TypeError: Failed to fetch
    at fetchVariableHistory (http://localhost:8000/static/js/app.js:11919:28)
    at updateChart (http://localhost:8000/static/js/app.js:13985:31)
    at http://localhost:8000/static/js/app.js:1209:27 @ http://localhost:8000/static/js/app.js:14010
[  630238ms] [ERROR] Failed to load resource: net::ERR_CONNECTION_REFUSED @ http://localhost:8000/api/objects/SharedMemory?server=ee8d9159:0
[  630238ms] [ERROR] Error загрузки ee8d9159:SharedMemory: TypeError: Failed to fetch
    at fetchObjectData (http://localhost:8000/static/js/app.js:11889:28)
    at loadObjectData (http://localhost:8000/static/js/app.js:13547:28)
    at http://localhost:8000/static/js/app.js:1198:23 @ http://localhost:8000/static/js/app.js:13558
[  630239ms] [ERROR] Failed to load resource: net::ERR_CONNECTION_REFUSED @ http://localhost:8000/api/objects/SharedMemory/variables/io%3ASensor1_S/history?count=200&server=ee8d9159:0
[  630239ms] [ERROR] Error обновления графика для io:Sensor1_S: TypeError: Failed to fetch
    at fetchVariableHistory (http://localhost:8000/static/js/app.js:11919:28)
    at updateChart (http://localhost:8000/static/js/app.js:13985:31)
    at http://localhost:8000/static/js/app.js:1209:27 @ http://localhost:8000/static/js/app.js:14010
[  630239ms] [ERROR] Failed to load resource: net::ERR_CONNECTION_REFUSED @ http://localhost:8000/api/objects/SharedMemory/variables/io%3ASensor10_S/history?count=200&server=ee8d9159:0
[  630239ms] [ERROR] Error обновления графика для io:Sensor10_S: TypeError: Failed to fetch
    at fetchVariableHistory (http://localhost:8000/static/js/app.js:11919:28)
    at updateChart (http://localhost:8000/static/js/app.js:13985:31)
    at http://localhost:8000/static/js/app.js:1209:27 @ http://localhost:8000/static/js/app.js:14010
[  630239ms] [ERROR] Failed to load resource: net::ERR_CONNECTION_REFUSED @ http://localhost:8000/api/objects/SharedMemory/variables/io%3ASensor100_S/history?count=200&server=ee8d9159:0
[  630239ms] [ERROR] Error обновления графика для io:Sensor100_S: TypeError: Failed to fetch
    at fetchVariableHistory (http://localhost:8000/static/js/app.js:11919:28)
    at updateChart (http://localhost:8000/static/js/app.js:13985:31)
    at http://localhost:8000/static/js/app.js:1209:27 @ http://localhost:8000/static/js/app.js:14010
[  630350ms] [ERROR] Failed to load resource: net::ERR_CONNECTION_REFUSED @ http://localhost:8000/api/recording/status:0
[  631240ms] [ERROR] Failed to load resource: net::ERR_CONNECTION_REFUSED @ http://localhost:8000/api/objects/SharedMemory?server=ee8d9159:0
[  631240ms] [ERROR] Error загрузки ee8d9159:SharedMemory: TypeError: Failed to fetch
    at fetchObjectData (http://localhost:8000/static/js/app.js:11889:28)
    at loadObjectData (http://localhost:8000/static/js/app.js:13547:28)
    at http://localhost:8000/static/js/app.js:1198:23 @ http://localhost:8000/static/js/app.js:13558
[  631240ms] [ERROR] Failed to load resource: net::ERR_CONNECTION_REFUSED @ http://localhost:8000/api/objects/SharedMemory/variables/io%3ASensor1_S/history?count=200&server=ee8d9159:0
[  631241ms] [ERROR] Error обновления графика для io:Sensor1_S: TypeError: Failed to fetch
    at fetchVariableHistory (http://localhost:8000/static/js/app.js:11919:28)
    at updateChart (http://localhost:8000/static/js/app.js:13985:31)
    at http://localhost:8000/static/js/app.js:1209:27 @ http://localhost:8000/static/js/app.js:14010
[  631241ms] [ERROR] Failed to load resource: net::ERR_CONNECTION_REFUSED @ http://localhost:8000/api/objects/SharedMemory/variables/io%3ASensor10_S/history?count=200&server=ee8d9159:0
[  631241ms] [ERROR] Error обновления графика для io:Sensor10_S: TypeError: Failed to fetch
    at fetchVariableHistory (http://localhost:8000/static/js/app.js:11919:28)
    at updateChart (http://localhost:8000/static/js/app.js:13985:31)
    at http://localhost:8000/static/js/app.js:1209:27 @ http://localhost:8000/static/js/app.js:14010
[  631241ms] [ERROR] Failed to load resource: net::ERR_CONNECTION_REFUSED @ http://localhost:8000/api/objects/SharedMemory/variables/io%3ASensor100_S/history?count=200&server=ee8d9159:0
[  631241ms] [ERROR] Error обновления графика для io:Sensor100_S: TypeError: Failed to fetch
    at fetchVariableHistory (http://localhost:8000/static/js/app.js:11919:28)
    at updateChart (http://localhost:8000/static/js/app.js:13985:31)
    at http://localhost:8000/static/js/app.js:1209:27 @ http://localhost:8000/static/js/app.js:14010
[  632237ms] [ERROR] Failed to load resource: net::ERR_CONNECTION_REFUSED @ http://localhost:8000/api/servers:0
[  632237ms] [ERROR] Error обновления списка объектов: TypeError: Failed to fetch
    at fetchServers (http://localhost:8000/static/js/app.js:11815:28)
    at fetchObjects (http://localhost:8000/static/js/app.js:11822:31)
    at refreshObjectsList (http://localhost:8000/static/js/app.js:11870:28)
    at http://localhost:8000/static/js/app.js:1191:9 @ http://localhost:8000/static/js/app.js:11873
[  632237ms] [ERROR] Failed to load resource: net::ERR_CONNECTION_REFUSED @ http://localhost:8000/api/objects/SharedMemory?server=ee8d9159:0
[  632237ms] [ERROR] Error загрузки ee8d9159:SharedMemory: TypeError: Failed to fetch
    at fetchObjectData (http://localhost:8000/static/js/app.js:11889:28)
    at loadObjectData (http://localhost:8000/static/js/app.js:13547:28)
    at http://localhost:8000/static/js/app.js:1198:23 @ http://localhost:8000/static/js/app.js:13558
[  632237ms] [ERROR] Failed to load resource: net::ERR_CONNECTION_REFUSED @ http://localhost:8000/api/objects/SharedMemory/variables/io%3ASensor1_S/history?count=200&server=ee8d9159:0
[  632237ms] [ERROR] Error обновления графика для io:Sensor1_S: TypeError: Failed to fetch
    at fetchVariableHistory (http://localhost:8000/static/js/app.js:11919:28)
    at updateChart (http://localhost:8000/static/js/app.js:13985:31)
    at http://localhost:8000/static/js/app.js:1209:27 @ http://localhost:8000/static/js/app.js:14010
[  632237ms] [ERROR] Failed to load resource: net::ERR_CONNECTION_REFUSED @ http://localhost:8000/api/objects/SharedMemory/variables/io%3ASensor10_S/history?count=200&server=ee8d9159:0
[  632237ms] [ERROR] Error обновления графика для io:Sensor10_S: TypeError: Failed to fetch
    at fetchVariableHistory (http://localhost:8000/static/js/app.js:11919:28)
    at updateChart (http://localhost:8000/static/js/app.js:13985:31)
    at http://localhost:8000/static/js/app.js:1209:27 @ http://localhost:8000/static/js/app.js:14010
[  632237ms] [ERROR] Failed to load resource: net::ERR_CONNECTION_REFUSED @ http://localhost:8000/api/objects/SharedMemory/variables/io%3ASensor100_S/history?count=200&server=ee8d9159:0
[  632237ms] [ERROR] Error обновления графика для io:Sensor100_S: TypeError: Failed to fetch
    at fetchVariableHistory (http://localhost:8000/static/js/app.js:11919:28)
    at updateChart (http://localhost:8000/static/js/app.js:13985:31)
    at http://localhost:8000/static/js/app.js:1209:27 @ http://localhost:8000/static/js/app.js:14010
[  633239ms] [ERROR] Failed to load resource: net::ERR_CONNECTION_REFUSED @ http://localhost:8000/api/objects/SharedMemory?server=ee8d9159:0
[  633239ms] [ERROR] Error загрузки ee8d9159:SharedMemory: TypeError: Failed to fetch
    at fetchObjectData (http://localhost:8000/static/js/app.js:11889:28)
    at loadObjectData (http://localhost:8000/static/js/app.js:13547:28)
    at http://localhost:8000/static/js/app.js:1198:23 @ http://localhost:8000/static/js/app.js:13558
[  633239ms] [ERROR] Failed to load resource: net::ERR_CONNECTION_REFUSED @ http://localhost:8000/api/objects/SharedMemory/variables/io%3ASensor1_S/history?count=200&server=ee8d9159:0
[  633239ms] [ERROR] Error обновления графика для io:Sensor1_S: TypeError: Failed to fetch
    at fetchVariableHistory (http://localhost:8000/static/js/app.js:11919:28)
    at updateChart (http://localhost:8000/static/js/app.js:13985:31)
    at http://localhost:8000/static/js/app.js:1209:27 @ http://localhost:8000/static/js/app.js:14010
[  633240ms] [ERROR] Failed to load resource: net::ERR_CONNECTION_REFUSED @ http://localhost:8000/api/objects/SharedMemory/variables/io%3ASensor10_S/history?count=200&server=ee8d9159:0
[  633240ms] [ERROR] Error обновления графика для io:Sensor10_S: TypeError: Failed to fetch
    at fetchVariableHistory (http://localhost:8000/static/js/app.js:11919:28)
    at updateChart (http://localhost:8000/static/js/app.js:13985:31)
    at http://localhost:8000/static/js/app.js:1209:27 @ http://localhost:8000/static/js/app.js:14010
[  633240ms] [ERROR] Failed to load resource: net::ERR_CONNECTION_REFUSED @ http://localhost:8000/api/objects/SharedMemory/variables/io%3ASensor100_S/history?count=200&server=ee8d9159:0
[  633240ms] [ERROR] Error обновления графика для io:Sensor100_S: TypeError: Failed to fetch
    at fetchVariableHistory (http://localhost:8000/static/js/app.js:11919:28)
    at updateChart (http://localhost:8000/static/js/app.js:13985:31)
    at http://localhost:8000/static/js/app.js:1209:27 @ http://localhost:8000/static/js/app.js:14010
[  634238ms] [ERROR] Failed to load resource: net::ERR_CONNECTION_REFUSED @ http://localhost:8000/api/objects/SharedMemory?server=ee8d9159:0
[  634238ms] [ERROR] Error загрузки ee8d9159:SharedMemory: TypeError: Failed to fetch
    at fetchObjectData (http://localhost:8000/static/js/app.js:11889:28)
    at loadObjectData (http://localhost:8000/static/js/app.js:13547:28)
    at http://localhost:8000/static/js/app.js:1198:23 @ http://localhost:8000/static/js/app.js:13558
[  634238ms] [ERROR] Failed to load resource: net::ERR_CONNECTION_REFUSED @ http://localhost:8000/api/objects/SharedMemory/variables/io%3ASensor1_S/history?count=200&server=ee8d9159:0
[  634238ms] [ERROR] Error обновления графика для io:Sensor1_S: TypeError: Failed to fetch
    at fetchVariableHistory (http://localhost:8000/static/js/app.js:11919:28)
    at updateChart (http://localhost:8000/static/js/app.js:13985:31)
    at http://localhost:8000/static/js/app.js:1209:27 @ http://localhost:8000/static/js/app.js:14010
[  634239ms] [ERROR] Failed to load resource: net::ERR_CONNECTION_REFUSED @ http://localhost:8000/api/objects/SharedMemory/variables/io%3ASensor10_S/history?count=200&server=ee8d9159:0
[  634239ms] [ERROR] Error обновления графика для io:Sensor10_S: TypeError: Failed to fetch
    at fetchVariableHistory (http://localhost:8000/static/js/app.js:11919:28)
    at updateChart (http://localhost:8000/static/js/app.js:13985:31)
    at http://localhost:8000/static/js/app.js:1209:27 @ http://localhost:8000/static/js/app.js:14010
[  634239ms] [ERROR] Failed to load resource: net::ERR_CONNECTION_REFUSED @ http://localhost:8000/api/objects/SharedMemory/variables/io%3ASensor100_S/history?count=200&server=ee8d9159:0
[  634239ms] [ERROR] Error обновления графика для io:Sensor100_S: TypeError: Failed to fetch
    at fetchVariableHistory (http://localhost:8000/static/js/app.js:11919:28)
    at updateChart (http://localhost:8000/static/js/app.js:13985:31)
    at http://localhost:8000/static/js/app.js:1209:27 @ http://localhost:8000/static/js/app.js:14010
[  635240ms] [ERROR] Failed to load resource: net::ERR_CONNECTION_REFUSED @ http://localhost:8000/api/objects/SharedMemory?server=ee8d9159:0
[  635240ms] [ERROR] Error загрузки ee8d9159:SharedMemory: TypeError: Failed to fetch
    at fetchObjectData (http://localhost:8000/static/js/app.js:11889:28)
    at loadObjectData (http://localhost:8000/static/js/app.js:13547:28)
    at http://localhost:8000/static/js/app.js:1198:23 @ http://localhost:8000/static/js/app.js:13558
[  635240ms] [ERROR] Failed to load resource: net::ERR_CONNECTION_REFUSED @ http://localhost:8000/api/objects/SharedMemory/variables/io%3ASensor1_S/history?count=200&server=ee8d9159:0
[  635240ms] [ERROR] Error обновления графика для io:Sensor1_S: TypeError: Failed to fetch
    at fetchVariableHistory (http://localhost:8000/static/js/app.js:11919:28)
    at updateChart (http://localhost:8000/static/js/app.js:13985:31)
    at http://localhost:8000/static/js/app.js:1209:27 @ http://localhost:8000/static/js/app.js:14010
[  635240ms] [ERROR] Failed to load resource: net::ERR_CONNECTION_REFUSED @ http://localhost:8000/api/objects/SharedMemory/variables/io%3ASensor10_S/history?count=200&server=ee8d9159:0
[  635240ms] [ERROR] Error обновления графика для io:Sensor10_S: TypeError: Failed to fetch
    at fetchVariableHistory (http://localhost:8000/static/js/app.js:11919:28)
    at updateChart (http://localhost:8000/static/js/app.js:13985:31)
    at http://localhost:8000/static/js/app.js:1209:27 @ http://localhost:8000/static/js/app.js:14010
[  635241ms] [ERROR] Failed to load resource: net::ERR_CONNECTION_REFUSED @ http://localhost:8000/api/objects/SharedMemory/variables/io%3ASensor100_S/history?count=200&server=ee8d9159:0
[  635241ms] [ERROR] Error обновления графика для io:Sensor100_S: TypeError: Failed to fetch
    at fetchVariableHistory (http://localhost:8000/static/js/app.js:11919:28)
    at updateChart (http://localhost:8000/static/js/app.js:13985:31)
    at http://localhost:8000/static/js/app.js:1209:27 @ http://localhost:8000/static/js/app.js:14010
[  635350ms] [ERROR] Failed to load resource: net::ERR_CONNECTION_REFUSED @ http://localhost:8000/api/recording/status:0
[  636238ms] [ERROR] Failed to load resource: net::ERR_CONNECTION_REFUSED @ http://localhost:8000/api/objects/SharedMemory?server=ee8d9159:0
[  636238ms] [ERROR] Error загрузки ee8d9159:SharedMemory: TypeError: Failed to fetch
    at fetchObjectData (http://localhost:8000/static/js/app.js:11889:28)
    at loadObjectData (http://localhost:8000/static/js/app.js:13547:28)
    at http://localhost:8000/static/js/app.js:1198:23 @ http://localhost:8000/static/js/app.js:13558
[  636238ms] [ERROR] Failed to load resource: net::ERR_CONNECTION_REFUSED @ http://localhost:8000/api/objects/SharedMemory/variables/io%3ASensor1_S/history?count=200&server=ee8d9159:0
[  636238ms] [ERROR] Error обновления графика для io:Sensor1_S: TypeError: Failed to fetch
    at fetchVariableHistory (http://localhost:8000/static/js/app.js:11919:28)
    at updateChart (http://localhost:8000/static/js/app.js:13985:31)
    at http://localhost:8000/static/js/app.js:1209:27 @ http://localhost:8000/static/js/app.js:14010
[  636239ms] [ERROR] Failed to load resource: net::ERR_CONNECTION_REFUSED @ http://localhost:8000/api/objects/SharedMemory/variables/io%3ASensor10_S/history?count=200&server=ee8d9159:0
[  636239ms] [ERROR] Error обновления графика для io:Sensor10_S: TypeError: Failed to fetch
    at fetchVariableHistory (http://localhost:8000/static/js/app.js:11919:28)
    at updateChart (http://localhost:8000/static/js/app.js:13985:31)
    at http://localhost:8000/static/js/app.js:1209:27 @ http://localhost:8000/static/js/app.js:14010
[  636239ms] [ERROR] Failed to load resource: net::ERR_CONNECTION_REFUSED @ http://localhost:8000/api/objects/SharedMemory/variables/io%3ASensor100_S/history?count=200&server=ee8d9159:0
[  636239ms] [ERROR] Error обновления графика для io:Sensor100_S: TypeError: Failed to fetch
    at fetchVariableHistory (http://localhost:8000/static/js/app.js:11919:28)
    at updateChart (http://localhost:8000/static/js/app.js:13985:31)
    at http://localhost:8000/static/js/app.js:1209:27 @ http://localhost:8000/static/js/app.js:14010
[  637239ms] [ERROR] Failed to load resource: net::ERR_CONNECTION_REFUSED @ http://localhost:8000/api/objects/SharedMemory?server=ee8d9159:0
[  637239ms] [ERROR] Error загрузки ee8d9159:SharedMemory: TypeError: Failed to fetch
    at fetchObjectData (http://localhost:8000/static/js/app.js:11889:28)
    at loadObjectData (http://localhost:8000/static/js/app.js:13547:28)
    at http://localhost:8000/static/js/app.js:1198:23 @ http://localhost:8000/static/js/app.js:13558
[  637240ms] [ERROR] Failed to load resource: net::ERR_CONNECTION_REFUSED @ http://localhost:8000/api/objects/SharedMemory/variables/io%3ASensor1_S/history?count=200&server=ee8d9159:0
[  637240ms] [ERROR] Error обновления графика для io:Sensor1_S: TypeError: Failed to fetch
    at fetchVariableHistory (http://localhost:8000/static/js/app.js:11919:28)
    at updateChart (http://localhost:8000/static/js/app.js:13985:31)
    at http://localhost:8000/static/js/app.js:1209:27 @ http://localhost:8000/static/js/app.js:14010
[  637240ms] [ERROR] Failed to load resource: net::ERR_CONNECTION_REFUSED @ http://localhost:8000/api/objects/SharedMemory/variables/io%3ASensor10_S/history?count=200&server=ee8d9159:0
[  637240ms] [ERROR] Error обновления графика для io:Sensor10_S: TypeError: Failed to fetch
    at fetchVariableHistory (http://localhost:8000/static/js/app.js:11919:28)
    at updateChart (http://localhost:8000/static/js/app.js:13985:31)
    at http://localhost:8000/static/js/app.js:1209:27 @ http://localhost:8000/static/js/app.js:14010
[  637241ms] [ERROR] Failed to load resource: net::ERR_CONNECTION_REFUSED @ http://localhost:8000/api/objects/SharedMemory/variables/io%3ASensor100_S/history?count=200&server=ee8d9159:0
[  637241ms] [ERROR] Error обновления графика для io:Sensor100_S: TypeError: Failed to fetch
    at fetchVariableHistory (http://localhost:8000/static/js/app.js:11919:28)
    at updateChart (http://localhost:8000/static/js/app.js:13985:31)
    at http://localhost:8000/static/js/app.js:1209:27 @ http://localhost:8000/static/js/app.js:14010
[  638237ms] [ERROR] Failed to load resource: net::ERR_CONNECTION_REFUSED @ http://localhost:8000/api/servers:0
[  638237ms] [ERROR] Error обновления списка объектов: TypeError: Failed to fetch
    at fetchServers (http://localhost:8000/static/js/app.js:11815:28)
    at fetchObjects (http://localhost:8000/static/js/app.js:11822:31)
    at refreshObjectsList (http://localhost:8000/static/js/app.js:11870:28)
    at http://localhost:8000/static/js/app.js:1191:9 @ http://localhost:8000/static/js/app.js:11873
[  638239ms] [ERROR] Failed to load resource: net::ERR_CONNECTION_REFUSED @ http://localhost:8000/api/objects/SharedMemory?server=ee8d9159:0
[  638239ms] [ERROR] Error загрузки ee8d9159:SharedMemory: TypeError: Failed to fetch
    at fetchObjectData (http://localhost:8000/static/js/app.js:11889:28)
    at loadObjectData (http://localhost:8000/static/js/app.js:13547:28)
    at http://localhost:8000/static/js/app.js:1198:23 @ http://localhost:8000/static/js/app.js:13558
[  638240ms] [ERROR] Failed to load resource: net::ERR_CONNECTION_REFUSED @ http://localhost:8000/api/objects/SharedMemory/variables/io%3ASensor1_S/history?count=200&server=ee8d9159:0
[  638240ms] [ERROR] Error обновления графика для io:Sensor1_S: TypeError: Failed to fetch
    at fetchVariableHistory (http://localhost:8000/static/js/app.js:11919:28)
    at updateChart (http://localhost:8000/static/js/app.js:13985:31)
    at http://localhost:8000/static/js/app.js:1209:27 @ http://localhost:8000/static/js/app.js:14010
[  638240ms] [ERROR] Failed to load resource: net::ERR_CONNECTION_REFUSED @ http://localhost:8000/api/objects/SharedMemory/variables/io%3ASensor10_S/history?count=200&server=ee8d9159:0
[  638240ms] [ERROR] Error обновления графика для io:Sensor10_S: TypeError: Failed to fetch
    at fetchVariableHistory (http://localhost:8000/static/js/app.js:11919:28)
    at updateChart (http://localhost:8000/static/js/app.js:13985:31)
    at http://localhost:8000/static/js/app.js:1209:27 @ http://localhost:8000/static/js/app.js:14010
[  638240ms] [ERROR] Failed to load resource: net::ERR_CONNECTION_REFUSED @ http://localhost:8000/api/objects/SharedMemory/variables/io%3ASensor100_S/history?count=200&server=ee8d9159:0
[  638241ms] [ERROR] Error обновления графика для io:Sensor100_S: TypeError: Failed to fetch
    at fetchVariableHistory (http://localhost:8000/static/js/app.js:11919:28)
    at updateChart (http://localhost:8000/static/js/app.js:13985:31)
    at http://localhost:8000/static/js/app.js:1209:27 @ http://localhost:8000/static/js/app.js:14010
[  639238ms] [ERROR] Failed to load resource: net::ERR_CONNECTION_REFUSED @ http://localhost:8000/api/objects/SharedMemory?server=ee8d9159:0
[  639239ms] [ERROR] Error загрузки ee8d9159:SharedMemory: TypeError: Failed to fetch
    at fetchObjectData (http://localhost:8000/static/js/app.js:11889:28)
    at loadObjectData (http://localhost:8000/static/js/app.js:13547:28)
    at http://localhost:8000/static/js/app.js:1198:23 @ http://localhost:8000/static/js/app.js:13558
[  639239ms] [ERROR] Failed to load resource: net::ERR_CONNECTION_REFUSED @ http://localhost:8000/api/objects/SharedMemory/variables/io%3ASensor1_S/history?count=200&server=ee8d9159:0
[  639239ms] [ERROR] Error обновления графика для io:Sensor1_S: TypeError: Failed to fetch
    at fetchVariableHistory (http://localhost:8000/static/js/app.js:11919:28)
    at updateChart (http://localhost:8000/static/js/app.js:13985:31)
    at http://localhost:8000/static/js/app.js:1209:27 @ http://localhost:8000/static/js/app.js:14010
[  639239ms] [ERROR] Failed to load resource: net::ERR_CONNECTION_REFUSED @ http://localhost:8000/api/objects/SharedMemory/variables/io%3ASensor10_S/history?count=200&server=ee8d9159:0
[  639239ms] [ERROR] Error обновления графика для io:Sensor10_S: TypeError: Failed to fetch
    at fetchVariableHistory (http://localhost:8000/static/js/app.js:11919:28)
    at updateChart (http://localhost:8000/static/js/app.js:13985:31)
    at http://localhost:8000/static/js/app.js:1209:27 @ http://localhost:8000/static/js/app.js:14010
[  639239ms] [ERROR] Failed to load resource: net::ERR_CONNECTION_REFUSED @ http://localhost:8000/api/objects/SharedMemory/variables/io%3ASensor100_S/history?count=200&server=ee8d9159:0
[  639240ms] [ERROR] Error обновления графика для io:Sensor100_S: TypeError: Failed to fetch
    at fetchVariableHistory (http://localhost:8000/static/js/app.js:11919:28)
    at updateChart (http://localhost:8000/static/js/app.js:13985:31)
    at http://localhost:8000/static/js/app.js:1209:27 @ http://localhost:8000/static/js/app.js:14010
[  640236ms] [ERROR] Failed to load resource: net::ERR_CONNECTION_REFUSED @ http://localhost:8000/api/objects/SharedMemory?server=ee8d9159:0
[  640236ms] [ERROR] Error загрузки ee8d9159:SharedMemory: TypeError: Failed to fetch
    at fetchObjectData (http://localhost:8000/static/js/app.js:11889:28)
    at loadObjectData (http://localhost:8000/static/js/app.js:13547:28)
    at http://localhost:8000/static/js/app.js:1198:23 @ http://localhost:8000/static/js/app.js:13558
[  640236ms] [ERROR] Failed to load resource: net::ERR_CONNECTION_REFUSED @ http://localhost:8000/api/objects/SharedMemory/variables/io%3ASensor1_S/history?count=200&server=ee8d9159:0
[  640236ms] [ERROR] Error обновления графика для io:Sensor1_S: TypeError: Failed to fetch
    at fetchVariableHistory (http://localhost:8000/static/js/app.js:11919:28)
    at updateChart (http://localhost:8000/static/js/app.js:13985:31)
    at http://localhost:8000/static/js/app.js:1209:27 @ http://localhost:8000/static/js/app.js:14010
[  640236ms] [ERROR] Failed to load resource: net::ERR_CONNECTION_REFUSED @ http://localhost:8000/api/objects/SharedMemory/variables/io%3ASensor10_S/history?count=200&server=ee8d9159:0
[  640236ms] [ERROR] Error обновления графика для io:Sensor10_S: TypeError: Failed to fetch
    at fetchVariableHistory (http://localhost:8000/static/js/app.js:11919:28)
    at updateChart (http://localhost:8000/static/js/app.js:13985:31)
    at http://localhost:8000/static/js/app.js:1209:27 @ http://localhost:8000/static/js/app.js:14010
[  640237ms] [ERROR] Failed to load resource: net::ERR_CONNECTION_REFUSED @ http://localhost:8000/api/objects/SharedMemory/variables/io%3ASensor100_S/history?count=200&server=ee8d9159:0
[  640237ms] [ERROR] Error обновления графика для io:Sensor100_S: TypeError: Failed to fetch
    at fetchVariableHistory (http://localhost:8000/static/js/app.js:11919:28)
    at updateChart (http://localhost:8000/static/js/app.js:13985:31)
    at http://localhost:8000/static/js/app.js:1209:27 @ http://localhost:8000/static/js/app.js:14010
[  640349ms] [ERROR] Failed to load resource: net::ERR_CONNECTION_REFUSED @ http://localhost:8000/api/recording/status:0
[  641238ms] [ERROR] Failed to load resource: net::ERR_CONNECTION_REFUSED @ http://localhost:8000/api/objects/SharedMemory?server=ee8d9159:0
[  641239ms] [ERROR] Error загрузки ee8d9159:SharedMemory: TypeError: Failed to fetch
    at fetchObjectData (http://localhost:8000/static/js/app.js:11889:28)
    at loadObjectData (http://localhost:8000/static/js/app.js:13547:28)
    at http://localhost:8000/static/js/app.js:1198:23 @ http://localhost:8000/static/js/app.js:13558
[  641239ms] [ERROR] Failed to load resource: net::ERR_CONNECTION_REFUSED @ http://localhost:8000/api/objects/SharedMemory/variables/io%3ASensor1_S/history?count=200&server=ee8d9159:0
[  641239ms] [ERROR] Error обновления графика для io:Sensor1_S: TypeError: Failed to fetch
    at fetchVariableHistory (http://localhost:8000/static/js/app.js:11919:28)
    at updateChart (http://localhost:8000/static/js/app.js:13985:31)
    at http://localhost:8000/static/js/app.js:1209:27 @ http://localhost:8000/static/js/app.js:14010
[  641239ms] [ERROR] Failed to load resource: net::ERR_CONNECTION_REFUSED @ http://localhost:8000/api/objects/SharedMemory/variables/io%3ASensor10_S/history?count=200&server=ee8d9159:0
[  641239ms] [ERROR] Error обновления графика для io:Sensor10_S: TypeError: Failed to fetch
    at fetchVariableHistory (http://localhost:8000/static/js/app.js:11919:28)
    at updateChart (http://localhost:8000/static/js/app.js:13985:31)
    at http://localhost:8000/static/js/app.js:1209:27 @ http://localhost:8000/static/js/app.js:14010
[  641239ms] [ERROR] Failed to load resource: net::ERR_CONNECTION_REFUSED @ http://localhost:8000/api/objects/SharedMemory/variables/io%3ASensor100_S/history?count=200&server=ee8d9159:0
[  641239ms] [ERROR] Error обновления графика для io:Sensor100_S: TypeError: Failed to fetch
    at fetchVariableHistory (http://localhost:8000/static/js/app.js:11919:28)
    at updateChart (http://localhost:8000/static/js/app.js:13985:31)
    at http://localhost:8000/static/js/app.js:1209:27 @ http://localhost:8000/static/js/app.js:14010
[  642236ms] [ERROR] Failed to load resource: net::ERR_CONNECTION_REFUSED @ http://localhost:8000/api/objects/SharedMemory?server=ee8d9159:0
[  642236ms] [ERROR] Error загрузки ee8d9159:SharedMemory: TypeError: Failed to fetch
    at fetchObjectData (http://localhost:8000/static/js/app.js:11889:28)
    at loadObjectData (http://localhost:8000/static/js/app.js:13547:28)
    at http://localhost:8000/static/js/app.js:1198:23 @ http://localhost:8000/static/js/app.js:13558
[  642237ms] [ERROR] Failed to load resource: net::ERR_CONNECTION_REFUSED @ http://localhost:8000/api/objects/SharedMemory/variables/io%3ASensor1_S/history?count=200&server=ee8d9159:0
[  642237ms] [ERROR] Error обновления графика для io:Sensor1_S: TypeError: Failed to fetch
    at fetchVariableHistory (http://localhost:8000/static/js/app.js:11919:28)
    at updateChart (http://localhost:8000/static/js/app.js:13985:31)
    at http://localhost:8000/static/js/app.js:1209:27 @ http://localhost:8000/static/js/app.js:14010
[  642237ms] [ERROR] Failed to load resource: net::ERR_CONNECTION_REFUSED @ http://localhost:8000/api/objects/SharedMemory/variables/io%3ASensor10_S/history?count=200&server=ee8d9159:0
[  642237ms] [ERROR] Error обновления графика для io:Sensor10_S: TypeError: Failed to fetch
    at fetchVariableHistory (http://localhost:8000/static/js/app.js:11919:28)
    at updateChart (http://localhost:8000/static/js/app.js:13985:31)
    at http://localhost:8000/static/js/app.js:1209:27 @ http://localhost:8000/static/js/app.js:14010
[  642237ms] [ERROR] Failed to load resource: net::ERR_CONNECTION_REFUSED @ http://localhost:8000/api/objects/SharedMemory/variables/io%3ASensor100_S/history?count=200&server=ee8d9159:0
[  642237ms] [ERROR] Error обновления графика для io:Sensor100_S: TypeError: Failed to fetch
    at fetchVariableHistory (http://localhost:8000/static/js/app.js:11919:28)
    at updateChart (http://localhost:8000/static/js/app.js:13985:31)
    at http://localhost:8000/static/js/app.js:1209:27 @ http://localhost:8000/static/js/app.js:14010
[  643238ms] [ERROR] Failed to load resource: net::ERR_CONNECTION_REFUSED @ http://localhost:8000/api/objects/SharedMemory?server=ee8d9159:0
[  643238ms] [ERROR] Error загрузки ee8d9159:SharedMemory: TypeError: Failed to fetch
    at fetchObjectData (http://localhost:8000/static/js/app.js:11889:28)
    at loadObjectData (http://localhost:8000/static/js/app.js:13547:28)
    at http://localhost:8000/static/js/app.js:1198:23 @ http://localhost:8000/static/js/app.js:13558
[  643238ms] [ERROR] Failed to load resource: net::ERR_CONNECTION_REFUSED @ http://localhost:8000/api/objects/SharedMemory/variables/io%3ASensor1_S/history?count=200&server=ee8d9159:0
[  643238ms] [ERROR] Error обновления графика для io:Sensor1_S: TypeError: Failed to fetch
    at fetchVariableHistory (http://localhost:8000/static/js/app.js:11919:28)
    at updateChart (http://localhost:8000/static/js/app.js:13985:31)
    at http://localhost:8000/static/js/app.js:1209:27 @ http://localhost:8000/static/js/app.js:14010
[  643239ms] [ERROR] Failed to load resource: net::ERR_CONNECTION_REFUSED @ http://localhost:8000/api/objects/SharedMemory/variables/io%3ASensor10_S/history?count=200&server=ee8d9159:0
[  643239ms] [ERROR] Error обновления графика для io:Sensor10_S: TypeError: Failed to fetch
    at fetchVariableHistory (http://localhost:8000/static/js/app.js:11919:28)
    at updateChart (http://localhost:8000/static/js/app.js:13985:31)
    at http://localhost:8000/static/js/app.js:1209:27 @ http://localhost:8000/static/js/app.js:14010
[  643239ms] [ERROR] Failed to load resource: net::ERR_CONNECTION_REFUSED @ http://localhost:8000/api/objects/SharedMemory/variables/io%3ASensor100_S/history?count=200&server=ee8d9159:0
[  643239ms] [ERROR] Error обновления графика для io:Sensor100_S: TypeError: Failed to fetch
    at fetchVariableHistory (http://localhost:8000/static/js/app.js:11919:28)
    at updateChart (http://localhost:8000/static/js/app.js:13985:31)
    at http://localhost:8000/static/js/app.js:1209:27 @ http://localhost:8000/static/js/app.js:14010
[  644239ms] [ERROR] Failed to load resource: net::ERR_CONNECTION_REFUSED @ http://localhost:8000/api/servers:0
[  644239ms] [ERROR] Error обновления списка объектов: TypeError: Failed to fetch
    at fetchServers (http://localhost:8000/static/js/app.js:11815:28)
    at fetchObjects (http://localhost:8000/static/js/app.js:11822:31)
    at refreshObjectsList (http://localhost:8000/static/js/app.js:11870:28)
    at http://localhost:8000/static/js/app.js:1191:9 @ http://localhost:8000/static/js/app.js:11873
[  644239ms] [ERROR] Failed to load resource: net::ERR_CONNECTION_REFUSED @ http://localhost:8000/api/objects/SharedMemory?server=ee8d9159:0
[  644239ms] [ERROR] Error загрузки ee8d9159:SharedMemory: TypeError: Failed to fetch
    at fetchObjectData (http://localhost:8000/static/js/app.js:11889:28)
    at loadObjectData (http://localhost:8000/static/js/app.js:13547:28)
    at http://localhost:8000/static/js/app.js:1198:23 @ http://localhost:8000/static/js/app.js:13558
[  644239ms] [ERROR] Failed to load resource: net::ERR_CONNECTION_REFUSED @ http://localhost:8000/api/objects/SharedMemory/variables/io%3ASensor1_S/history?count=200&server=ee8d9159:0
[  644239ms] [ERROR] Error обновления графика для io:Sensor1_S: TypeError: Failed to fetch
    at fetchVariableHistory (http://localhost:8000/static/js/app.js:11919:28)
    at updateChart (http://localhost:8000/static/js/app.js:13985:31)
    at http://localhost:8000/static/js/app.js:1209:27 @ http://localhost:8000/static/js/app.js:14010
[  644239ms] [ERROR] Failed to load resource: net::ERR_CONNECTION_REFUSED @ http://localhost:8000/api/objects/SharedMemory/variables/io%3ASensor10_S/history?count=200&server=ee8d9159:0
[  644239ms] [ERROR] Error обновления графика для io:Sensor10_S: TypeError: Failed to fetch
    at fetchVariableHistory (http://localhost:8000/static/js/app.js:11919:28)
    at updateChart (http://localhost:8000/static/js/app.js:13985:31)
    at http://localhost:8000/static/js/app.js:1209:27 @ http://localhost:8000/static/js/app.js:14010
[  644240ms] [ERROR] Failed to load resource: net::ERR_CONNECTION_REFUSED @ http://localhost:8000/api/objects/SharedMemory/variables/io%3ASensor100_S/history?count=200&server=ee8d9159:0
[  644240ms] [ERROR] Error обновления графика для io:Sensor100_S: TypeError: Failed to fetch
    at fetchVariableHistory (http://localhost:8000/static/js/app.js:11919:28)
    at updateChart (http://localhost:8000/static/js/app.js:13985:31)
    at http://localhost:8000/static/js/app.js:1209:27 @ http://localhost:8000/static/js/app.js:14010
[  645239ms] [ERROR] Failed to load resource: net::ERR_CONNECTION_REFUSED @ http://localhost:8000/api/objects/SharedMemory?server=ee8d9159:0
[  645239ms] [ERROR] Error загрузки ee8d9159:SharedMemory: TypeError: Failed to fetch
    at fetchObjectData (http://localhost:8000/static/js/app.js:11889:28)
    at loadObjectData (http://localhost:8000/static/js/app.js:13547:28)
    at http://localhost:8000/static/js/app.js:1198:23 @ http://localhost:8000/static/js/app.js:13558
[  645240ms] [ERROR] Failed to load resource: net::ERR_CONNECTION_REFUSED @ http://localhost:8000/api/objects/SharedMemory/variables/io%3ASensor1_S/history?count=200&server=ee8d9159:0
[  645240ms] [ERROR] Error обновления графика для io:Sensor1_S: TypeError: Failed to fetch
    at fetchVariableHistory (http://localhost:8000/static/js/app.js:11919:28)
    at updateChart (http://localhost:8000/static/js/app.js:13985:31)
    at http://localhost:8000/static/js/app.js:1209:27 @ http://localhost:8000/static/js/app.js:14010
[  645240ms] [ERROR] Failed to load resource: net::ERR_CONNECTION_REFUSED @ http://localhost:8000/api/objects/SharedMemory/variables/io%3ASensor10_S/history?count=200&server=ee8d9159:0
[  645240ms] [ERROR] Error обновления графика для io:Sensor10_S: TypeError: Failed to fetch
    at fetchVariableHistory (http://localhost:8000/static/js/app.js:11919:28)
    at updateChart (http://localhost:8000/static/js/app.js:13985:31)
    at http://localhost:8000/static/js/app.js:1209:27 @ http://localhost:8000/static/js/app.js:14010
[  645240ms] [ERROR] Failed to load resource: net::ERR_CONNECTION_REFUSED @ http://localhost:8000/api/objects/SharedMemory/variables/io%3ASensor100_S/history?count=200&server=ee8d9159:0
[  645240ms] [ERROR] Error обновления графика для io:Sensor100_S: TypeError: Failed to fetch
    at fetchVariableHistory (http://localhost:8000/static/js/app.js:11919:28)
    at updateChart (http://localhost:8000/static/js/app.js:13985:31)
    at http://localhost:8000/static/js/app.js:1209:27 @ http://localhost:8000/static/js/app.js:14010
[  645351ms] [ERROR] Failed to load resource: net::ERR_CONNECTION_REFUSED @ http://localhost:8000/api/recording/status:0
[  646238ms] [ERROR] Failed to load resource: net::ERR_CONNECTION_REFUSED @ http://localhost:8000/api/objects/SharedMemory?server=ee8d9159:0
[  646238ms] [ERROR] Error загрузки ee8d9159:SharedMemory: TypeError: Failed to fetch
    at fetchObjectData (http://localhost:8000/static/js/app.js:11889:28)
    at loadObjectData (http://localhost:8000/static/js/app.js:13547:28)
    at http://localhost:8000/static/js/app.js:1198:23 @ http://localhost:8000/static/js/app.js:13558
[  646238ms] [ERROR] Failed to load resource: net::ERR_CONNECTION_REFUSED @ http://localhost:8000/api/objects/SharedMemory/variables/io%3ASensor1_S/history?count=200&server=ee8d9159:0
[  646238ms] [ERROR] Error обновления графика для io:Sensor1_S: TypeError: Failed to fetch
    at fetchVariableHistory (http://localhost:8000/static/js/app.js:11919:28)
    at updateChart (http://localhost:8000/static/js/app.js:13985:31)
    at http://localhost:8000/static/js/app.js:1209:27 @ http://localhost:8000/static/js/app.js:14010
[  646239ms] [ERROR] Failed to load resource: net::ERR_CONNECTION_REFUSED @ http://localhost:8000/api/objects/SharedMemory/variables/io%3ASensor10_S/history?count=200&server=ee8d9159:0
[  646239ms] [ERROR] Error обновления графика для io:Sensor10_S: TypeError: Failed to fetch
    at fetchVariableHistory (http://localhost:8000/static/js/app.js:11919:28)
    at updateChart (http://localhost:8000/static/js/app.js:13985:31)
    at http://localhost:8000/static/js/app.js:1209:27 @ http://localhost:8000/static/js/app.js:14010
[  646239ms] [ERROR] Failed to load resource: net::ERR_CONNECTION_REFUSED @ http://localhost:8000/api/objects/SharedMemory/variables/io%3ASensor100_S/history?count=200&server=ee8d9159:0
[  646239ms] [ERROR] Error обновления графика для io:Sensor100_S: TypeError: Failed to fetch
    at fetchVariableHistory (http://localhost:8000/static/js/app.js:11919:28)
    at updateChart (http://localhost:8000/static/js/app.js:13985:31)
    at http://localhost:8000/static/js/app.js:1209:27 @ http://localhost:8000/static/js/app.js:14010
[  647238ms] [ERROR] Failed to load resource: net::ERR_CONNECTION_REFUSED @ http://localhost:8000/api/objects/SharedMemory?server=ee8d9159:0
[  647238ms] [ERROR] Error загрузки ee8d9159:SharedMemory: TypeError: Failed to fetch
    at fetchObjectData (http://localhost:8000/static/js/app.js:11889:28)
    at loadObjectData (http://localhost:8000/static/js/app.js:13547:28)
    at http://localhost:8000/static/js/app.js:1198:23 @ http://localhost:8000/static/js/app.js:13558
[  647239ms] [ERROR] Failed to load resource: net::ERR_CONNECTION_REFUSED @ http://localhost:8000/api/objects/SharedMemory/variables/io%3ASensor1_S/history?count=200&server=ee8d9159:0
[  647239ms] [ERROR] Error обновления графика для io:Sensor1_S: TypeError: Failed to fetch
    at fetchVariableHistory (http://localhost:8000/static/js/app.js:11919:28)
    at updateChart (http://localhost:8000/static/js/app.js:13985:31)
    at http://localhost:8000/static/js/app.js:1209:27 @ http://localhost:8000/static/js/app.js:14010
[  647239ms] [ERROR] Failed to load resource: net::ERR_CONNECTION_REFUSED @ http://localhost:8000/api/objects/SharedMemory/variables/io%3ASensor10_S/history?count=200&server=ee8d9159:0
[  647239ms] [ERROR] Error обновления графика для io:Sensor10_S: TypeError: Failed to fetch
    at fetchVariableHistory (http://localhost:8000/static/js/app.js:11919:28)
    at updateChart (http://localhost:8000/static/js/app.js:13985:31)
    at http://localhost:8000/static/js/app.js:1209:27 @ http://localhost:8000/static/js/app.js:14010
[  647239ms] [ERROR] Failed to load resource: net::ERR_CONNECTION_REFUSED @ http://localhost:8000/api/objects/SharedMemory/variables/io%3ASensor100_S/history?count=200&server=ee8d9159:0
[  647239ms] [ERROR] Error обновления графика для io:Sensor100_S: TypeError: Failed to fetch
    at fetchVariableHistory (http://localhost:8000/static/js/app.js:11919:28)
    at updateChart (http://localhost:8000/static/js/app.js:13985:31)
    at http://localhost:8000/static/js/app.js:1209:27 @ http://localhost:8000/static/js/app.js:14010
[  648239ms] [ERROR] Failed to load resource: net::ERR_CONNECTION_REFUSED @ http://localhost:8000/api/objects/SharedMemory?server=ee8d9159:0
[  648239ms] [ERROR] Error загрузки ee8d9159:SharedMemory: TypeError: Failed to fetch
    at fetchObjectData (http://localhost:8000/static/js/app.js:11889:28)
    at loadObjectData (http://localhost:8000/static/js/app.js:13547:28)
    at http://localhost:8000/static/js/app.js:1198:23 @ http://localhost:8000/static/js/app.js:13558
[  648239ms] [ERROR] Failed to load resource: net::ERR_CONNECTION_REFUSED @ http://localhost:8000/api/objects/SharedMemory/variables/io%3ASensor1_S/history?count=200&server=ee8d9159:0
[  648239ms] [ERROR] Error обновления графика для io:Sensor1_S: TypeError: Failed to fetch
    at fetchVariableHistory (http://localhost:8000/static/js/app.js:11919:28)
    at updateChart (http://localhost:8000/static/js/app.js:13985:31)
    at http://localhost:8000/static/js/app.js:1209:27 @ http://localhost:8000/static/js/app.js:14010
[  648239ms] [ERROR] Failed to load resource: net::ERR_CONNECTION_REFUSED @ http://localhost:8000/api/objects/SharedMemory/variables/io%3ASensor10_S/history?count=200&server=ee8d9159:0
[  648239ms] [ERROR] Error обновления графика для io:Sensor10_S: TypeError: Failed to fetch
    at fetchVariableHistory (http://localhost:8000/static/js/app.js:11919:28)
    at updateChart (http://localhost:8000/static/js/app.js:13985:31)
    at http://localhost:8000/static/js/app.js:1209:27 @ http://localhost:8000/static/js/app.js:14010
[  648239ms] [ERROR] Failed to load resource: net::ERR_CONNECTION_REFUSED @ http://localhost:8000/api/objects/SharedMemory/variables/io%3ASensor100_S/history?count=200&server=ee8d9159:0
[  648239ms] [ERROR] Error обновления графика для io:Sensor100_S: TypeError: Failed to fetch
    at fetchVariableHistory (http://localhost:8000/static/js/app.js:11919:28)
    at updateChart (http://localhost:8000/static/js/app.js:13985:31)
    at http://localhost:8000/static/js/app.js:1209:27 @ http://localhost:8000/static/js/app.js:14010
[  649239ms] [ERROR] Failed to load resource: net::ERR_CONNECTION_REFUSED @ http://localhost:8000/api/objects/SharedMemory?server=ee8d9159:0
[  649239ms] [ERROR] Error загрузки ee8d9159:SharedMemory: TypeError: Failed to fetch
    at fetchObjectData (http://localhost:8000/static/js/app.js:11889:28)
    at loadObjectData (http://localhost:8000/static/js/app.js:13547:28)
    at http://localhost:8000/static/js/app.js:1198:23 @ http://localhost:8000/static/js/app.js:13558
[  649239ms] [ERROR] Failed to load resource: net::ERR_CONNECTION_REFUSED @ http://localhost:8000/api/objects/SharedMemory/variables/io%3ASensor1_S/history?count=200&server=ee8d9159:0
[  649239ms] [ERROR] Error обновления графика для io:Sensor1_S: TypeError: Failed to fetch
    at fetchVariableHistory (http://localhost:8000/static/js/app.js:11919:28)
    at updateChart (http://localhost:8000/static/js/app.js:13985:31)
    at http://localhost:8000/static/js/app.js:1209:27 @ http://localhost:8000/static/js/app.js:14010
[  649240ms] [ERROR] Failed to load resource: net::ERR_CONNECTION_REFUSED @ http://localhost:8000/api/objects/SharedMemory/variables/io%3ASensor10_S/history?count=200&server=ee8d9159:0
[  649240ms] [ERROR] Error обновления графика для io:Sensor10_S: TypeError: Failed to fetch
    at fetchVariableHistory (http://localhost:8000/static/js/app.js:11919:28)
    at updateChart (http://localhost:8000/static/js/app.js:13985:31)
    at http://localhost:8000/static/js/app.js:1209:27 @ http://localhost:8000/static/js/app.js:14010
[  649240ms] [ERROR] Failed to load resource: net::ERR_CONNECTION_REFUSED @ http://localhost:8000/api/objects/SharedMemory/variables/io%3ASensor100_S/history?count=200&server=ee8d9159:0
[  649240ms] [ERROR] Error обновления графика для io:Sensor100_S: TypeError: Failed to fetch
    at fetchVariableHistory (http://localhost:8000/static/js/app.js:11919:28)
    at updateChart (http://localhost:8000/static/js/app.js:13985:31)
    at http://localhost:8000/static/js/app.js:1209:27 @ http://localhost:8000/static/js/app.js:14010
[  650238ms] [ERROR] Failed to load resource: net::ERR_CONNECTION_REFUSED @ http://localhost:8000/api/servers:0
[  650238ms] [ERROR] Error обновления списка объектов: TypeError: Failed to fetch
    at fetchServers (http://localhost:8000/static/js/app.js:11815:28)
    at fetchObjects (http://localhost:8000/static/js/app.js:11822:31)
    at refreshObjectsList (http://localhost:8000/static/js/app.js:11870:28)
    at http://localhost:8000/static/js/app.js:1191:9 @ http://localhost:8000/static/js/app.js:11873
[  650238ms] [ERROR] Failed to load resource: net::ERR_CONNECTION_REFUSED @ http://localhost:8000/api/objects/SharedMemory?server=ee8d9159:0
[  650238ms] [ERROR] Error загрузки ee8d9159:SharedMemory: TypeError: Failed to fetch
    at fetchObjectData (http://localhost:8000/static/js/app.js:11889:28)
    at loadObjectData (http://localhost:8000/static/js/app.js:13547:28)
    at http://localhost:8000/static/js/app.js:1198:23 @ http://localhost:8000/static/js/app.js:13558
[  650239ms] [ERROR] Failed to load resource: net::ERR_CONNECTION_REFUSED @ http://localhost:8000/api/objects/SharedMemory/variables/io%3ASensor1_S/history?count=200&server=ee8d9159:0
[  650239ms] [ERROR] Error обновления графика для io:Sensor1_S: TypeError: Failed to fetch
    at fetchVariableHistory (http://localhost:8000/static/js/app.js:11919:28)
    at updateChart (http://localhost:8000/static/js/app.js:13985:31)
    at http://localhost:8000/static/js/app.js:1209:27 @ http://localhost:8000/static/js/app.js:14010
[  650239ms] [ERROR] Failed to load resource: net::ERR_CONNECTION_REFUSED @ http://localhost:8000/api/objects/SharedMemory/variables/io%3ASensor10_S/history?count=200&server=ee8d9159:0
[  650239ms] [ERROR] Error обновления графика для io:Sensor10_S: TypeError: Failed to fetch
    at fetchVariableHistory (http://localhost:8000/static/js/app.js:11919:28)
    at updateChart (http://localhost:8000/static/js/app.js:13985:31)
    at http://localhost:8000/static/js/app.js:1209:27 @ http://localhost:8000/static/js/app.js:14010
[  650239ms] [ERROR] Failed to load resource: net::ERR_CONNECTION_REFUSED @ http://localhost:8000/api/objects/SharedMemory/variables/io%3ASensor100_S/history?count=200&server=ee8d9159:0
[  650239ms] [ERROR] Error обновления графика для io:Sensor100_S: TypeError: Failed to fetch
    at fetchVariableHistory (http://localhost:8000/static/js/app.js:11919:28)
    at updateChart (http://localhost:8000/static/js/app.js:13985:31)
    at http://localhost:8000/static/js/app.js:1209:27 @ http://localhost:8000/static/js/app.js:14010
[  650350ms] [ERROR] Failed to load resource: net::ERR_CONNECTION_REFUSED @ http://localhost:8000/api/recording/status:0
[  651236ms] [ERROR] Failed to load resource: net::ERR_CONNECTION_REFUSED @ http://localhost:8000/api/objects/SharedMemory?server=ee8d9159:0
[  651236ms] [ERROR] Error загрузки ee8d9159:SharedMemory: TypeError: Failed to fetch
    at fetchObjectData (http://localhost:8000/static/js/app.js:11889:28)
    at loadObjectData (http://localhost:8000/static/js/app.js:13547:28)
    at http://localhost:8000/static/js/app.js:1198:23 @ http://localhost:8000/static/js/app.js:13558
[  651236ms] [ERROR] Failed to load resource: net::ERR_CONNECTION_REFUSED @ http://localhost:8000/api/objects/SharedMemory/variables/io%3ASensor1_S/history?count=200&server=ee8d9159:0
[  651237ms] [ERROR] Error обновления графика для io:Sensor1_S: TypeError: Failed to fetch
    at fetchVariableHistory (http://localhost:8000/static/js/app.js:11919:28)
    at updateChart (http://localhost:8000/static/js/app.js:13985:31)
    at http://localhost:8000/static/js/app.js:1209:27 @ http://localhost:8000/static/js/app.js:14010
[  651237ms] [ERROR] Failed to load resource: net::ERR_CONNECTION_REFUSED @ http://localhost:8000/api/objects/SharedMemory/variables/io%3ASensor10_S/history?count=200&server=ee8d9159:0
[  651237ms] [ERROR] Error обновления графика для io:Sensor10_S: TypeError: Failed to fetch
    at fetchVariableHistory (http://localhost:8000/static/js/app.js:11919:28)
    at updateChart (http://localhost:8000/static/js/app.js:13985:31)
    at http://localhost:8000/static/js/app.js:1209:27 @ http://localhost:8000/static/js/app.js:14010
[  651237ms] [ERROR] Failed to load resource: net::ERR_CONNECTION_REFUSED @ http://localhost:8000/api/objects/SharedMemory/variables/io%3ASensor100_S/history?count=200&server=ee8d9159:0
[  651237ms] [ERROR] Error обновления графика для io:Sensor100_S: TypeError: Failed to fetch
    at fetchVariableHistory (http://localhost:8000/static/js/app.js:11919:28)
    at updateChart (http://localhost:8000/static/js/app.js:13985:31)
    at http://localhost:8000/static/js/app.js:1209:27 @ http://localhost:8000/static/js/app.js:14010
[  652237ms] [ERROR] Failed to load resource: net::ERR_CONNECTION_REFUSED @ http://localhost:8000/api/objects/SharedMemory?server=ee8d9159:0
[  652237ms] [ERROR] Error загрузки ee8d9159:SharedMemory: TypeError: Failed to fetch
    at fetchObjectData (http://localhost:8000/static/js/app.js:11889:28)
    at loadObjectData (http://localhost:8000/static/js/app.js:13547:28)
    at http://localhost:8000/static/js/app.js:1198:23 @ http://localhost:8000/static/js/app.js:13558
[  652237ms] [ERROR] Failed to load resource: net::ERR_CONNECTION_REFUSED @ http://localhost:8000/api/objects/SharedMemory/variables/io%3ASensor1_S/history?count=200&server=ee8d9159:0
[  652237ms] [ERROR] Error обновления графика для io:Sensor1_S: TypeError: Failed to fetch
    at fetchVariableHistory (http://localhost:8000/static/js/app.js:11919:28)
    at updateChart (http://localhost:8000/static/js/app.js:13985:31)
    at http://localhost:8000/static/js/app.js:1209:27 @ http://localhost:8000/static/js/app.js:14010
[  652237ms] [ERROR] Failed to load resource: net::ERR_CONNECTION_REFUSED @ http://localhost:8000/api/objects/SharedMemory/variables/io%3ASensor10_S/history?count=200&server=ee8d9159:0
[  652237ms] [ERROR] Error обновления графика для io:Sensor10_S: TypeError: Failed to fetch
    at fetchVariableHistory (http://localhost:8000/static/js/app.js:11919:28)
    at updateChart (http://localhost:8000/static/js/app.js:13985:31)
    at http://localhost:8000/static/js/app.js:1209:27 @ http://localhost:8000/static/js/app.js:14010
[  652237ms] [ERROR] Failed to load resource: net::ERR_CONNECTION_REFUSED @ http://localhost:8000/api/objects/SharedMemory/variables/io%3ASensor100_S/history?count=200&server=ee8d9159:0
[  652237ms] [ERROR] Error обновления графика для io:Sensor100_S: TypeError: Failed to fetch
    at fetchVariableHistory (http://localhost:8000/static/js/app.js:11919:28)
    at updateChart (http://localhost:8000/static/js/app.js:13985:31)
    at http://localhost:8000/static/js/app.js:1209:27 @ http://localhost:8000/static/js/app.js:14010
[  653239ms] [ERROR] Failed to load resource: net::ERR_CONNECTION_REFUSED @ http://localhost:8000/api/objects/SharedMemory?server=ee8d9159:0
[  653239ms] [ERROR] Error загрузки ee8d9159:SharedMemory: TypeError: Failed to fetch
    at fetchObjectData (http://localhost:8000/static/js/app.js:11889:28)
    at loadObjectData (http://localhost:8000/static/js/app.js:13547:28)
    at http://localhost:8000/static/js/app.js:1198:23 @ http://localhost:8000/static/js/app.js:13558
[  653240ms] [ERROR] Failed to load resource: net::ERR_CONNECTION_REFUSED @ http://localhost:8000/api/objects/SharedMemory/variables/io%3ASensor1_S/history?count=200&server=ee8d9159:0
[  653240ms] [ERROR] Error обновления графика для io:Sensor1_S: TypeError: Failed to fetch
    at fetchVariableHistory (http://localhost:8000/static/js/app.js:11919:28)
    at updateChart (http://localhost:8000/static/js/app.js:13985:31)
    at http://localhost:8000/static/js/app.js:1209:27 @ http://localhost:8000/static/js/app.js:14010
[  653240ms] [ERROR] Failed to load resource: net::ERR_CONNECTION_REFUSED @ http://localhost:8000/api/objects/SharedMemory/variables/io%3ASensor10_S/history?count=200&server=ee8d9159:0
[  653240ms] [ERROR] Error обновления графика для io:Sensor10_S: TypeError: Failed to fetch
    at fetchVariableHistory (http://localhost:8000/static/js/app.js:11919:28)
    at updateChart (http://localhost:8000/static/js/app.js:13985:31)
    at http://localhost:8000/static/js/app.js:1209:27 @ http://localhost:8000/static/js/app.js:14010
[  653240ms] [ERROR] Failed to load resource: net::ERR_CONNECTION_REFUSED @ http://localhost:8000/api/objects/SharedMemory/variables/io%3ASensor100_S/history?count=200&server=ee8d9159:0
[  653240ms] [ERROR] Error обновления графика для io:Sensor100_S: TypeError: Failed to fetch
    at fetchVariableHistory (http://localhost:8000/static/js/app.js:11919:28)
    at updateChart (http://localhost:8000/static/js/app.js:13985:31)
    at http://localhost:8000/static/js/app.js:1209:27 @ http://localhost:8000/static/js/app.js:14010
[  654239ms] [ERROR] Failed to load resource: net::ERR_CONNECTION_REFUSED @ http://localhost:8000/api/objects/SharedMemory?server=ee8d9159:0
[  654239ms] [ERROR] Error загрузки ee8d9159:SharedMemory: TypeError: Failed to fetch
    at fetchObjectData (http://localhost:8000/static/js/app.js:11889:28)
    at loadObjectData (http://localhost:8000/static/js/app.js:13547:28)
    at http://localhost:8000/static/js/app.js:1198:23 @ http://localhost:8000/static/js/app.js:13558
[  654239ms] [ERROR] Failed to load resource: net::ERR_CONNECTION_REFUSED @ http://localhost:8000/api/objects/SharedMemory/variables/io%3ASensor1_S/history?count=200&server=ee8d9159:0
[  654239ms] [ERROR] Error обновления графика для io:Sensor1_S: TypeError: Failed to fetch
    at fetchVariableHistory (http://localhost:8000/static/js/app.js:11919:28)
    at updateChart (http://localhost:8000/static/js/app.js:13985:31)
    at http://localhost:8000/static/js/app.js:1209:27 @ http://localhost:8000/static/js/app.js:14010
[  654240ms] [ERROR] Failed to load resource: net::ERR_CONNECTION_REFUSED @ http://localhost:8000/api/objects/SharedMemory/variables/io%3ASensor10_S/history?count=200&server=ee8d9159:0
[  654240ms] [ERROR] Error обновления графика для io:Sensor10_S: TypeError: Failed to fetch
    at fetchVariableHistory (http://localhost:8000/static/js/app.js:11919:28)
    at updateChart (http://localhost:8000/static/js/app.js:13985:31)
    at http://localhost:8000/static/js/app.js:1209:27 @ http://localhost:8000/static/js/app.js:14010
[  654240ms] [ERROR] Failed to load resource: net::ERR_CONNECTION_REFUSED @ http://localhost:8000/api/objects/SharedMemory/variables/io%3ASensor100_S/history?count=200&server=ee8d9159:0
[  654240ms] [ERROR] Error обновления графика для io:Sensor100_S: TypeError: Failed to fetch
    at fetchVariableHistory (http://localhost:8000/static/js/app.js:11919:28)
    at updateChart (http://localhost:8000/static/js/app.js:13985:31)
    at http://localhost:8000/static/js/app.js:1209:27 @ http://localhost:8000/static/js/app.js:14010
[  655237ms] [ERROR] Failed to load resource: net::ERR_CONNECTION_REFUSED @ http://localhost:8000/api/objects/SharedMemory?server=ee8d9159:0
[  655237ms] [ERROR] Error загрузки ee8d9159:SharedMemory: TypeError: Failed to fetch
    at fetchObjectData (http://localhost:8000/static/js/app.js:11889:28)
    at loadObjectData (http://localhost:8000/static/js/app.js:13547:28)
    at http://localhost:8000/static/js/app.js:1198:23 @ http://localhost:8000/static/js/app.js:13558
[  655238ms] [ERROR] Failed to load resource: net::ERR_CONNECTION_REFUSED @ http://localhost:8000/api/objects/SharedMemory/variables/io%3ASensor1_S/history?count=200&server=ee8d9159:0
[  655238ms] [ERROR] Error обновления графика для io:Sensor1_S: TypeError: Failed to fetch
    at fetchVariableHistory (http://localhost:8000/static/js/app.js:11919:28)
    at updateChart (http://localhost:8000/static/js/app.js:13985:31)
    at http://localhost:8000/static/js/app.js:1209:27 @ http://localhost:8000/static/js/app.js:14010
[  655238ms] [ERROR] Failed to load resource: net::ERR_CONNECTION_REFUSED @ http://localhost:8000/api/objects/SharedMemory/variables/io%3ASensor10_S/history?count=200&server=ee8d9159:0
[  655238ms] [ERROR] Error обновления графика для io:Sensor10_S: TypeError: Failed to fetch
    at fetchVariableHistory (http://localhost:8000/static/js/app.js:11919:28)
    at updateChart (http://localhost:8000/static/js/app.js:13985:31)
    at http://localhost:8000/static/js/app.js:1209:27 @ http://localhost:8000/static/js/app.js:14010
[  655238ms] [ERROR] Failed to load resource: net::ERR_CONNECTION_REFUSED @ http://localhost:8000/api/objects/SharedMemory/variables/io%3ASensor100_S/history?count=200&server=ee8d9159:0
[  655238ms] [ERROR] Error обновления графика для io:Sensor100_S: TypeError: Failed to fetch
    at fetchVariableHistory (http://localhost:8000/static/js/app.js:11919:28)
    at updateChart (http://localhost:8000/static/js/app.js:13985:31)
    at http://localhost:8000/static/js/app.js:1209:27 @ http://localhost:8000/static/js/app.js:14010
[  655351ms] [ERROR] Failed to load resource: net::ERR_CONNECTION_REFUSED @ http://localhost:8000/api/recording/status:0
[  656238ms] [ERROR] Failed to load resource: net::ERR_CONNECTION_REFUSED @ http://localhost:8000/api/servers:0
[  656238ms] [ERROR] Error обновления списка объектов: TypeError: Failed to fetch
    at fetchServers (http://localhost:8000/static/js/app.js:11815:28)
    at fetchObjects (http://localhost:8000/static/js/app.js:11822:31)
    at refreshObjectsList (http://localhost:8000/static/js/app.js:11870:28)
    at http://localhost:8000/static/js/app.js:1191:9 @ http://localhost:8000/static/js/app.js:11873
[  656239ms] [ERROR] Failed to load resource: net::ERR_CONNECTION_REFUSED @ http://localhost:8000/api/objects/SharedMemory/variables/io%3ASensor1_S/history?count=200&server=ee8d9159:0
[  656239ms] [ERROR] Error обновления графика для io:Sensor1_S: TypeError: Failed to fetch
    at fetchVariableHistory (http://localhost:8000/static/js/app.js:11919:28)
    at updateChart (http://localhost:8000/static/js/app.js:13985:31)
    at http://localhost:8000/static/js/app.js:1209:27 @ http://localhost:8000/static/js/app.js:14010
[  656240ms] [ERROR] Failed to load resource: net::ERR_CONNECTION_REFUSED @ http://localhost:8000/api/objects/SharedMemory/variables/io%3ASensor10_S/history?count=200&server=ee8d9159:0
[  656240ms] [ERROR] Error обновления графика для io:Sensor10_S: TypeError: Failed to fetch
    at fetchVariableHistory (http://localhost:8000/static/js/app.js:11919:28)
    at updateChart (http://localhost:8000/static/js/app.js:13985:31)
    at http://localhost:8000/static/js/app.js:1209:27 @ http://localhost:8000/static/js/app.js:14010
[  656240ms] [ERROR] Failed to load resource: net::ERR_CONNECTION_REFUSED @ http://localhost:8000/api/objects/SharedMemory/variables/io%3ASensor100_S/history?count=200&server=ee8d9159:0
[  656240ms] [ERROR] Error обновления графика для io:Sensor100_S: TypeError: Failed to fetch
    at fetchVariableHistory (http://localhost:8000/static/js/app.js:11919:28)
    at updateChart (http://localhost:8000/static/js/app.js:13985:31)
    at http://localhost:8000/static/js/app.js:1209:27 @ http://localhost:8000/static/js/app.js:14010
[  656240ms] [ERROR] Failed to load resource: net::ERR_CONNECTION_REFUSED @ http://localhost:8000/api/objects/SharedMemory?server=ee8d9159:0
[  656240ms] [ERROR] Error загрузки ee8d9159:SharedMemory: TypeError: Failed to fetch
    at fetchObjectData (http://localhost:8000/static/js/app.js:11889:28)
    at loadObjectData (http://localhost:8000/static/js/app.js:13547:28)
    at http://localhost:8000/static/js/app.js:1198:23 @ http://localhost:8000/static/js/app.js:13558
[  656240ms] [ERROR] Failed to load resource: net::ERR_CONNECTION_REFUSED @ http://localhost:8000/api/version:0
[  657238ms] [ERROR] Failed to load resource: net::ERR_CONNECTION_REFUSED @ http://localhost:8000/api/objects/SharedMemory?server=ee8d9159:0
[  657238ms] [ERROR] Error загрузки ee8d9159:SharedMemory: TypeError: Failed to fetch
    at fetchObjectData (http://localhost:8000/static/js/app.js:11889:28)
    at loadObjectData (http://localhost:8000/static/js/app.js:13547:28)
    at http://localhost:8000/static/js/app.js:1198:23 @ http://localhost:8000/static/js/app.js:13558
[  657239ms] [ERROR] Failed to load resource: net::ERR_CONNECTION_REFUSED @ http://localhost:8000/api/objects/SharedMemory/variables/io%3ASensor1_S/history?count=200&server=ee8d9159:0
[  657240ms] [ERROR] Error обновления графика для io:Sensor1_S: TypeError: Failed to fetch
    at fetchVariableHistory (http://localhost:8000/static/js/app.js:11919:28)
    at updateChart (http://localhost:8000/static/js/app.js:13985:31)
    at http://localhost:8000/static/js/app.js:1209:27 @ http://localhost:8000/static/js/app.js:14010
[  657240ms] [ERROR] Failed to load resource: net::ERR_CONNECTION_REFUSED @ http://localhost:8000/api/objects/SharedMemory/variables/io%3ASensor10_S/history?count=200&server=ee8d9159:0
[  657240ms] [ERROR] Error обновления графика для io:Sensor10_S: TypeError: Failed to fetch
    at fetchVariableHistory (http://localhost:8000/static/js/app.js:11919:28)
    at updateChart (http://localhost:8000/static/js/app.js:13985:31)
    at http://localhost:8000/static/js/app.js:1209:27 @ http://localhost:8000/static/js/app.js:14010
[  657240ms] [ERROR] Failed to load resource: net::ERR_CONNECTION_REFUSED @ http://localhost:8000/api/objects/SharedMemory/variables/io%3ASensor100_S/history?count=200&server=ee8d9159:0
[  657240ms] [ERROR] Error обновления графика для io:Sensor100_S: TypeError: Failed to fetch
    at fetchVariableHistory (http://localhost:8000/static/js/app.js:11919:28)
    at updateChart (http://localhost:8000/static/js/app.js:13985:31)
    at http://localhost:8000/static/js/app.js:1209:27 @ http://localhost:8000/static/js/app.js:14010
[  658239ms] [ERROR] Failed to load resource: net::ERR_CONNECTION_REFUSED @ http://localhost:8000/api/objects/SharedMemory?server=ee8d9159:0
[  658240ms] [ERROR] Error загрузки ee8d9159:SharedMemory: TypeError: Failed to fetch
    at fetchObjectData (http://localhost:8000/static/js/app.js:11889:28)
    at loadObjectData (http://localhost:8000/static/js/app.js:13547:28)
    at http://localhost:8000/static/js/app.js:1198:23 @ http://localhost:8000/static/js/app.js:13558
[  658240ms] [ERROR] Failed to load resource: net::ERR_CONNECTION_REFUSED @ http://localhost:8000/api/objects/SharedMemory/variables/io%3ASensor1_S/history?count=200&server=ee8d9159:0
[  658240ms] [ERROR] Error обновления графика для io:Sensor1_S: TypeError: Failed to fetch
    at fetchVariableHistory (http://localhost:8000/static/js/app.js:11919:28)
    at updateChart (http://localhost:8000/static/js/app.js:13985:31)
    at http://localhost:8000/static/js/app.js:1209:27 @ http://localhost:8000/static/js/app.js:14010
[  658240ms] [ERROR] Failed to load resource: net::ERR_CONNECTION_REFUSED @ http://localhost:8000/api/objects/SharedMemory/variables/io%3ASensor10_S/history?count=200&server=ee8d9159:0
[  658240ms] [ERROR] Error обновления графика для io:Sensor10_S: TypeError: Failed to fetch
    at fetchVariableHistory (http://localhost:8000/static/js/app.js:11919:28)
    at updateChart (http://localhost:8000/static/js/app.js:13985:31)
    at http://localhost:8000/static/js/app.js:1209:27 @ http://localhost:8000/static/js/app.js:14010
[  658241ms] [ERROR] Failed to load resource: net::ERR_CONNECTION_REFUSED @ http://localhost:8000/api/objects/SharedMemory/variables/io%3ASensor100_S/history?count=200&server=ee8d9159:0
[  658241ms] [ERROR] Error обновления графика для io:Sensor100_S: TypeError: Failed to fetch
    at fetchVariableHistory (http://localhost:8000/static/js/app.js:11919:28)
    at updateChart (http://localhost:8000/static/js/app.js:13985:31)
    at http://localhost:8000/static/js/app.js:1209:27 @ http://localhost:8000/static/js/app.js:14010
[  659236ms] [ERROR] Failed to load resource: net::ERR_CONNECTION_REFUSED @ http://localhost:8000/api/objects/SharedMemory?server=ee8d9159:0
[  659236ms] [ERROR] Error загрузки ee8d9159:SharedMemory: TypeError: Failed to fetch
    at fetchObjectData (http://localhost:8000/static/js/app.js:11889:28)
    at loadObjectData (http://localhost:8000/static/js/app.js:13547:28)
    at http://localhost:8000/static/js/app.js:1198:23 @ http://localhost:8000/static/js/app.js:13558
[  659236ms] [ERROR] Failed to load resource: net::ERR_CONNECTION_REFUSED @ http://localhost:8000/api/objects/SharedMemory/variables/io%3ASensor1_S/history?count=200&server=ee8d9159:0
[  659236ms] [ERROR] Error обновления графика для io:Sensor1_S: TypeError: Failed to fetch
    at fetchVariableHistory (http://localhost:8000/static/js/app.js:11919:28)
    at updateChart (http://localhost:8000/static/js/app.js:13985:31)
    at http://localhost:8000/static/js/app.js:1209:27 @ http://localhost:8000/static/js/app.js:14010
[  659236ms] [ERROR] Failed to load resource: net::ERR_CONNECTION_REFUSED @ http://localhost:8000/api/objects/SharedMemory/variables/io%3ASensor10_S/history?count=200&server=ee8d9159:0
[  659236ms] [ERROR] Error обновления графика для io:Sensor10_S: TypeError: Failed to fetch
    at fetchVariableHistory (http://localhost:8000/static/js/app.js:11919:28)
    at updateChart (http://localhost:8000/static/js/app.js:13985:31)
    at http://localhost:8000/static/js/app.js:1209:27 @ http://localhost:8000/static/js/app.js:14010
[  659236ms] [ERROR] Failed to load resource: net::ERR_CONNECTION_REFUSED @ http://localhost:8000/api/objects/SharedMemory/variables/io%3ASensor100_S/history?count=200&server=ee8d9159:0
[  659236ms] [ERROR] Error обновления графика для io:Sensor100_S: TypeError: Failed to fetch
    at fetchVariableHistory (http://localhost:8000/static/js/app.js:11919:28)
    at updateChart (http://localhost:8000/static/js/app.js:13985:31)
    at http://localhost:8000/static/js/app.js:1209:27 @ http://localhost:8000/static/js/app.js:14010
[  660236ms] [ERROR] Failed to load resource: net::ERR_CONNECTION_REFUSED @ http://localhost:8000/api/objects/SharedMemory?server=ee8d9159:0
[  660236ms] [ERROR] Error загрузки ee8d9159:SharedMemory: TypeError: Failed to fetch
    at fetchObjectData (http://localhost:8000/static/js/app.js:11889:28)
    at loadObjectData (http://localhost:8000/static/js/app.js:13547:28)
    at http://localhost:8000/static/js/app.js:1198:23 @ http://localhost:8000/static/js/app.js:13558
[  660236ms] [ERROR] Failed to load resource: net::ERR_CONNECTION_REFUSED @ http://localhost:8000/api/objects/SharedMemory/variables/io%3ASensor1_S/history?count=200&server=ee8d9159:0
[  660236ms] [ERROR] Error обновления графика для io:Sensor1_S: TypeError: Failed to fetch
    at fetchVariableHistory (http://localhost:8000/static/js/app.js:11919:28)
    at updateChart (http://localhost:8000/static/js/app.js:13985:31)
    at http://localhost:8000/static/js/app.js:1209:27 @ http://localhost:8000/static/js/app.js:14010
[  660236ms] [ERROR] Failed to load resource: net::ERR_CONNECTION_REFUSED @ http://localhost:8000/api/objects/SharedMemory/variables/io%3ASensor10_S/history?count=200&server=ee8d9159:0
[  660237ms] [ERROR] Error обновления графика для io:Sensor10_S: TypeError: Failed to fetch
    at fetchVariableHistory (http://localhost:8000/static/js/app.js:11919:28)
    at updateChart (http://localhost:8000/static/js/app.js:13985:31)
    at http://localhost:8000/static/js/app.js:1209:27 @ http://localhost:8000/static/js/app.js:14010
[  660237ms] [ERROR] Failed to load resource: net::ERR_CONNECTION_REFUSED @ http://localhost:8000/api/objects/SharedMemory/variables/io%3ASensor100_S/history?count=200&server=ee8d9159:0
[  660237ms] [ERROR] Error обновления графика для io:Sensor100_S: TypeError: Failed to fetch
    at fetchVariableHistory (http://localhost:8000/static/js/app.js:11919:28)
    at updateChart (http://localhost:8000/static/js/app.js:13985:31)
    at http://localhost:8000/static/js/app.js:1209:27 @ http://localhost:8000/static/js/app.js:14010
[  660349ms] [ERROR] Failed to load resource: net::ERR_CONNECTION_REFUSED @ http://localhost:8000/api/recording/status:0
[  661238ms] [ERROR] Failed to load resource: net::ERR_CONNECTION_REFUSED @ http://localhost:8000/api/objects/SharedMemory?server=ee8d9159:0
[  661238ms] [ERROR] Error загрузки ee8d9159:SharedMemory: TypeError: Failed to fetch
    at fetchObjectData (http://localhost:8000/static/js/app.js:11889:28)
    at loadObjectData (http://localhost:8000/static/js/app.js:13547:28)
    at http://localhost:8000/static/js/app.js:1198:23 @ http://localhost:8000/static/js/app.js:13558
[  661238ms] [ERROR] Failed to load resource: net::ERR_CONNECTION_REFUSED @ http://localhost:8000/api/objects/SharedMemory/variables/io%3ASensor1_S/history?count=200&server=ee8d9159:0
[  661238ms] [ERROR] Error обновления графика для io:Sensor1_S: TypeError: Failed to fetch
    at fetchVariableHistory (http://localhost:8000/static/js/app.js:11919:28)
    at updateChart (http://localhost:8000/static/js/app.js:13985:31)
    at http://localhost:8000/static/js/app.js:1209:27 @ http://localhost:8000/static/js/app.js:14010
[  661238ms] [ERROR] Failed to load resource: net::ERR_CONNECTION_REFUSED @ http://localhost:8000/api/objects/SharedMemory/variables/io%3ASensor10_S/history?count=200&server=ee8d9159:0
[  661238ms] [ERROR] Error обновления графика для io:Sensor10_S: TypeError: Failed to fetch
    at fetchVariableHistory (http://localhost:8000/static/js/app.js:11919:28)
    at updateChart (http://localhost:8000/static/js/app.js:13985:31)
    at http://localhost:8000/static/js/app.js:1209:27 @ http://localhost:8000/static/js/app.js:14010
[  661238ms] [ERROR] Failed to load resource: net::ERR_CONNECTION_REFUSED @ http://localhost:8000/api/objects/SharedMemory/variables/io%3ASensor100_S/history?count=200&server=ee8d9159:0
[  661238ms] [ERROR] Error обновления графика для io:Sensor100_S: TypeError: Failed to fetch
    at fetchVariableHistory (http://localhost:8000/static/js/app.js:11919:28)
    at updateChart (http://localhost:8000/static/js/app.js:13985:31)
    at http://localhost:8000/static/js/app.js:1209:27 @ http://localhost:8000/static/js/app.js:14010
[  662237ms] [ERROR] Failed to load resource: net::ERR_CONNECTION_REFUSED @ http://localhost:8000/api/servers:0
[  662237ms] [ERROR] Error обновления списка объектов: TypeError: Failed to fetch
    at fetchServers (http://localhost:8000/static/js/app.js:11815:28)
    at fetchObjects (http://localhost:8000/static/js/app.js:11822:31)
    at refreshObjectsList (http://localhost:8000/static/js/app.js:11870:28)
    at http://localhost:8000/static/js/app.js:1191:9 @ http://localhost:8000/static/js/app.js:11873
[  662237ms] [ERROR] Failed to load resource: net::ERR_CONNECTION_REFUSED @ http://localhost:8000/api/objects/SharedMemory?server=ee8d9159:0
[  662237ms] [ERROR] Error загрузки ee8d9159:SharedMemory: TypeError: Failed to fetch
    at fetchObjectData (http://localhost:8000/static/js/app.js:11889:28)
    at loadObjectData (http://localhost:8000/static/js/app.js:13547:28)
    at http://localhost:8000/static/js/app.js:1198:23 @ http://localhost:8000/static/js/app.js:13558
[  662238ms] [ERROR] Failed to load resource: net::ERR_CONNECTION_REFUSED @ http://localhost:8000/api/objects/SharedMemory/variables/io%3ASensor1_S/history?count=200&server=ee8d9159:0
[  662238ms] [ERROR] Error обновления графика для io:Sensor1_S: TypeError: Failed to fetch
    at fetchVariableHistory (http://localhost:8000/static/js/app.js:11919:28)
    at updateChart (http://localhost:8000/static/js/app.js:13985:31)
    at http://localhost:8000/static/js/app.js:1209:27 @ http://localhost:8000/static/js/app.js:14010
[  662238ms] [ERROR] Failed to load resource: net::ERR_CONNECTION_REFUSED @ http://localhost:8000/api/objects/SharedMemory/variables/io%3ASensor10_S/history?count=200&server=ee8d9159:0
[  662238ms] [ERROR] Error обновления графика для io:Sensor10_S: TypeError: Failed to fetch
    at fetchVariableHistory (http://localhost:8000/static/js/app.js:11919:28)
    at updateChart (http://localhost:8000/static/js/app.js:13985:31)
    at http://localhost:8000/static/js/app.js:1209:27 @ http://localhost:8000/static/js/app.js:14010
[  662238ms] [ERROR] Failed to load resource: net::ERR_CONNECTION_REFUSED @ http://localhost:8000/api/objects/SharedMemory/variables/io%3ASensor100_S/history?count=200&server=ee8d9159:0
[  662238ms] [ERROR] Error обновления графика для io:Sensor100_S: TypeError: Failed to fetch
    at fetchVariableHistory (http://localhost:8000/static/js/app.js:11919:28)
    at updateChart (http://localhost:8000/static/js/app.js:13985:31)
    at http://localhost:8000/static/js/app.js:1209:27 @ http://localhost:8000/static/js/app.js:14010
[  663236ms] [ERROR] Failed to load resource: net::ERR_CONNECTION_REFUSED @ http://localhost:8000/api/objects/SharedMemory?server=ee8d9159:0
[  663236ms] [ERROR] Error загрузки ee8d9159:SharedMemory: TypeError: Failed to fetch
    at fetchObjectData (http://localhost:8000/static/js/app.js:11889:28)
    at loadObjectData (http://localhost:8000/static/js/app.js:13547:28)
    at http://localhost:8000/static/js/app.js:1198:23 @ http://localhost:8000/static/js/app.js:13558
[  663237ms] [ERROR] Failed to load resource: net::ERR_CONNECTION_REFUSED @ http://localhost:8000/api/objects/SharedMemory/variables/io%3ASensor1_S/history?count=200&server=ee8d9159:0
[  663237ms] [ERROR] Error обновления графика для io:Sensor1_S: TypeError: Failed to fetch
    at fetchVariableHistory (http://localhost:8000/static/js/app.js:11919:28)
    at updateChart (http://localhost:8000/static/js/app.js:13985:31)
    at http://localhost:8000/static/js/app.js:1209:27 @ http://localhost:8000/static/js/app.js:14010
[  663237ms] [ERROR] Failed to load resource: net::ERR_CONNECTION_REFUSED @ http://localhost:8000/api/objects/SharedMemory/variables/io%3ASensor10_S/history?count=200&server=ee8d9159:0
[  663237ms] [ERROR] Error обновления графика для io:Sensor10_S: TypeError: Failed to fetch
    at fetchVariableHistory (http://localhost:8000/static/js/app.js:11919:28)
    at updateChart (http://localhost:8000/static/js/app.js:13985:31)
    at http://localhost:8000/static/js/app.js:1209:27 @ http://localhost:8000/static/js/app.js:14010
[  663237ms] [ERROR] Failed to load resource: net::ERR_CONNECTION_REFUSED @ http://localhost:8000/api/objects/SharedMemory/variables/io%3ASensor100_S/history?count=200&server=ee8d9159:0
[  663237ms] [ERROR] Error обновления графика для io:Sensor100_S: TypeError: Failed to fetch
    at fetchVariableHistory (http://localhost:8000/static/js/app.js:11919:28)
    at updateChart (http://localhost:8000/static/js/app.js:13985:31)
    at http://localhost:8000/static/js/app.js:1209:27 @ http://localhost:8000/static/js/app.js:14010
[  664237ms] [ERROR] Failed to load resource: net::ERR_CONNECTION_REFUSED @ http://localhost:8000/api/objects/SharedMemory?server=ee8d9159:0
[  664238ms] [ERROR] Error загрузки ee8d9159:SharedMemory: TypeError: Failed to fetch
    at fetchObjectData (http://localhost:8000/static/js/app.js:11889:28)
    at loadObjectData (http://localhost:8000/static/js/app.js:13547:28)
    at http://localhost:8000/static/js/app.js:1198:23 @ http://localhost:8000/static/js/app.js:13558
[  664238ms] [ERROR] Failed to load resource: net::ERR_CONNECTION_REFUSED @ http://localhost:8000/api/objects/SharedMemory/variables/io%3ASensor1_S/history?count=200&server=ee8d9159:0
[  664238ms] [ERROR] Error обновления графика для io:Sensor1_S: TypeError: Failed to fetch
    at fetchVariableHistory (http://localhost:8000/static/js/app.js:11919:28)
    at updateChart (http://localhost:8000/static/js/app.js:13985:31)
    at http://localhost:8000/static/js/app.js:1209:27 @ http://localhost:8000/static/js/app.js:14010
[  664238ms] [ERROR] Failed to load resource: net::ERR_CONNECTION_REFUSED @ http://localhost:8000/api/objects/SharedMemory/variables/io%3ASensor10_S/history?count=200&server=ee8d9159:0
[  664238ms] [ERROR] Error обновления графика для io:Sensor10_S: TypeError: Failed to fetch
    at fetchVariableHistory (http://localhost:8000/static/js/app.js:11919:28)
    at updateChart (http://localhost:8000/static/js/app.js:13985:31)
    at http://localhost:8000/static/js/app.js:1209:27 @ http://localhost:8000/static/js/app.js:14010
[  664239ms] [ERROR] Failed to load resource: net::ERR_CONNECTION_REFUSED @ http://localhost:8000/api/objects/SharedMemory/variables/io%3ASensor100_S/history?count=200&server=ee8d9159:0
[  664239ms] [ERROR] Error обновления графика для io:Sensor100_S: TypeError: Failed to fetch
    at fetchVariableHistory (http://localhost:8000/static/js/app.js:11919:28)
    at updateChart (http://localhost:8000/static/js/app.js:13985:31)
    at http://localhost:8000/static/js/app.js:1209:27 @ http://localhost:8000/static/js/app.js:14010
[  665236ms] [ERROR] Failed to load resource: net::ERR_CONNECTION_REFUSED @ http://localhost:8000/api/objects/SharedMemory?server=ee8d9159:0
[  665236ms] [ERROR] Error загрузки ee8d9159:SharedMemory: TypeError: Failed to fetch
    at fetchObjectData (http://localhost:8000/static/js/app.js:11889:28)
    at loadObjectData (http://localhost:8000/static/js/app.js:13547:28)
    at http://localhost:8000/static/js/app.js:1198:23 @ http://localhost:8000/static/js/app.js:13558
[  665236ms] [ERROR] Failed to load resource: net::ERR_CONNECTION_REFUSED @ http://localhost:8000/api/objects/SharedMemory/variables/io%3ASensor1_S/history?count=200&server=ee8d9159:0
[  665236ms] [ERROR] Error обновления графика для io:Sensor1_S: TypeError: Failed to fetch
    at fetchVariableHistory (http://localhost:8000/static/js/app.js:11919:28)
    at updateChart (http://localhost:8000/static/js/app.js:13985:31)
    at http://localhost:8000/static/js/app.js:1209:27 @ http://localhost:8000/static/js/app.js:14010
[  665237ms] [ERROR] Failed to load resource: net::ERR_CONNECTION_REFUSED @ http://localhost:8000/api/objects/SharedMemory/variables/io%3ASensor10_S/history?count=200&server=ee8d9159:0
[  665237ms] [ERROR] Error обновления графика для io:Sensor10_S: TypeError: Failed to fetch
    at fetchVariableHistory (http://localhost:8000/static/js/app.js:11919:28)
    at updateChart (http://localhost:8000/static/js/app.js:13985:31)
    at http://localhost:8000/static/js/app.js:1209:27 @ http://localhost:8000/static/js/app.js:14010
[  665237ms] [ERROR] Failed to load resource: net::ERR_CONNECTION_REFUSED @ http://localhost:8000/api/objects/SharedMemory/variables/io%3ASensor100_S/history?count=200&server=ee8d9159:0
[  665237ms] [ERROR] Error обновления графика для io:Sensor100_S: TypeError: Failed to fetch
    at fetchVariableHistory (http://localhost:8000/static/js/app.js:11919:28)
    at updateChart (http://localhost:8000/static/js/app.js:13985:31)
    at http://localhost:8000/static/js/app.js:1209:27 @ http://localhost:8000/static/js/app.js:14010
[  665349ms] [ERROR] Failed to load resource: net::ERR_CONNECTION_REFUSED @ http://localhost:8000/api/recording/status:0
[  666238ms] [ERROR] Failed to load resource: net::ERR_CONNECTION_REFUSED @ http://localhost:8000/api/objects/SharedMemory?server=ee8d9159:0
[  666238ms] [ERROR] Error загрузки ee8d9159:SharedMemory: TypeError: Failed to fetch
    at fetchObjectData (http://localhost:8000/static/js/app.js:11889:28)
    at loadObjectData (http://localhost:8000/static/js/app.js:13547:28)
    at http://localhost:8000/static/js/app.js:1198:23 @ http://localhost:8000/static/js/app.js:13558
[  666238ms] [ERROR] Failed to load resource: net::ERR_CONNECTION_REFUSED @ http://localhost:8000/api/objects/SharedMemory/variables/io%3ASensor1_S/history?count=200&server=ee8d9159:0
[  666238ms] [ERROR] Error обновления графика для io:Sensor1_S: TypeError: Failed to fetch
    at fetchVariableHistory (http://localhost:8000/static/js/app.js:11919:28)
    at updateChart (http://localhost:8000/static/js/app.js:13985:31)
    at http://localhost:8000/static/js/app.js:1209:27 @ http://localhost:8000/static/js/app.js:14010
[  666238ms] [ERROR] Failed to load resource: net::ERR_CONNECTION_REFUSED @ http://localhost:8000/api/objects/SharedMemory/variables/io%3ASensor10_S/history?count=200&server=ee8d9159:0
[  666238ms] [ERROR] Error обновления графика для io:Sensor10_S: TypeError: Failed to fetch
    at fetchVariableHistory (http://localhost:8000/static/js/app.js:11919:28)
    at updateChart (http://localhost:8000/static/js/app.js:13985:31)
    at http://localhost:8000/static/js/app.js:1209:27 @ http://localhost:8000/static/js/app.js:14010
[  666239ms] [ERROR] Failed to load resource: net::ERR_CONNECTION_REFUSED @ http://localhost:8000/api/objects/SharedMemory/variables/io%3ASensor100_S/history?count=200&server=ee8d9159:0
[  666239ms] [ERROR] Error обновления графика для io:Sensor100_S: TypeError: Failed to fetch
    at fetchVariableHistory (http://localhost:8000/static/js/app.js:11919:28)
    at updateChart (http://localhost:8000/static/js/app.js:13985:31)
    at http://localhost:8000/static/js/app.js:1209:27 @ http://localhost:8000/static/js/app.js:14010
[  667236ms] [ERROR] Failed to load resource: net::ERR_CONNECTION_REFUSED @ http://localhost:8000/api/objects/SharedMemory?server=ee8d9159:0
[  667236ms] [ERROR] Error загрузки ee8d9159:SharedMemory: TypeError: Failed to fetch
    at fetchObjectData (http://localhost:8000/static/js/app.js:11889:28)
    at loadObjectData (http://localhost:8000/static/js/app.js:13547:28)
    at http://localhost:8000/static/js/app.js:1198:23 @ http://localhost:8000/static/js/app.js:13558
[  667237ms] [ERROR] Failed to load resource: net::ERR_CONNECTION_REFUSED @ http://localhost:8000/api/objects/SharedMemory/variables/io%3ASensor1_S/history?count=200&server=ee8d9159:0
[  667237ms] [ERROR] Error обновления графика для io:Sensor1_S: TypeError: Failed to fetch
    at fetchVariableHistory (http://localhost:8000/static/js/app.js:11919:28)
    at updateChart (http://localhost:8000/static/js/app.js:13985:31)
    at http://localhost:8000/static/js/app.js:1209:27 @ http://localhost:8000/static/js/app.js:14010
[  667237ms] [ERROR] Failed to load resource: net::ERR_CONNECTION_REFUSED @ http://localhost:8000/api/objects/SharedMemory/variables/io%3ASensor10_S/history?count=200&server=ee8d9159:0
[  667237ms] [ERROR] Error обновления графика для io:Sensor10_S: TypeError: Failed to fetch
    at fetchVariableHistory (http://localhost:8000/static/js/app.js:11919:28)
    at updateChart (http://localhost:8000/static/js/app.js:13985:31)
    at http://localhost:8000/static/js/app.js:1209:27 @ http://localhost:8000/static/js/app.js:14010
[  667237ms] [ERROR] Failed to load resource: net::ERR_CONNECTION_REFUSED @ http://localhost:8000/api/objects/SharedMemory/variables/io%3ASensor100_S/history?count=200&server=ee8d9159:0
[  667237ms] [ERROR] Error обновления графика для io:Sensor100_S: TypeError: Failed to fetch
    at fetchVariableHistory (http://localhost:8000/static/js/app.js:11919:28)
    at updateChart (http://localhost:8000/static/js/app.js:13985:31)
    at http://localhost:8000/static/js/app.js:1209:27 @ http://localhost:8000/static/js/app.js:14010
[  668239ms] [ERROR] Failed to load resource: net::ERR_CONNECTION_REFUSED @ http://localhost:8000/api/servers:0
[  668239ms] [ERROR] Error обновления списка объектов: TypeError: Failed to fetch
    at fetchServers (http://localhost:8000/static/js/app.js:11815:28)
    at fetchObjects (http://localhost:8000/static/js/app.js:11822:31)
    at refreshObjectsList (http://localhost:8000/static/js/app.js:11870:28)
    at http://localhost:8000/static/js/app.js:1191:9 @ http://localhost:8000/static/js/app.js:11873
[  668240ms] [ERROR] Failed to load resource: net::ERR_CONNECTION_REFUSED @ http://localhost:8000/api/objects/SharedMemory?server=ee8d9159:0
[  668240ms] [ERROR] Error загрузки ee8d9159:SharedMemory: TypeError: Failed to fetch
    at fetchObjectData (http://localhost:8000/static/js/app.js:11889:28)
    at loadObjectData (http://localhost:8000/static/js/app.js:13547:28)
    at http://localhost:8000/static/js/app.js:1198:23 @ http://localhost:8000/static/js/app.js:13558
[  668240ms] [ERROR] Failed to load resource: net::ERR_CONNECTION_REFUSED @ http://localhost:8000/api/objects/SharedMemory/variables/io%3ASensor1_S/history?count=200&server=ee8d9159:0
[  668240ms] [ERROR] Error обновления графика для io:Sensor1_S: TypeError: Failed to fetch
    at fetchVariableHistory (http://localhost:8000/static/js/app.js:11919:28)
    at updateChart (http://localhost:8000/static/js/app.js:13985:31)
    at http://localhost:8000/static/js/app.js:1209:27 @ http://localhost:8000/static/js/app.js:14010
[  668240ms] [ERROR] Failed to load resource: net::ERR_CONNECTION_REFUSED @ http://localhost:8000/api/objects/SharedMemory/variables/io%3ASensor10_S/history?count=200&server=ee8d9159:0
[  668240ms] [ERROR] Error обновления графика для io:Sensor10_S: TypeError: Failed to fetch
    at fetchVariableHistory (http://localhost:8000/static/js/app.js:11919:28)
    at updateChart (http://localhost:8000/static/js/app.js:13985:31)
    at http://localhost:8000/static/js/app.js:1209:27 @ http://localhost:8000/static/js/app.js:14010
[  668240ms] [ERROR] Failed to load resource: net::ERR_CONNECTION_REFUSED @ http://localhost:8000/api/objects/SharedMemory/variables/io%3ASensor100_S/history?count=200&server=ee8d9159:0
[  668240ms] [ERROR] Error обновления графика для io:Sensor100_S: TypeError: Failed to fetch
    at fetchVariableHistory (http://localhost:8000/static/js/app.js:11919:28)
    at updateChart (http://localhost:8000/static/js/app.js:13985:31)
    at http://localhost:8000/static/js/app.js:1209:27 @ http://localhost:8000/static/js/app.js:14010
[  669236ms] [ERROR] Failed to load resource: net::ERR_CONNECTION_REFUSED @ http://localhost:8000/api/objects/SharedMemory?server=ee8d9159:0
[  669236ms] [ERROR] Error загрузки ee8d9159:SharedMemory: TypeError: Failed to fetch
    at fetchObjectData (http://localhost:8000/static/js/app.js:11889:28)
    at loadObjectData (http://localhost:8000/static/js/app.js:13547:28)
    at http://localhost:8000/static/js/app.js:1198:23 @ http://localhost:8000/static/js/app.js:13558
[  669236ms] [ERROR] Failed to load resource: net::ERR_CONNECTION_REFUSED @ http://localhost:8000/api/objects/SharedMemory/variables/io%3ASensor1_S/history?count=200&server=ee8d9159:0
[  669236ms] [ERROR] Error обновления графика для io:Sensor1_S: TypeError: Failed to fetch
    at fetchVariableHistory (http://localhost:8000/static/js/app.js:11919:28)
    at updateChart (http://localhost:8000/static/js/app.js:13985:31)
    at http://localhost:8000/static/js/app.js:1209:27 @ http://localhost:8000/static/js/app.js:14010
[  669236ms] [ERROR] Failed to load resource: net::ERR_CONNECTION_REFUSED @ http://localhost:8000/api/objects/SharedMemory/variables/io%3ASensor10_S/history?count=200&server=ee8d9159:0
[  669236ms] [ERROR] Error обновления графика для io:Sensor10_S: TypeError: Failed to fetch
    at fetchVariableHistory (http://localhost:8000/static/js/app.js:11919:28)
    at updateChart (http://localhost:8000/static/js/app.js:13985:31)
    at http://localhost:8000/static/js/app.js:1209:27 @ http://localhost:8000/static/js/app.js:14010
[  669236ms] [ERROR] Failed to load resource: net::ERR_CONNECTION_REFUSED @ http://localhost:8000/api/objects/SharedMemory/variables/io%3ASensor100_S/history?count=200&server=ee8d9159:0
[  669236ms] [ERROR] Error обновления графика для io:Sensor100_S: TypeError: Failed to fetch
    at fetchVariableHistory (http://localhost:8000/static/js/app.js:11919:28)
    at updateChart (http://localhost:8000/static/js/app.js:13985:31)
    at http://localhost:8000/static/js/app.js:1209:27 @ http://localhost:8000/static/js/app.js:14010
[  670236ms] [ERROR] Failed to load resource: net::ERR_CONNECTION_REFUSED @ http://localhost:8000/api/objects/SharedMemory?server=ee8d9159:0
[  670236ms] [ERROR] Error загрузки ee8d9159:SharedMemory: TypeError: Failed to fetch
    at fetchObjectData (http://localhost:8000/static/js/app.js:11889:28)
    at loadObjectData (http://localhost:8000/static/js/app.js:13547:28)
    at http://localhost:8000/static/js/app.js:1198:23 @ http://localhost:8000/static/js/app.js:13558
[  670236ms] [ERROR] Failed to load resource: net::ERR_CONNECTION_REFUSED @ http://localhost:8000/api/objects/SharedMemory/variables/io%3ASensor1_S/history?count=200&server=ee8d9159:0
[  670236ms] [ERROR] Error обновления графика для io:Sensor1_S: TypeError: Failed to fetch
    at fetchVariableHistory (http://localhost:8000/static/js/app.js:11919:28)
    at updateChart (http://localhost:8000/static/js/app.js:13985:31)
    at http://localhost:8000/static/js/app.js:1209:27 @ http://localhost:8000/static/js/app.js:14010
[  670237ms] [ERROR] Failed to load resource: net::ERR_CONNECTION_REFUSED @ http://localhost:8000/api/objects/SharedMemory/variables/io%3ASensor10_S/history?count=200&server=ee8d9159:0
[  670237ms] [ERROR] Error обновления графика для io:Sensor10_S: TypeError: Failed to fetch
    at fetchVariableHistory (http://localhost:8000/static/js/app.js:11919:28)
    at updateChart (http://localhost:8000/static/js/app.js:13985:31)
    at http://localhost:8000/static/js/app.js:1209:27 @ http://localhost:8000/static/js/app.js:14010
[  670237ms] [ERROR] Failed to load resource: net::ERR_CONNECTION_REFUSED @ http://localhost:8000/api/objects/SharedMemory/variables/io%3ASensor100_S/history?count=200&server=ee8d9159:0
[  670237ms] [ERROR] Error обновления графика для io:Sensor100_S: TypeError: Failed to fetch
    at fetchVariableHistory (http://localhost:8000/static/js/app.js:11919:28)
    at updateChart (http://localhost:8000/static/js/app.js:13985:31)
    at http://localhost:8000/static/js/app.js:1209:27 @ http://localhost:8000/static/js/app.js:14010
[  670350ms] [ERROR] Failed to load resource: net::ERR_CONNECTION_REFUSED @ http://localhost:8000/api/recording/status:0
[  671239ms] [ERROR] Failed to load resource: net::ERR_CONNECTION_REFUSED @ http://localhost:8000/api/objects/SharedMemory?server=ee8d9159:0
[  671239ms] [ERROR] Error загрузки ee8d9159:SharedMemory: TypeError: Failed to fetch
    at fetchObjectData (http://localhost:8000/static/js/app.js:11889:28)
    at loadObjectData (http://localhost:8000/static/js/app.js:13547:28)
    at http://localhost:8000/static/js/app.js:1198:23 @ http://localhost:8000/static/js/app.js:13558
[  671240ms] [ERROR] Failed to load resource: net::ERR_CONNECTION_REFUSED @ http://localhost:8000/api/objects/SharedMemory/variables/io%3ASensor1_S/history?count=200&server=ee8d9159:0
[  671240ms] [ERROR] Error обновления графика для io:Sensor1_S: TypeError: Failed to fetch
    at fetchVariableHistory (http://localhost:8000/static/js/app.js:11919:28)
    at updateChart (http://localhost:8000/static/js/app.js:13985:31)
    at http://localhost:8000/static/js/app.js:1209:27 @ http://localhost:8000/static/js/app.js:14010
[  671240ms] [ERROR] Failed to load resource: net::ERR_CONNECTION_REFUSED @ http://localhost:8000/api/objects/SharedMemory/variables/io%3ASensor10_S/history?count=200&server=ee8d9159:0
[  671240ms] [ERROR] Error обновления графика для io:Sensor10_S: TypeError: Failed to fetch
    at fetchVariableHistory (http://localhost:8000/static/js/app.js:11919:28)
    at updateChart (http://localhost:8000/static/js/app.js:13985:31)
    at http://localhost:8000/static/js/app.js:1209:27 @ http://localhost:8000/static/js/app.js:14010
[  671241ms] [ERROR] Failed to load resource: net::ERR_CONNECTION_REFUSED @ http://localhost:8000/api/objects/SharedMemory/variables/io%3ASensor100_S/history?count=200&server=ee8d9159:0
[  671241ms] [ERROR] Error обновления графика для io:Sensor100_S: TypeError: Failed to fetch
    at fetchVariableHistory (http://localhost:8000/static/js/app.js:11919:28)
    at updateChart (http://localhost:8000/static/js/app.js:13985:31)
    at http://localhost:8000/static/js/app.js:1209:27 @ http://localhost:8000/static/js/app.js:14010
[  672239ms] [ERROR] Failed to load resource: net::ERR_CONNECTION_REFUSED @ http://localhost:8000/api/objects/SharedMemory?server=ee8d9159:0
[  672239ms] [ERROR] Error загрузки ee8d9159:SharedMemory: TypeError: Failed to fetch
    at fetchObjectData (http://localhost:8000/static/js/app.js:11889:28)
    at loadObjectData (http://localhost:8000/static/js/app.js:13547:28)
    at http://localhost:8000/static/js/app.js:1198:23 @ http://localhost:8000/static/js/app.js:13558
[  672240ms] [ERROR] Failed to load resource: net::ERR_CONNECTION_REFUSED @ http://localhost:8000/api/objects/SharedMemory/variables/io%3ASensor1_S/history?count=200&server=ee8d9159:0
[  672240ms] [ERROR] Error обновления графика для io:Sensor1_S: TypeError: Failed to fetch
    at fetchVariableHistory (http://localhost:8000/static/js/app.js:11919:28)
    at updateChart (http://localhost:8000/static/js/app.js:13985:31)
    at http://localhost:8000/static/js/app.js:1209:27 @ http://localhost:8000/static/js/app.js:14010
[  672240ms] [ERROR] Failed to load resource: net::ERR_CONNECTION_REFUSED @ http://localhost:8000/api/objects/SharedMemory/variables/io%3ASensor10_S/history?count=200&server=ee8d9159:0
[  672240ms] [ERROR] Error обновления графика для io:Sensor10_S: TypeError: Failed to fetch
    at fetchVariableHistory (http://localhost:8000/static/js/app.js:11919:28)
    at updateChart (http://localhost:8000/static/js/app.js:13985:31)
    at http://localhost:8000/static/js/app.js:1209:27 @ http://localhost:8000/static/js/app.js:14010
[  672241ms] [ERROR] Failed to load resource: net::ERR_CONNECTION_REFUSED @ http://localhost:8000/api/objects/SharedMemory/variables/io%3ASensor100_S/history?count=200&server=ee8d9159:0
[  672241ms] [ERROR] Error обновления графика для io:Sensor100_S: TypeError: Failed to fetch
    at fetchVariableHistory (http://localhost:8000/static/js/app.js:11919:28)
    at updateChart (http://localhost:8000/static/js/app.js:13985:31)
    at http://localhost:8000/static/js/app.js:1209:27 @ http://localhost:8000/static/js/app.js:14010
