[       9ms] [WARNING] SSE: Error соединения @ http://localhost:8000/static/js/app.js:1147
[   93045ms] [WARNING] SSE: Error соединения @ http://localhost:8000/static/js/app.js:1150
[   94110ms] [WARNING] SSE: Error соединения @ http://localhost:8000/static/js/app.js:1150
[   94111ms] [ERROR] Failed to load resource: net::ERR_CONNECTION_REFUSED @ http://localhost:8000/api/events?token=admin:0
[   95059ms] [ERROR] Failed to load resource: net::ERR_CONNECTION_REFUSED @ http://localhost:8000/api/recording/status:0
[   95925ms] [WARNING] SSE: Error соединения @ http://localhost:8000/static/js/app.js:1150
[   95925ms] [ERROR] Failed to load resource: net::ERR_CONNECTION_REFUSED @ http://localhost:8000/api/events?token=admin:0
[   99942ms] [WARNING] SSE: Error соединения @ http://localhost:8000/static/js/app.js:1150
[   99943ms] [ERROR] Failed to load resource: net::ERR_CONNECTION_REFUSED @ http://localhost:8000/api/events?token=admin:0
[  100058ms] [ERROR] Failed to load resource: net::ERR_CONNECTION_REFUSED @ http://localhost:8000/api/recording/status:0
[  105063ms] [ERROR] Failed to load resource: net::ERR_CONNECTION_REFUSED @ http://localhost:8000/api/recording/status:0
[  107180ms] [WARNING] SSE: Error соединения @ http://localhost:8000/static/js/app.js:1150
[  107180ms] [ERROR] Failed to load resource: net::ERR_CONNECTION_REFUSED @ http://localhost:8000/api/events?token=admin:0
[  110062ms] [ERROR] Failed to load resource: net::ERR_CONNECTION_REFUSED @ http://localhost:8000/api/recording/status:0
[  115060ms] [ERROR] Failed to load resource: net::ERR_CONNECTION_REFUSED @ http://localhost:8000/api/recording/status:0
[  120064ms] [ERROR] Failed to load resource: net::ERR_CONNECTION_REFUSED @ http://localhost:8000/api/recording/status:0
[  123057ms] [WARNING] SSE: Error соединения @ http://localhost:8000/static/js/app.js:1150
[  123058ms] [ERROR] Failed to load resource: net::ERR_CONNECTION_REFUSED @ http://localhost:8000/api/events?token=admin:0
[  125059ms] [ERROR] Failed to load resource: net::ERR_CONNECTION_REFUSED @ http://localhost:8000/api/recording/status:0
[  130064ms] [ERROR] Failed to load resource: net::ERR_CONNECTION_REFUSED @ http://localhost:8000/api/recording/status:0
[  135066ms] [ERROR] Failed to load resource: net::ERR_CONNECTION_REFUSED @ http://localhost:8000/api/recording/status:0
[  140061ms] [ERROR] Failed to load resource: net::ERR_CONNECTION_REFUSED @ http://localhost:8000/api/recording/status:0
[  145064ms] [ERROR] Failed to load resource: net::ERR_CONNECTION_REFUSED @ http://localhost:8000/api/recording/status:0
[  150064ms] [ERROR] Failed to load resource: net::ERR_CONNECTION_REFUSED @ http://localhost:8000/api/recording/status:0
[  151098ms] [WARNING] SSE: Error соединения @ http://localhost:8000/static/js/app.js:1150
[  151098ms] [ERROR] Failed to load resource: net::ERR_CONNECTION_REFUSED @ http://localhost:8000/api/events?token=admin:0
[  155064ms] [ERROR] Failed to load resource: net::ERR_CONNECTION_REFUSED @ http://localhost:8000/api/recording/status:0
[  160064ms] [ERROR] Failed to load resource: net::ERR_CONNECTION_REFUSED @ http://localhost:8000/api/recording/status:0
[  165064ms] [ERROR] Failed to load resource: net::ERR_CONNECTION_REFUSED @ http://localhost:8000/api/recording/status:0
[  170063ms] [ERROR] Failed to load resource: net::ERR_CONNECTION_REFUSED @ http://localhost:8000/api/recording/status:0
[  175065ms] [ERROR] Failed to load resource: net::ERR_CONNECTION_REFUSED @ http://localhost:8000/api/recording/status:0
[  180064ms] [ERROR] Failed to load resource: net::ERR_CONNECTION_REFUSED @ http://localhost:8000/api/recording/status:0
[  180885ms] [WARNING] SSE: Error соединения @ http://localhost:8000/static/js/app.js:1150
[  180885ms] [ERROR] Failed to load resource: net::ERR_CONNECTION_REFUSED @ http://localhost:8000/api/events?token=admin:0
[  185067ms] [ERROR] Failed to load resource: net::ERR_CONNECTION_REFUSED @ http://localhost:8000/api/recording/status:0
[  190064ms] [ERROR] Failed to load resource: net::ERR_CONNECTION_REFUSED @ http://localhost:8000/api/recording/status:0
[  195064ms] [ERROR] Failed to load resource: net::ERR_CONNECTION_REFUSED @ http://localhost:8000/api/recording/status:0
[  200064ms] [ERROR] Failed to load resource: net::ERR_CONNECTION_REFUSED @ http://localhost:8000/api/recording/status:0
[  205065ms] [ERROR] Failed to load resource: net::ERR_CONNECTION_REFUSED @ http://localhost:8000/api/recording/status:0
[  210064ms] [ERROR] Failed to load resource: net::ERR_CONNECTION_REFUSED @ http://localhost:8000/api/recording/status:0
[  213276ms] [WARNING] SSE: Error соединения @ http://localhost:8000/static/js/app.js:1150
[  213277ms] [ERROR] Failed to load resource: net::ERR_CONNECTION_REFUSED @ http://localhost:8000/api/events?token=admin:0
[  215059ms] [ERROR] Failed to load resource: net::ERR_CONNECTION_REFUSED @ http://localhost:8000/api/recording/status:0
[  220061ms] [ERROR] Failed to load resource: net::ERR_CONNECTION_REFUSED @ http://localhost:8000/api/recording/status:0
[  225060ms] [ERROR] Failed to load resource: net::ERR_CONNECTION_REFUSED @ http://localhost:8000/api/recording/status:0
[  230064ms] [ERROR] Failed to load resource: net::ERR_CONNECTION_REFUSED @ http://localhost:8000/api/recording/status:0
[  235060ms] [ERROR] Failed to load resource: net::ERR_CONNECTION_REFUSED @ http://localhost:8000/api/recording/status:0
[  240062ms] [ERROR] Failed to load resource: net::ERR_CONNECTION_REFUSED @ http://localhost:8000/api/recording/status:0
[  241838ms] [WARNING] SSE: Error соединения @ http://localhost:8000/static/js/app.js:1150
[  241838ms] [ERROR] Failed to load resource: net::ERR_CONNECTION_REFUSED @ http://localhost:8000/api/events?token=admin:0
[  245060ms] [ERROR] Failed to load resource: net::ERR_CONNECTION_REFUSED @ http://localhost:8000/api/recording/status:0
[  250063ms] [ERROR] Failed to load resource: net::ERR_CONNECTION_REFUSED @ http://localhost:8000/api/recording/status:0
[  255064ms] [ERROR] Failed to load resource: net::ERR_CONNECTION_REFUSED @ http://localhost:8000/api/recording/status:0
[  260065ms] [ERROR] Failed to load resource: net::ERR_CONNECTION_REFUSED @ http://localhost:8000/api/recording/status:0
[  265066ms] [ERROR] Failed to load resource: net::ERR_CONNECTION_REFUSED @ http://localhost:8000/api/recording/status:0
[  270066ms] [ERROR] Failed to load resource: net::ERR_CONNECTION_REFUSED @ http://localhost:8000/api/recording/status:0
[  272029ms] [WARNING] SSE: Error соединения @ http://localhost:8000/static/js/app.js:1150
[  272029ms] [WARNING] SSE: Превышено количество попыток, переход на polling @ http://localhost:8000/static/js/app.js:1173
[  272031ms] [ERROR] Failed to load resource: net::ERR_CONNECTION_REFUSED @ http://localhost:8000/api/events?token=admin:0
[  273033ms] [ERROR] Failed to load resource: net::ERR_CONNECTION_REFUSED @ http://localhost:8000/api/objects/SharedMemory?server=ee8d9159:0
[  273033ms] [ERROR] Error загрузки ee8d9159:SharedMemory: TypeError: Failed to fetch
    at fetchObjectData (http://localhost:8000/static/js/app.js:11889:28)
    at loadObjectData (http://localhost:8000/static/js/app.js:13547:28)
    at http://localhost:8000/static/js/app.js:1198:23 @ http://localhost:8000/static/js/app.js:13558
[  273034ms] [ERROR] Failed to load resource: net::ERR_CONNECTION_REFUSED @ http://localhost:8000/api/objects/SharedMemory/variables/io%3ASensor1_S/history?count=200&server=ee8d9159:0
[  273034ms] [ERROR] Error обновления графика для io:Sensor1_S: TypeError: Failed to fetch
    at fetchVariableHistory (http://localhost:8000/static/js/app.js:11919:28)
    at updateChart (http://localhost:8000/static/js/app.js:13985:31)
    at http://localhost:8000/static/js/app.js:1209:27 @ http://localhost:8000/static/js/app.js:14010
[  274032ms] [ERROR] Failed to load resource: net::ERR_CONNECTION_REFUSED @ http://localhost:8000/api/objects/SharedMemory?server=ee8d9159:0
[  274032ms] [ERROR] Error загрузки ee8d9159:SharedMemory: TypeError: Failed to fetch
    at fetchObjectData (http://localhost:8000/static/js/app.js:11889:28)
    at loadObjectData (http://localhost:8000/static/js/app.js:13547:28)
    at http://localhost:8000/static/js/app.js:1198:23 @ http://localhost:8000/static/js/app.js:13558
[  274033ms] [ERROR] Failed to load resource: net::ERR_CONNECTION_REFUSED @ http://localhost:8000/api/objects/SharedMemory/variables/io%3ASensor1_S/history?count=200&server=ee8d9159:0
[  274033ms] [ERROR] Error обновления графика для io:Sensor1_S: TypeError: Failed to fetch
    at fetchVariableHistory (http://localhost:8000/static/js/app.js:11919:28)
    at updateChart (http://localhost:8000/static/js/app.js:13985:31)
    at http://localhost:8000/static/js/app.js:1209:27 @ http://localhost:8000/static/js/app.js:14010
[  275033ms] [ERROR] Failed to load resource: net::ERR_CONNECTION_REFUSED @ http://localhost:8000/api/objects/SharedMemory?server=ee8d9159:0
[  275034ms] [ERROR] Error загрузки ee8d9159:SharedMemory: TypeError: Failed to fetch
    at fetchObjectData (http://localhost:8000/static/js/app.js:11889:28)
    at loadObjectData (http://localhost:8000/static/js/app.js:13547:28)
    at http://localhost:8000/static/js/app.js:1198:23 @ http://localhost:8000/static/js/app.js:13558
[  275034ms] [ERROR] Failed to load resource: net::ERR_CONNECTION_REFUSED @ http://localhost:8000/api/objects/SharedMemory/variables/io%3ASensor1_S/history?count=200&server=ee8d9159:0
[  275034ms] [ERROR] Error обновления графика для io:Sensor1_S: TypeError: Failed to fetch
    at fetchVariableHistory (http://localhost:8000/static/js/app.js:11919:28)
    at updateChart (http://localhost:8000/static/js/app.js:13985:31)
    at http://localhost:8000/static/js/app.js:1209:27 @ http://localhost:8000/static/js/app.js:14010
[  275059ms] [ERROR] Failed to load resource: net::ERR_CONNECTION_REFUSED @ http://localhost:8000/api/recording/status:0
[  276033ms] [ERROR] Failed to load resource: net::ERR_CONNECTION_REFUSED @ http://localhost:8000/api/objects/SharedMemory?server=ee8d9159:0
[  276033ms] [ERROR] Error загрузки ee8d9159:SharedMemory: TypeError: Failed to fetch
    at fetchObjectData (http://localhost:8000/static/js/app.js:11889:28)
    at loadObjectData (http://localhost:8000/static/js/app.js:13547:28)
    at http://localhost:8000/static/js/app.js:1198:23 @ http://localhost:8000/static/js/app.js:13558
[  276033ms] [ERROR] Failed to load resource: net::ERR_CONNECTION_REFUSED @ http://localhost:8000/api/objects/SharedMemory/variables/io%3ASensor1_S/history?count=200&server=ee8d9159:0
[  276033ms] [ERROR] Error обновления графика для io:Sensor1_S: TypeError: Failed to fetch
    at fetchVariableHistory (http://localhost:8000/static/js/app.js:11919:28)
    at updateChart (http://localhost:8000/static/js/app.js:13985:31)
    at http://localhost:8000/static/js/app.js:1209:27 @ http://localhost:8000/static/js/app.js:14010
[  277033ms] [ERROR] Failed to load resource: net::ERR_CONNECTION_REFUSED @ http://localhost:8000/api/objects/SharedMemory?server=ee8d9159:0
[  277033ms] [ERROR] Error загрузки ee8d9159:SharedMemory: TypeError: Failed to fetch
    at fetchObjectData (http://localhost:8000/static/js/app.js:11889:28)
    at loadObjectData (http://localhost:8000/static/js/app.js:13547:28)
    at http://localhost:8000/static/js/app.js:1198:23 @ http://localhost:8000/static/js/app.js:13558
[  277033ms] [ERROR] Failed to load resource: net::ERR_CONNECTION_REFUSED @ http://localhost:8000/api/objects/SharedMemory/variables/io%3ASensor1_S/history?count=200&server=ee8d9159:0
[  277033ms] [ERROR] Error обновления графика для io:Sensor1_S: TypeError: Failed to fetch
    at fetchVariableHistory (http://localhost:8000/static/js/app.js:11919:28)
    at updateChart (http://localhost:8000/static/js/app.js:13985:31)
    at http://localhost:8000/static/js/app.js:1209:27 @ http://localhost:8000/static/js/app.js:14010
[  278033ms] [ERROR] Failed to load resource: net::ERR_CONNECTION_REFUSED @ http://localhost:8000/api/servers:0
[  278033ms] [ERROR] Error обновления списка объектов: TypeError: Failed to fetch
    at fetchServers (http://localhost:8000/static/js/app.js:11815:28)
    at fetchObjects (http://localhost:8000/static/js/app.js:11822:31)
    at refreshObjectsList (http://localhost:8000/static/js/app.js:11870:28)
    at http://localhost:8000/static/js/app.js:1191:9 @ http://localhost:8000/static/js/app.js:11873
[  278034ms] [ERROR] Failed to load resource: net::ERR_CONNECTION_REFUSED @ http://localhost:8000/api/objects/SharedMemory?server=ee8d9159:0
[  278034ms] [ERROR] Error загрузки ee8d9159:SharedMemory: TypeError: Failed to fetch
    at fetchObjectData (http://localhost:8000/static/js/app.js:11889:28)
    at loadObjectData (http://localhost:8000/static/js/app.js:13547:28)
    at http://localhost:8000/static/js/app.js:1198:23 @ http://localhost:8000/static/js/app.js:13558
[  278034ms] [ERROR] Failed to load resource: net::ERR_CONNECTION_REFUSED @ http://localhost:8000/api/objects/SharedMemory/variables/io%3ASensor1_S/history?count=200&server=ee8d9159:0
[  278034ms] [ERROR] Error обновления графика для io:Sensor1_S: TypeError: Failed to fetch
    at fetchVariableHistory (http://localhost:8000/static/js/app.js:11919:28)
    at updateChart (http://localhost:8000/static/js/app.js:13985:31)
    at http://localhost:8000/static/js/app.js:1209:27 @ http://localhost:8000/static/js/app.js:14010
[  279033ms] [ERROR] Failed to load resource: net::ERR_CONNECTION_REFUSED @ http://localhost:8000/api/objects/SharedMemory?server=ee8d9159:0
[  279033ms] [ERROR] Error загрузки ee8d9159:SharedMemory: TypeError: Failed to fetch
    at fetchObjectData (http://localhost:8000/static/js/app.js:11889:28)
    at loadObjectData (http://localhost:8000/static/js/app.js:13547:28)
    at http://localhost:8000/static/js/app.js:1198:23 @ http://localhost:8000/static/js/app.js:13558
[  279034ms] [ERROR] Failed to load resource: net::ERR_CONNECTION_REFUSED @ http://localhost:8000/api/objects/SharedMemory/variables/io%3ASensor1_S/history?count=200&server=ee8d9159:0
[  279034ms] [ERROR] Error обновления графика для io:Sensor1_S: TypeError: Failed to fetch
    at fetchVariableHistory (http://localhost:8000/static/js/app.js:11919:28)
    at updateChart (http://localhost:8000/static/js/app.js:13985:31)
    at http://localhost:8000/static/js/app.js:1209:27 @ http://localhost:8000/static/js/app.js:14010
[  280033ms] [ERROR] Failed to load resource: net::ERR_CONNECTION_REFUSED @ http://localhost:8000/api/objects/SharedMemory?server=ee8d9159:0
[  280033ms] [ERROR] Error загрузки ee8d9159:SharedMemory: TypeError: Failed to fetch
    at fetchObjectData (http://localhost:8000/static/js/app.js:11889:28)
    at loadObjectData (http://localhost:8000/static/js/app.js:13547:28)
    at http://localhost:8000/static/js/app.js:1198:23 @ http://localhost:8000/static/js/app.js:13558
[  280034ms] [ERROR] Failed to load resource: net::ERR_CONNECTION_REFUSED @ http://localhost:8000/api/objects/SharedMemory/variables/io%3ASensor1_S/history?count=200&server=ee8d9159:0
[  280034ms] [ERROR] Error обновления графика для io:Sensor1_S: TypeError: Failed to fetch
    at fetchVariableHistory (http://localhost:8000/static/js/app.js:11919:28)
    at updateChart (http://localhost:8000/static/js/app.js:13985:31)
    at http://localhost:8000/static/js/app.js:1209:27 @ http://localhost:8000/static/js/app.js:14010
[  280059ms] [ERROR] Failed to load resource: net::ERR_CONNECTION_REFUSED @ http://localhost:8000/api/recording/status:0
[  281032ms] [ERROR] Failed to load resource: net::ERR_CONNECTION_REFUSED @ http://localhost:8000/api/objects/SharedMemory?server=ee8d9159:0
[  281032ms] [ERROR] Error загрузки ee8d9159:SharedMemory: TypeError: Failed to fetch
    at fetchObjectData (http://localhost:8000/static/js/app.js:11889:28)
    at loadObjectData (http://localhost:8000/static/js/app.js:13547:28)
    at http://localhost:8000/static/js/app.js:1198:23 @ http://localhost:8000/static/js/app.js:13558
[  281032ms] [ERROR] Failed to load resource: net::ERR_CONNECTION_REFUSED @ http://localhost:8000/api/objects/SharedMemory/variables/io%3ASensor1_S/history?count=200&server=ee8d9159:0
[  281032ms] [ERROR] Error обновления графика для io:Sensor1_S: TypeError: Failed to fetch
    at fetchVariableHistory (http://localhost:8000/static/js/app.js:11919:28)
    at updateChart (http://localhost:8000/static/js/app.js:13985:31)
    at http://localhost:8000/static/js/app.js:1209:27 @ http://localhost:8000/static/js/app.js:14010
[  282032ms] [ERROR] Failed to load resource: net::ERR_CONNECTION_REFUSED @ http://localhost:8000/api/objects/SharedMemory?server=ee8d9159:0
[  282033ms] [ERROR] Error загрузки ee8d9159:SharedMemory: TypeError: Failed to fetch
    at fetchObjectData (http://localhost:8000/static/js/app.js:11889:28)
    at loadObjectData (http://localhost:8000/static/js/app.js:13547:28)
    at http://localhost:8000/static/js/app.js:1198:23 @ http://localhost:8000/static/js/app.js:13558
[  282033ms] [ERROR] Failed to load resource: net::ERR_CONNECTION_REFUSED @ http://localhost:8000/api/objects/SharedMemory/variables/io%3ASensor1_S/history?count=200&server=ee8d9159:0
[  282033ms] [ERROR] Error обновления графика для io:Sensor1_S: TypeError: Failed to fetch
    at fetchVariableHistory (http://localhost:8000/static/js/app.js:11919:28)
    at updateChart (http://localhost:8000/static/js/app.js:13985:31)
    at http://localhost:8000/static/js/app.js:1209:27 @ http://localhost:8000/static/js/app.js:14010
[  283031ms] [ERROR] Failed to load resource: net::ERR_CONNECTION_REFUSED @ http://localhost:8000/api/objects/SharedMemory?server=ee8d9159:0
[  283031ms] [ERROR] Error загрузки ee8d9159:SharedMemory: TypeError: Failed to fetch
    at fetchObjectData (http://localhost:8000/static/js/app.js:11889:28)
    at loadObjectData (http://localhost:8000/static/js/app.js:13547:28)
    at http://localhost:8000/static/js/app.js:1198:23 @ http://localhost:8000/static/js/app.js:13558
[  283031ms] [ERROR] Failed to load resource: net::ERR_CONNECTION_REFUSED @ http://localhost:8000/api/objects/SharedMemory/variables/io%3ASensor1_S/history?count=200&server=ee8d9159:0
[  283031ms] [ERROR] Error обновления графика для io:Sensor1_S: TypeError: Failed to fetch
    at fetchVariableHistory (http://localhost:8000/static/js/app.js:11919:28)
    at updateChart (http://localhost:8000/static/js/app.js:13985:31)
    at http://localhost:8000/static/js/app.js:1209:27 @ http://localhost:8000/static/js/app.js:14010
[  284033ms] [ERROR] Failed to load resource: net::ERR_CONNECTION_REFUSED @ http://localhost:8000/api/servers:0
[  284033ms] [ERROR] Error обновления списка объектов: TypeError: Failed to fetch
    at fetchServers (http://localhost:8000/static/js/app.js:11815:28)
    at fetchObjects (http://localhost:8000/static/js/app.js:11822:31)
    at refreshObjectsList (http://localhost:8000/static/js/app.js:11870:28)
    at http://localhost:8000/static/js/app.js:1191:9 @ http://localhost:8000/static/js/app.js:11873
[  284034ms] [ERROR] Failed to load resource: net::ERR_CONNECTION_REFUSED @ http://localhost:8000/api/objects/SharedMemory?server=ee8d9159:0
[  284034ms] [ERROR] Error загрузки ee8d9159:SharedMemory: TypeError: Failed to fetch
    at fetchObjectData (http://localhost:8000/static/js/app.js:11889:28)
    at loadObjectData (http://localhost:8000/static/js/app.js:13547:28)
    at http://localhost:8000/static/js/app.js:1198:23 @ http://localhost:8000/static/js/app.js:13558
[  284034ms] [ERROR] Failed to load resource: net::ERR_CONNECTION_REFUSED @ http://localhost:8000/api/objects/SharedMemory/variables/io%3ASensor1_S/history?count=200&server=ee8d9159:0
[  284034ms] [ERROR] Error обновления графика для io:Sensor1_S: TypeError: Failed to fetch
    at fetchVariableHistory (http://localhost:8000/static/js/app.js:11919:28)
    at updateChart (http://localhost:8000/static/js/app.js:13985:31)
    at http://localhost:8000/static/js/app.js:1209:27 @ http://localhost:8000/static/js/app.js:14010
[  285033ms] [ERROR] Failed to load resource: net::ERR_CONNECTION_REFUSED @ http://localhost:8000/api/objects/SharedMemory?server=ee8d9159:0
[  285033ms] [ERROR] Error загрузки ee8d9159:SharedMemory: TypeError: Failed to fetch
    at fetchObjectData (http://localhost:8000/static/js/app.js:11889:28)
    at loadObjectData (http://localhost:8000/static/js/app.js:13547:28)
    at http://localhost:8000/static/js/app.js:1198:23 @ http://localhost:8000/static/js/app.js:13558
[  285033ms] [ERROR] Failed to load resource: net::ERR_CONNECTION_REFUSED @ http://localhost:8000/api/objects/SharedMemory/variables/io%3ASensor1_S/history?count=200&server=ee8d9159:0
[  285033ms] [ERROR] Error обновления графика для io:Sensor1_S: TypeError: Failed to fetch
    at fetchVariableHistory (http://localhost:8000/static/js/app.js:11919:28)
    at updateChart (http://localhost:8000/static/js/app.js:13985:31)
    at http://localhost:8000/static/js/app.js:1209:27 @ http://localhost:8000/static/js/app.js:14010
[  285060ms] [ERROR] Failed to load resource: net::ERR_CONNECTION_REFUSED @ http://localhost:8000/api/recording/status:0
[  286031ms] [ERROR] Failed to load resource: net::ERR_CONNECTION_REFUSED @ http://localhost:8000/api/objects/SharedMemory?server=ee8d9159:0
[  286031ms] [ERROR] Error загрузки ee8d9159:SharedMemory: TypeError: Failed to fetch
    at fetchObjectData (http://localhost:8000/static/js/app.js:11889:28)
    at loadObjectData (http://localhost:8000/static/js/app.js:13547:28)
    at http://localhost:8000/static/js/app.js:1198:23 @ http://localhost:8000/static/js/app.js:13558
[  286031ms] [ERROR] Failed to load resource: net::ERR_CONNECTION_REFUSED @ http://localhost:8000/api/objects/SharedMemory/variables/io%3ASensor1_S/history?count=200&server=ee8d9159:0
[  286031ms] [ERROR] Error обновления графика для io:Sensor1_S: TypeError: Failed to fetch
    at fetchVariableHistory (http://localhost:8000/static/js/app.js:11919:28)
    at updateChart (http://localhost:8000/static/js/app.js:13985:31)
    at http://localhost:8000/static/js/app.js:1209:27 @ http://localhost:8000/static/js/app.js:14010
[  287032ms] [ERROR] Failed to load resource: net::ERR_CONNECTION_REFUSED @ http://localhost:8000/api/objects/SharedMemory?server=ee8d9159:0
[  287032ms] [ERROR] Error загрузки ee8d9159:SharedMemory: TypeError: Failed to fetch
    at fetchObjectData (http://localhost:8000/static/js/app.js:11889:28)
    at loadObjectData (http://localhost:8000/static/js/app.js:13547:28)
    at http://localhost:8000/static/js/app.js:1198:23 @ http://localhost:8000/static/js/app.js:13558
[  287032ms] [ERROR] Failed to load resource: net::ERR_CONNECTION_REFUSED @ http://localhost:8000/api/objects/SharedMemory/variables/io%3ASensor1_S/history?count=200&server=ee8d9159:0
[  287032ms] [ERROR] Error обновления графика для io:Sensor1_S: TypeError: Failed to fetch
    at fetchVariableHistory (http://localhost:8000/static/js/app.js:11919:28)
    at updateChart (http://localhost:8000/static/js/app.js:13985:31)
    at http://localhost:8000/static/js/app.js:1209:27 @ http://localhost:8000/static/js/app.js:14010
[  288033ms] [ERROR] Failed to load resource: net::ERR_CONNECTION_REFUSED @ http://localhost:8000/api/objects/SharedMemory?server=ee8d9159:0
[  288033ms] [ERROR] Error загрузки ee8d9159:SharedMemory: TypeError: Failed to fetch
    at fetchObjectData (http://localhost:8000/static/js/app.js:11889:28)
    at loadObjectData (http://localhost:8000/static/js/app.js:13547:28)
    at http://localhost:8000/static/js/app.js:1198:23 @ http://localhost:8000/static/js/app.js:13558
[  288033ms] [ERROR] Failed to load resource: net::ERR_CONNECTION_REFUSED @ http://localhost:8000/api/objects/SharedMemory/variables/io%3ASensor1_S/history?count=200&server=ee8d9159:0
[  288034ms] [ERROR] Error обновления графика для io:Sensor1_S: TypeError: Failed to fetch
    at fetchVariableHistory (http://localhost:8000/static/js/app.js:11919:28)
    at updateChart (http://localhost:8000/static/js/app.js:13985:31)
    at http://localhost:8000/static/js/app.js:1209:27 @ http://localhost:8000/static/js/app.js:14010
[  289033ms] [ERROR] Failed to load resource: net::ERR_CONNECTION_REFUSED @ http://localhost:8000/api/objects/SharedMemory?server=ee8d9159:0
[  289033ms] [ERROR] Error загрузки ee8d9159:SharedMemory: TypeError: Failed to fetch
    at fetchObjectData (http://localhost:8000/static/js/app.js:11889:28)
    at loadObjectData (http://localhost:8000/static/js/app.js:13547:28)
    at http://localhost:8000/static/js/app.js:1198:23 @ http://localhost:8000/static/js/app.js:13558
[  289034ms] [ERROR] Failed to load resource: net::ERR_CONNECTION_REFUSED @ http://localhost:8000/api/objects/SharedMemory/variables/io%3ASensor1_S/history?count=200&server=ee8d9159:0
[  289034ms] [ERROR] Error обновления графика для io:Sensor1_S: TypeError: Failed to fetch
    at fetchVariableHistory (http://localhost:8000/static/js/app.js:11919:28)
    at updateChart (http://localhost:8000/static/js/app.js:13985:31)
    at http://localhost:8000/static/js/app.js:1209:27 @ http://localhost:8000/static/js/app.js:14010
[  290034ms] [ERROR] Failed to load resource: net::ERR_CONNECTION_REFUSED @ http://localhost:8000/api/servers:0
[  290034ms] [ERROR] Error обновления списка объектов: TypeError: Failed to fetch
    at fetchServers (http://localhost:8000/static/js/app.js:11815:28)
    at fetchObjects (http://localhost:8000/static/js/app.js:11822:31)
    at refreshObjectsList (http://localhost:8000/static/js/app.js:11870:28)
    at http://localhost:8000/static/js/app.js:1191:9 @ http://localhost:8000/static/js/app.js:11873
[  290034ms] [ERROR] Failed to load resource: net::ERR_CONNECTION_REFUSED @ http://localhost:8000/api/objects/SharedMemory?server=ee8d9159:0
[  290035ms] [ERROR] Error загрузки ee8d9159:SharedMemory: TypeError: Failed to fetch
    at fetchObjectData (http://localhost:8000/static/js/app.js:11889:28)
    at loadObjectData (http://localhost:8000/static/js/app.js:13547:28)
    at http://localhost:8000/static/js/app.js:1198:23 @ http://localhost:8000/static/js/app.js:13558
[  290035ms] [ERROR] Failed to load resource: net::ERR_CONNECTION_REFUSED @ http://localhost:8000/api/objects/SharedMemory/variables/io%3ASensor1_S/history?count=200&server=ee8d9159:0
[  290035ms] [ERROR] Error обновления графика для io:Sensor1_S: TypeError: Failed to fetch
    at fetchVariableHistory (http://localhost:8000/static/js/app.js:11919:28)
    at updateChart (http://localhost:8000/static/js/app.js:13985:31)
    at http://localhost:8000/static/js/app.js:1209:27 @ http://localhost:8000/static/js/app.js:14010
[  290059ms] [ERROR] Failed to load resource: net::ERR_CONNECTION_REFUSED @ http://localhost:8000/api/recording/status:0
[  291033ms] [ERROR] Failed to load resource: net::ERR_CONNECTION_REFUSED @ http://localhost:8000/api/objects/SharedMemory?server=ee8d9159:0
[  291033ms] [ERROR] Error загрузки ee8d9159:SharedMemory: TypeError: Failed to fetch
    at fetchObjectData (http://localhost:8000/static/js/app.js:11889:28)
    at loadObjectData (http://localhost:8000/static/js/app.js:13547:28)
    at http://localhost:8000/static/js/app.js:1198:23 @ http://localhost:8000/static/js/app.js:13558
[  291034ms] [ERROR] Failed to load resource: net::ERR_CONNECTION_REFUSED @ http://localhost:8000/api/objects/SharedMemory/variables/io%3ASensor1_S/history?count=200&server=ee8d9159:0
[  291034ms] [ERROR] Error обновления графика для io:Sensor1_S: TypeError: Failed to fetch
    at fetchVariableHistory (http://localhost:8000/static/js/app.js:11919:28)
    at updateChart (http://localhost:8000/static/js/app.js:13985:31)
    at http://localhost:8000/static/js/app.js:1209:27 @ http://localhost:8000/static/js/app.js:14010
[  292033ms] [ERROR] Failed to load resource: net::ERR_CONNECTION_REFUSED @ http://localhost:8000/api/objects/SharedMemory?server=ee8d9159:0
[  292033ms] [ERROR] Error загрузки ee8d9159:SharedMemory: TypeError: Failed to fetch
    at fetchObjectData (http://localhost:8000/static/js/app.js:11889:28)
    at loadObjectData (http://localhost:8000/static/js/app.js:13547:28)
    at http://localhost:8000/static/js/app.js:1198:23 @ http://localhost:8000/static/js/app.js:13558
[  292034ms] [ERROR] Failed to load resource: net::ERR_CONNECTION_REFUSED @ http://localhost:8000/api/objects/SharedMemory/variables/io%3ASensor1_S/history?count=200&server=ee8d9159:0
[  292034ms] [ERROR] Error обновления графика для io:Sensor1_S: TypeError: Failed to fetch
    at fetchVariableHistory (http://localhost:8000/static/js/app.js:11919:28)
    at updateChart (http://localhost:8000/static/js/app.js:13985:31)
    at http://localhost:8000/static/js/app.js:1209:27 @ http://localhost:8000/static/js/app.js:14010
[  293032ms] [ERROR] Failed to load resource: net::ERR_CONNECTION_REFUSED @ http://localhost:8000/api/objects/SharedMemory?server=ee8d9159:0
[  293032ms] [ERROR] Error загрузки ee8d9159:SharedMemory: TypeError: Failed to fetch
    at fetchObjectData (http://localhost:8000/static/js/app.js:11889:28)
    at loadObjectData (http://localhost:8000/static/js/app.js:13547:28)
    at http://localhost:8000/static/js/app.js:1198:23 @ http://localhost:8000/static/js/app.js:13558
[  293033ms] [ERROR] Failed to load resource: net::ERR_CONNECTION_REFUSED @ http://localhost:8000/api/objects/SharedMemory/variables/io%3ASensor1_S/history?count=200&server=ee8d9159:0
[  293033ms] [ERROR] Error обновления графика для io:Sensor1_S: TypeError: Failed to fetch
    at fetchVariableHistory (http://localhost:8000/static/js/app.js:11919:28)
    at updateChart (http://localhost:8000/static/js/app.js:13985:31)
    at http://localhost:8000/static/js/app.js:1209:27 @ http://localhost:8000/static/js/app.js:14010
[  294033ms] [ERROR] Failed to load resource: net::ERR_CONNECTION_REFUSED @ http://localhost:8000/api/objects/SharedMemory?server=ee8d9159:0
[  294033ms] [ERROR] Error загрузки ee8d9159:SharedMemory: TypeError: Failed to fetch
    at fetchObjectData (http://localhost:8000/static/js/app.js:11889:28)
    at loadObjectData (http://localhost:8000/static/js/app.js:13547:28)
    at http://localhost:8000/static/js/app.js:1198:23 @ http://localhost:8000/static/js/app.js:13558
[  294033ms] [ERROR] Failed to load resource: net::ERR_CONNECTION_REFUSED @ http://localhost:8000/api/objects/SharedMemory/variables/io%3ASensor1_S/history?count=200&server=ee8d9159:0
[  294033ms] [ERROR] Error обновления графика для io:Sensor1_S: TypeError: Failed to fetch
    at fetchVariableHistory (http://localhost:8000/static/js/app.js:11919:28)
    at updateChart (http://localhost:8000/static/js/app.js:13985:31)
    at http://localhost:8000/static/js/app.js:1209:27 @ http://localhost:8000/static/js/app.js:14010
[  295032ms] [ERROR] Failed to load resource: net::ERR_CONNECTION_REFUSED @ http://localhost:8000/api/objects/SharedMemory?server=ee8d9159:0
[  295032ms] [ERROR] Error загрузки ee8d9159:SharedMemory: TypeError: Failed to fetch
    at fetchObjectData (http://localhost:8000/static/js/app.js:11889:28)
    at loadObjectData (http://localhost:8000/static/js/app.js:13547:28)
    at http://localhost:8000/static/js/app.js:1198:23 @ http://localhost:8000/static/js/app.js:13558
[  295033ms] [ERROR] Failed to load resource: net::ERR_CONNECTION_REFUSED @ http://localhost:8000/api/objects/SharedMemory/variables/io%3ASensor1_S/history?count=200&server=ee8d9159:0
[  295033ms] [ERROR] Error обновления графика для io:Sensor1_S: TypeError: Failed to fetch
    at fetchVariableHistory (http://localhost:8000/static/js/app.js:11919:28)
    at updateChart (http://localhost:8000/static/js/app.js:13985:31)
    at http://localhost:8000/static/js/app.js:1209:27 @ http://localhost:8000/static/js/app.js:14010
[  295059ms] [ERROR] Failed to load resource: net::ERR_CONNECTION_REFUSED @ http://localhost:8000/api/recording/status:0
[  296033ms] [ERROR] Failed to load resource: net::ERR_CONNECTION_REFUSED @ http://localhost:8000/api/servers:0
[  296033ms] [ERROR] Error обновления списка объектов: TypeError: Failed to fetch
    at fetchServers (http://localhost:8000/static/js/app.js:11815:28)
    at fetchObjects (http://localhost:8000/static/js/app.js:11822:31)
    at refreshObjectsList (http://localhost:8000/static/js/app.js:11870:28)
    at http://localhost:8000/static/js/app.js:1191:9 @ http://localhost:8000/static/js/app.js:11873
[  296033ms] [ERROR] Failed to load resource: net::ERR_CONNECTION_REFUSED @ http://localhost:8000/api/objects/SharedMemory?server=ee8d9159:0
[  296033ms] [ERROR] Error загрузки ee8d9159:SharedMemory: TypeError: Failed to fetch
    at fetchObjectData (http://localhost:8000/static/js/app.js:11889:28)
    at loadObjectData (http://localhost:8000/static/js/app.js:13547:28)
    at http://localhost:8000/static/js/app.js:1198:23 @ http://localhost:8000/static/js/app.js:13558
[  296033ms] [ERROR] Failed to load resource: net::ERR_CONNECTION_REFUSED @ http://localhost:8000/api/objects/SharedMemory/variables/io%3ASensor1_S/history?count=200&server=ee8d9159:0
[  296033ms] [ERROR] Error обновления графика для io:Sensor1_S: TypeError: Failed to fetch
    at fetchVariableHistory (http://localhost:8000/static/js/app.js:11919:28)
    at updateChart (http://localhost:8000/static/js/app.js:13985:31)
    at http://localhost:8000/static/js/app.js:1209:27 @ http://localhost:8000/static/js/app.js:14010
[  297032ms] [ERROR] Failed to load resource: net::ERR_CONNECTION_REFUSED @ http://localhost:8000/api/objects/SharedMemory?server=ee8d9159:0
[  297032ms] [ERROR] Error загрузки ee8d9159:SharedMemory: TypeError: Failed to fetch
    at fetchObjectData (http://localhost:8000/static/js/app.js:11889:28)
    at loadObjectData (http://localhost:8000/static/js/app.js:13547:28)
    at http://localhost:8000/static/js/app.js:1198:23 @ http://localhost:8000/static/js/app.js:13558
[  297032ms] [ERROR] Failed to load resource: net::ERR_CONNECTION_REFUSED @ http://localhost:8000/api/objects/SharedMemory/variables/io%3ASensor1_S/history?count=200&server=ee8d9159:0
[  297032ms] [ERROR] Error обновления графика для io:Sensor1_S: TypeError: Failed to fetch
    at fetchVariableHistory (http://localhost:8000/static/js/app.js:11919:28)
    at updateChart (http://localhost:8000/static/js/app.js:13985:31)
    at http://localhost:8000/static/js/app.js:1209:27 @ http://localhost:8000/static/js/app.js:14010
[  298033ms] [ERROR] Failed to load resource: net::ERR_CONNECTION_REFUSED @ http://localhost:8000/api/objects/SharedMemory?server=ee8d9159:0
[  298033ms] [ERROR] Error загрузки ee8d9159:SharedMemory: TypeError: Failed to fetch
    at fetchObjectData (http://localhost:8000/static/js/app.js:11889:28)
    at loadObjectData (http://localhost:8000/static/js/app.js:13547:28)
    at http://localhost:8000/static/js/app.js:1198:23 @ http://localhost:8000/static/js/app.js:13558
[  298033ms] [ERROR] Failed to load resource: net::ERR_CONNECTION_REFUSED @ http://localhost:8000/api/objects/SharedMemory/variables/io%3ASensor1_S/history?count=200&server=ee8d9159:0
[  298033ms] [ERROR] Error обновления графика для io:Sensor1_S: TypeError: Failed to fetch
    at fetchVariableHistory (http://localhost:8000/static/js/app.js:11919:28)
    at updateChart (http://localhost:8000/static/js/app.js:13985:31)
    at http://localhost:8000/static/js/app.js:1209:27 @ http://localhost:8000/static/js/app.js:14010
[  299032ms] [ERROR] Failed to load resource: net::ERR_CONNECTION_REFUSED @ http://localhost:8000/api/objects/SharedMemory?server=ee8d9159:0
[  299032ms] [ERROR] Error загрузки ee8d9159:SharedMemory: TypeError: Failed to fetch
    at fetchObjectData (http://localhost:8000/static/js/app.js:11889:28)
    at loadObjectData (http://localhost:8000/static/js/app.js:13547:28)
    at http://localhost:8000/static/js/app.js:1198:23 @ http://localhost:8000/static/js/app.js:13558
[  299033ms] [ERROR] Failed to load resource: net::ERR_CONNECTION_REFUSED @ http://localhost:8000/api/objects/SharedMemory/variables/io%3ASensor1_S/history?count=200&server=ee8d9159:0
[  299033ms] [ERROR] Error обновления графика для io:Sensor1_S: TypeError: Failed to fetch
    at fetchVariableHistory (http://localhost:8000/static/js/app.js:11919:28)
    at updateChart (http://localhost:8000/static/js/app.js:13985:31)
    at http://localhost:8000/static/js/app.js:1209:27 @ http://localhost:8000/static/js/app.js:14010
[  300033ms] [ERROR] Failed to load resource: net::ERR_CONNECTION_REFUSED @ http://localhost:8000/api/objects/SharedMemory?server=ee8d9159:0
[  300033ms] [ERROR] Error загрузки ee8d9159:SharedMemory: TypeError: Failed to fetch
    at fetchObjectData (http://localhost:8000/static/js/app.js:11889:28)
    at loadObjectData (http://localhost:8000/static/js/app.js:13547:28)
    at http://localhost:8000/static/js/app.js:1198:23 @ http://localhost:8000/static/js/app.js:13558
[  300033ms] [ERROR] Failed to load resource: net::ERR_CONNECTION_REFUSED @ http://localhost:8000/api/objects/SharedMemory/variables/io%3ASensor1_S/history?count=200&server=ee8d9159:0
[  300033ms] [ERROR] Error обновления графика для io:Sensor1_S: TypeError: Failed to fetch
    at fetchVariableHistory (http://localhost:8000/static/js/app.js:11919:28)
    at updateChart (http://localhost:8000/static/js/app.js:13985:31)
    at http://localhost:8000/static/js/app.js:1209:27 @ http://localhost:8000/static/js/app.js:14010
[  300058ms] [ERROR] Failed to load resource: net::ERR_CONNECTION_REFUSED @ http://localhost:8000/api/recording/status:0
[  301032ms] [ERROR] Failed to load resource: net::ERR_CONNECTION_REFUSED @ http://localhost:8000/api/objects/SharedMemory?server=ee8d9159:0
[  301033ms] [ERROR] Error загрузки ee8d9159:SharedMemory: TypeError: Failed to fetch
    at fetchObjectData (http://localhost:8000/static/js/app.js:11889:28)
    at loadObjectData (http://localhost:8000/static/js/app.js:13547:28)
    at http://localhost:8000/static/js/app.js:1198:23 @ http://localhost:8000/static/js/app.js:13558
[  301033ms] [ERROR] Failed to load resource: net::ERR_CONNECTION_REFUSED @ http://localhost:8000/api/objects/SharedMemory/variables/io%3ASensor1_S/history?count=200&server=ee8d9159:0
[  301033ms] [ERROR] Error обновления графика для io:Sensor1_S: TypeError: Failed to fetch
    at fetchVariableHistory (http://localhost:8000/static/js/app.js:11919:28)
    at updateChart (http://localhost:8000/static/js/app.js:13985:31)
    at http://localhost:8000/static/js/app.js:1209:27 @ http://localhost:8000/static/js/app.js:14010
[  302033ms] [ERROR] Failed to load resource: net::ERR_CONNECTION_REFUSED @ http://localhost:8000/api/servers:0
[  302033ms] [ERROR] Error обновления списка объектов: TypeError: Failed to fetch
    at fetchServers (http://localhost:8000/static/js/app.js:11815:28)
    at fetchObjects (http://localhost:8000/static/js/app.js:11822:31)
    at refreshObjectsList (http://localhost:8000/static/js/app.js:11870:28)
    at http://localhost:8000/static/js/app.js:1191:9 @ http://localhost:8000/static/js/app.js:11873
[  302033ms] [ERROR] Failed to load resource: net::ERR_CONNECTION_REFUSED @ http://localhost:8000/api/objects/SharedMemory?server=ee8d9159:0
[  302033ms] [ERROR] Error загрузки ee8d9159:SharedMemory: TypeError: Failed to fetch
    at fetchObjectData (http://localhost:8000/static/js/app.js:11889:28)
    at loadObjectData (http://localhost:8000/static/js/app.js:13547:28)
    at http://localhost:8000/static/js/app.js:1198:23 @ http://localhost:8000/static/js/app.js:13558
[  302033ms] [ERROR] Failed to load resource: net::ERR_CONNECTION_REFUSED @ http://localhost:8000/api/objects/SharedMemory/variables/io%3ASensor1_S/history?count=200&server=ee8d9159:0
[  302033ms] [ERROR] Error обновления графика для io:Sensor1_S: TypeError: Failed to fetch
    at fetchVariableHistory (http://localhost:8000/static/js/app.js:11919:28)
    at updateChart (http://localhost:8000/static/js/app.js:13985:31)
    at http://localhost:8000/static/js/app.js:1209:27 @ http://localhost:8000/static/js/app.js:14010
[  302033ms] [ERROR] Failed to load resource: net::ERR_CONNECTION_REFUSED @ http://localhost:8000/api/version:0
[  303032ms] [ERROR] Failed to load resource: net::ERR_CONNECTION_REFUSED @ http://localhost:8000/api/objects/SharedMemory?server=ee8d9159:0
[  303032ms] [ERROR] Error загрузки ee8d9159:SharedMemory: TypeError: Failed to fetch
    at fetchObjectData (http://localhost:8000/static/js/app.js:11889:28)
    at loadObjectData (http://localhost:8000/static/js/app.js:13547:28)
    at http://localhost:8000/static/js/app.js:1198:23 @ http://localhost:8000/static/js/app.js:13558
[  303032ms] [ERROR] Failed to load resource: net::ERR_CONNECTION_REFUSED @ http://localhost:8000/api/objects/SharedMemory/variables/io%3ASensor1_S/history?count=200&server=ee8d9159:0
[  303032ms] [ERROR] Error обновления графика для io:Sensor1_S: TypeError: Failed to fetch
    at fetchVariableHistory (http://localhost:8000/static/js/app.js:11919:28)
    at updateChart (http://localhost:8000/static/js/app.js:13985:31)
    at http://localhost:8000/static/js/app.js:1209:27 @ http://localhost:8000/static/js/app.js:14010
[  304032ms] [ERROR] Failed to load resource: net::ERR_CONNECTION_REFUSED @ http://localhost:8000/api/objects/SharedMemory?server=ee8d9159:0
[  304032ms] [ERROR] Error загрузки ee8d9159:SharedMemory: TypeError: Failed to fetch
    at fetchObjectData (http://localhost:8000/static/js/app.js:11889:28)
    at loadObjectData (http://localhost:8000/static/js/app.js:13547:28)
    at http://localhost:8000/static/js/app.js:1198:23 @ http://localhost:8000/static/js/app.js:13558
[  304033ms] [ERROR] Failed to load resource: net::ERR_CONNECTION_REFUSED @ http://localhost:8000/api/objects/SharedMemory/variables/io%3ASensor1_S/history?count=200&server=ee8d9159:0
[  304033ms] [ERROR] Error обновления графика для io:Sensor1_S: TypeError: Failed to fetch
    at fetchVariableHistory (http://localhost:8000/static/js/app.js:11919:28)
    at updateChart (http://localhost:8000/static/js/app.js:13985:31)
    at http://localhost:8000/static/js/app.js:1209:27 @ http://localhost:8000/static/js/app.js:14010
[  305031ms] [ERROR] Failed to load resource: net::ERR_CONNECTION_REFUSED @ http://localhost:8000/api/objects/SharedMemory?server=ee8d9159:0
[  305031ms] [ERROR] Error загрузки ee8d9159:SharedMemory: TypeError: Failed to fetch
    at fetchObjectData (http://localhost:8000/static/js/app.js:11889:28)
    at loadObjectData (http://localhost:8000/static/js/app.js:13547:28)
    at http://localhost:8000/static/js/app.js:1198:23 @ http://localhost:8000/static/js/app.js:13558
[  305031ms] [ERROR] Failed to load resource: net::ERR_CONNECTION_REFUSED @ http://localhost:8000/api/objects/SharedMemory/variables/io%3ASensor1_S/history?count=200&server=ee8d9159:0
[  305031ms] [ERROR] Error обновления графика для io:Sensor1_S: TypeError: Failed to fetch
    at fetchVariableHistory (http://localhost:8000/static/js/app.js:11919:28)
    at updateChart (http://localhost:8000/static/js/app.js:13985:31)
    at http://localhost:8000/static/js/app.js:1209:27 @ http://localhost:8000/static/js/app.js:14010
[  305058ms] [ERROR] Failed to load resource: net::ERR_CONNECTION_REFUSED @ http://localhost:8000/api/recording/status:0
[  306033ms] [ERROR] Failed to load resource: net::ERR_CONNECTION_REFUSED @ http://localhost:8000/api/objects/SharedMemory?server=ee8d9159:0
[  306033ms] [ERROR] Error загрузки ee8d9159:SharedMemory: TypeError: Failed to fetch
    at fetchObjectData (http://localhost:8000/static/js/app.js:11889:28)
    at loadObjectData (http://localhost:8000/static/js/app.js:13547:28)
    at http://localhost:8000/static/js/app.js:1198:23 @ http://localhost:8000/static/js/app.js:13558
[  306033ms] [ERROR] Failed to load resource: net::ERR_CONNECTION_REFUSED @ http://localhost:8000/api/objects/SharedMemory/variables/io%3ASensor1_S/history?count=200&server=ee8d9159:0
[  306033ms] [ERROR] Error обновления графика для io:Sensor1_S: TypeError: Failed to fetch
    at fetchVariableHistory (http://localhost:8000/static/js/app.js:11919:28)
    at updateChart (http://localhost:8000/static/js/app.js:13985:31)
    at http://localhost:8000/static/js/app.js:1209:27 @ http://localhost:8000/static/js/app.js:14010
[  307031ms] [ERROR] Failed to load resource: net::ERR_CONNECTION_REFUSED @ http://localhost:8000/api/objects/SharedMemory?server=ee8d9159:0
[  307031ms] [ERROR] Error загрузки ee8d9159:SharedMemory: TypeError: Failed to fetch
    at fetchObjectData (http://localhost:8000/static/js/app.js:11889:28)
    at loadObjectData (http://localhost:8000/static/js/app.js:13547:28)
    at http://localhost:8000/static/js/app.js:1198:23 @ http://localhost:8000/static/js/app.js:13558
[  307031ms] [ERROR] Failed to load resource: net::ERR_CONNECTION_REFUSED @ http://localhost:8000/api/objects/SharedMemory/variables/io%3ASensor1_S/history?count=200&server=ee8d9159:0
[  307031ms] [ERROR] Error обновления графика для io:Sensor1_S: TypeError: Failed to fetch
    at fetchVariableHistory (http://localhost:8000/static/js/app.js:11919:28)
    at updateChart (http://localhost:8000/static/js/app.js:13985:31)
    at http://localhost:8000/static/js/app.js:1209:27 @ http://localhost:8000/static/js/app.js:14010
[  308033ms] [ERROR] Failed to load resource: net::ERR_CONNECTION_REFUSED @ http://localhost:8000/api/servers:0
[  308033ms] [ERROR] Error обновления списка объектов: TypeError: Failed to fetch
    at fetchServers (http://localhost:8000/static/js/app.js:11815:28)
    at fetchObjects (http://localhost:8000/static/js/app.js:11822:31)
    at refreshObjectsList (http://localhost:8000/static/js/app.js:11870:28)
    at http://localhost:8000/static/js/app.js:1191:9 @ http://localhost:8000/static/js/app.js:11873
[  308033ms] [ERROR] Failed to load resource: net::ERR_CONNECTION_REFUSED @ http://localhost:8000/api/objects/SharedMemory?server=ee8d9159:0
[  308033ms] [ERROR] Error загрузки ee8d9159:SharedMemory: TypeError: Failed to fetch
    at fetchObjectData (http://localhost:8000/static/js/app.js:11889:28)
    at loadObjectData (http://localhost:8000/static/js/app.js:13547:28)
    at http://localhost:8000/static/js/app.js:1198:23 @ http://localhost:8000/static/js/app.js:13558
[  308033ms] [ERROR] Failed to load resource: net::ERR_CONNECTION_REFUSED @ http://localhost:8000/api/objects/SharedMemory/variables/io%3ASensor1_S/history?count=200&server=ee8d9159:0
[  308033ms] [ERROR] Error обновления графика для io:Sensor1_S: TypeError: Failed to fetch
    at fetchVariableHistory (http://localhost:8000/static/js/app.js:11919:28)
    at updateChart (http://localhost:8000/static/js/app.js:13985:31)
    at http://localhost:8000/static/js/app.js:1209:27 @ http://localhost:8000/static/js/app.js:14010
[  309033ms] [ERROR] Failed to load resource: net::ERR_CONNECTION_REFUSED @ http://localhost:8000/api/objects/SharedMemory?server=ee8d9159:0
[  309033ms] [ERROR] Error загрузки ee8d9159:SharedMemory: TypeError: Failed to fetch
    at fetchObjectData (http://localhost:8000/static/js/app.js:11889:28)
    at loadObjectData (http://localhost:8000/static/js/app.js:13547:28)
    at http://localhost:8000/static/js/app.js:1198:23 @ http://localhost:8000/static/js/app.js:13558
[  309033ms] [ERROR] Failed to load resource: net::ERR_CONNECTION_REFUSED @ http://localhost:8000/api/objects/SharedMemory/variables/io%3ASensor1_S/history?count=200&server=ee8d9159:0
[  309033ms] [ERROR] Error обновления графика для io:Sensor1_S: TypeError: Failed to fetch
    at fetchVariableHistory (http://localhost:8000/static/js/app.js:11919:28)
    at updateChart (http://localhost:8000/static/js/app.js:13985:31)
    at http://localhost:8000/static/js/app.js:1209:27 @ http://localhost:8000/static/js/app.js:14010
[  310031ms] [ERROR] Failed to load resource: net::ERR_CONNECTION_REFUSED @ http://localhost:8000/api/objects/SharedMemory?server=ee8d9159:0
[  310031ms] [ERROR] Error загрузки ee8d9159:SharedMemory: TypeError: Failed to fetch
    at fetchObjectData (http://localhost:8000/static/js/app.js:11889:28)
    at loadObjectData (http://localhost:8000/static/js/app.js:13547:28)
    at http://localhost:8000/static/js/app.js:1198:23 @ http://localhost:8000/static/js/app.js:13558
[  310031ms] [ERROR] Failed to load resource: net::ERR_CONNECTION_REFUSED @ http://localhost:8000/api/objects/SharedMemory/variables/io%3ASensor1_S/history?count=200&server=ee8d9159:0
[  310031ms] [ERROR] Error обновления графика для io:Sensor1_S: TypeError: Failed to fetch
    at fetchVariableHistory (http://localhost:8000/static/js/app.js:11919:28)
    at updateChart (http://localhost:8000/static/js/app.js:13985:31)
    at http://localhost:8000/static/js/app.js:1209:27 @ http://localhost:8000/static/js/app.js:14010
[  310058ms] [ERROR] Failed to load resource: net::ERR_CONNECTION_REFUSED @ http://localhost:8000/api/recording/status:0
[  311033ms] [ERROR] Failed to load resource: net::ERR_CONNECTION_REFUSED @ http://localhost:8000/api/objects/SharedMemory?server=ee8d9159:0
[  311033ms] [ERROR] Error загрузки ee8d9159:SharedMemory: TypeError: Failed to fetch
    at fetchObjectData (http://localhost:8000/static/js/app.js:11889:28)
    at loadObjectData (http://localhost:8000/static/js/app.js:13547:28)
    at http://localhost:8000/static/js/app.js:1198:23 @ http://localhost:8000/static/js/app.js:13558
[  311034ms] [ERROR] Failed to load resource: net::ERR_CONNECTION_REFUSED @ http://localhost:8000/api/objects/SharedMemory/variables/io%3ASensor1_S/history?count=200&server=ee8d9159:0
[  311034ms] [ERROR] Error обновления графика для io:Sensor1_S: TypeError: Failed to fetch
    at fetchVariableHistory (http://localhost:8000/static/js/app.js:11919:28)
    at updateChart (http://localhost:8000/static/js/app.js:13985:31)
    at http://localhost:8000/static/js/app.js:1209:27 @ http://localhost:8000/static/js/app.js:14010
[  312031ms] [ERROR] Failed to load resource: net::ERR_CONNECTION_REFUSED @ http://localhost:8000/api/objects/SharedMemory?server=ee8d9159:0
[  312031ms] [ERROR] Error загрузки ee8d9159:SharedMemory: TypeError: Failed to fetch
    at fetchObjectData (http://localhost:8000/static/js/app.js:11889:28)
    at loadObjectData (http://localhost:8000/static/js/app.js:13547:28)
    at http://localhost:8000/static/js/app.js:1198:23 @ http://localhost:8000/static/js/app.js:13558
[  312031ms] [ERROR] Failed to load resource: net::ERR_CONNECTION_REFUSED @ http://localhost:8000/api/objects/SharedMemory/variables/io%3ASensor1_S/history?count=200&server=ee8d9159:0
[  312032ms] [ERROR] Error обновления графика для io:Sensor1_S: TypeError: Failed to fetch
    at fetchVariableHistory (http://localhost:8000/static/js/app.js:11919:28)
    at updateChart (http://localhost:8000/static/js/app.js:13985:31)
    at http://localhost:8000/static/js/app.js:1209:27 @ http://localhost:8000/static/js/app.js:14010
[  313031ms] [ERROR] Failed to load resource: net::ERR_CONNECTION_REFUSED @ http://localhost:8000/api/objects/SharedMemory?server=ee8d9159:0
[  313031ms] [ERROR] Error загрузки ee8d9159:SharedMemory: TypeError: Failed to fetch
    at fetchObjectData (http://localhost:8000/static/js/app.js:11889:28)
    at loadObjectData (http://localhost:8000/static/js/app.js:13547:28)
    at http://localhost:8000/static/js/app.js:1198:23 @ http://localhost:8000/static/js/app.js:13558
[  313031ms] [ERROR] Failed to load resource: net::ERR_CONNECTION_REFUSED @ http://localhost:8000/api/objects/SharedMemory/variables/io%3ASensor1_S/history?count=200&server=ee8d9159:0
[  313031ms] [ERROR] Error обновления графика для io:Sensor1_S: TypeError: Failed to fetch
    at fetchVariableHistory (http://localhost:8000/static/js/app.js:11919:28)
    at updateChart (http://localhost:8000/static/js/app.js:13985:31)
    at http://localhost:8000/static/js/app.js:1209:27 @ http://localhost:8000/static/js/app.js:14010
[  314031ms] [ERROR] Failed to load resource: net::ERR_CONNECTION_REFUSED @ http://localhost:8000/api/servers:0
[  314032ms] [ERROR] Error обновления списка объектов: TypeError: Failed to fetch
    at fetchServers (http://localhost:8000/static/js/app.js:11815:28)
    at fetchObjects (http://localhost:8000/static/js/app.js:11822:31)
    at refreshObjectsList (http://localhost:8000/static/js/app.js:11870:28)
    at http://localhost:8000/static/js/app.js:1191:9 @ http://localhost:8000/static/js/app.js:11873
[  314032ms] [ERROR] Failed to load resource: net::ERR_CONNECTION_REFUSED @ http://localhost:8000/api/objects/SharedMemory?server=ee8d9159:0
[  314032ms] [ERROR] Error загрузки ee8d9159:SharedMemory: TypeError: Failed to fetch
    at fetchObjectData (http://localhost:8000/static/js/app.js:11889:28)
    at loadObjectData (http://localhost:8000/static/js/app.js:13547:28)
    at http://localhost:8000/static/js/app.js:1198:23 @ http://localhost:8000/static/js/app.js:13558
[  314032ms] [ERROR] Failed to load resource: net::ERR_CONNECTION_REFUSED @ http://localhost:8000/api/objects/SharedMemory/variables/io%3ASensor1_S/history?count=200&server=ee8d9159:0
[  314032ms] [ERROR] Error обновления графика для io:Sensor1_S: TypeError: Failed to fetch
    at fetchVariableHistory (http://localhost:8000/static/js/app.js:11919:28)
    at updateChart (http://localhost:8000/static/js/app.js:13985:31)
    at http://localhost:8000/static/js/app.js:1209:27 @ http://localhost:8000/static/js/app.js:14010
[  315033ms] [ERROR] Failed to load resource: net::ERR_CONNECTION_REFUSED @ http://localhost:8000/api/objects/SharedMemory?server=ee8d9159:0
[  315033ms] [ERROR] Error загрузки ee8d9159:SharedMemory: TypeError: Failed to fetch
    at fetchObjectData (http://localhost:8000/static/js/app.js:11889:28)
    at loadObjectData (http://localhost:8000/static/js/app.js:13547:28)
    at http://localhost:8000/static/js/app.js:1198:23 @ http://localhost:8000/static/js/app.js:13558
[  315034ms] [ERROR] Failed to load resource: net::ERR_CONNECTION_REFUSED @ http://localhost:8000/api/objects/SharedMemory/variables/io%3ASensor1_S/history?count=200&server=ee8d9159:0
[  315034ms] [ERROR] Error обновления графика для io:Sensor1_S: TypeError: Failed to fetch
    at fetchVariableHistory (http://localhost:8000/static/js/app.js:11919:28)
    at updateChart (http://localhost:8000/static/js/app.js:13985:31)
    at http://localhost:8000/static/js/app.js:1209:27 @ http://localhost:8000/static/js/app.js:14010
[  315059ms] [ERROR] Failed to load resource: net::ERR_CONNECTION_REFUSED @ http://localhost:8000/api/recording/status:0
[  316033ms] [ERROR] Failed to load resource: net::ERR_CONNECTION_REFUSED @ http://localhost:8000/api/objects/SharedMemory?server=ee8d9159:0
[  316034ms] [ERROR] Error загрузки ee8d9159:SharedMemory: TypeError: Failed to fetch
    at fetchObjectData (http://localhost:8000/static/js/app.js:11889:28)
    at loadObjectData (http://localhost:8000/static/js/app.js:13547:28)
    at http://localhost:8000/static/js/app.js:1198:23 @ http://localhost:8000/static/js/app.js:13558
[  316034ms] [ERROR] Failed to load resource: net::ERR_CONNECTION_REFUSED @ http://localhost:8000/api/objects/SharedMemory/variables/io%3ASensor1_S/history?count=200&server=ee8d9159:0
[  316034ms] [ERROR] Error обновления графика для io:Sensor1_S: TypeError: Failed to fetch
    at fetchVariableHistory (http://localhost:8000/static/js/app.js:11919:28)
    at updateChart (http://localhost:8000/static/js/app.js:13985:31)
    at http://localhost:8000/static/js/app.js:1209:27 @ http://localhost:8000/static/js/app.js:14010
[  317035ms] [ERROR] Failed to load resource: net::ERR_CONNECTION_REFUSED @ http://localhost:8000/api/objects/SharedMemory?server=ee8d9159:0
[  317035ms] [ERROR] Error загрузки ee8d9159:SharedMemory: TypeError: Failed to fetch
    at fetchObjectData (http://localhost:8000/static/js/app.js:11889:28)
    at loadObjectData (http://localhost:8000/static/js/app.js:13547:28)
    at http://localhost:8000/static/js/app.js:1198:23 @ http://localhost:8000/static/js/app.js:13558
[  317036ms] [ERROR] Failed to load resource: net::ERR_CONNECTION_REFUSED @ http://localhost:8000/api/objects/SharedMemory/variables/io%3ASensor1_S/history?count=200&server=ee8d9159:0
[  317036ms] [ERROR] Error обновления графика для io:Sensor1_S: TypeError: Failed to fetch
    at fetchVariableHistory (http://localhost:8000/static/js/app.js:11919:28)
    at updateChart (http://localhost:8000/static/js/app.js:13985:31)
    at http://localhost:8000/static/js/app.js:1209:27 @ http://localhost:8000/static/js/app.js:14010
[  318033ms] [ERROR] Failed to load resource: net::ERR_CONNECTION_REFUSED @ http://localhost:8000/api/objects/SharedMemory?server=ee8d9159:0
[  318033ms] [ERROR] Error загрузки ee8d9159:SharedMemory: TypeError: Failed to fetch
    at fetchObjectData (http://localhost:8000/static/js/app.js:11889:28)
    at loadObjectData (http://localhost:8000/static/js/app.js:13547:28)
    at http://localhost:8000/static/js/app.js:1198:23 @ http://localhost:8000/static/js/app.js:13558
[  318033ms] [ERROR] Failed to load resource: net::ERR_CONNECTION_REFUSED @ http://localhost:8000/api/objects/SharedMemory/variables/io%3ASensor1_S/history?count=200&server=ee8d9159:0
[  318034ms] [ERROR] Error обновления графика для io:Sensor1_S: TypeError: Failed to fetch
    at fetchVariableHistory (http://localhost:8000/static/js/app.js:11919:28)
    at updateChart (http://localhost:8000/static/js/app.js:13985:31)
    at http://localhost:8000/static/js/app.js:1209:27 @ http://localhost:8000/static/js/app.js:14010
[  319032ms] [ERROR] Failed to load resource: net::ERR_CONNECTION_REFUSED @ http://localhost:8000/api/objects/SharedMemory?server=ee8d9159:0
[  319032ms] [ERROR] Error загрузки ee8d9159:SharedMemory: TypeError: Failed to fetch
    at fetchObjectData (http://localhost:8000/static/js/app.js:11889:28)
    at loadObjectData (http://localhost:8000/static/js/app.js:13547:28)
    at http://localhost:8000/static/js/app.js:1198:23 @ http://localhost:8000/static/js/app.js:13558
[  319033ms] [ERROR] Failed to load resource: net::ERR_CONNECTION_REFUSED @ http://localhost:8000/api/objects/SharedMemory/variables/io%3ASensor1_S/history?count=200&server=ee8d9159:0
[  319033ms] [ERROR] Error обновления графика для io:Sensor1_S: TypeError: Failed to fetch
    at fetchVariableHistory (http://localhost:8000/static/js/app.js:11919:28)
    at updateChart (http://localhost:8000/static/js/app.js:13985:31)
    at http://localhost:8000/static/js/app.js:1209:27 @ http://localhost:8000/static/js/app.js:14010
[  320033ms] [ERROR] Failed to load resource: net::ERR_CONNECTION_REFUSED @ http://localhost:8000/api/servers:0
[  320033ms] [ERROR] Error обновления списка объектов: TypeError: Failed to fetch
    at fetchServers (http://localhost:8000/static/js/app.js:11815:28)
    at fetchObjects (http://localhost:8000/static/js/app.js:11822:31)
    at refreshObjectsList (http://localhost:8000/static/js/app.js:11870:28)
    at http://localhost:8000/static/js/app.js:1191:9 @ http://localhost:8000/static/js/app.js:11873
[  320033ms] [ERROR] Failed to load resource: net::ERR_CONNECTION_REFUSED @ http://localhost:8000/api/objects/SharedMemory?server=ee8d9159:0
[  320034ms] [ERROR] Error загрузки ee8d9159:SharedMemory: TypeError: Failed to fetch
    at fetchObjectData (http://localhost:8000/static/js/app.js:11889:28)
    at loadObjectData (http://localhost:8000/static/js/app.js:13547:28)
    at http://localhost:8000/static/js/app.js:1198:23 @ http://localhost:8000/static/js/app.js:13558
[  320034ms] [ERROR] Failed to load resource: net::ERR_CONNECTION_REFUSED @ http://localhost:8000/api/objects/SharedMemory/variables/io%3ASensor1_S/history?count=200&server=ee8d9159:0
[  320034ms] [ERROR] Error обновления графика для io:Sensor1_S: TypeError: Failed to fetch
    at fetchVariableHistory (http://localhost:8000/static/js/app.js:11919:28)
    at updateChart (http://localhost:8000/static/js/app.js:13985:31)
    at http://localhost:8000/static/js/app.js:1209:27 @ http://localhost:8000/static/js/app.js:14010
[  320059ms] [ERROR] Failed to load resource: net::ERR_CONNECTION_REFUSED @ http://localhost:8000/api/recording/status:0
[  321032ms] [ERROR] Failed to load resource: net::ERR_CONNECTION_REFUSED @ http://localhost:8000/api/objects/SharedMemory?server=ee8d9159:0
[  321032ms] [ERROR] Error загрузки ee8d9159:SharedMemory: TypeError: Failed to fetch
    at fetchObjectData (http://localhost:8000/static/js/app.js:11889:28)
    at loadObjectData (http://localhost:8000/static/js/app.js:13547:28)
    at http://localhost:8000/static/js/app.js:1198:23 @ http://localhost:8000/static/js/app.js:13558
[  321032ms] [ERROR] Failed to load resource: net::ERR_CONNECTION_REFUSED @ http://localhost:8000/api/objects/SharedMemory/variables/io%3ASensor1_S/history?count=200&server=ee8d9159:0
[  321032ms] [ERROR] Error обновления графика для io:Sensor1_S: TypeError: Failed to fetch
    at fetchVariableHistory (http://localhost:8000/static/js/app.js:11919:28)
    at updateChart (http://localhost:8000/static/js/app.js:13985:31)
    at http://localhost:8000/static/js/app.js:1209:27 @ http://localhost:8000/static/js/app.js:14010
[  322032ms] [ERROR] Failed to load resource: net::ERR_CONNECTION_REFUSED @ http://localhost:8000/api/objects/SharedMemory?server=ee8d9159:0
[  322032ms] [ERROR] Error загрузки ee8d9159:SharedMemory: TypeError: Failed to fetch
    at fetchObjectData (http://localhost:8000/static/js/app.js:11889:28)
    at loadObjectData (http://localhost:8000/static/js/app.js:13547:28)
    at http://localhost:8000/static/js/app.js:1198:23 @ http://localhost:8000/static/js/app.js:13558
[  322032ms] [ERROR] Failed to load resource: net::ERR_CONNECTION_REFUSED @ http://localhost:8000/api/objects/SharedMemory/variables/io%3ASensor1_S/history?count=200&server=ee8d9159:0
[  322032ms] [ERROR] Error обновления графика для io:Sensor1_S: TypeError: Failed to fetch
    at fetchVariableHistory (http://localhost:8000/static/js/app.js:11919:28)
    at updateChart (http://localhost:8000/static/js/app.js:13985:31)
    at http://localhost:8000/static/js/app.js:1209:27 @ http://localhost:8000/static/js/app.js:14010
[  323031ms] [ERROR] Failed to load resource: net::ERR_CONNECTION_REFUSED @ http://localhost:8000/api/objects/SharedMemory?server=ee8d9159:0
[  323032ms] [ERROR] Error загрузки ee8d9159:SharedMemory: TypeError: Failed to fetch
    at fetchObjectData (http://localhost:8000/static/js/app.js:11889:28)
    at loadObjectData (http://localhost:8000/static/js/app.js:13547:28)
    at http://localhost:8000/static/js/app.js:1198:23 @ http://localhost:8000/static/js/app.js:13558
[  323032ms] [ERROR] Failed to load resource: net::ERR_CONNECTION_REFUSED @ http://localhost:8000/api/objects/SharedMemory/variables/io%3ASensor1_S/history?count=200&server=ee8d9159:0
[  323032ms] [ERROR] Error обновления графика для io:Sensor1_S: TypeError: Failed to fetch
    at fetchVariableHistory (http://localhost:8000/static/js/app.js:11919:28)
    at updateChart (http://localhost:8000/static/js/app.js:13985:31)
    at http://localhost:8000/static/js/app.js:1209:27 @ http://localhost:8000/static/js/app.js:14010
[  324033ms] [ERROR] Failed to load resource: net::ERR_CONNECTION_REFUSED @ http://localhost:8000/api/objects/SharedMemory?server=ee8d9159:0
[  324033ms] [ERROR] Error загрузки ee8d9159:SharedMemory: TypeError: Failed to fetch
    at fetchObjectData (http://localhost:8000/static/js/app.js:11889:28)
    at loadObjectData (http://localhost:8000/static/js/app.js:13547:28)
    at http://localhost:8000/static/js/app.js:1198:23 @ http://localhost:8000/static/js/app.js:13558
[  324033ms] [ERROR] Failed to load resource: net::ERR_CONNECTION_REFUSED @ http://localhost:8000/api/objects/SharedMemory/variables/io%3ASensor1_S/history?count=200&server=ee8d9159:0
[  324033ms] [ERROR] Error обновления графика для io:Sensor1_S: TypeError: Failed to fetch
    at fetchVariableHistory (http://localhost:8000/static/js/app.js:11919:28)
    at updateChart (http://localhost:8000/static/js/app.js:13985:31)
    at http://localhost:8000/static/js/app.js:1209:27 @ http://localhost:8000/static/js/app.js:14010
[  325031ms] [ERROR] Failed to load resource: net::ERR_CONNECTION_REFUSED @ http://localhost:8000/api/objects/SharedMemory?server=ee8d9159:0
[  325031ms] [ERROR] Error загрузки ee8d9159:SharedMemory: TypeError: Failed to fetch
    at fetchObjectData (http://localhost:8000/static/js/app.js:11889:28)
    at loadObjectData (http://localhost:8000/static/js/app.js:13547:28)
    at http://localhost:8000/static/js/app.js:1198:23 @ http://localhost:8000/static/js/app.js:13558
[  325031ms] [ERROR] Failed to load resource: net::ERR_CONNECTION_REFUSED @ http://localhost:8000/api/objects/SharedMemory/variables/io%3ASensor1_S/history?count=200&server=ee8d9159:0
[  325032ms] [ERROR] Error обновления графика для io:Sensor1_S: TypeError: Failed to fetch
    at fetchVariableHistory (http://localhost:8000/static/js/app.js:11919:28)
    at updateChart (http://localhost:8000/static/js/app.js:13985:31)
    at http://localhost:8000/static/js/app.js:1209:27 @ http://localhost:8000/static/js/app.js:14010
[  325058ms] [ERROR] Failed to load resource: net::ERR_CONNECTION_REFUSED @ http://localhost:8000/api/recording/status:0
[  326033ms] [ERROR] Failed to load resource: net::ERR_CONNECTION_REFUSED @ http://localhost:8000/api/servers:0
[  326033ms] [ERROR] Error обновления списка объектов: TypeError: Failed to fetch
    at fetchServers (http://localhost:8000/static/js/app.js:11815:28)
    at fetchObjects (http://localhost:8000/static/js/app.js:11822:31)
    at refreshObjectsList (http://localhost:8000/static/js/app.js:11870:28)
    at http://localhost:8000/static/js/app.js:1191:9 @ http://localhost:8000/static/js/app.js:11873
[  326033ms] [ERROR] Failed to load resource: net::ERR_CONNECTION_REFUSED @ http://localhost:8000/api/objects/SharedMemory?server=ee8d9159:0
[  326034ms] [ERROR] Error загрузки ee8d9159:SharedMemory: TypeError: Failed to fetch
    at fetchObjectData (http://localhost:8000/static/js/app.js:11889:28)
    at loadObjectData (http://localhost:8000/static/js/app.js:13547:28)
    at http://localhost:8000/static/js/app.js:1198:23 @ http://localhost:8000/static/js/app.js:13558
[  326034ms] [ERROR] Failed to load resource: net::ERR_CONNECTION_REFUSED @ http://localhost:8000/api/objects/SharedMemory/variables/io%3ASensor1_S/history?count=200&server=ee8d9159:0
[  326034ms] [ERROR] Error обновления графика для io:Sensor1_S: TypeError: Failed to fetch
    at fetchVariableHistory (http://localhost:8000/static/js/app.js:11919:28)
    at updateChart (http://localhost:8000/static/js/app.js:13985:31)
    at http://localhost:8000/static/js/app.js:1209:27 @ http://localhost:8000/static/js/app.js:14010
[  327032ms] [ERROR] Failed to load resource: net::ERR_CONNECTION_REFUSED @ http://localhost:8000/api/objects/SharedMemory?server=ee8d9159:0
[  327032ms] [ERROR] Error загрузки ee8d9159:SharedMemory: TypeError: Failed to fetch
    at fetchObjectData (http://localhost:8000/static/js/app.js:11889:28)
    at loadObjectData (http://localhost:8000/static/js/app.js:13547:28)
    at http://localhost:8000/static/js/app.js:1198:23 @ http://localhost:8000/static/js/app.js:13558
[  327032ms] [ERROR] Failed to load resource: net::ERR_CONNECTION_REFUSED @ http://localhost:8000/api/objects/SharedMemory/variables/io%3ASensor1_S/history?count=200&server=ee8d9159:0
[  327032ms] [ERROR] Error обновления графика для io:Sensor1_S: TypeError: Failed to fetch
    at fetchVariableHistory (http://localhost:8000/static/js/app.js:11919:28)
    at updateChart (http://localhost:8000/static/js/app.js:13985:31)
    at http://localhost:8000/static/js/app.js:1209:27 @ http://localhost:8000/static/js/app.js:14010
[  328033ms] [ERROR] Failed to load resource: net::ERR_CONNECTION_REFUSED @ http://localhost:8000/api/objects/SharedMemory?server=ee8d9159:0
[  328033ms] [ERROR] Error загрузки ee8d9159:SharedMemory: TypeError: Failed to fetch
    at fetchObjectData (http://localhost:8000/static/js/app.js:11889:28)
    at loadObjectData (http://localhost:8000/static/js/app.js:13547:28)
    at http://localhost:8000/static/js/app.js:1198:23 @ http://localhost:8000/static/js/app.js:13558
[  328033ms] [ERROR] Failed to load resource: net::ERR_CONNECTION_REFUSED @ http://localhost:8000/api/objects/SharedMemory/variables/io%3ASensor1_S/history?count=200&server=ee8d9159:0
[  328033ms] [ERROR] Error обновления графика для io:Sensor1_S: TypeError: Failed to fetch
    at fetchVariableHistory (http://localhost:8000/static/js/app.js:11919:28)
    at updateChart (http://localhost:8000/static/js/app.js:13985:31)
    at http://localhost:8000/static/js/app.js:1209:27 @ http://localhost:8000/static/js/app.js:14010
[  329031ms] [ERROR] Failed to load resource: net::ERR_CONNECTION_REFUSED @ http://localhost:8000/api/objects/SharedMemory?server=ee8d9159:0
[  329031ms] [ERROR] Error загрузки ee8d9159:SharedMemory: TypeError: Failed to fetch
    at fetchObjectData (http://localhost:8000/static/js/app.js:11889:28)
    at loadObjectData (http://localhost:8000/static/js/app.js:13547:28)
    at http://localhost:8000/static/js/app.js:1198:23 @ http://localhost:8000/static/js/app.js:13558
[  329031ms] [ERROR] Failed to load resource: net::ERR_CONNECTION_REFUSED @ http://localhost:8000/api/objects/SharedMemory/variables/io%3ASensor1_S/history?count=200&server=ee8d9159:0
[  329031ms] [ERROR] Error обновления графика для io:Sensor1_S: TypeError: Failed to fetch
    at fetchVariableHistory (http://localhost:8000/static/js/app.js:11919:28)
    at updateChart (http://localhost:8000/static/js/app.js:13985:31)
    at http://localhost:8000/static/js/app.js:1209:27 @ http://localhost:8000/static/js/app.js:14010
[  330031ms] [ERROR] Failed to load resource: net::ERR_CONNECTION_REFUSED @ http://localhost:8000/api/objects/SharedMemory?server=ee8d9159:0
[  330031ms] [ERROR] Error загрузки ee8d9159:SharedMemory: TypeError: Failed to fetch
    at fetchObjectData (http://localhost:8000/static/js/app.js:11889:28)
    at loadObjectData (http://localhost:8000/static/js/app.js:13547:28)
    at http://localhost:8000/static/js/app.js:1198:23 @ http://localhost:8000/static/js/app.js:13558
[  330031ms] [ERROR] Failed to load resource: net::ERR_CONNECTION_REFUSED @ http://localhost:8000/api/objects/SharedMemory/variables/io%3ASensor1_S/history?count=200&server=ee8d9159:0
[  330031ms] [ERROR] Error обновления графика для io:Sensor1_S: TypeError: Failed to fetch
    at fetchVariableHistory (http://localhost:8000/static/js/app.js:11919:28)
    at updateChart (http://localhost:8000/static/js/app.js:13985:31)
    at http://localhost:8000/static/js/app.js:1209:27 @ http://localhost:8000/static/js/app.js:14010
[  330058ms] [ERROR] Failed to load resource: net::ERR_CONNECTION_REFUSED @ http://localhost:8000/api/recording/status:0
[  331031ms] [ERROR] Failed to load resource: net::ERR_CONNECTION_REFUSED @ http://localhost:8000/api/objects/SharedMemory?server=ee8d9159:0
[  331032ms] [ERROR] Error загрузки ee8d9159:SharedMemory: TypeError: Failed to fetch
    at fetchObjectData (http://localhost:8000/static/js/app.js:11889:28)
    at loadObjectData (http://localhost:8000/static/js/app.js:13547:28)
    at http://localhost:8000/static/js/app.js:1198:23 @ http://localhost:8000/static/js/app.js:13558
[  331032ms] [ERROR] Failed to load resource: net::ERR_CONNECTION_REFUSED @ http://localhost:8000/api/objects/SharedMemory/variables/io%3ASensor1_S/history?count=200&server=ee8d9159:0
[  331032ms] [ERROR] Error обновления графика для io:Sensor1_S: TypeError: Failed to fetch
    at fetchVariableHistory (http://localhost:8000/static/js/app.js:11919:28)
    at updateChart (http://localhost:8000/static/js/app.js:13985:31)
    at http://localhost:8000/static/js/app.js:1209:27 @ http://localhost:8000/static/js/app.js:14010
[  332035ms] [ERROR] Failed to load resource: net::ERR_CONNECTION_REFUSED @ http://localhost:8000/api/servers:0
[  332035ms] [ERROR] Error обновления списка объектов: TypeError: Failed to fetch
    at fetchServers (http://localhost:8000/static/js/app.js:11815:28)
    at fetchObjects (http://localhost:8000/static/js/app.js:11822:31)
    at refreshObjectsList (http://localhost:8000/static/js/app.js:11870:28)
    at http://localhost:8000/static/js/app.js:1191:9 @ http://localhost:8000/static/js/app.js:11873
[  332036ms] [ERROR] Failed to load resource: net::ERR_CONNECTION_REFUSED @ http://localhost:8000/api/objects/SharedMemory?server=ee8d9159:0
[  332036ms] [ERROR] Error загрузки ee8d9159:SharedMemory: TypeError: Failed to fetch
    at fetchObjectData (http://localhost:8000/static/js/app.js:11889:28)
    at loadObjectData (http://localhost:8000/static/js/app.js:13547:28)
    at http://localhost:8000/static/js/app.js:1198:23 @ http://localhost:8000/static/js/app.js:13558
[  332036ms] [ERROR] Failed to load resource: net::ERR_CONNECTION_REFUSED @ http://localhost:8000/api/objects/SharedMemory/variables/io%3ASensor1_S/history?count=200&server=ee8d9159:0
[  332036ms] [ERROR] Error обновления графика для io:Sensor1_S: TypeError: Failed to fetch
    at fetchVariableHistory (http://localhost:8000/static/js/app.js:11919:28)
    at updateChart (http://localhost:8000/static/js/app.js:13985:31)
    at http://localhost:8000/static/js/app.js:1209:27 @ http://localhost:8000/static/js/app.js:14010
[  332037ms] [ERROR] Failed to load resource: net::ERR_CONNECTION_REFUSED @ http://localhost:8000/api/version:0
[  333033ms] [ERROR] Failed to load resource: net::ERR_CONNECTION_REFUSED @ http://localhost:8000/api/objects/SharedMemory?server=ee8d9159:0
[  333033ms] [ERROR] Error загрузки ee8d9159:SharedMemory: TypeError: Failed to fetch
    at fetchObjectData (http://localhost:8000/static/js/app.js:11889:28)
    at loadObjectData (http://localhost:8000/static/js/app.js:13547:28)
    at http://localhost:8000/static/js/app.js:1198:23 @ http://localhost:8000/static/js/app.js:13558
[  333033ms] [ERROR] Failed to load resource: net::ERR_CONNECTION_REFUSED @ http://localhost:8000/api/objects/SharedMemory/variables/io%3ASensor1_S/history?count=200&server=ee8d9159:0
[  333033ms] [ERROR] Error обновления графика для io:Sensor1_S: TypeError: Failed to fetch
    at fetchVariableHistory (http://localhost:8000/static/js/app.js:11919:28)
    at updateChart (http://localhost:8000/static/js/app.js:13985:31)
    at http://localhost:8000/static/js/app.js:1209:27 @ http://localhost:8000/static/js/app.js:14010
[  334031ms] [ERROR] Failed to load resource: net::ERR_CONNECTION_REFUSED @ http://localhost:8000/api/objects/SharedMemory?server=ee8d9159:0
[  334031ms] [ERROR] Error загрузки ee8d9159:SharedMemory: TypeError: Failed to fetch
    at fetchObjectData (http://localhost:8000/static/js/app.js:11889:28)
    at loadObjectData (http://localhost:8000/static/js/app.js:13547:28)
    at http://localhost:8000/static/js/app.js:1198:23 @ http://localhost:8000/static/js/app.js:13558
[  334031ms] [ERROR] Failed to load resource: net::ERR_CONNECTION_REFUSED @ http://localhost:8000/api/objects/SharedMemory/variables/io%3ASensor1_S/history?count=200&server=ee8d9159:0
[  334031ms] [ERROR] Error обновления графика для io:Sensor1_S: TypeError: Failed to fetch
    at fetchVariableHistory (http://localhost:8000/static/js/app.js:11919:28)
    at updateChart (http://localhost:8000/static/js/app.js:13985:31)
    at http://localhost:8000/static/js/app.js:1209:27 @ http://localhost:8000/static/js/app.js:14010
[  335032ms] [ERROR] Failed to load resource: net::ERR_CONNECTION_REFUSED @ http://localhost:8000/api/objects/SharedMemory?server=ee8d9159:0
[  335033ms] [ERROR] Error загрузки ee8d9159:SharedMemory: TypeError: Failed to fetch
    at fetchObjectData (http://localhost:8000/static/js/app.js:11889:28)
    at loadObjectData (http://localhost:8000/static/js/app.js:13547:28)
    at http://localhost:8000/static/js/app.js:1198:23 @ http://localhost:8000/static/js/app.js:13558
[  335033ms] [ERROR] Failed to load resource: net::ERR_CONNECTION_REFUSED @ http://localhost:8000/api/objects/SharedMemory/variables/io%3ASensor1_S/history?count=200&server=ee8d9159:0
[  335033ms] [ERROR] Error обновления графика для io:Sensor1_S: TypeError: Failed to fetch
    at fetchVariableHistory (http://localhost:8000/static/js/app.js:11919:28)
    at updateChart (http://localhost:8000/static/js/app.js:13985:31)
    at http://localhost:8000/static/js/app.js:1209:27 @ http://localhost:8000/static/js/app.js:14010
[  335059ms] [ERROR] Failed to load resource: net::ERR_CONNECTION_REFUSED @ http://localhost:8000/api/recording/status:0
[  336033ms] [ERROR] Failed to load resource: net::ERR_CONNECTION_REFUSED @ http://localhost:8000/api/objects/SharedMemory?server=ee8d9159:0
[  336033ms] [ERROR] Error загрузки ee8d9159:SharedMemory: TypeError: Failed to fetch
    at fetchObjectData (http://localhost:8000/static/js/app.js:11889:28)
    at loadObjectData (http://localhost:8000/static/js/app.js:13547:28)
    at http://localhost:8000/static/js/app.js:1198:23 @ http://localhost:8000/static/js/app.js:13558
[  336034ms] [ERROR] Failed to load resource: net::ERR_CONNECTION_REFUSED @ http://localhost:8000/api/objects/SharedMemory/variables/io%3ASensor1_S/history?count=200&server=ee8d9159:0
[  336034ms] [ERROR] Error обновления графика для io:Sensor1_S: TypeError: Failed to fetch
    at fetchVariableHistory (http://localhost:8000/static/js/app.js:11919:28)
    at updateChart (http://localhost:8000/static/js/app.js:13985:31)
    at http://localhost:8000/static/js/app.js:1209:27 @ http://localhost:8000/static/js/app.js:14010
[  337033ms] [ERROR] Failed to load resource: net::ERR_CONNECTION_REFUSED @ http://localhost:8000/api/objects/SharedMemory?server=ee8d9159:0
[  337033ms] [ERROR] Error загрузки ee8d9159:SharedMemory: TypeError: Failed to fetch
    at fetchObjectData (http://localhost:8000/static/js/app.js:11889:28)
    at loadObjectData (http://localhost:8000/static/js/app.js:13547:28)
    at http://localhost:8000/static/js/app.js:1198:23 @ http://localhost:8000/static/js/app.js:13558
[  337033ms] [ERROR] Failed to load resource: net::ERR_CONNECTION_REFUSED @ http://localhost:8000/api/objects/SharedMemory/variables/io%3ASensor1_S/history?count=200&server=ee8d9159:0
[  337033ms] [ERROR] Error обновления графика для io:Sensor1_S: TypeError: Failed to fetch
    at fetchVariableHistory (http://localhost:8000/static/js/app.js:11919:28)
    at updateChart (http://localhost:8000/static/js/app.js:13985:31)
    at http://localhost:8000/static/js/app.js:1209:27 @ http://localhost:8000/static/js/app.js:14010
[  338034ms] [ERROR] Failed to load resource: net::ERR_CONNECTION_REFUSED @ http://localhost:8000/api/servers:0
[  338034ms] [ERROR] Error обновления списка объектов: TypeError: Failed to fetch
    at fetchServers (http://localhost:8000/static/js/app.js:11815:28)
    at fetchObjects (http://localhost:8000/static/js/app.js:11822:31)
    at refreshObjectsList (http://localhost:8000/static/js/app.js:11870:28)
    at http://localhost:8000/static/js/app.js:1191:9 @ http://localhost:8000/static/js/app.js:11873
[  338034ms] [ERROR] Failed to load resource: net::ERR_CONNECTION_REFUSED @ http://localhost:8000/api/objects/SharedMemory?server=ee8d9159:0
[  338034ms] [ERROR] Error загрузки ee8d9159:SharedMemory: TypeError: Failed to fetch
    at fetchObjectData (http://localhost:8000/static/js/app.js:11889:28)
    at loadObjectData (http://localhost:8000/static/js/app.js:13547:28)
    at http://localhost:8000/static/js/app.js:1198:23 @ http://localhost:8000/static/js/app.js:13558
[  338035ms] [ERROR] Failed to load resource: net::ERR_CONNECTION_REFUSED @ http://localhost:8000/api/objects/SharedMemory/variables/io%3ASensor1_S/history?count=200&server=ee8d9159:0
[  338035ms] [ERROR] Error обновления графика для io:Sensor1_S: TypeError: Failed to fetch
    at fetchVariableHistory (http://localhost:8000/static/js/app.js:11919:28)
    at updateChart (http://localhost:8000/static/js/app.js:13985:31)
    at http://localhost:8000/static/js/app.js:1209:27 @ http://localhost:8000/static/js/app.js:14010
[  339032ms] [ERROR] Failed to load resource: net::ERR_CONNECTION_REFUSED @ http://localhost:8000/api/objects/SharedMemory?server=ee8d9159:0
[  339032ms] [ERROR] Error загрузки ee8d9159:SharedMemory: TypeError: Failed to fetch
    at fetchObjectData (http://localhost:8000/static/js/app.js:11889:28)
    at loadObjectData (http://localhost:8000/static/js/app.js:13547:28)
    at http://localhost:8000/static/js/app.js:1198:23 @ http://localhost:8000/static/js/app.js:13558
[  339032ms] [ERROR] Failed to load resource: net::ERR_CONNECTION_REFUSED @ http://localhost:8000/api/objects/SharedMemory/variables/io%3ASensor1_S/history?count=200&server=ee8d9159:0
[  339032ms] [ERROR] Error обновления графика для io:Sensor1_S: TypeError: Failed to fetch
    at fetchVariableHistory (http://localhost:8000/static/js/app.js:11919:28)
    at updateChart (http://localhost:8000/static/js/app.js:13985:31)
    at http://localhost:8000/static/js/app.js:1209:27 @ http://localhost:8000/static/js/app.js:14010
[  340032ms] [ERROR] Failed to load resource: net::ERR_CONNECTION_REFUSED @ http://localhost:8000/api/objects/SharedMemory?server=ee8d9159:0
[  340032ms] [ERROR] Error загрузки ee8d9159:SharedMemory: TypeError: Failed to fetch
    at fetchObjectData (http://localhost:8000/static/js/app.js:11889:28)
    at loadObjectData (http://localhost:8000/static/js/app.js:13547:28)
    at http://localhost:8000/static/js/app.js:1198:23 @ http://localhost:8000/static/js/app.js:13558
[  340033ms] [ERROR] Failed to load resource: net::ERR_CONNECTION_REFUSED @ http://localhost:8000/api/objects/SharedMemory/variables/io%3ASensor1_S/history?count=200&server=ee8d9159:0
[  340033ms] [ERROR] Error обновления графика для io:Sensor1_S: TypeError: Failed to fetch
    at fetchVariableHistory (http://localhost:8000/static/js/app.js:11919:28)
    at updateChart (http://localhost:8000/static/js/app.js:13985:31)
    at http://localhost:8000/static/js/app.js:1209:27 @ http://localhost:8000/static/js/app.js:14010
[  340059ms] [ERROR] Failed to load resource: net::ERR_CONNECTION_REFUSED @ http://localhost:8000/api/recording/status:0
[  341033ms] [ERROR] Failed to load resource: net::ERR_CONNECTION_REFUSED @ http://localhost:8000/api/objects/SharedMemory?server=ee8d9159:0
[  341033ms] [ERROR] Error загрузки ee8d9159:SharedMemory: TypeError: Failed to fetch
    at fetchObjectData (http://localhost:8000/static/js/app.js:11889:28)
    at loadObjectData (http://localhost:8000/static/js/app.js:13547:28)
    at http://localhost:8000/static/js/app.js:1198:23 @ http://localhost:8000/static/js/app.js:13558
[  341033ms] [ERROR] Failed to load resource: net::ERR_CONNECTION_REFUSED @ http://localhost:8000/api/objects/SharedMemory/variables/io%3ASensor1_S/history?count=200&server=ee8d9159:0
[  341033ms] [ERROR] Error обновления графика для io:Sensor1_S: TypeError: Failed to fetch
    at fetchVariableHistory (http://localhost:8000/static/js/app.js:11919:28)
    at updateChart (http://localhost:8000/static/js/app.js:13985:31)
    at http://localhost:8000/static/js/app.js:1209:27 @ http://localhost:8000/static/js/app.js:14010
[  342034ms] [ERROR] Failed to load resource: net::ERR_CONNECTION_REFUSED @ http://localhost:8000/api/objects/SharedMemory?server=ee8d9159:0
[  342034ms] [ERROR] Error загрузки ee8d9159:SharedMemory: TypeError: Failed to fetch
    at fetchObjectData (http://localhost:8000/static/js/app.js:11889:28)
    at loadObjectData (http://localhost:8000/static/js/app.js:13547:28)
    at http://localhost:8000/static/js/app.js:1198:23 @ http://localhost:8000/static/js/app.js:13558
[  342034ms] [ERROR] Failed to load resource: net::ERR_CONNECTION_REFUSED @ http://localhost:8000/api/objects/SharedMemory/variables/io%3ASensor1_S/history?count=200&server=ee8d9159:0
[  342034ms] [ERROR] Error обновления графика для io:Sensor1_S: TypeError: Failed to fetch
    at fetchVariableHistory (http://localhost:8000/static/js/app.js:11919:28)
    at updateChart (http://localhost:8000/static/js/app.js:13985:31)
    at http://localhost:8000/static/js/app.js:1209:27 @ http://localhost:8000/static/js/app.js:14010
[  343031ms] [ERROR] Failed to load resource: net::ERR_CONNECTION_REFUSED @ http://localhost:8000/api/objects/SharedMemory?server=ee8d9159:0
[  343031ms] [ERROR] Error загрузки ee8d9159:SharedMemory: TypeError: Failed to fetch
    at fetchObjectData (http://localhost:8000/static/js/app.js:11889:28)
    at loadObjectData (http://localhost:8000/static/js/app.js:13547:28)
    at http://localhost:8000/static/js/app.js:1198:23 @ http://localhost:8000/static/js/app.js:13558
[  343031ms] [ERROR] Failed to load resource: net::ERR_CONNECTION_REFUSED @ http://localhost:8000/api/objects/SharedMemory/variables/io%3ASensor1_S/history?count=200&server=ee8d9159:0
[  343031ms] [ERROR] Error обновления графика для io:Sensor1_S: TypeError: Failed to fetch
    at fetchVariableHistory (http://localhost:8000/static/js/app.js:11919:28)
    at updateChart (http://localhost:8000/static/js/app.js:13985:31)
    at http://localhost:8000/static/js/app.js:1209:27 @ http://localhost:8000/static/js/app.js:14010
[  344034ms] [ERROR] Failed to load resource: net::ERR_CONNECTION_REFUSED @ http://localhost:8000/api/servers:0
[  344034ms] [ERROR] Error обновления списка объектов: TypeError: Failed to fetch
    at fetchServers (http://localhost:8000/static/js/app.js:11815:28)
    at fetchObjects (http://localhost:8000/static/js/app.js:11822:31)
    at refreshObjectsList (http://localhost:8000/static/js/app.js:11870:28)
    at http://localhost:8000/static/js/app.js:1191:9 @ http://localhost:8000/static/js/app.js:11873
[  344034ms] [ERROR] Failed to load resource: net::ERR_CONNECTION_REFUSED @ http://localhost:8000/api/objects/SharedMemory?server=ee8d9159:0
[  344034ms] [ERROR] Error загрузки ee8d9159:SharedMemory: TypeError: Failed to fetch
    at fetchObjectData (http://localhost:8000/static/js/app.js:11889:28)
    at loadObjectData (http://localhost:8000/static/js/app.js:13547:28)
    at http://localhost:8000/static/js/app.js:1198:23 @ http://localhost:8000/static/js/app.js:13558
[  344034ms] [ERROR] Failed to load resource: net::ERR_CONNECTION_REFUSED @ http://localhost:8000/api/objects/SharedMemory/variables/io%3ASensor1_S/history?count=200&server=ee8d9159:0
[  344034ms] [ERROR] Error обновления графика для io:Sensor1_S: TypeError: Failed to fetch
    at fetchVariableHistory (http://localhost:8000/static/js/app.js:11919:28)
    at updateChart (http://localhost:8000/static/js/app.js:13985:31)
    at http://localhost:8000/static/js/app.js:1209:27 @ http://localhost:8000/static/js/app.js:14010
[  345033ms] [ERROR] Failed to load resource: net::ERR_CONNECTION_REFUSED @ http://localhost:8000/api/objects/SharedMemory?server=ee8d9159:0
[  345033ms] [ERROR] Error загрузки ee8d9159:SharedMemory: TypeError: Failed to fetch
    at fetchObjectData (http://localhost:8000/static/js/app.js:11889:28)
    at loadObjectData (http://localhost:8000/static/js/app.js:13547:28)
    at http://localhost:8000/static/js/app.js:1198:23 @ http://localhost:8000/static/js/app.js:13558
[  345033ms] [ERROR] Failed to load resource: net::ERR_CONNECTION_REFUSED @ http://localhost:8000/api/objects/SharedMemory/variables/io%3ASensor1_S/history?count=200&server=ee8d9159:0
[  345033ms] [ERROR] Error обновления графика для io:Sensor1_S: TypeError: Failed to fetch
    at fetchVariableHistory (http://localhost:8000/static/js/app.js:11919:28)
    at updateChart (http://localhost:8000/static/js/app.js:13985:31)
    at http://localhost:8000/static/js/app.js:1209:27 @ http://localhost:8000/static/js/app.js:14010
[  345059ms] [ERROR] Failed to load resource: net::ERR_CONNECTION_REFUSED @ http://localhost:8000/api/recording/status:0
[  346031ms] [ERROR] Failed to load resource: net::ERR_CONNECTION_REFUSED @ http://localhost:8000/api/objects/SharedMemory?server=ee8d9159:0
[  346031ms] [ERROR] Error загрузки ee8d9159:SharedMemory: TypeError: Failed to fetch
    at fetchObjectData (http://localhost:8000/static/js/app.js:11889:28)
    at loadObjectData (http://localhost:8000/static/js/app.js:13547:28)
    at http://localhost:8000/static/js/app.js:1198:23 @ http://localhost:8000/static/js/app.js:13558
[  346032ms] [ERROR] Failed to load resource: net::ERR_CONNECTION_REFUSED @ http://localhost:8000/api/objects/SharedMemory/variables/io%3ASensor1_S/history?count=200&server=ee8d9159:0
[  346032ms] [ERROR] Error обновления графика для io:Sensor1_S: TypeError: Failed to fetch
    at fetchVariableHistory (http://localhost:8000/static/js/app.js:11919:28)
    at updateChart (http://localhost:8000/static/js/app.js:13985:31)
    at http://localhost:8000/static/js/app.js:1209:27 @ http://localhost:8000/static/js/app.js:14010
[  347032ms] [ERROR] Failed to load resource: net::ERR_CONNECTION_REFUSED @ http://localhost:8000/api/objects/SharedMemory?server=ee8d9159:0
[  347032ms] [ERROR] Error загрузки ee8d9159:SharedMemory: TypeError: Failed to fetch
    at fetchObjectData (http://localhost:8000/static/js/app.js:11889:28)
    at loadObjectData (http://localhost:8000/static/js/app.js:13547:28)
    at http://localhost:8000/static/js/app.js:1198:23 @ http://localhost:8000/static/js/app.js:13558
[  347032ms] [ERROR] Failed to load resource: net::ERR_CONNECTION_REFUSED @ http://localhost:8000/api/objects/SharedMemory/variables/io%3ASensor1_S/history?count=200&server=ee8d9159:0
[  347032ms] [ERROR] Error обновления графика для io:Sensor1_S: TypeError: Failed to fetch
    at fetchVariableHistory (http://localhost:8000/static/js/app.js:11919:28)
    at updateChart (http://localhost:8000/static/js/app.js:13985:31)
    at http://localhost:8000/static/js/app.js:1209:27 @ http://localhost:8000/static/js/app.js:14010
[  348033ms] [ERROR] Failed to load resource: net::ERR_CONNECTION_REFUSED @ http://localhost:8000/api/objects/SharedMemory?server=ee8d9159:0
[  348033ms] [ERROR] Error загрузки ee8d9159:SharedMemory: TypeError: Failed to fetch
    at fetchObjectData (http://localhost:8000/static/js/app.js:11889:28)
    at loadObjectData (http://localhost:8000/static/js/app.js:13547:28)
    at http://localhost:8000/static/js/app.js:1198:23 @ http://localhost:8000/static/js/app.js:13558
[  348034ms] [ERROR] Failed to load resource: net::ERR_CONNECTION_REFUSED @ http://localhost:8000/api/objects/SharedMemory/variables/io%3ASensor1_S/history?count=200&server=ee8d9159:0
[  348034ms] [ERROR] Error обновления графика для io:Sensor1_S: TypeError: Failed to fetch
    at fetchVariableHistory (http://localhost:8000/static/js/app.js:11919:28)
    at updateChart (http://localhost:8000/static/js/app.js:13985:31)
    at http://localhost:8000/static/js/app.js:1209:27 @ http://localhost:8000/static/js/app.js:14010
[  349033ms] [ERROR] Failed to load resource: net::ERR_CONNECTION_REFUSED @ http://localhost:8000/api/objects/SharedMemory?server=ee8d9159:0
[  349033ms] [ERROR] Error загрузки ee8d9159:SharedMemory: TypeError: Failed to fetch
    at fetchObjectData (http://localhost:8000/static/js/app.js:11889:28)
    at loadObjectData (http://localhost:8000/static/js/app.js:13547:28)
    at http://localhost:8000/static/js/app.js:1198:23 @ http://localhost:8000/static/js/app.js:13558
[  349034ms] [ERROR] Failed to load resource: net::ERR_CONNECTION_REFUSED @ http://localhost:8000/api/objects/SharedMemory/variables/io%3ASensor1_S/history?count=200&server=ee8d9159:0
[  349034ms] [ERROR] Error обновления графика для io:Sensor1_S: TypeError: Failed to fetch
    at fetchVariableHistory (http://localhost:8000/static/js/app.js:11919:28)
    at updateChart (http://localhost:8000/static/js/app.js:13985:31)
    at http://localhost:8000/static/js/app.js:1209:27 @ http://localhost:8000/static/js/app.js:14010
[  350034ms] [ERROR] Failed to load resource: net::ERR_CONNECTION_REFUSED @ http://localhost:8000/api/servers:0
[  350034ms] [ERROR] Error обновления списка объектов: TypeError: Failed to fetch
    at fetchServers (http://localhost:8000/static/js/app.js:11815:28)
    at fetchObjects (http://localhost:8000/static/js/app.js:11822:31)
    at refreshObjectsList (http://localhost:8000/static/js/app.js:11870:28)
    at http://localhost:8000/static/js/app.js:1191:9 @ http://localhost:8000/static/js/app.js:11873
[  350035ms] [ERROR] Failed to load resource: net::ERR_CONNECTION_REFUSED @ http://localhost:8000/api/objects/SharedMemory?server=ee8d9159:0
[  350035ms] [ERROR] Error загрузки ee8d9159:SharedMemory: TypeError: Failed to fetch
    at fetchObjectData (http://localhost:8000/static/js/app.js:11889:28)
    at loadObjectData (http://localhost:8000/static/js/app.js:13547:28)
    at http://localhost:8000/static/js/app.js:1198:23 @ http://localhost:8000/static/js/app.js:13558
[  350035ms] [ERROR] Failed to load resource: net::ERR_CONNECTION_REFUSED @ http://localhost:8000/api/objects/SharedMemory/variables/io%3ASensor1_S/history?count=200&server=ee8d9159:0
[  350035ms] [ERROR] Error обновления графика для io:Sensor1_S: TypeError: Failed to fetch
    at fetchVariableHistory (http://localhost:8000/static/js/app.js:11919:28)
    at updateChart (http://localhost:8000/static/js/app.js:13985:31)
    at http://localhost:8000/static/js/app.js:1209:27 @ http://localhost:8000/static/js/app.js:14010
[  350059ms] [ERROR] Failed to load resource: net::ERR_CONNECTION_REFUSED @ http://localhost:8000/api/recording/status:0
[  351031ms] [ERROR] Failed to load resource: net::ERR_CONNECTION_REFUSED @ http://localhost:8000/api/objects/SharedMemory?server=ee8d9159:0
[  351031ms] [ERROR] Error загрузки ee8d9159:SharedMemory: TypeError: Failed to fetch
    at fetchObjectData (http://localhost:8000/static/js/app.js:11889:28)
    at loadObjectData (http://localhost:8000/static/js/app.js:13547:28)
    at http://localhost:8000/static/js/app.js:1198:23 @ http://localhost:8000/static/js/app.js:13558
[  351031ms] [ERROR] Failed to load resource: net::ERR_CONNECTION_REFUSED @ http://localhost:8000/api/objects/SharedMemory/variables/io%3ASensor1_S/history?count=200&server=ee8d9159:0
[  351031ms] [ERROR] Error обновления графика для io:Sensor1_S: TypeError: Failed to fetch
    at fetchVariableHistory (http://localhost:8000/static/js/app.js:11919:28)
    at updateChart (http://localhost:8000/static/js/app.js:13985:31)
    at http://localhost:8000/static/js/app.js:1209:27 @ http://localhost:8000/static/js/app.js:14010
[  352033ms] [ERROR] Failed to load resource: net::ERR_CONNECTION_REFUSED @ http://localhost:8000/api/objects/SharedMemory?server=ee8d9159:0
[  352033ms] [ERROR] Error загрузки ee8d9159:SharedMemory: TypeError: Failed to fetch
    at fetchObjectData (http://localhost:8000/static/js/app.js:11889:28)
    at loadObjectData (http://localhost:8000/static/js/app.js:13547:28)
    at http://localhost:8000/static/js/app.js:1198:23 @ http://localhost:8000/static/js/app.js:13558
[  352033ms] [ERROR] Failed to load resource: net::ERR_CONNECTION_REFUSED @ http://localhost:8000/api/objects/SharedMemory/variables/io%3ASensor1_S/history?count=200&server=ee8d9159:0
[  352033ms] [ERROR] Error обновления графика для io:Sensor1_S: TypeError: Failed to fetch
    at fetchVariableHistory (http://localhost:8000/static/js/app.js:11919:28)
    at updateChart (http://localhost:8000/static/js/app.js:13985:31)
    at http://localhost:8000/static/js/app.js:1209:27 @ http://localhost:8000/static/js/app.js:14010
[  353031ms] [ERROR] Failed to load resource: net::ERR_CONNECTION_REFUSED @ http://localhost:8000/api/objects/SharedMemory?server=ee8d9159:0
[  353031ms] [ERROR] Error загрузки ee8d9159:SharedMemory: TypeError: Failed to fetch
    at fetchObjectData (http://localhost:8000/static/js/app.js:11889:28)
    at loadObjectData (http://localhost:8000/static/js/app.js:13547:28)
    at http://localhost:8000/static/js/app.js:1198:23 @ http://localhost:8000/static/js/app.js:13558
[  353031ms] [ERROR] Failed to load resource: net::ERR_CONNECTION_REFUSED @ http://localhost:8000/api/objects/SharedMemory/variables/io%3ASensor1_S/history?count=200&server=ee8d9159:0
[  353031ms] [ERROR] Error обновления графика для io:Sensor1_S: TypeError: Failed to fetch
    at fetchVariableHistory (http://localhost:8000/static/js/app.js:11919:28)
    at updateChart (http://localhost:8000/static/js/app.js:13985:31)
    at http://localhost:8000/static/js/app.js:1209:27 @ http://localhost:8000/static/js/app.js:14010
[  354033ms] [ERROR] Failed to load resource: net::ERR_CONNECTION_REFUSED @ http://localhost:8000/api/objects/SharedMemory?server=ee8d9159:0
[  354033ms] [ERROR] Error загрузки ee8d9159:SharedMemory: TypeError: Failed to fetch
    at fetchObjectData (http://localhost:8000/static/js/app.js:11889:28)
    at loadObjectData (http://localhost:8000/static/js/app.js:13547:28)
    at http://localhost:8000/static/js/app.js:1198:23 @ http://localhost:8000/static/js/app.js:13558
[  354033ms] [ERROR] Failed to load resource: net::ERR_CONNECTION_REFUSED @ http://localhost:8000/api/objects/SharedMemory/variables/io%3ASensor1_S/history?count=200&server=ee8d9159:0
[  354033ms] [ERROR] Error обновления графика для io:Sensor1_S: TypeError: Failed to fetch
    at fetchVariableHistory (http://localhost:8000/static/js/app.js:11919:28)
    at updateChart (http://localhost:8000/static/js/app.js:13985:31)
    at http://localhost:8000/static/js/app.js:1209:27 @ http://localhost:8000/static/js/app.js:14010
[  355032ms] [ERROR] Failed to load resource: net::ERR_CONNECTION_REFUSED @ http://localhost:8000/api/objects/SharedMemory?server=ee8d9159:0
[  355033ms] [ERROR] Error загрузки ee8d9159:SharedMemory: TypeError: Failed to fetch
    at fetchObjectData (http://localhost:8000/static/js/app.js:11889:28)
    at loadObjectData (http://localhost:8000/static/js/app.js:13547:28)
    at http://localhost:8000/static/js/app.js:1198:23 @ http://localhost:8000/static/js/app.js:13558
[  355033ms] [ERROR] Failed to load resource: net::ERR_CONNECTION_REFUSED @ http://localhost:8000/api/objects/SharedMemory/variables/io%3ASensor1_S/history?count=200&server=ee8d9159:0
[  355033ms] [ERROR] Error обновления графика для io:Sensor1_S: TypeError: Failed to fetch
    at fetchVariableHistory (http://localhost:8000/static/js/app.js:11919:28)
    at updateChart (http://localhost:8000/static/js/app.js:13985:31)
    at http://localhost:8000/static/js/app.js:1209:27 @ http://localhost:8000/static/js/app.js:14010
[  355058ms] [ERROR] Failed to load resource: net::ERR_CONNECTION_REFUSED @ http://localhost:8000/api/recording/status:0
[  356033ms] [ERROR] Failed to load resource: net::ERR_CONNECTION_REFUSED @ http://localhost:8000/api/servers:0
[  356033ms] [ERROR] Error обновления списка объектов: TypeError: Failed to fetch
    at fetchServers (http://localhost:8000/static/js/app.js:11815:28)
    at fetchObjects (http://localhost:8000/static/js/app.js:11822:31)
    at refreshObjectsList (http://localhost:8000/static/js/app.js:11870:28)
    at http://localhost:8000/static/js/app.js:1191:9 @ http://localhost:8000/static/js/app.js:11873
[  356033ms] [ERROR] Failed to load resource: net::ERR_CONNECTION_REFUSED @ http://localhost:8000/api/objects/SharedMemory?server=ee8d9159:0
[  356033ms] [ERROR] Error загрузки ee8d9159:SharedMemory: TypeError: Failed to fetch
    at fetchObjectData (http://localhost:8000/static/js/app.js:11889:28)
    at loadObjectData (http://localhost:8000/static/js/app.js:13547:28)
    at http://localhost:8000/static/js/app.js:1198:23 @ http://localhost:8000/static/js/app.js:13558
[  356033ms] [ERROR] Failed to load resource: net::ERR_CONNECTION_REFUSED @ http://localhost:8000/api/objects/SharedMemory/variables/io%3ASensor1_S/history?count=200&server=ee8d9159:0
[  356033ms] [ERROR] Error обновления графика для io:Sensor1_S: TypeError: Failed to fetch
    at fetchVariableHistory (http://localhost:8000/static/js/app.js:11919:28)
    at updateChart (http://localhost:8000/static/js/app.js:13985:31)
    at http://localhost:8000/static/js/app.js:1209:27 @ http://localhost:8000/static/js/app.js:14010
[  357033ms] [ERROR] Failed to load resource: net::ERR_CONNECTION_REFUSED @ http://localhost:8000/api/objects/SharedMemory?server=ee8d9159:0
[  357033ms] [ERROR] Error загрузки ee8d9159:SharedMemory: TypeError: Failed to fetch
    at fetchObjectData (http://localhost:8000/static/js/app.js:11889:28)
    at loadObjectData (http://localhost:8000/static/js/app.js:13547:28)
    at http://localhost:8000/static/js/app.js:1198:23 @ http://localhost:8000/static/js/app.js:13558
[  357034ms] [ERROR] Failed to load resource: net::ERR_CONNECTION_REFUSED @ http://localhost:8000/api/objects/SharedMemory/variables/io%3ASensor1_S/history?count=200&server=ee8d9159:0
[  357034ms] [ERROR] Error обновления графика для io:Sensor1_S: TypeError: Failed to fetch
    at fetchVariableHistory (http://localhost:8000/static/js/app.js:11919:28)
    at updateChart (http://localhost:8000/static/js/app.js:13985:31)
    at http://localhost:8000/static/js/app.js:1209:27 @ http://localhost:8000/static/js/app.js:14010
[  358031ms] [ERROR] Failed to load resource: net::ERR_CONNECTION_REFUSED @ http://localhost:8000/api/objects/SharedMemory?server=ee8d9159:0
[  358031ms] [ERROR] Error загрузки ee8d9159:SharedMemory: TypeError: Failed to fetch
    at fetchObjectData (http://localhost:8000/static/js/app.js:11889:28)
    at loadObjectData (http://localhost:8000/static/js/app.js:13547:28)
    at http://localhost:8000/static/js/app.js:1198:23 @ http://localhost:8000/static/js/app.js:13558
[  358031ms] [ERROR] Failed to load resource: net::ERR_CONNECTION_REFUSED @ http://localhost:8000/api/objects/SharedMemory/variables/io%3ASensor1_S/history?count=200&server=ee8d9159:0
[  358031ms] [ERROR] Error обновления графика для io:Sensor1_S: TypeError: Failed to fetch
    at fetchVariableHistory (http://localhost:8000/static/js/app.js:11919:28)
    at updateChart (http://localhost:8000/static/js/app.js:13985:31)
    at http://localhost:8000/static/js/app.js:1209:27 @ http://localhost:8000/static/js/app.js:14010
[  359033ms] [ERROR] Failed to load resource: net::ERR_CONNECTION_REFUSED @ http://localhost:8000/api/objects/SharedMemory?server=ee8d9159:0
[  359033ms] [ERROR] Error загрузки ee8d9159:SharedMemory: TypeError: Failed to fetch
    at fetchObjectData (http://localhost:8000/static/js/app.js:11889:28)
    at loadObjectData (http://localhost:8000/static/js/app.js:13547:28)
    at http://localhost:8000/static/js/app.js:1198:23 @ http://localhost:8000/static/js/app.js:13558
[  359033ms] [ERROR] Failed to load resource: net::ERR_CONNECTION_REFUSED @ http://localhost:8000/api/objects/SharedMemory/variables/io%3ASensor1_S/history?count=200&server=ee8d9159:0
[  359033ms] [ERROR] Error обновления графика для io:Sensor1_S: TypeError: Failed to fetch
    at fetchVariableHistory (http://localhost:8000/static/js/app.js:11919:28)
    at updateChart (http://localhost:8000/static/js/app.js:13985:31)
    at http://localhost:8000/static/js/app.js:1209:27 @ http://localhost:8000/static/js/app.js:14010
[  360033ms] [ERROR] Failed to load resource: net::ERR_CONNECTION_REFUSED @ http://localhost:8000/api/objects/SharedMemory?server=ee8d9159:0
[  360033ms] [ERROR] Error загрузки ee8d9159:SharedMemory: TypeError: Failed to fetch
    at fetchObjectData (http://localhost:8000/static/js/app.js:11889:28)
    at loadObjectData (http://localhost:8000/static/js/app.js:13547:28)
    at http://localhost:8000/static/js/app.js:1198:23 @ http://localhost:8000/static/js/app.js:13558
[  360034ms] [ERROR] Failed to load resource: net::ERR_CONNECTION_REFUSED @ http://localhost:8000/api/objects/SharedMemory/variables/io%3ASensor1_S/history?count=200&server=ee8d9159:0
[  360034ms] [ERROR] Error обновления графика для io:Sensor1_S: TypeError: Failed to fetch
    at fetchVariableHistory (http://localhost:8000/static/js/app.js:11919:28)
    at updateChart (http://localhost:8000/static/js/app.js:13985:31)
    at http://localhost:8000/static/js/app.js:1209:27 @ http://localhost:8000/static/js/app.js:14010
[  360059ms] [ERROR] Failed to load resource: net::ERR_CONNECTION_REFUSED @ http://localhost:8000/api/recording/status:0
[  361033ms] [ERROR] Failed to load resource: net::ERR_CONNECTION_REFUSED @ http://localhost:8000/api/objects/SharedMemory?server=ee8d9159:0
[  361033ms] [ERROR] Error загрузки ee8d9159:SharedMemory: TypeError: Failed to fetch
    at fetchObjectData (http://localhost:8000/static/js/app.js:11889:28)
    at loadObjectData (http://localhost:8000/static/js/app.js:13547:28)
    at http://localhost:8000/static/js/app.js:1198:23 @ http://localhost:8000/static/js/app.js:13558
[  361034ms] [ERROR] Failed to load resource: net::ERR_CONNECTION_REFUSED @ http://localhost:8000/api/objects/SharedMemory/variables/io%3ASensor1_S/history?count=200&server=ee8d9159:0
[  361034ms] [ERROR] Error обновления графика для io:Sensor1_S: TypeError: Failed to fetch
    at fetchVariableHistory (http://localhost:8000/static/js/app.js:11919:28)
    at updateChart (http://localhost:8000/static/js/app.js:13985:31)
    at http://localhost:8000/static/js/app.js:1209:27 @ http://localhost:8000/static/js/app.js:14010
[  362033ms] [ERROR] Failed to load resource: net::ERR_CONNECTION_REFUSED @ http://localhost:8000/api/servers:0
[  362033ms] [ERROR] Error обновления списка объектов: TypeError: Failed to fetch
    at fetchServers (http://localhost:8000/static/js/app.js:11815:28)
    at fetchObjects (http://localhost:8000/static/js/app.js:11822:31)
    at refreshObjectsList (http://localhost:8000/static/js/app.js:11870:28)
    at http://localhost:8000/static/js/app.js:1191:9 @ http://localhost:8000/static/js/app.js:11873
[  362034ms] [ERROR] Failed to load resource: net::ERR_CONNECTION_REFUSED @ http://localhost:8000/api/objects/SharedMemory?server=ee8d9159:0
[  362034ms] [ERROR] Error загрузки ee8d9159:SharedMemory: TypeError: Failed to fetch
    at fetchObjectData (http://localhost:8000/static/js/app.js:11889:28)
    at loadObjectData (http://localhost:8000/static/js/app.js:13547:28)
    at http://localhost:8000/static/js/app.js:1198:23 @ http://localhost:8000/static/js/app.js:13558
[  362034ms] [ERROR] Failed to load resource: net::ERR_CONNECTION_REFUSED @ http://localhost:8000/api/objects/SharedMemory/variables/io%3ASensor1_S/history?count=200&server=ee8d9159:0
[  362034ms] [ERROR] Error обновления графика для io:Sensor1_S: TypeError: Failed to fetch
    at fetchVariableHistory (http://localhost:8000/static/js/app.js:11919:28)
    at updateChart (http://localhost:8000/static/js/app.js:13985:31)
    at http://localhost:8000/static/js/app.js:1209:27 @ http://localhost:8000/static/js/app.js:14010
[  362034ms] [ERROR] Failed to load resource: net::ERR_CONNECTION_REFUSED @ http://localhost:8000/api/version:0
[  363033ms] [ERROR] Failed to load resource: net::ERR_CONNECTION_REFUSED @ http://localhost:8000/api/objects/SharedMemory?server=ee8d9159:0
[  363033ms] [ERROR] Error загрузки ee8d9159:SharedMemory: TypeError: Failed to fetch
    at fetchObjectData (http://localhost:8000/static/js/app.js:11889:28)
    at loadObjectData (http://localhost:8000/static/js/app.js:13547:28)
    at http://localhost:8000/static/js/app.js:1198:23 @ http://localhost:8000/static/js/app.js:13558
[  363033ms] [ERROR] Failed to load resource: net::ERR_CONNECTION_REFUSED @ http://localhost:8000/api/objects/SharedMemory/variables/io%3ASensor1_S/history?count=200&server=ee8d9159:0
[  363033ms] [ERROR] Error обновления графика для io:Sensor1_S: TypeError: Failed to fetch
    at fetchVariableHistory (http://localhost:8000/static/js/app.js:11919:28)
    at updateChart (http://localhost:8000/static/js/app.js:13985:31)
    at http://localhost:8000/static/js/app.js:1209:27 @ http://localhost:8000/static/js/app.js:14010
[  364032ms] [ERROR] Failed to load resource: net::ERR_CONNECTION_REFUSED @ http://localhost:8000/api/objects/SharedMemory?server=ee8d9159:0
[  364033ms] [ERROR] Error загрузки ee8d9159:SharedMemory: TypeError: Failed to fetch
    at fetchObjectData (http://localhost:8000/static/js/app.js:11889:28)
    at loadObjectData (http://localhost:8000/static/js/app.js:13547:28)
    at http://localhost:8000/static/js/app.js:1198:23 @ http://localhost:8000/static/js/app.js:13558
[  364033ms] [ERROR] Failed to load resource: net::ERR_CONNECTION_REFUSED @ http://localhost:8000/api/objects/SharedMemory/variables/io%3ASensor1_S/history?count=200&server=ee8d9159:0
[  364033ms] [ERROR] Error обновления графика для io:Sensor1_S: TypeError: Failed to fetch
    at fetchVariableHistory (http://localhost:8000/static/js/app.js:11919:28)
    at updateChart (http://localhost:8000/static/js/app.js:13985:31)
    at http://localhost:8000/static/js/app.js:1209:27 @ http://localhost:8000/static/js/app.js:14010
[  365033ms] [ERROR] Failed to load resource: net::ERR_CONNECTION_REFUSED @ http://localhost:8000/api/objects/SharedMemory?server=ee8d9159:0
[  365033ms] [ERROR] Error загрузки ee8d9159:SharedMemory: TypeError: Failed to fetch
    at fetchObjectData (http://localhost:8000/static/js/app.js:11889:28)
    at loadObjectData (http://localhost:8000/static/js/app.js:13547:28)
    at http://localhost:8000/static/js/app.js:1198:23 @ http://localhost:8000/static/js/app.js:13558
[  365034ms] [ERROR] Failed to load resource: net::ERR_CONNECTION_REFUSED @ http://localhost:8000/api/objects/SharedMemory/variables/io%3ASensor1_S/history?count=200&server=ee8d9159:0
[  365034ms] [ERROR] Error обновления графика для io:Sensor1_S: TypeError: Failed to fetch
    at fetchVariableHistory (http://localhost:8000/static/js/app.js:11919:28)
    at updateChart (http://localhost:8000/static/js/app.js:13985:31)
    at http://localhost:8000/static/js/app.js:1209:27 @ http://localhost:8000/static/js/app.js:14010
[  365059ms] [ERROR] Failed to load resource: net::ERR_CONNECTION_REFUSED @ http://localhost:8000/api/recording/status:0
[  366032ms] [ERROR] Failed to load resource: net::ERR_CONNECTION_REFUSED @ http://localhost:8000/api/objects/SharedMemory?server=ee8d9159:0
[  366032ms] [ERROR] Error загрузки ee8d9159:SharedMemory: TypeError: Failed to fetch
    at fetchObjectData (http://localhost:8000/static/js/app.js:11889:28)
    at loadObjectData (http://localhost:8000/static/js/app.js:13547:28)
    at http://localhost:8000/static/js/app.js:1198:23 @ http://localhost:8000/static/js/app.js:13558
[  366033ms] [ERROR] Failed to load resource: net::ERR_CONNECTION_REFUSED @ http://localhost:8000/api/objects/SharedMemory/variables/io%3ASensor1_S/history?count=200&server=ee8d9159:0
[  366033ms] [ERROR] Error обновления графика для io:Sensor1_S: TypeError: Failed to fetch
    at fetchVariableHistory (http://localhost:8000/static/js/app.js:11919:28)
    at updateChart (http://localhost:8000/static/js/app.js:13985:31)
    at http://localhost:8000/static/js/app.js:1209:27 @ http://localhost:8000/static/js/app.js:14010
[  367034ms] [ERROR] Failed to load resource: net::ERR_CONNECTION_REFUSED @ http://localhost:8000/api/objects/SharedMemory?server=ee8d9159:0
[  367034ms] [ERROR] Error загрузки ee8d9159:SharedMemory: TypeError: Failed to fetch
    at fetchObjectData (http://localhost:8000/static/js/app.js:11889:28)
    at loadObjectData (http://localhost:8000/static/js/app.js:13547:28)
    at http://localhost:8000/static/js/app.js:1198:23 @ http://localhost:8000/static/js/app.js:13558
[  367035ms] [ERROR] Failed to load resource: net::ERR_CONNECTION_REFUSED @ http://localhost:8000/api/objects/SharedMemory/variables/io%3ASensor1_S/history?count=200&server=ee8d9159:0
[  367035ms] [ERROR] Error обновления графика для io:Sensor1_S: TypeError: Failed to fetch
    at fetchVariableHistory (http://localhost:8000/static/js/app.js:11919:28)
    at updateChart (http://localhost:8000/static/js/app.js:13985:31)
    at http://localhost:8000/static/js/app.js:1209:27 @ http://localhost:8000/static/js/app.js:14010
[  368031ms] [ERROR] Failed to load resource: net::ERR_CONNECTION_REFUSED @ http://localhost:8000/api/servers:0
[  368031ms] [ERROR] Error обновления списка объектов: TypeError: Failed to fetch
    at fetchServers (http://localhost:8000/static/js/app.js:11815:28)
    at fetchObjects (http://localhost:8000/static/js/app.js:11822:31)
    at refreshObjectsList (http://localhost:8000/static/js/app.js:11870:28)
    at http://localhost:8000/static/js/app.js:1191:9 @ http://localhost:8000/static/js/app.js:11873
[  368031ms] [ERROR] Failed to load resource: net::ERR_CONNECTION_REFUSED @ http://localhost:8000/api/objects/SharedMemory?server=ee8d9159:0
[  368031ms] [ERROR] Error загрузки ee8d9159:SharedMemory: TypeError: Failed to fetch
    at fetchObjectData (http://localhost:8000/static/js/app.js:11889:28)
    at loadObjectData (http://localhost:8000/static/js/app.js:13547:28)
    at http://localhost:8000/static/js/app.js:1198:23 @ http://localhost:8000/static/js/app.js:13558
[  368031ms] [ERROR] Failed to load resource: net::ERR_CONNECTION_REFUSED @ http://localhost:8000/api/objects/SharedMemory/variables/io%3ASensor1_S/history?count=200&server=ee8d9159:0
[  368031ms] [ERROR] Error обновления графика для io:Sensor1_S: TypeError: Failed to fetch
    at fetchVariableHistory (http://localhost:8000/static/js/app.js:11919:28)
    at updateChart (http://localhost:8000/static/js/app.js:13985:31)
    at http://localhost:8000/static/js/app.js:1209:27 @ http://localhost:8000/static/js/app.js:14010
[  369033ms] [ERROR] Failed to load resource: net::ERR_CONNECTION_REFUSED @ http://localhost:8000/api/objects/SharedMemory?server=ee8d9159:0
[  369033ms] [ERROR] Error загрузки ee8d9159:SharedMemory: TypeError: Failed to fetch
    at fetchObjectData (http://localhost:8000/static/js/app.js:11889:28)
    at loadObjectData (http://localhost:8000/static/js/app.js:13547:28)
    at http://localhost:8000/static/js/app.js:1198:23 @ http://localhost:8000/static/js/app.js:13558
[  369033ms] [ERROR] Failed to load resource: net::ERR_CONNECTION_REFUSED @ http://localhost:8000/api/objects/SharedMemory/variables/io%3ASensor1_S/history?count=200&server=ee8d9159:0
[  369033ms] [ERROR] Error обновления графика для io:Sensor1_S: TypeError: Failed to fetch
    at fetchVariableHistory (http://localhost:8000/static/js/app.js:11919:28)
    at updateChart (http://localhost:8000/static/js/app.js:13985:31)
    at http://localhost:8000/static/js/app.js:1209:27 @ http://localhost:8000/static/js/app.js:14010
[  370032ms] [ERROR] Failed to load resource: net::ERR_CONNECTION_REFUSED @ http://localhost:8000/api/objects/SharedMemory?server=ee8d9159:0
[  370032ms] [ERROR] Error загрузки ee8d9159:SharedMemory: TypeError: Failed to fetch
    at fetchObjectData (http://localhost:8000/static/js/app.js:11889:28)
    at loadObjectData (http://localhost:8000/static/js/app.js:13547:28)
    at http://localhost:8000/static/js/app.js:1198:23 @ http://localhost:8000/static/js/app.js:13558
[  370032ms] [ERROR] Failed to load resource: net::ERR_CONNECTION_REFUSED @ http://localhost:8000/api/objects/SharedMemory/variables/io%3ASensor1_S/history?count=200&server=ee8d9159:0
[  370032ms] [ERROR] Error обновления графика для io:Sensor1_S: TypeError: Failed to fetch
    at fetchVariableHistory (http://localhost:8000/static/js/app.js:11919:28)
    at updateChart (http://localhost:8000/static/js/app.js:13985:31)
    at http://localhost:8000/static/js/app.js:1209:27 @ http://localhost:8000/static/js/app.js:14010
[  370059ms] [ERROR] Failed to load resource: net::ERR_CONNECTION_REFUSED @ http://localhost:8000/api/recording/status:0
[  371032ms] [ERROR] Failed to load resource: net::ERR_CONNECTION_REFUSED @ http://localhost:8000/api/objects/SharedMemory?server=ee8d9159:0
[  371033ms] [ERROR] Error загрузки ee8d9159:SharedMemory: TypeError: Failed to fetch
    at fetchObjectData (http://localhost:8000/static/js/app.js:11889:28)
    at loadObjectData (http://localhost:8000/static/js/app.js:13547:28)
    at http://localhost:8000/static/js/app.js:1198:23 @ http://localhost:8000/static/js/app.js:13558
[  371033ms] [ERROR] Failed to load resource: net::ERR_CONNECTION_REFUSED @ http://localhost:8000/api/objects/SharedMemory/variables/io%3ASensor1_S/history?count=200&server=ee8d9159:0
[  371033ms] [ERROR] Error обновления графика для io:Sensor1_S: TypeError: Failed to fetch
    at fetchVariableHistory (http://localhost:8000/static/js/app.js:11919:28)
    at updateChart (http://localhost:8000/static/js/app.js:13985:31)
    at http://localhost:8000/static/js/app.js:1209:27 @ http://localhost:8000/static/js/app.js:14010
[  372032ms] [ERROR] Failed to load resource: net::ERR_CONNECTION_REFUSED @ http://localhost:8000/api/objects/SharedMemory?server=ee8d9159:0
[  372032ms] [ERROR] Error загрузки ee8d9159:SharedMemory: TypeError: Failed to fetch
    at fetchObjectData (http://localhost:8000/static/js/app.js:11889:28)
    at loadObjectData (http://localhost:8000/static/js/app.js:13547:28)
    at http://localhost:8000/static/js/app.js:1198:23 @ http://localhost:8000/static/js/app.js:13558
[  372032ms] [ERROR] Failed to load resource: net::ERR_CONNECTION_REFUSED @ http://localhost:8000/api/objects/SharedMemory/variables/io%3ASensor1_S/history?count=200&server=ee8d9159:0
[  372032ms] [ERROR] Error обновления графика для io:Sensor1_S: TypeError: Failed to fetch
    at fetchVariableHistory (http://localhost:8000/static/js/app.js:11919:28)
    at updateChart (http://localhost:8000/static/js/app.js:13985:31)
    at http://localhost:8000/static/js/app.js:1209:27 @ http://localhost:8000/static/js/app.js:14010
[  373033ms] [ERROR] Failed to load resource: net::ERR_CONNECTION_REFUSED @ http://localhost:8000/api/objects/SharedMemory?server=ee8d9159:0
[  373034ms] [ERROR] Error загрузки ee8d9159:SharedMemory: TypeError: Failed to fetch
    at fetchObjectData (http://localhost:8000/static/js/app.js:11889:28)
    at loadObjectData (http://localhost:8000/static/js/app.js:13547:28)
    at http://localhost:8000/static/js/app.js:1198:23 @ http://localhost:8000/static/js/app.js:13558
[  373034ms] [ERROR] Failed to load resource: net::ERR_CONNECTION_REFUSED @ http://localhost:8000/api/objects/SharedMemory/variables/io%3ASensor1_S/history?count=200&server=ee8d9159:0
[  373034ms] [ERROR] Error обновления графика для io:Sensor1_S: TypeError: Failed to fetch
    at fetchVariableHistory (http://localhost:8000/static/js/app.js:11919:28)
    at updateChart (http://localhost:8000/static/js/app.js:13985:31)
    at http://localhost:8000/static/js/app.js:1209:27 @ http://localhost:8000/static/js/app.js:14010
[  374033ms] [ERROR] Failed to load resource: net::ERR_CONNECTION_REFUSED @ http://localhost:8000/api/servers:0
[  374033ms] [ERROR] Error обновления списка объектов: TypeError: Failed to fetch
    at fetchServers (http://localhost:8000/static/js/app.js:11815:28)
    at fetchObjects (http://localhost:8000/static/js/app.js:11822:31)
    at refreshObjectsList (http://localhost:8000/static/js/app.js:11870:28)
    at http://localhost:8000/static/js/app.js:1191:9 @ http://localhost:8000/static/js/app.js:11873
[  374034ms] [ERROR] Failed to load resource: net::ERR_CONNECTION_REFUSED @ http://localhost:8000/api/objects/SharedMemory?server=ee8d9159:0
[  374034ms] [ERROR] Error загрузки ee8d9159:SharedMemory: TypeError: Failed to fetch
    at fetchObjectData (http://localhost:8000/static/js/app.js:11889:28)
    at loadObjectData (http://localhost:8000/static/js/app.js:13547:28)
    at http://localhost:8000/static/js/app.js:1198:23 @ http://localhost:8000/static/js/app.js:13558
[  374035ms] [ERROR] Failed to load resource: net::ERR_CONNECTION_REFUSED @ http://localhost:8000/api/objects/SharedMemory/variables/io%3ASensor1_S/history?count=200&server=ee8d9159:0
[  374035ms] [ERROR] Error обновления графика для io:Sensor1_S: TypeError: Failed to fetch
    at fetchVariableHistory (http://localhost:8000/static/js/app.js:11919:28)
    at updateChart (http://localhost:8000/static/js/app.js:13985:31)
    at http://localhost:8000/static/js/app.js:1209:27 @ http://localhost:8000/static/js/app.js:14010
[  375033ms] [ERROR] Failed to load resource: net::ERR_CONNECTION_REFUSED @ http://localhost:8000/api/objects/SharedMemory?server=ee8d9159:0
[  375033ms] [ERROR] Error загрузки ee8d9159:SharedMemory: TypeError: Failed to fetch
    at fetchObjectData (http://localhost:8000/static/js/app.js:11889:28)
    at loadObjectData (http://localhost:8000/static/js/app.js:13547:28)
    at http://localhost:8000/static/js/app.js:1198:23 @ http://localhost:8000/static/js/app.js:13558
[  375034ms] [ERROR] Failed to load resource: net::ERR_CONNECTION_REFUSED @ http://localhost:8000/api/objects/SharedMemory/variables/io%3ASensor1_S/history?count=200&server=ee8d9159:0
[  375034ms] [ERROR] Error обновления графика для io:Sensor1_S: TypeError: Failed to fetch
    at fetchVariableHistory (http://localhost:8000/static/js/app.js:11919:28)
    at updateChart (http://localhost:8000/static/js/app.js:13985:31)
    at http://localhost:8000/static/js/app.js:1209:27 @ http://localhost:8000/static/js/app.js:14010
[  375059ms] [ERROR] Failed to load resource: net::ERR_CONNECTION_REFUSED @ http://localhost:8000/api/recording/status:0
[  376033ms] [ERROR] Failed to load resource: net::ERR_CONNECTION_REFUSED @ http://localhost:8000/api/objects/SharedMemory?server=ee8d9159:0
[  376033ms] [ERROR] Error загрузки ee8d9159:SharedMemory: TypeError: Failed to fetch
    at fetchObjectData (http://localhost:8000/static/js/app.js:11889:28)
    at loadObjectData (http://localhost:8000/static/js/app.js:13547:28)
    at http://localhost:8000/static/js/app.js:1198:23 @ http://localhost:8000/static/js/app.js:13558
[  376033ms] [ERROR] Failed to load resource: net::ERR_CONNECTION_REFUSED @ http://localhost:8000/api/objects/SharedMemory/variables/io%3ASensor1_S/history?count=200&server=ee8d9159:0
[  376033ms] [ERROR] Error обновления графика для io:Sensor1_S: TypeError: Failed to fetch
    at fetchVariableHistory (http://localhost:8000/static/js/app.js:11919:28)
    at updateChart (http://localhost:8000/static/js/app.js:13985:31)
    at http://localhost:8000/static/js/app.js:1209:27 @ http://localhost:8000/static/js/app.js:14010
[  377034ms] [ERROR] Failed to load resource: net::ERR_CONNECTION_REFUSED @ http://localhost:8000/api/objects/SharedMemory?server=ee8d9159:0
[  377034ms] [ERROR] Error загрузки ee8d9159:SharedMemory: TypeError: Failed to fetch
    at fetchObjectData (http://localhost:8000/static/js/app.js:11889:28)
    at loadObjectData (http://localhost:8000/static/js/app.js:13547:28)
    at http://localhost:8000/static/js/app.js:1198:23 @ http://localhost:8000/static/js/app.js:13558
[  377035ms] [ERROR] Failed to load resource: net::ERR_CONNECTION_REFUSED @ http://localhost:8000/api/objects/SharedMemory/variables/io%3ASensor1_S/history?count=200&server=ee8d9159:0
[  377035ms] [ERROR] Error обновления графика для io:Sensor1_S: TypeError: Failed to fetch
    at fetchVariableHistory (http://localhost:8000/static/js/app.js:11919:28)
    at updateChart (http://localhost:8000/static/js/app.js:13985:31)
    at http://localhost:8000/static/js/app.js:1209:27 @ http://localhost:8000/static/js/app.js:14010
[  378033ms] [ERROR] Failed to load resource: net::ERR_CONNECTION_REFUSED @ http://localhost:8000/api/objects/SharedMemory?server=ee8d9159:0
[  378033ms] [ERROR] Error загрузки ee8d9159:SharedMemory: TypeError: Failed to fetch
    at fetchObjectData (http://localhost:8000/static/js/app.js:11889:28)
    at loadObjectData (http://localhost:8000/static/js/app.js:13547:28)
    at http://localhost:8000/static/js/app.js:1198:23 @ http://localhost:8000/static/js/app.js:13558
[  378033ms] [ERROR] Failed to load resource: net::ERR_CONNECTION_REFUSED @ http://localhost:8000/api/objects/SharedMemory/variables/io%3ASensor1_S/history?count=200&server=ee8d9159:0
[  378034ms] [ERROR] Error обновления графика для io:Sensor1_S: TypeError: Failed to fetch
    at fetchVariableHistory (http://localhost:8000/static/js/app.js:11919:28)
    at updateChart (http://localhost:8000/static/js/app.js:13985:31)
    at http://localhost:8000/static/js/app.js:1209:27 @ http://localhost:8000/static/js/app.js:14010
[  379033ms] [ERROR] Failed to load resource: net::ERR_CONNECTION_REFUSED @ http://localhost:8000/api/objects/SharedMemory?server=ee8d9159:0
[  379033ms] [ERROR] Error загрузки ee8d9159:SharedMemory: TypeError: Failed to fetch
    at fetchObjectData (http://localhost:8000/static/js/app.js:11889:28)
    at loadObjectData (http://localhost:8000/static/js/app.js:13547:28)
    at http://localhost:8000/static/js/app.js:1198:23 @ http://localhost:8000/static/js/app.js:13558
[  379034ms] [ERROR] Failed to load resource: net::ERR_CONNECTION_REFUSED @ http://localhost:8000/api/objects/SharedMemory/variables/io%3ASensor1_S/history?count=200&server=ee8d9159:0
[  379034ms] [ERROR] Error обновления графика для io:Sensor1_S: TypeError: Failed to fetch
    at fetchVariableHistory (http://localhost:8000/static/js/app.js:11919:28)
    at updateChart (http://localhost:8000/static/js/app.js:13985:31)
    at http://localhost:8000/static/js/app.js:1209:27 @ http://localhost:8000/static/js/app.js:14010
[  380032ms] [ERROR] Failed to load resource: net::ERR_CONNECTION_REFUSED @ http://localhost:8000/api/servers:0
[  380032ms] [ERROR] Error обновления списка объектов: TypeError: Failed to fetch
    at fetchServers (http://localhost:8000/static/js/app.js:11815:28)
    at fetchObjects (http://localhost:8000/static/js/app.js:11822:31)
    at refreshObjectsList (http://localhost:8000/static/js/app.js:11870:28)
    at http://localhost:8000/static/js/app.js:1191:9 @ http://localhost:8000/static/js/app.js:11873
[  380033ms] [ERROR] Failed to load resource: net::ERR_CONNECTION_REFUSED @ http://localhost:8000/api/objects/SharedMemory?server=ee8d9159:0
[  380033ms] [ERROR] Error загрузки ee8d9159:SharedMemory: TypeError: Failed to fetch
    at fetchObjectData (http://localhost:8000/static/js/app.js:11889:28)
    at loadObjectData (http://localhost:8000/static/js/app.js:13547:28)
    at http://localhost:8000/static/js/app.js:1198:23 @ http://localhost:8000/static/js/app.js:13558
[  380033ms] [ERROR] Failed to load resource: net::ERR_CONNECTION_REFUSED @ http://localhost:8000/api/objects/SharedMemory/variables/io%3ASensor1_S/history?count=200&server=ee8d9159:0
[  380033ms] [ERROR] Error обновления графика для io:Sensor1_S: TypeError: Failed to fetch
    at fetchVariableHistory (http://localhost:8000/static/js/app.js:11919:28)
    at updateChart (http://localhost:8000/static/js/app.js:13985:31)
    at http://localhost:8000/static/js/app.js:1209:27 @ http://localhost:8000/static/js/app.js:14010
[  380059ms] [ERROR] Failed to load resource: net::ERR_CONNECTION_REFUSED @ http://localhost:8000/api/recording/status:0
[  381032ms] [ERROR] Failed to load resource: net::ERR_CONNECTION_REFUSED @ http://localhost:8000/api/objects/SharedMemory?server=ee8d9159:0
[  381032ms] [ERROR] Error загрузки ee8d9159:SharedMemory: TypeError: Failed to fetch
    at fetchObjectData (http://localhost:8000/static/js/app.js:11889:28)
    at loadObjectData (http://localhost:8000/static/js/app.js:13547:28)
    at http://localhost:8000/static/js/app.js:1198:23 @ http://localhost:8000/static/js/app.js:13558
[  381032ms] [ERROR] Failed to load resource: net::ERR_CONNECTION_REFUSED @ http://localhost:8000/api/objects/SharedMemory/variables/io%3ASensor1_S/history?count=200&server=ee8d9159:0
[  381032ms] [ERROR] Error обновления графика для io:Sensor1_S: TypeError: Failed to fetch
    at fetchVariableHistory (http://localhost:8000/static/js/app.js:11919:28)
    at updateChart (http://localhost:8000/static/js/app.js:13985:31)
    at http://localhost:8000/static/js/app.js:1209:27 @ http://localhost:8000/static/js/app.js:14010
[  382033ms] [ERROR] Failed to load resource: net::ERR_CONNECTION_REFUSED @ http://localhost:8000/api/objects/SharedMemory?server=ee8d9159:0
[  382033ms] [ERROR] Error загрузки ee8d9159:SharedMemory: TypeError: Failed to fetch
    at fetchObjectData (http://localhost:8000/static/js/app.js:11889:28)
    at loadObjectData (http://localhost:8000/static/js/app.js:13547:28)
    at http://localhost:8000/static/js/app.js:1198:23 @ http://localhost:8000/static/js/app.js:13558
[  382033ms] [ERROR] Failed to load resource: net::ERR_CONNECTION_REFUSED @ http://localhost:8000/api/objects/SharedMemory/variables/io%3ASensor1_S/history?count=200&server=ee8d9159:0
[  382033ms] [ERROR] Error обновления графика для io:Sensor1_S: TypeError: Failed to fetch
    at fetchVariableHistory (http://localhost:8000/static/js/app.js:11919:28)
    at updateChart (http://localhost:8000/static/js/app.js:13985:31)
    at http://localhost:8000/static/js/app.js:1209:27 @ http://localhost:8000/static/js/app.js:14010
[  383034ms] [ERROR] Failed to load resource: net::ERR_CONNECTION_REFUSED @ http://localhost:8000/api/objects/SharedMemory?server=ee8d9159:0
[  383034ms] [ERROR] Error загрузки ee8d9159:SharedMemory: TypeError: Failed to fetch
    at fetchObjectData (http://localhost:8000/static/js/app.js:11889:28)
    at loadObjectData (http://localhost:8000/static/js/app.js:13547:28)
    at http://localhost:8000/static/js/app.js:1198:23 @ http://localhost:8000/static/js/app.js:13558
[  383035ms] [ERROR] Failed to load resource: net::ERR_CONNECTION_REFUSED @ http://localhost:8000/api/objects/SharedMemory/variables/io%3ASensor1_S/history?count=200&server=ee8d9159:0
[  383035ms] [ERROR] Error обновления графика для io:Sensor1_S: TypeError: Failed to fetch
    at fetchVariableHistory (http://localhost:8000/static/js/app.js:11919:28)
    at updateChart (http://localhost:8000/static/js/app.js:13985:31)
    at http://localhost:8000/static/js/app.js:1209:27 @ http://localhost:8000/static/js/app.js:14010
[  384033ms] [ERROR] Failed to load resource: net::ERR_CONNECTION_REFUSED @ http://localhost:8000/api/objects/SharedMemory?server=ee8d9159:0
[  384033ms] [ERROR] Error загрузки ee8d9159:SharedMemory: TypeError: Failed to fetch
    at fetchObjectData (http://localhost:8000/static/js/app.js:11889:28)
    at loadObjectData (http://localhost:8000/static/js/app.js:13547:28)
    at http://localhost:8000/static/js/app.js:1198:23 @ http://localhost:8000/static/js/app.js:13558
[  384034ms] [ERROR] Failed to load resource: net::ERR_CONNECTION_REFUSED @ http://localhost:8000/api/objects/SharedMemory/variables/io%3ASensor1_S/history?count=200&server=ee8d9159:0
[  384034ms] [ERROR] Error обновления графика для io:Sensor1_S: TypeError: Failed to fetch
    at fetchVariableHistory (http://localhost:8000/static/js/app.js:11919:28)
    at updateChart (http://localhost:8000/static/js/app.js:13985:31)
    at http://localhost:8000/static/js/app.js:1209:27 @ http://localhost:8000/static/js/app.js:14010
[  385034ms] [ERROR] Failed to load resource: net::ERR_CONNECTION_REFUSED @ http://localhost:8000/api/objects/SharedMemory?server=ee8d9159:0
[  385034ms] [ERROR] Error загрузки ee8d9159:SharedMemory: TypeError: Failed to fetch
    at fetchObjectData (http://localhost:8000/static/js/app.js:11889:28)
    at loadObjectData (http://localhost:8000/static/js/app.js:13547:28)
    at http://localhost:8000/static/js/app.js:1198:23 @ http://localhost:8000/static/js/app.js:13558
[  385035ms] [ERROR] Failed to load resource: net::ERR_CONNECTION_REFUSED @ http://localhost:8000/api/objects/SharedMemory/variables/io%3ASensor1_S/history?count=200&server=ee8d9159:0
[  385035ms] [ERROR] Error обновления графика для io:Sensor1_S: TypeError: Failed to fetch
    at fetchVariableHistory (http://localhost:8000/static/js/app.js:11919:28)
    at updateChart (http://localhost:8000/static/js/app.js:13985:31)
    at http://localhost:8000/static/js/app.js:1209:27 @ http://localhost:8000/static/js/app.js:14010
[  385059ms] [ERROR] Failed to load resource: net::ERR_CONNECTION_REFUSED @ http://localhost:8000/api/recording/status:0
[  386032ms] [ERROR] Failed to load resource: net::ERR_CONNECTION_REFUSED @ http://localhost:8000/api/servers:0
[  386032ms] [ERROR] Error обновления списка объектов: TypeError: Failed to fetch
    at fetchServers (http://localhost:8000/static/js/app.js:11815:28)
    at fetchObjects (http://localhost:8000/static/js/app.js:11822:31)
    at refreshObjectsList (http://localhost:8000/static/js/app.js:11870:28)
    at http://localhost:8000/static/js/app.js:1191:9 @ http://localhost:8000/static/js/app.js:11873
[  386032ms] [ERROR] Failed to load resource: net::ERR_CONNECTION_REFUSED @ http://localhost:8000/api/objects/SharedMemory?server=ee8d9159:0
[  386033ms] [ERROR] Error загрузки ee8d9159:SharedMemory: TypeError: Failed to fetch
    at fetchObjectData (http://localhost:8000/static/js/app.js:11889:28)
    at loadObjectData (http://localhost:8000/static/js/app.js:13547:28)
    at http://localhost:8000/static/js/app.js:1198:23 @ http://localhost:8000/static/js/app.js:13558
[  386033ms] [ERROR] Failed to load resource: net::ERR_CONNECTION_REFUSED @ http://localhost:8000/api/objects/SharedMemory/variables/io%3ASensor1_S/history?count=200&server=ee8d9159:0
[  386033ms] [ERROR] Error обновления графика для io:Sensor1_S: TypeError: Failed to fetch
    at fetchVariableHistory (http://localhost:8000/static/js/app.js:11919:28)
    at updateChart (http://localhost:8000/static/js/app.js:13985:31)
    at http://localhost:8000/static/js/app.js:1209:27 @ http://localhost:8000/static/js/app.js:14010
[  387033ms] [ERROR] Failed to load resource: net::ERR_CONNECTION_REFUSED @ http://localhost:8000/api/objects/SharedMemory?server=ee8d9159:0
[  387033ms] [ERROR] Error загрузки ee8d9159:SharedMemory: TypeError: Failed to fetch
    at fetchObjectData (http://localhost:8000/static/js/app.js:11889:28)
    at loadObjectData (http://localhost:8000/static/js/app.js:13547:28)
    at http://localhost:8000/static/js/app.js:1198:23 @ http://localhost:8000/static/js/app.js:13558
[  387034ms] [ERROR] Failed to load resource: net::ERR_CONNECTION_REFUSED @ http://localhost:8000/api/objects/SharedMemory/variables/io%3ASensor1_S/history?count=200&server=ee8d9159:0
[  387034ms] [ERROR] Error обновления графика для io:Sensor1_S: TypeError: Failed to fetch
    at fetchVariableHistory (http://localhost:8000/static/js/app.js:11919:28)
    at updateChart (http://localhost:8000/static/js/app.js:13985:31)
    at http://localhost:8000/static/js/app.js:1209:27 @ http://localhost:8000/static/js/app.js:14010
[  388034ms] [ERROR] Failed to load resource: net::ERR_CONNECTION_REFUSED @ http://localhost:8000/api/objects/SharedMemory?server=ee8d9159:0
[  388034ms] [ERROR] Error загрузки ee8d9159:SharedMemory: TypeError: Failed to fetch
    at fetchObjectData (http://localhost:8000/static/js/app.js:11889:28)
    at loadObjectData (http://localhost:8000/static/js/app.js:13547:28)
    at http://localhost:8000/static/js/app.js:1198:23 @ http://localhost:8000/static/js/app.js:13558
[  388034ms] [ERROR] Failed to load resource: net::ERR_CONNECTION_REFUSED @ http://localhost:8000/api/objects/SharedMemory/variables/io%3ASensor1_S/history?count=200&server=ee8d9159:0
[  388034ms] [ERROR] Error обновления графика для io:Sensor1_S: TypeError: Failed to fetch
    at fetchVariableHistory (http://localhost:8000/static/js/app.js:11919:28)
    at updateChart (http://localhost:8000/static/js/app.js:13985:31)
    at http://localhost:8000/static/js/app.js:1209:27 @ http://localhost:8000/static/js/app.js:14010
[  389034ms] [ERROR] Failed to load resource: net::ERR_CONNECTION_REFUSED @ http://localhost:8000/api/objects/SharedMemory?server=ee8d9159:0
[  389035ms] [ERROR] Error загрузки ee8d9159:SharedMemory: TypeError: Failed to fetch
    at fetchObjectData (http://localhost:8000/static/js/app.js:11889:28)
    at loadObjectData (http://localhost:8000/static/js/app.js:13547:28)
    at http://localhost:8000/static/js/app.js:1198:23 @ http://localhost:8000/static/js/app.js:13558
[  389035ms] [ERROR] Failed to load resource: net::ERR_CONNECTION_REFUSED @ http://localhost:8000/api/objects/SharedMemory/variables/io%3ASensor1_S/history?count=200&server=ee8d9159:0
[  389035ms] [ERROR] Error обновления графика для io:Sensor1_S: TypeError: Failed to fetch
    at fetchVariableHistory (http://localhost:8000/static/js/app.js:11919:28)
    at updateChart (http://localhost:8000/static/js/app.js:13985:31)
    at http://localhost:8000/static/js/app.js:1209:27 @ http://localhost:8000/static/js/app.js:14010
[  390031ms] [ERROR] Failed to load resource: net::ERR_CONNECTION_REFUSED @ http://localhost:8000/api/objects/SharedMemory?server=ee8d9159:0
[  390032ms] [ERROR] Error загрузки ee8d9159:SharedMemory: TypeError: Failed to fetch
    at fetchObjectData (http://localhost:8000/static/js/app.js:11889:28)
    at loadObjectData (http://localhost:8000/static/js/app.js:13547:28)
    at http://localhost:8000/static/js/app.js:1198:23 @ http://localhost:8000/static/js/app.js:13558
[  390032ms] [ERROR] Failed to load resource: net::ERR_CONNECTION_REFUSED @ http://localhost:8000/api/objects/SharedMemory/variables/io%3ASensor1_S/history?count=200&server=ee8d9159:0
[  390032ms] [ERROR] Error обновления графика для io:Sensor1_S: TypeError: Failed to fetch
    at fetchVariableHistory (http://localhost:8000/static/js/app.js:11919:28)
    at updateChart (http://localhost:8000/static/js/app.js:13985:31)
    at http://localhost:8000/static/js/app.js:1209:27 @ http://localhost:8000/static/js/app.js:14010
[  390059ms] [ERROR] Failed to load resource: net::ERR_CONNECTION_REFUSED @ http://localhost:8000/api/recording/status:0
[  391033ms] [ERROR] Failed to load resource: net::ERR_CONNECTION_REFUSED @ http://localhost:8000/api/objects/SharedMemory?server=ee8d9159:0
[  391034ms] [ERROR] Error загрузки ee8d9159:SharedMemory: TypeError: Failed to fetch
    at fetchObjectData (http://localhost:8000/static/js/app.js:11889:28)
    at loadObjectData (http://localhost:8000/static/js/app.js:13547:28)
    at http://localhost:8000/static/js/app.js:1198:23 @ http://localhost:8000/static/js/app.js:13558
[  391034ms] [ERROR] Failed to load resource: net::ERR_CONNECTION_REFUSED @ http://localhost:8000/api/objects/SharedMemory/variables/io%3ASensor1_S/history?count=200&server=ee8d9159:0
[  391034ms] [ERROR] Error обновления графика для io:Sensor1_S: TypeError: Failed to fetch
    at fetchVariableHistory (http://localhost:8000/static/js/app.js:11919:28)
    at updateChart (http://localhost:8000/static/js/app.js:13985:31)
    at http://localhost:8000/static/js/app.js:1209:27 @ http://localhost:8000/static/js/app.js:14010
[  392032ms] [ERROR] Failed to load resource: net::ERR_CONNECTION_REFUSED @ http://localhost:8000/api/servers:0
[  392032ms] [ERROR] Error обновления списка объектов: TypeError: Failed to fetch
    at fetchServers (http://localhost:8000/static/js/app.js:11815:28)
    at fetchObjects (http://localhost:8000/static/js/app.js:11822:31)
    at refreshObjectsList (http://localhost:8000/static/js/app.js:11870:28)
    at http://localhost:8000/static/js/app.js:1191:9 @ http://localhost:8000/static/js/app.js:11873
[  392033ms] [ERROR] Failed to load resource: net::ERR_CONNECTION_REFUSED @ http://localhost:8000/api/objects/SharedMemory?server=ee8d9159:0
[  392033ms] [ERROR] Error загрузки ee8d9159:SharedMemory: TypeError: Failed to fetch
    at fetchObjectData (http://localhost:8000/static/js/app.js:11889:28)
    at loadObjectData (http://localhost:8000/static/js/app.js:13547:28)
    at http://localhost:8000/static/js/app.js:1198:23 @ http://localhost:8000/static/js/app.js:13558
[  392033ms] [ERROR] Failed to load resource: net::ERR_CONNECTION_REFUSED @ http://localhost:8000/api/objects/SharedMemory/variables/io%3ASensor1_S/history?count=200&server=ee8d9159:0
[  392033ms] [ERROR] Error обновления графика для io:Sensor1_S: TypeError: Failed to fetch
    at fetchVariableHistory (http://localhost:8000/static/js/app.js:11919:28)
    at updateChart (http://localhost:8000/static/js/app.js:13985:31)
    at http://localhost:8000/static/js/app.js:1209:27 @ http://localhost:8000/static/js/app.js:14010
[  392033ms] [ERROR] Failed to load resource: net::ERR_CONNECTION_REFUSED @ http://localhost:8000/api/version:0
[  393035ms] [ERROR] Failed to load resource: net::ERR_CONNECTION_REFUSED @ http://localhost:8000/api/objects/SharedMemory?server=ee8d9159:0
[  393036ms] [ERROR] Error загрузки ee8d9159:SharedMemory: TypeError: Failed to fetch
    at fetchObjectData (http://localhost:8000/static/js/app.js:11889:28)
    at loadObjectData (http://localhost:8000/static/js/app.js:13547:28)
    at http://localhost:8000/static/js/app.js:1198:23 @ http://localhost:8000/static/js/app.js:13558
[  393036ms] [ERROR] Failed to load resource: net::ERR_CONNECTION_REFUSED @ http://localhost:8000/api/objects/SharedMemory/variables/io%3ASensor1_S/history?count=200&server=ee8d9159:0
[  393036ms] [ERROR] Error обновления графика для io:Sensor1_S: TypeError: Failed to fetch
    at fetchVariableHistory (http://localhost:8000/static/js/app.js:11919:28)
    at updateChart (http://localhost:8000/static/js/app.js:13985:31)
    at http://localhost:8000/static/js/app.js:1209:27 @ http://localhost:8000/static/js/app.js:14010
[  394033ms] [ERROR] Failed to load resource: net::ERR_CONNECTION_REFUSED @ http://localhost:8000/api/objects/SharedMemory?server=ee8d9159:0
[  394033ms] [ERROR] Error загрузки ee8d9159:SharedMemory: TypeError: Failed to fetch
    at fetchObjectData (http://localhost:8000/static/js/app.js:11889:28)
    at loadObjectData (http://localhost:8000/static/js/app.js:13547:28)
    at http://localhost:8000/static/js/app.js:1198:23 @ http://localhost:8000/static/js/app.js:13558
[  394033ms] [ERROR] Failed to load resource: net::ERR_CONNECTION_REFUSED @ http://localhost:8000/api/objects/SharedMemory/variables/io%3ASensor1_S/history?count=200&server=ee8d9159:0
[  394033ms] [ERROR] Error обновления графика для io:Sensor1_S: TypeError: Failed to fetch
    at fetchVariableHistory (http://localhost:8000/static/js/app.js:11919:28)
    at updateChart (http://localhost:8000/static/js/app.js:13985:31)
    at http://localhost:8000/static/js/app.js:1209:27 @ http://localhost:8000/static/js/app.js:14010
[  395033ms] [ERROR] Failed to load resource: net::ERR_CONNECTION_REFUSED @ http://localhost:8000/api/objects/SharedMemory?server=ee8d9159:0
[  395033ms] [ERROR] Error загрузки ee8d9159:SharedMemory: TypeError: Failed to fetch
    at fetchObjectData (http://localhost:8000/static/js/app.js:11889:28)
    at loadObjectData (http://localhost:8000/static/js/app.js:13547:28)
    at http://localhost:8000/static/js/app.js:1198:23 @ http://localhost:8000/static/js/app.js:13558
[  395034ms] [ERROR] Failed to load resource: net::ERR_CONNECTION_REFUSED @ http://localhost:8000/api/objects/SharedMemory/variables/io%3ASensor1_S/history?count=200&server=ee8d9159:0
[  395034ms] [ERROR] Error обновления графика для io:Sensor1_S: TypeError: Failed to fetch
    at fetchVariableHistory (http://localhost:8000/static/js/app.js:11919:28)
    at updateChart (http://localhost:8000/static/js/app.js:13985:31)
    at http://localhost:8000/static/js/app.js:1209:27 @ http://localhost:8000/static/js/app.js:14010
[  395059ms] [ERROR] Failed to load resource: net::ERR_CONNECTION_REFUSED @ http://localhost:8000/api/recording/status:0
[  396033ms] [ERROR] Failed to load resource: net::ERR_CONNECTION_REFUSED @ http://localhost:8000/api/objects/SharedMemory?server=ee8d9159:0
[  396033ms] [ERROR] Error загрузки ee8d9159:SharedMemory: TypeError: Failed to fetch
    at fetchObjectData (http://localhost:8000/static/js/app.js:11889:28)
    at loadObjectData (http://localhost:8000/static/js/app.js:13547:28)
    at http://localhost:8000/static/js/app.js:1198:23 @ http://localhost:8000/static/js/app.js:13558
[  396033ms] [ERROR] Failed to load resource: net::ERR_CONNECTION_REFUSED @ http://localhost:8000/api/objects/SharedMemory/variables/io%3ASensor1_S/history?count=200&server=ee8d9159:0
[  396033ms] [ERROR] Error обновления графика для io:Sensor1_S: TypeError: Failed to fetch
    at fetchVariableHistory (http://localhost:8000/static/js/app.js:11919:28)
    at updateChart (http://localhost:8000/static/js/app.js:13985:31)
    at http://localhost:8000/static/js/app.js:1209:27 @ http://localhost:8000/static/js/app.js:14010
[  397033ms] [ERROR] Failed to load resource: net::ERR_CONNECTION_REFUSED @ http://localhost:8000/api/objects/SharedMemory?server=ee8d9159:0
[  397033ms] [ERROR] Error загрузки ee8d9159:SharedMemory: TypeError: Failed to fetch
    at fetchObjectData (http://localhost:8000/static/js/app.js:11889:28)
    at loadObjectData (http://localhost:8000/static/js/app.js:13547:28)
    at http://localhost:8000/static/js/app.js:1198:23 @ http://localhost:8000/static/js/app.js:13558
[  397033ms] [ERROR] Failed to load resource: net::ERR_CONNECTION_REFUSED @ http://localhost:8000/api/objects/SharedMemory/variables/io%3ASensor1_S/history?count=200&server=ee8d9159:0
[  397033ms] [ERROR] Error обновления графика для io:Sensor1_S: TypeError: Failed to fetch
    at fetchVariableHistory (http://localhost:8000/static/js/app.js:11919:28)
    at updateChart (http://localhost:8000/static/js/app.js:13985:31)
    at http://localhost:8000/static/js/app.js:1209:27 @ http://localhost:8000/static/js/app.js:14010
[  398031ms] [ERROR] Failed to load resource: net::ERR_CONNECTION_REFUSED @ http://localhost:8000/api/servers:0
[  398031ms] [ERROR] Error обновления списка объектов: TypeError: Failed to fetch
    at fetchServers (http://localhost:8000/static/js/app.js:11815:28)
    at fetchObjects (http://localhost:8000/static/js/app.js:11822:31)
    at refreshObjectsList (http://localhost:8000/static/js/app.js:11870:28)
    at http://localhost:8000/static/js/app.js:1191:9 @ http://localhost:8000/static/js/app.js:11873
[  398031ms] [ERROR] Failed to load resource: net::ERR_CONNECTION_REFUSED @ http://localhost:8000/api/objects/SharedMemory?server=ee8d9159:0
[  398032ms] [ERROR] Error загрузки ee8d9159:SharedMemory: TypeError: Failed to fetch
    at fetchObjectData (http://localhost:8000/static/js/app.js:11889:28)
    at loadObjectData (http://localhost:8000/static/js/app.js:13547:28)
    at http://localhost:8000/static/js/app.js:1198:23 @ http://localhost:8000/static/js/app.js:13558
[  398032ms] [ERROR] Failed to load resource: net::ERR_CONNECTION_REFUSED @ http://localhost:8000/api/objects/SharedMemory/variables/io%3ASensor1_S/history?count=200&server=ee8d9159:0
[  398032ms] [ERROR] Error обновления графика для io:Sensor1_S: TypeError: Failed to fetch
    at fetchVariableHistory (http://localhost:8000/static/js/app.js:11919:28)
    at updateChart (http://localhost:8000/static/js/app.js:13985:31)
    at http://localhost:8000/static/js/app.js:1209:27 @ http://localhost:8000/static/js/app.js:14010
[  399034ms] [ERROR] Failed to load resource: net::ERR_CONNECTION_REFUSED @ http://localhost:8000/api/objects/SharedMemory?server=ee8d9159:0
[  399034ms] [ERROR] Error загрузки ee8d9159:SharedMemory: TypeError: Failed to fetch
    at fetchObjectData (http://localhost:8000/static/js/app.js:11889:28)
    at loadObjectData (http://localhost:8000/static/js/app.js:13547:28)
    at http://localhost:8000/static/js/app.js:1198:23 @ http://localhost:8000/static/js/app.js:13558
[  399035ms] [ERROR] Failed to load resource: net::ERR_CONNECTION_REFUSED @ http://localhost:8000/api/objects/SharedMemory/variables/io%3ASensor1_S/history?count=200&server=ee8d9159:0
[  399035ms] [ERROR] Error обновления графика для io:Sensor1_S: TypeError: Failed to fetch
    at fetchVariableHistory (http://localhost:8000/static/js/app.js:11919:28)
    at updateChart (http://localhost:8000/static/js/app.js:13985:31)
    at http://localhost:8000/static/js/app.js:1209:27 @ http://localhost:8000/static/js/app.js:14010
[  400033ms] [ERROR] Failed to load resource: net::ERR_CONNECTION_REFUSED @ http://localhost:8000/api/objects/SharedMemory?server=ee8d9159:0
[  400033ms] [ERROR] Error загрузки ee8d9159:SharedMemory: TypeError: Failed to fetch
    at fetchObjectData (http://localhost:8000/static/js/app.js:11889:28)
    at loadObjectData (http://localhost:8000/static/js/app.js:13547:28)
    at http://localhost:8000/static/js/app.js:1198:23 @ http://localhost:8000/static/js/app.js:13558
[  400034ms] [ERROR] Failed to load resource: net::ERR_CONNECTION_REFUSED @ http://localhost:8000/api/objects/SharedMemory/variables/io%3ASensor1_S/history?count=200&server=ee8d9159:0
[  400034ms] [ERROR] Error обновления графика для io:Sensor1_S: TypeError: Failed to fetch
    at fetchVariableHistory (http://localhost:8000/static/js/app.js:11919:28)
    at updateChart (http://localhost:8000/static/js/app.js:13985:31)
    at http://localhost:8000/static/js/app.js:1209:27 @ http://localhost:8000/static/js/app.js:14010
[  400059ms] [ERROR] Failed to load resource: net::ERR_CONNECTION_REFUSED @ http://localhost:8000/api/recording/status:0
[  401033ms] [ERROR] Failed to load resource: net::ERR_CONNECTION_REFUSED @ http://localhost:8000/api/objects/SharedMemory?server=ee8d9159:0
[  401034ms] [ERROR] Error загрузки ee8d9159:SharedMemory: TypeError: Failed to fetch
    at fetchObjectData (http://localhost:8000/static/js/app.js:11889:28)
    at loadObjectData (http://localhost:8000/static/js/app.js:13547:28)
    at http://localhost:8000/static/js/app.js:1198:23 @ http://localhost:8000/static/js/app.js:13558
[  401034ms] [ERROR] Failed to load resource: net::ERR_CONNECTION_REFUSED @ http://localhost:8000/api/objects/SharedMemory/variables/io%3ASensor1_S/history?count=200&server=ee8d9159:0
[  401034ms] [ERROR] Error обновления графика для io:Sensor1_S: TypeError: Failed to fetch
    at fetchVariableHistory (http://localhost:8000/static/js/app.js:11919:28)
    at updateChart (http://localhost:8000/static/js/app.js:13985:31)
    at http://localhost:8000/static/js/app.js:1209:27 @ http://localhost:8000/static/js/app.js:14010
[  402033ms] [ERROR] Failed to load resource: net::ERR_CONNECTION_REFUSED @ http://localhost:8000/api/objects/SharedMemory?server=ee8d9159:0
[  402033ms] [ERROR] Error загрузки ee8d9159:SharedMemory: TypeError: Failed to fetch
    at fetchObjectData (http://localhost:8000/static/js/app.js:11889:28)
    at loadObjectData (http://localhost:8000/static/js/app.js:13547:28)
    at http://localhost:8000/static/js/app.js:1198:23 @ http://localhost:8000/static/js/app.js:13558
[  402033ms] [ERROR] Failed to load resource: net::ERR_CONNECTION_REFUSED @ http://localhost:8000/api/objects/SharedMemory/variables/io%3ASensor1_S/history?count=200&server=ee8d9159:0
[  402033ms] [ERROR] Error обновления графика для io:Sensor1_S: TypeError: Failed to fetch
    at fetchVariableHistory (http://localhost:8000/static/js/app.js:11919:28)
    at updateChart (http://localhost:8000/static/js/app.js:13985:31)
    at http://localhost:8000/static/js/app.js:1209:27 @ http://localhost:8000/static/js/app.js:14010
[  403031ms] [ERROR] Failed to load resource: net::ERR_CONNECTION_REFUSED @ http://localhost:8000/api/objects/SharedMemory?server=ee8d9159:0
[  403031ms] [ERROR] Error загрузки ee8d9159:SharedMemory: TypeError: Failed to fetch
    at fetchObjectData (http://localhost:8000/static/js/app.js:11889:28)
    at loadObjectData (http://localhost:8000/static/js/app.js:13547:28)
    at http://localhost:8000/static/js/app.js:1198:23 @ http://localhost:8000/static/js/app.js:13558
[  403032ms] [ERROR] Failed to load resource: net::ERR_CONNECTION_REFUSED @ http://localhost:8000/api/objects/SharedMemory/variables/io%3ASensor1_S/history?count=200&server=ee8d9159:0
[  403032ms] [ERROR] Error обновления графика для io:Sensor1_S: TypeError: Failed to fetch
    at fetchVariableHistory (http://localhost:8000/static/js/app.js:11919:28)
    at updateChart (http://localhost:8000/static/js/app.js:13985:31)
    at http://localhost:8000/static/js/app.js:1209:27 @ http://localhost:8000/static/js/app.js:14010
[  404032ms] [ERROR] Failed to load resource: net::ERR_CONNECTION_REFUSED @ http://localhost:8000/api/servers:0
[  404032ms] [ERROR] Error обновления списка объектов: TypeError: Failed to fetch
    at fetchServers (http://localhost:8000/static/js/app.js:11815:28)
    at fetchObjects (http://localhost:8000/static/js/app.js:11822:31)
    at refreshObjectsList (http://localhost:8000/static/js/app.js:11870:28)
    at http://localhost:8000/static/js/app.js:1191:9 @ http://localhost:8000/static/js/app.js:11873
[  404032ms] [ERROR] Failed to load resource: net::ERR_CONNECTION_REFUSED @ http://localhost:8000/api/objects/SharedMemory?server=ee8d9159:0
[  404032ms] [ERROR] Error загрузки ee8d9159:SharedMemory: TypeError: Failed to fetch
    at fetchObjectData (http://localhost:8000/static/js/app.js:11889:28)
    at loadObjectData (http://localhost:8000/static/js/app.js:13547:28)
    at http://localhost:8000/static/js/app.js:1198:23 @ http://localhost:8000/static/js/app.js:13558
[  404032ms] [ERROR] Failed to load resource: net::ERR_CONNECTION_REFUSED @ http://localhost:8000/api/objects/SharedMemory/variables/io%3ASensor1_S/history?count=200&server=ee8d9159:0
[  404032ms] [ERROR] Error обновления графика для io:Sensor1_S: TypeError: Failed to fetch
    at fetchVariableHistory (http://localhost:8000/static/js/app.js:11919:28)
    at updateChart (http://localhost:8000/static/js/app.js:13985:31)
    at http://localhost:8000/static/js/app.js:1209:27 @ http://localhost:8000/static/js/app.js:14010
[  405033ms] [ERROR] Failed to load resource: net::ERR_CONNECTION_REFUSED @ http://localhost:8000/api/objects/SharedMemory?server=ee8d9159:0
[  405033ms] [ERROR] Error загрузки ee8d9159:SharedMemory: TypeError: Failed to fetch
    at fetchObjectData (http://localhost:8000/static/js/app.js:11889:28)
    at loadObjectData (http://localhost:8000/static/js/app.js:13547:28)
    at http://localhost:8000/static/js/app.js:1198:23 @ http://localhost:8000/static/js/app.js:13558
[  405034ms] [ERROR] Failed to load resource: net::ERR_CONNECTION_REFUSED @ http://localhost:8000/api/objects/SharedMemory/variables/io%3ASensor1_S/history?count=200&server=ee8d9159:0
[  405034ms] [ERROR] Error обновления графика для io:Sensor1_S: TypeError: Failed to fetch
    at fetchVariableHistory (http://localhost:8000/static/js/app.js:11919:28)
    at updateChart (http://localhost:8000/static/js/app.js:13985:31)
    at http://localhost:8000/static/js/app.js:1209:27 @ http://localhost:8000/static/js/app.js:14010
[  405058ms] [ERROR] Failed to load resource: net::ERR_CONNECTION_REFUSED @ http://localhost:8000/api/recording/status:0
[  406031ms] [ERROR] Failed to load resource: net::ERR_CONNECTION_REFUSED @ http://localhost:8000/api/objects/SharedMemory?server=ee8d9159:0
[  406031ms] [ERROR] Error загрузки ee8d9159:SharedMemory: TypeError: Failed to fetch
    at fetchObjectData (http://localhost:8000/static/js/app.js:11889:28)
    at loadObjectData (http://localhost:8000/static/js/app.js:13547:28)
    at http://localhost:8000/static/js/app.js:1198:23 @ http://localhost:8000/static/js/app.js:13558
[  406032ms] [ERROR] Failed to load resource: net::ERR_CONNECTION_REFUSED @ http://localhost:8000/api/objects/SharedMemory/variables/io%3ASensor1_S/history?count=200&server=ee8d9159:0
[  406032ms] [ERROR] Error обновления графика для io:Sensor1_S: TypeError: Failed to fetch
    at fetchVariableHistory (http://localhost:8000/static/js/app.js:11919:28)
    at updateChart (http://localhost:8000/static/js/app.js:13985:31)
    at http://localhost:8000/static/js/app.js:1209:27 @ http://localhost:8000/static/js/app.js:14010
[  407031ms] [ERROR] Failed to load resource: net::ERR_CONNECTION_REFUSED @ http://localhost:8000/api/objects/SharedMemory?server=ee8d9159:0
[  407032ms] [ERROR] Error загрузки ee8d9159:SharedMemory: TypeError: Failed to fetch
    at fetchObjectData (http://localhost:8000/static/js/app.js:11889:28)
    at loadObjectData (http://localhost:8000/static/js/app.js:13547:28)
    at http://localhost:8000/static/js/app.js:1198:23 @ http://localhost:8000/static/js/app.js:13558
[  407032ms] [ERROR] Failed to load resource: net::ERR_CONNECTION_REFUSED @ http://localhost:8000/api/objects/SharedMemory/variables/io%3ASensor1_S/history?count=200&server=ee8d9159:0
[  407032ms] [ERROR] Error обновления графика для io:Sensor1_S: TypeError: Failed to fetch
    at fetchVariableHistory (http://localhost:8000/static/js/app.js:11919:28)
    at updateChart (http://localhost:8000/static/js/app.js:13985:31)
    at http://localhost:8000/static/js/app.js:1209:27 @ http://localhost:8000/static/js/app.js:14010
[  408032ms] [ERROR] Failed to load resource: net::ERR_CONNECTION_REFUSED @ http://localhost:8000/api/objects/SharedMemory?server=ee8d9159:0
[  408032ms] [ERROR] Error загрузки ee8d9159:SharedMemory: TypeError: Failed to fetch
    at fetchObjectData (http://localhost:8000/static/js/app.js:11889:28)
    at loadObjectData (http://localhost:8000/static/js/app.js:13547:28)
    at http://localhost:8000/static/js/app.js:1198:23 @ http://localhost:8000/static/js/app.js:13558
[  408032ms] [ERROR] Failed to load resource: net::ERR_CONNECTION_REFUSED @ http://localhost:8000/api/objects/SharedMemory/variables/io%3ASensor1_S/history?count=200&server=ee8d9159:0
[  408032ms] [ERROR] Error обновления графика для io:Sensor1_S: TypeError: Failed to fetch
    at fetchVariableHistory (http://localhost:8000/static/js/app.js:11919:28)
    at updateChart (http://localhost:8000/static/js/app.js:13985:31)
    at http://localhost:8000/static/js/app.js:1209:27 @ http://localhost:8000/static/js/app.js:14010
[  409034ms] [ERROR] Failed to load resource: net::ERR_CONNECTION_REFUSED @ http://localhost:8000/api/objects/SharedMemory?server=ee8d9159:0
[  409034ms] [ERROR] Error загрузки ee8d9159:SharedMemory: TypeError: Failed to fetch
    at fetchObjectData (http://localhost:8000/static/js/app.js:11889:28)
    at loadObjectData (http://localhost:8000/static/js/app.js:13547:28)
    at http://localhost:8000/static/js/app.js:1198:23 @ http://localhost:8000/static/js/app.js:13558
[  409034ms] [ERROR] Failed to load resource: net::ERR_CONNECTION_REFUSED @ http://localhost:8000/api/objects/SharedMemory/variables/io%3ASensor1_S/history?count=200&server=ee8d9159:0
[  409035ms] [ERROR] Error обновления графика для io:Sensor1_S: TypeError: Failed to fetch
    at fetchVariableHistory (http://localhost:8000/static/js/app.js:11919:28)
    at updateChart (http://localhost:8000/static/js/app.js:13985:31)
    at http://localhost:8000/static/js/app.js:1209:27 @ http://localhost:8000/static/js/app.js:14010
[  410032ms] [ERROR] Failed to load resource: net::ERR_CONNECTION_REFUSED @ http://localhost:8000/api/servers:0
[  410032ms] [ERROR] Error обновления списка объектов: TypeError: Failed to fetch
    at fetchServers (http://localhost:8000/static/js/app.js:11815:28)
    at fetchObjects (http://localhost:8000/static/js/app.js:11822:31)
    at refreshObjectsList (http://localhost:8000/static/js/app.js:11870:28)
    at http://localhost:8000/static/js/app.js:1191:9 @ http://localhost:8000/static/js/app.js:11873
[  410033ms] [ERROR] Failed to load resource: net::ERR_CONNECTION_REFUSED @ http://localhost:8000/api/objects/SharedMemory?server=ee8d9159:0
[  410033ms] [ERROR] Error загрузки ee8d9159:SharedMemory: TypeError: Failed to fetch
    at fetchObjectData (http://localhost:8000/static/js/app.js:11889:28)
    at loadObjectData (http://localhost:8000/static/js/app.js:13547:28)
    at http://localhost:8000/static/js/app.js:1198:23 @ http://localhost:8000/static/js/app.js:13558
[  410033ms] [ERROR] Failed to load resource: net::ERR_CONNECTION_REFUSED @ http://localhost:8000/api/objects/SharedMemory/variables/io%3ASensor1_S/history?count=200&server=ee8d9159:0
[  410033ms] [ERROR] Error обновления графика для io:Sensor1_S: TypeError: Failed to fetch
    at fetchVariableHistory (http://localhost:8000/static/js/app.js:11919:28)
    at updateChart (http://localhost:8000/static/js/app.js:13985:31)
    at http://localhost:8000/static/js/app.js:1209:27 @ http://localhost:8000/static/js/app.js:14010
[  410059ms] [ERROR] Failed to load resource: net::ERR_CONNECTION_REFUSED @ http://localhost:8000/api/recording/status:0
[  411033ms] [ERROR] Failed to load resource: net::ERR_CONNECTION_REFUSED @ http://localhost:8000/api/objects/SharedMemory?server=ee8d9159:0
[  411033ms] [ERROR] Error загрузки ee8d9159:SharedMemory: TypeError: Failed to fetch
    at fetchObjectData (http://localhost:8000/static/js/app.js:11889:28)
    at loadObjectData (http://localhost:8000/static/js/app.js:13547:28)
    at http://localhost:8000/static/js/app.js:1198:23 @ http://localhost:8000/static/js/app.js:13558
[  411033ms] [ERROR] Failed to load resource: net::ERR_CONNECTION_REFUSED @ http://localhost:8000/api/objects/SharedMemory/variables/io%3ASensor1_S/history?count=200&server=ee8d9159:0
[  411033ms] [ERROR] Error обновления графика для io:Sensor1_S: TypeError: Failed to fetch
    at fetchVariableHistory (http://localhost:8000/static/js/app.js:11919:28)
    at updateChart (http://localhost:8000/static/js/app.js:13985:31)
    at http://localhost:8000/static/js/app.js:1209:27 @ http://localhost:8000/static/js/app.js:14010
[  412032ms] [ERROR] Failed to load resource: net::ERR_CONNECTION_REFUSED @ http://localhost:8000/api/objects/SharedMemory?server=ee8d9159:0
[  412032ms] [ERROR] Error загрузки ee8d9159:SharedMemory: TypeError: Failed to fetch
    at fetchObjectData (http://localhost:8000/static/js/app.js:11889:28)
    at loadObjectData (http://localhost:8000/static/js/app.js:13547:28)
    at http://localhost:8000/static/js/app.js:1198:23 @ http://localhost:8000/static/js/app.js:13558
[  412033ms] [ERROR] Failed to load resource: net::ERR_CONNECTION_REFUSED @ http://localhost:8000/api/objects/SharedMemory/variables/io%3ASensor1_S/history?count=200&server=ee8d9159:0
[  412033ms] [ERROR] Error обновления графика для io:Sensor1_S: TypeError: Failed to fetch
    at fetchVariableHistory (http://localhost:8000/static/js/app.js:11919:28)
    at updateChart (http://localhost:8000/static/js/app.js:13985:31)
    at http://localhost:8000/static/js/app.js:1209:27 @ http://localhost:8000/static/js/app.js:14010
[  413033ms] [ERROR] Failed to load resource: net::ERR_CONNECTION_REFUSED @ http://localhost:8000/api/objects/SharedMemory?server=ee8d9159:0
[  413033ms] [ERROR] Error загрузки ee8d9159:SharedMemory: TypeError: Failed to fetch
    at fetchObjectData (http://localhost:8000/static/js/app.js:11889:28)
    at loadObjectData (http://localhost:8000/static/js/app.js:13547:28)
    at http://localhost:8000/static/js/app.js:1198:23 @ http://localhost:8000/static/js/app.js:13558
[  413034ms] [ERROR] Failed to load resource: net::ERR_CONNECTION_REFUSED @ http://localhost:8000/api/objects/SharedMemory/variables/io%3ASensor1_S/history?count=200&server=ee8d9159:0
[  413034ms] [ERROR] Error обновления графика для io:Sensor1_S: TypeError: Failed to fetch
    at fetchVariableHistory (http://localhost:8000/static/js/app.js:11919:28)
    at updateChart (http://localhost:8000/static/js/app.js:13985:31)
    at http://localhost:8000/static/js/app.js:1209:27 @ http://localhost:8000/static/js/app.js:14010
[  414032ms] [ERROR] Failed to load resource: net::ERR_CONNECTION_REFUSED @ http://localhost:8000/api/objects/SharedMemory?server=ee8d9159:0
[  414032ms] [ERROR] Error загрузки ee8d9159:SharedMemory: TypeError: Failed to fetch
    at fetchObjectData (http://localhost:8000/static/js/app.js:11889:28)
    at loadObjectData (http://localhost:8000/static/js/app.js:13547:28)
    at http://localhost:8000/static/js/app.js:1198:23 @ http://localhost:8000/static/js/app.js:13558
[  414032ms] [ERROR] Failed to load resource: net::ERR_CONNECTION_REFUSED @ http://localhost:8000/api/objects/SharedMemory/variables/io%3ASensor1_S/history?count=200&server=ee8d9159:0
[  414032ms] [ERROR] Error обновления графика для io:Sensor1_S: TypeError: Failed to fetch
    at fetchVariableHistory (http://localhost:8000/static/js/app.js:11919:28)
    at updateChart (http://localhost:8000/static/js/app.js:13985:31)
    at http://localhost:8000/static/js/app.js:1209:27 @ http://localhost:8000/static/js/app.js:14010
[  415031ms] [ERROR] Failed to load resource: net::ERR_CONNECTION_REFUSED @ http://localhost:8000/api/objects/SharedMemory?server=ee8d9159:0
[  415032ms] [ERROR] Error загрузки ee8d9159:SharedMemory: TypeError: Failed to fetch
    at fetchObjectData (http://localhost:8000/static/js/app.js:11889:28)
    at loadObjectData (http://localhost:8000/static/js/app.js:13547:28)
    at http://localhost:8000/static/js/app.js:1198:23 @ http://localhost:8000/static/js/app.js:13558
[  415032ms] [ERROR] Failed to load resource: net::ERR_CONNECTION_REFUSED @ http://localhost:8000/api/objects/SharedMemory/variables/io%3ASensor1_S/history?count=200&server=ee8d9159:0
[  415032ms] [ERROR] Error обновления графика для io:Sensor1_S: TypeError: Failed to fetch
    at fetchVariableHistory (http://localhost:8000/static/js/app.js:11919:28)
    at updateChart (http://localhost:8000/static/js/app.js:13985:31)
    at http://localhost:8000/static/js/app.js:1209:27 @ http://localhost:8000/static/js/app.js:14010
[  415058ms] [ERROR] Failed to load resource: net::ERR_CONNECTION_REFUSED @ http://localhost:8000/api/recording/status:0
[  416034ms] [ERROR] Failed to load resource: net::ERR_CONNECTION_REFUSED @ http://localhost:8000/api/servers:0
[  416034ms] [ERROR] Error обновления списка объектов: TypeError: Failed to fetch
    at fetchServers (http://localhost:8000/static/js/app.js:11815:28)
    at fetchObjects (http://localhost:8000/static/js/app.js:11822:31)
    at refreshObjectsList (http://localhost:8000/static/js/app.js:11870:28)
    at http://localhost:8000/static/js/app.js:1191:9 @ http://localhost:8000/static/js/app.js:11873
[  416035ms] [ERROR] Failed to load resource: net::ERR_CONNECTION_REFUSED @ http://localhost:8000/api/objects/SharedMemory?server=ee8d9159:0
[  416035ms] [ERROR] Error загрузки ee8d9159:SharedMemory: TypeError: Failed to fetch
    at fetchObjectData (http://localhost:8000/static/js/app.js:11889:28)
    at loadObjectData (http://localhost:8000/static/js/app.js:13547:28)
    at http://localhost:8000/static/js/app.js:1198:23 @ http://localhost:8000/static/js/app.js:13558
[  416035ms] [ERROR] Failed to load resource: net::ERR_CONNECTION_REFUSED @ http://localhost:8000/api/objects/SharedMemory/variables/io%3ASensor1_S/history?count=200&server=ee8d9159:0
[  416035ms] [ERROR] Error обновления графика для io:Sensor1_S: TypeError: Failed to fetch
    at fetchVariableHistory (http://localhost:8000/static/js/app.js:11919:28)
    at updateChart (http://localhost:8000/static/js/app.js:13985:31)
    at http://localhost:8000/static/js/app.js:1209:27 @ http://localhost:8000/static/js/app.js:14010
[  417031ms] [ERROR] Failed to load resource: net::ERR_CONNECTION_REFUSED @ http://localhost:8000/api/objects/SharedMemory?server=ee8d9159:0
[  417031ms] [ERROR] Error загрузки ee8d9159:SharedMemory: TypeError: Failed to fetch
    at fetchObjectData (http://localhost:8000/static/js/app.js:11889:28)
    at loadObjectData (http://localhost:8000/static/js/app.js:13547:28)
    at http://localhost:8000/static/js/app.js:1198:23 @ http://localhost:8000/static/js/app.js:13558
[  417031ms] [ERROR] Failed to load resource: net::ERR_CONNECTION_REFUSED @ http://localhost:8000/api/objects/SharedMemory/variables/io%3ASensor1_S/history?count=200&server=ee8d9159:0
[  417032ms] [ERROR] Error обновления графика для io:Sensor1_S: TypeError: Failed to fetch
    at fetchVariableHistory (http://localhost:8000/static/js/app.js:11919:28)
    at updateChart (http://localhost:8000/static/js/app.js:13985:31)
    at http://localhost:8000/static/js/app.js:1209:27 @ http://localhost:8000/static/js/app.js:14010
[  418034ms] [ERROR] Failed to load resource: net::ERR_CONNECTION_REFUSED @ http://localhost:8000/api/objects/SharedMemory?server=ee8d9159:0
[  418034ms] [ERROR] Error загрузки ee8d9159:SharedMemory: TypeError: Failed to fetch
    at fetchObjectData (http://localhost:8000/static/js/app.js:11889:28)
    at loadObjectData (http://localhost:8000/static/js/app.js:13547:28)
    at http://localhost:8000/static/js/app.js:1198:23 @ http://localhost:8000/static/js/app.js:13558
[  418034ms] [ERROR] Failed to load resource: net::ERR_CONNECTION_REFUSED @ http://localhost:8000/api/objects/SharedMemory/variables/io%3ASensor1_S/history?count=200&server=ee8d9159:0
[  418034ms] [ERROR] Error обновления графика для io:Sensor1_S: TypeError: Failed to fetch
    at fetchVariableHistory (http://localhost:8000/static/js/app.js:11919:28)
    at updateChart (http://localhost:8000/static/js/app.js:13985:31)
    at http://localhost:8000/static/js/app.js:1209:27 @ http://localhost:8000/static/js/app.js:14010
[  419035ms] [ERROR] Failed to load resource: net::ERR_CONNECTION_REFUSED @ http://localhost:8000/api/objects/SharedMemory?server=ee8d9159:0
[  419035ms] [ERROR] Error загрузки ee8d9159:SharedMemory: TypeError: Failed to fetch
    at fetchObjectData (http://localhost:8000/static/js/app.js:11889:28)
    at loadObjectData (http://localhost:8000/static/js/app.js:13547:28)
    at http://localhost:8000/static/js/app.js:1198:23 @ http://localhost:8000/static/js/app.js:13558
[  419036ms] [ERROR] Failed to load resource: net::ERR_CONNECTION_REFUSED @ http://localhost:8000/api/objects/SharedMemory/variables/io%3ASensor1_S/history?count=200&server=ee8d9159:0
[  419036ms] [ERROR] Error обновления графика для io:Sensor1_S: TypeError: Failed to fetch
    at fetchVariableHistory (http://localhost:8000/static/js/app.js:11919:28)
    at updateChart (http://localhost:8000/static/js/app.js:13985:31)
    at http://localhost:8000/static/js/app.js:1209:27 @ http://localhost:8000/static/js/app.js:14010
[  420033ms] [ERROR] Failed to load resource: net::ERR_CONNECTION_REFUSED @ http://localhost:8000/api/objects/SharedMemory?server=ee8d9159:0
[  420033ms] [ERROR] Error загрузки ee8d9159:SharedMemory: TypeError: Failed to fetch
    at fetchObjectData (http://localhost:8000/static/js/app.js:11889:28)
    at loadObjectData (http://localhost:8000/static/js/app.js:13547:28)
    at http://localhost:8000/static/js/app.js:1198:23 @ http://localhost:8000/static/js/app.js:13558
[  420033ms] [ERROR] Failed to load resource: net::ERR_CONNECTION_REFUSED @ http://localhost:8000/api/objects/SharedMemory/variables/io%3ASensor1_S/history?count=200&server=ee8d9159:0
[  420033ms] [ERROR] Error обновления графика для io:Sensor1_S: TypeError: Failed to fetch
    at fetchVariableHistory (http://localhost:8000/static/js/app.js:11919:28)
    at updateChart (http://localhost:8000/static/js/app.js:13985:31)
    at http://localhost:8000/static/js/app.js:1209:27 @ http://localhost:8000/static/js/app.js:14010
[  420059ms] [ERROR] Failed to load resource: net::ERR_CONNECTION_REFUSED @ http://localhost:8000/api/recording/status:0
[  421034ms] [ERROR] Failed to load resource: net::ERR_CONNECTION_REFUSED @ http://localhost:8000/api/objects/SharedMemory?server=ee8d9159:0
[  421034ms] [ERROR] Error загрузки ee8d9159:SharedMemory: TypeError: Failed to fetch
    at fetchObjectData (http://localhost:8000/static/js/app.js:11889:28)
    at loadObjectData (http://localhost:8000/static/js/app.js:13547:28)
    at http://localhost:8000/static/js/app.js:1198:23 @ http://localhost:8000/static/js/app.js:13558
[  421035ms] [ERROR] Failed to load resource: net::ERR_CONNECTION_REFUSED @ http://localhost:8000/api/objects/SharedMemory/variables/io%3ASensor1_S/history?count=200&server=ee8d9159:0
[  421035ms] [ERROR] Error обновления графика для io:Sensor1_S: TypeError: Failed to fetch
    at fetchVariableHistory (http://localhost:8000/static/js/app.js:11919:28)
    at updateChart (http://localhost:8000/static/js/app.js:13985:31)
    at http://localhost:8000/static/js/app.js:1209:27 @ http://localhost:8000/static/js/app.js:14010
[  422034ms] [ERROR] Failed to load resource: net::ERR_CONNECTION_REFUSED @ http://localhost:8000/api/servers:0
[  422035ms] [ERROR] Error обновления списка объектов: TypeError: Failed to fetch
    at fetchServers (http://localhost:8000/static/js/app.js:11815:28)
    at fetchObjects (http://localhost:8000/static/js/app.js:11822:31)
    at refreshObjectsList (http://localhost:8000/static/js/app.js:11870:28)
    at http://localhost:8000/static/js/app.js:1191:9 @ http://localhost:8000/static/js/app.js:11873
[  422035ms] [ERROR] Failed to load resource: net::ERR_CONNECTION_REFUSED @ http://localhost:8000/api/objects/SharedMemory?server=ee8d9159:0
[  422035ms] [ERROR] Error загрузки ee8d9159:SharedMemory: TypeError: Failed to fetch
    at fetchObjectData (http://localhost:8000/static/js/app.js:11889:28)
    at loadObjectData (http://localhost:8000/static/js/app.js:13547:28)
    at http://localhost:8000/static/js/app.js:1198:23 @ http://localhost:8000/static/js/app.js:13558
[  422036ms] [ERROR] Failed to load resource: net::ERR_CONNECTION_REFUSED @ http://localhost:8000/api/objects/SharedMemory/variables/io%3ASensor1_S/history?count=200&server=ee8d9159:0
[  422036ms] [ERROR] Error обновления графика для io:Sensor1_S: TypeError: Failed to fetch
    at fetchVariableHistory (http://localhost:8000/static/js/app.js:11919:28)
    at updateChart (http://localhost:8000/static/js/app.js:13985:31)
    at http://localhost:8000/static/js/app.js:1209:27 @ http://localhost:8000/static/js/app.js:14010
[  422036ms] [ERROR] Failed to load resource: net::ERR_CONNECTION_REFUSED @ http://localhost:8000/api/version:0
[  423034ms] [ERROR] Failed to load resource: net::ERR_CONNECTION_REFUSED @ http://localhost:8000/api/objects/SharedMemory?server=ee8d9159:0
[  423034ms] [ERROR] Error загрузки ee8d9159:SharedMemory: TypeError: Failed to fetch
    at fetchObjectData (http://localhost:8000/static/js/app.js:11889:28)
    at loadObjectData (http://localhost:8000/static/js/app.js:13547:28)
    at http://localhost:8000/static/js/app.js:1198:23 @ http://localhost:8000/static/js/app.js:13558
[  423034ms] [ERROR] Failed to load resource: net::ERR_CONNECTION_REFUSED @ http://localhost:8000/api/objects/SharedMemory/variables/io%3ASensor1_S/history?count=200&server=ee8d9159:0
[  423035ms] [ERROR] Error обновления графика для io:Sensor1_S: TypeError: Failed to fetch
    at fetchVariableHistory (http://localhost:8000/static/js/app.js:11919:28)
    at updateChart (http://localhost:8000/static/js/app.js:13985:31)
    at http://localhost:8000/static/js/app.js:1209:27 @ http://localhost:8000/static/js/app.js:14010
[  424034ms] [ERROR] Failed to load resource: net::ERR_CONNECTION_REFUSED @ http://localhost:8000/api/objects/SharedMemory?server=ee8d9159:0
[  424034ms] [ERROR] Error загрузки ee8d9159:SharedMemory: TypeError: Failed to fetch
    at fetchObjectData (http://localhost:8000/static/js/app.js:11889:28)
    at loadObjectData (http://localhost:8000/static/js/app.js:13547:28)
    at http://localhost:8000/static/js/app.js:1198:23 @ http://localhost:8000/static/js/app.js:13558
[  424034ms] [ERROR] Failed to load resource: net::ERR_CONNECTION_REFUSED @ http://localhost:8000/api/objects/SharedMemory/variables/io%3ASensor1_S/history?count=200&server=ee8d9159:0
[  424034ms] [ERROR] Error обновления графика для io:Sensor1_S: TypeError: Failed to fetch
    at fetchVariableHistory (http://localhost:8000/static/js/app.js:11919:28)
    at updateChart (http://localhost:8000/static/js/app.js:13985:31)
    at http://localhost:8000/static/js/app.js:1209:27 @ http://localhost:8000/static/js/app.js:14010
[  425034ms] [ERROR] Failed to load resource: net::ERR_CONNECTION_REFUSED @ http://localhost:8000/api/objects/SharedMemory?server=ee8d9159:0
[  425034ms] [ERROR] Error загрузки ee8d9159:SharedMemory: TypeError: Failed to fetch
    at fetchObjectData (http://localhost:8000/static/js/app.js:11889:28)
    at loadObjectData (http://localhost:8000/static/js/app.js:13547:28)
    at http://localhost:8000/static/js/app.js:1198:23 @ http://localhost:8000/static/js/app.js:13558
[  425035ms] [ERROR] Failed to load resource: net::ERR_CONNECTION_REFUSED @ http://localhost:8000/api/objects/SharedMemory/variables/io%3ASensor1_S/history?count=200&server=ee8d9159:0
[  425035ms] [ERROR] Error обновления графика для io:Sensor1_S: TypeError: Failed to fetch
    at fetchVariableHistory (http://localhost:8000/static/js/app.js:11919:28)
    at updateChart (http://localhost:8000/static/js/app.js:13985:31)
    at http://localhost:8000/static/js/app.js:1209:27 @ http://localhost:8000/static/js/app.js:14010
[  425059ms] [ERROR] Failed to load resource: net::ERR_CONNECTION_REFUSED @ http://localhost:8000/api/recording/status:0
[  426033ms] [ERROR] Failed to load resource: net::ERR_CONNECTION_REFUSED @ http://localhost:8000/api/objects/SharedMemory?server=ee8d9159:0
[  426033ms] [ERROR] Error загрузки ee8d9159:SharedMemory: TypeError: Failed to fetch
    at fetchObjectData (http://localhost:8000/static/js/app.js:11889:28)
    at loadObjectData (http://localhost:8000/static/js/app.js:13547:28)
    at http://localhost:8000/static/js/app.js:1198:23 @ http://localhost:8000/static/js/app.js:13558
[  426034ms] [ERROR] Failed to load resource: net::ERR_CONNECTION_REFUSED @ http://localhost:8000/api/objects/SharedMemory/variables/io%3ASensor1_S/history?count=200&server=ee8d9159:0
[  426034ms] [ERROR] Error обновления графика для io:Sensor1_S: TypeError: Failed to fetch
    at fetchVariableHistory (http://localhost:8000/static/js/app.js:11919:28)
    at updateChart (http://localhost:8000/static/js/app.js:13985:31)
    at http://localhost:8000/static/js/app.js:1209:27 @ http://localhost:8000/static/js/app.js:14010
[  427031ms] [ERROR] Failed to load resource: net::ERR_CONNECTION_REFUSED @ http://localhost:8000/api/objects/SharedMemory?server=ee8d9159:0
[  427031ms] [ERROR] Error загрузки ee8d9159:SharedMemory: TypeError: Failed to fetch
    at fetchObjectData (http://localhost:8000/static/js/app.js:11889:28)
    at loadObjectData (http://localhost:8000/static/js/app.js:13547:28)
    at http://localhost:8000/static/js/app.js:1198:23 @ http://localhost:8000/static/js/app.js:13558
[  427032ms] [ERROR] Failed to load resource: net::ERR_CONNECTION_REFUSED @ http://localhost:8000/api/objects/SharedMemory/variables/io%3ASensor1_S/history?count=200&server=ee8d9159:0
[  427032ms] [ERROR] Error обновления графика для io:Sensor1_S: TypeError: Failed to fetch
    at fetchVariableHistory (http://localhost:8000/static/js/app.js:11919:28)
    at updateChart (http://localhost:8000/static/js/app.js:13985:31)
    at http://localhost:8000/static/js/app.js:1209:27 @ http://localhost:8000/static/js/app.js:14010
[  428034ms] [ERROR] Failed to load resource: net::ERR_CONNECTION_REFUSED @ http://localhost:8000/api/servers:0
[  428034ms] [ERROR] Error обновления списка объектов: TypeError: Failed to fetch
    at fetchServers (http://localhost:8000/static/js/app.js:11815:28)
    at fetchObjects (http://localhost:8000/static/js/app.js:11822:31)
    at refreshObjectsList (http://localhost:8000/static/js/app.js:11870:28)
    at http://localhost:8000/static/js/app.js:1191:9 @ http://localhost:8000/static/js/app.js:11873
[  428035ms] [ERROR] Failed to load resource: net::ERR_CONNECTION_REFUSED @ http://localhost:8000/api/objects/SharedMemory?server=ee8d9159:0
[  428035ms] [ERROR] Error загрузки ee8d9159:SharedMemory: TypeError: Failed to fetch
    at fetchObjectData (http://localhost:8000/static/js/app.js:11889:28)
    at loadObjectData (http://localhost:8000/static/js/app.js:13547:28)
    at http://localhost:8000/static/js/app.js:1198:23 @ http://localhost:8000/static/js/app.js:13558
[  428035ms] [ERROR] Failed to load resource: net::ERR_CONNECTION_REFUSED @ http://localhost:8000/api/objects/SharedMemory/variables/io%3ASensor1_S/history?count=200&server=ee8d9159:0
[  428035ms] [ERROR] Error обновления графика для io:Sensor1_S: TypeError: Failed to fetch
    at fetchVariableHistory (http://localhost:8000/static/js/app.js:11919:28)
    at updateChart (http://localhost:8000/static/js/app.js:13985:31)
    at http://localhost:8000/static/js/app.js:1209:27 @ http://localhost:8000/static/js/app.js:14010
[  429034ms] [ERROR] Failed to load resource: net::ERR_CONNECTION_REFUSED @ http://localhost:8000/api/objects/SharedMemory?server=ee8d9159:0
[  429034ms] [ERROR] Error загрузки ee8d9159:SharedMemory: TypeError: Failed to fetch
    at fetchObjectData (http://localhost:8000/static/js/app.js:11889:28)
    at loadObjectData (http://localhost:8000/static/js/app.js:13547:28)
    at http://localhost:8000/static/js/app.js:1198:23 @ http://localhost:8000/static/js/app.js:13558
[  429034ms] [ERROR] Failed to load resource: net::ERR_CONNECTION_REFUSED @ http://localhost:8000/api/objects/SharedMemory/variables/io%3ASensor1_S/history?count=200&server=ee8d9159:0
[  429034ms] [ERROR] Error обновления графика для io:Sensor1_S: TypeError: Failed to fetch
    at fetchVariableHistory (http://localhost:8000/static/js/app.js:11919:28)
    at updateChart (http://localhost:8000/static/js/app.js:13985:31)
    at http://localhost:8000/static/js/app.js:1209:27 @ http://localhost:8000/static/js/app.js:14010
[  430032ms] [ERROR] Failed to load resource: net::ERR_CONNECTION_REFUSED @ http://localhost:8000/api/objects/SharedMemory?server=ee8d9159:0
[  430032ms] [ERROR] Error загрузки ee8d9159:SharedMemory: TypeError: Failed to fetch
    at fetchObjectData (http://localhost:8000/static/js/app.js:11889:28)
    at loadObjectData (http://localhost:8000/static/js/app.js:13547:28)
    at http://localhost:8000/static/js/app.js:1198:23 @ http://localhost:8000/static/js/app.js:13558
[  430033ms] [ERROR] Failed to load resource: net::ERR_CONNECTION_REFUSED @ http://localhost:8000/api/objects/SharedMemory/variables/io%3ASensor1_S/history?count=200&server=ee8d9159:0
[  430033ms] [ERROR] Error обновления графика для io:Sensor1_S: TypeError: Failed to fetch
    at fetchVariableHistory (http://localhost:8000/static/js/app.js:11919:28)
    at updateChart (http://localhost:8000/static/js/app.js:13985:31)
    at http://localhost:8000/static/js/app.js:1209:27 @ http://localhost:8000/static/js/app.js:14010
[  430059ms] [ERROR] Failed to load resource: net::ERR_CONNECTION_REFUSED @ http://localhost:8000/api/recording/status:0
[  431033ms] [ERROR] Failed to load resource: net::ERR_CONNECTION_REFUSED @ http://localhost:8000/api/objects/SharedMemory?server=ee8d9159:0
[  431034ms] [ERROR] Error загрузки ee8d9159:SharedMemory: TypeError: Failed to fetch
    at fetchObjectData (http://localhost:8000/static/js/app.js:11889:28)
    at loadObjectData (http://localhost:8000/static/js/app.js:13547:28)
    at http://localhost:8000/static/js/app.js:1198:23 @ http://localhost:8000/static/js/app.js:13558
[  431034ms] [ERROR] Failed to load resource: net::ERR_CONNECTION_REFUSED @ http://localhost:8000/api/objects/SharedMemory/variables/io%3ASensor1_S/history?count=200&server=ee8d9159:0
[  431034ms] [ERROR] Error обновления графика для io:Sensor1_S: TypeError: Failed to fetch
    at fetchVariableHistory (http://localhost:8000/static/js/app.js:11919:28)
    at updateChart (http://localhost:8000/static/js/app.js:13985:31)
    at http://localhost:8000/static/js/app.js:1209:27 @ http://localhost:8000/static/js/app.js:14010
[  432031ms] [ERROR] Failed to load resource: net::ERR_CONNECTION_REFUSED @ http://localhost:8000/api/objects/SharedMemory?server=ee8d9159:0
[  432031ms] [ERROR] Error загрузки ee8d9159:SharedMemory: TypeError: Failed to fetch
    at fetchObjectData (http://localhost:8000/static/js/app.js:11889:28)
    at loadObjectData (http://localhost:8000/static/js/app.js:13547:28)
    at http://localhost:8000/static/js/app.js:1198:23 @ http://localhost:8000/static/js/app.js:13558
[  432032ms] [ERROR] Failed to load resource: net::ERR_CONNECTION_REFUSED @ http://localhost:8000/api/objects/SharedMemory/variables/io%3ASensor1_S/history?count=200&server=ee8d9159:0
[  432032ms] [ERROR] Error обновления графика для io:Sensor1_S: TypeError: Failed to fetch
    at fetchVariableHistory (http://localhost:8000/static/js/app.js:11919:28)
    at updateChart (http://localhost:8000/static/js/app.js:13985:31)
    at http://localhost:8000/static/js/app.js:1209:27 @ http://localhost:8000/static/js/app.js:14010
[  433032ms] [ERROR] Failed to load resource: net::ERR_CONNECTION_REFUSED @ http://localhost:8000/api/objects/SharedMemory?server=ee8d9159:0
[  433032ms] [ERROR] Error загрузки ee8d9159:SharedMemory: TypeError: Failed to fetch
    at fetchObjectData (http://localhost:8000/static/js/app.js:11889:28)
    at loadObjectData (http://localhost:8000/static/js/app.js:13547:28)
    at http://localhost:8000/static/js/app.js:1198:23 @ http://localhost:8000/static/js/app.js:13558
[  433033ms] [ERROR] Failed to load resource: net::ERR_CONNECTION_REFUSED @ http://localhost:8000/api/objects/SharedMemory/variables/io%3ASensor1_S/history?count=200&server=ee8d9159:0
[  433033ms] [ERROR] Error обновления графика для io:Sensor1_S: TypeError: Failed to fetch
    at fetchVariableHistory (http://localhost:8000/static/js/app.js:11919:28)
    at updateChart (http://localhost:8000/static/js/app.js:13985:31)
    at http://localhost:8000/static/js/app.js:1209:27 @ http://localhost:8000/static/js/app.js:14010
[  434035ms] [ERROR] Failed to load resource: net::ERR_CONNECTION_REFUSED @ http://localhost:8000/api/servers:0
[  434035ms] [ERROR] Error обновления списка объектов: TypeError: Failed to fetch
    at fetchServers (http://localhost:8000/static/js/app.js:11815:28)
    at fetchObjects (http://localhost:8000/static/js/app.js:11822:31)
    at refreshObjectsList (http://localhost:8000/static/js/app.js:11870:28)
    at http://localhost:8000/static/js/app.js:1191:9 @ http://localhost:8000/static/js/app.js:11873
[  434035ms] [ERROR] Failed to load resource: net::ERR_CONNECTION_REFUSED @ http://localhost:8000/api/objects/SharedMemory?server=ee8d9159:0
[  434035ms] [ERROR] Error загрузки ee8d9159:SharedMemory: TypeError: Failed to fetch
    at fetchObjectData (http://localhost:8000/static/js/app.js:11889:28)
    at loadObjectData (http://localhost:8000/static/js/app.js:13547:28)
    at http://localhost:8000/static/js/app.js:1198:23 @ http://localhost:8000/static/js/app.js:13558
[  434036ms] [ERROR] Failed to load resource: net::ERR_CONNECTION_REFUSED @ http://localhost:8000/api/objects/SharedMemory/variables/io%3ASensor1_S/history?count=200&server=ee8d9159:0
[  434036ms] [ERROR] Error обновления графика для io:Sensor1_S: TypeError: Failed to fetch
    at fetchVariableHistory (http://localhost:8000/static/js/app.js:11919:28)
    at updateChart (http://localhost:8000/static/js/app.js:13985:31)
    at http://localhost:8000/static/js/app.js:1209:27 @ http://localhost:8000/static/js/app.js:14010
[  435033ms] [ERROR] Failed to load resource: net::ERR_CONNECTION_REFUSED @ http://localhost:8000/api/objects/SharedMemory?server=ee8d9159:0
[  435033ms] [ERROR] Error загрузки ee8d9159:SharedMemory: TypeError: Failed to fetch
    at fetchObjectData (http://localhost:8000/static/js/app.js:11889:28)
    at loadObjectData (http://localhost:8000/static/js/app.js:13547:28)
    at http://localhost:8000/static/js/app.js:1198:23 @ http://localhost:8000/static/js/app.js:13558
[  435033ms] [ERROR] Failed to load resource: net::ERR_CONNECTION_REFUSED @ http://localhost:8000/api/objects/SharedMemory/variables/io%3ASensor1_S/history?count=200&server=ee8d9159:0
[  435033ms] [ERROR] Error обновления графика для io:Sensor1_S: TypeError: Failed to fetch
    at fetchVariableHistory (http://localhost:8000/static/js/app.js:11919:28)
    at updateChart (http://localhost:8000/static/js/app.js:13985:31)
    at http://localhost:8000/static/js/app.js:1209:27 @ http://localhost:8000/static/js/app.js:14010
[  435058ms] [ERROR] Failed to load resource: net::ERR_CONNECTION_REFUSED @ http://localhost:8000/api/recording/status:0
[  436033ms] [ERROR] Failed to load resource: net::ERR_CONNECTION_REFUSED @ http://localhost:8000/api/objects/SharedMemory?server=ee8d9159:0
[  436033ms] [ERROR] Error загрузки ee8d9159:SharedMemory: TypeError: Failed to fetch
    at fetchObjectData (http://localhost:8000/static/js/app.js:11889:28)
    at loadObjectData (http://localhost:8000/static/js/app.js:13547:28)
    at http://localhost:8000/static/js/app.js:1198:23 @ http://localhost:8000/static/js/app.js:13558
[  436033ms] [ERROR] Failed to load resource: net::ERR_CONNECTION_REFUSED @ http://localhost:8000/api/objects/SharedMemory/variables/io%3ASensor1_S/history?count=200&server=ee8d9159:0
[  436033ms] [ERROR] Error обновления графика для io:Sensor1_S: TypeError: Failed to fetch
    at fetchVariableHistory (http://localhost:8000/static/js/app.js:11919:28)
    at updateChart (http://localhost:8000/static/js/app.js:13985:31)
    at http://localhost:8000/static/js/app.js:1209:27 @ http://localhost:8000/static/js/app.js:14010
[  437033ms] [ERROR] Failed to load resource: net::ERR_CONNECTION_REFUSED @ http://localhost:8000/api/objects/SharedMemory?server=ee8d9159:0
[  437033ms] [ERROR] Error загрузки ee8d9159:SharedMemory: TypeError: Failed to fetch
    at fetchObjectData (http://localhost:8000/static/js/app.js:11889:28)
    at loadObjectData (http://localhost:8000/static/js/app.js:13547:28)
    at http://localhost:8000/static/js/app.js:1198:23 @ http://localhost:8000/static/js/app.js:13558
[  437033ms] [ERROR] Failed to load resource: net::ERR_CONNECTION_REFUSED @ http://localhost:8000/api/objects/SharedMemory/variables/io%3ASensor1_S/history?count=200&server=ee8d9159:0
[  437033ms] [ERROR] Error обновления графика для io:Sensor1_S: TypeError: Failed to fetch
    at fetchVariableHistory (http://localhost:8000/static/js/app.js:11919:28)
    at updateChart (http://localhost:8000/static/js/app.js:13985:31)
    at http://localhost:8000/static/js/app.js:1209:27 @ http://localhost:8000/static/js/app.js:14010
[  438032ms] [ERROR] Failed to load resource: net::ERR_CONNECTION_REFUSED @ http://localhost:8000/api/objects/SharedMemory?server=ee8d9159:0
[  438032ms] [ERROR] Error загрузки ee8d9159:SharedMemory: TypeError: Failed to fetch
    at fetchObjectData (http://localhost:8000/static/js/app.js:11889:28)
    at loadObjectData (http://localhost:8000/static/js/app.js:13547:28)
    at http://localhost:8000/static/js/app.js:1198:23 @ http://localhost:8000/static/js/app.js:13558
[  438033ms] [ERROR] Failed to load resource: net::ERR_CONNECTION_REFUSED @ http://localhost:8000/api/objects/SharedMemory/variables/io%3ASensor1_S/history?count=200&server=ee8d9159:0
[  438033ms] [ERROR] Error обновления графика для io:Sensor1_S: TypeError: Failed to fetch
    at fetchVariableHistory (http://localhost:8000/static/js/app.js:11919:28)
    at updateChart (http://localhost:8000/static/js/app.js:13985:31)
    at http://localhost:8000/static/js/app.js:1209:27 @ http://localhost:8000/static/js/app.js:14010
[  439032ms] [ERROR] Failed to load resource: net::ERR_CONNECTION_REFUSED @ http://localhost:8000/api/objects/SharedMemory?server=ee8d9159:0
[  439032ms] [ERROR] Error загрузки ee8d9159:SharedMemory: TypeError: Failed to fetch
    at fetchObjectData (http://localhost:8000/static/js/app.js:11889:28)
    at loadObjectData (http://localhost:8000/static/js/app.js:13547:28)
    at http://localhost:8000/static/js/app.js:1198:23 @ http://localhost:8000/static/js/app.js:13558
[  439032ms] [ERROR] Failed to load resource: net::ERR_CONNECTION_REFUSED @ http://localhost:8000/api/objects/SharedMemory/variables/io%3ASensor1_S/history?count=200&server=ee8d9159:0
[  439032ms] [ERROR] Error обновления графика для io:Sensor1_S: TypeError: Failed to fetch
    at fetchVariableHistory (http://localhost:8000/static/js/app.js:11919:28)
    at updateChart (http://localhost:8000/static/js/app.js:13985:31)
    at http://localhost:8000/static/js/app.js:1209:27 @ http://localhost:8000/static/js/app.js:14010
[  440034ms] [ERROR] Failed to load resource: net::ERR_CONNECTION_REFUSED @ http://localhost:8000/api/servers:0
[  440034ms] [ERROR] Error обновления списка объектов: TypeError: Failed to fetch
    at fetchServers (http://localhost:8000/static/js/app.js:11815:28)
    at fetchObjects (http://localhost:8000/static/js/app.js:11822:31)
    at refreshObjectsList (http://localhost:8000/static/js/app.js:11870:28)
    at http://localhost:8000/static/js/app.js:1191:9 @ http://localhost:8000/static/js/app.js:11873
[  440035ms] [ERROR] Failed to load resource: net::ERR_CONNECTION_REFUSED @ http://localhost:8000/api/objects/SharedMemory?server=ee8d9159:0
[  440035ms] [ERROR] Error загрузки ee8d9159:SharedMemory: TypeError: Failed to fetch
    at fetchObjectData (http://localhost:8000/static/js/app.js:11889:28)
    at loadObjectData (http://localhost:8000/static/js/app.js:13547:28)
    at http://localhost:8000/static/js/app.js:1198:23 @ http://localhost:8000/static/js/app.js:13558
[  440036ms] [ERROR] Failed to load resource: net::ERR_CONNECTION_REFUSED @ http://localhost:8000/api/objects/SharedMemory/variables/io%3ASensor1_S/history?count=200&server=ee8d9159:0
[  440036ms] [ERROR] Error обновления графика для io:Sensor1_S: TypeError: Failed to fetch
    at fetchVariableHistory (http://localhost:8000/static/js/app.js:11919:28)
    at updateChart (http://localhost:8000/static/js/app.js:13985:31)
    at http://localhost:8000/static/js/app.js:1209:27 @ http://localhost:8000/static/js/app.js:14010
[  440059ms] [ERROR] Failed to load resource: net::ERR_CONNECTION_REFUSED @ http://localhost:8000/api/recording/status:0
[  441033ms] [ERROR] Failed to load resource: net::ERR_CONNECTION_REFUSED @ http://localhost:8000/api/objects/SharedMemory?server=ee8d9159:0
[  441033ms] [ERROR] Error загрузки ee8d9159:SharedMemory: TypeError: Failed to fetch
    at fetchObjectData (http://localhost:8000/static/js/app.js:11889:28)
    at loadObjectData (http://localhost:8000/static/js/app.js:13547:28)
    at http://localhost:8000/static/js/app.js:1198:23 @ http://localhost:8000/static/js/app.js:13558
[  441034ms] [ERROR] Failed to load resource: net::ERR_CONNECTION_REFUSED @ http://localhost:8000/api/objects/SharedMemory/variables/io%3ASensor1_S/history?count=200&server=ee8d9159:0
[  441034ms] [ERROR] Error обновления графика для io:Sensor1_S: TypeError: Failed to fetch
    at fetchVariableHistory (http://localhost:8000/static/js/app.js:11919:28)
    at updateChart (http://localhost:8000/static/js/app.js:13985:31)
    at http://localhost:8000/static/js/app.js:1209:27 @ http://localhost:8000/static/js/app.js:14010
[  442033ms] [ERROR] Failed to load resource: net::ERR_CONNECTION_REFUSED @ http://localhost:8000/api/objects/SharedMemory?server=ee8d9159:0
[  442033ms] [ERROR] Error загрузки ee8d9159:SharedMemory: TypeError: Failed to fetch
    at fetchObjectData (http://localhost:8000/static/js/app.js:11889:28)
    at loadObjectData (http://localhost:8000/static/js/app.js:13547:28)
    at http://localhost:8000/static/js/app.js:1198:23 @ http://localhost:8000/static/js/app.js:13558
[  442034ms] [ERROR] Failed to load resource: net::ERR_CONNECTION_REFUSED @ http://localhost:8000/api/objects/SharedMemory/variables/io%3ASensor1_S/history?count=200&server=ee8d9159:0
[  442034ms] [ERROR] Error обновления графика для io:Sensor1_S: TypeError: Failed to fetch
    at fetchVariableHistory (http://localhost:8000/static/js/app.js:11919:28)
    at updateChart (http://localhost:8000/static/js/app.js:13985:31)
    at http://localhost:8000/static/js/app.js:1209:27 @ http://localhost:8000/static/js/app.js:14010
[  443033ms] [ERROR] Failed to load resource: net::ERR_CONNECTION_REFUSED @ http://localhost:8000/api/objects/SharedMemory?server=ee8d9159:0
[  443033ms] [ERROR] Error загрузки ee8d9159:SharedMemory: TypeError: Failed to fetch
    at fetchObjectData (http://localhost:8000/static/js/app.js:11889:28)
    at loadObjectData (http://localhost:8000/static/js/app.js:13547:28)
    at http://localhost:8000/static/js/app.js:1198:23 @ http://localhost:8000/static/js/app.js:13558
[  443034ms] [ERROR] Failed to load resource: net::ERR_CONNECTION_REFUSED @ http://localhost:8000/api/objects/SharedMemory/variables/io%3ASensor1_S/history?count=200&server=ee8d9159:0
[  443034ms] [ERROR] Error обновления графика для io:Sensor1_S: TypeError: Failed to fetch
    at fetchVariableHistory (http://localhost:8000/static/js/app.js:11919:28)
    at updateChart (http://localhost:8000/static/js/app.js:13985:31)
    at http://localhost:8000/static/js/app.js:1209:27 @ http://localhost:8000/static/js/app.js:14010
[  444034ms] [ERROR] Failed to load resource: net::ERR_CONNECTION_REFUSED @ http://localhost:8000/api/objects/SharedMemory?server=ee8d9159:0
[  444034ms] [ERROR] Error загрузки ee8d9159:SharedMemory: TypeError: Failed to fetch
    at fetchObjectData (http://localhost:8000/static/js/app.js:11889:28)
    at loadObjectData (http://localhost:8000/static/js/app.js:13547:28)
    at http://localhost:8000/static/js/app.js:1198:23 @ http://localhost:8000/static/js/app.js:13558
[  444034ms] [ERROR] Failed to load resource: net::ERR_CONNECTION_REFUSED @ http://localhost:8000/api/objects/SharedMemory/variables/io%3ASensor1_S/history?count=200&server=ee8d9159:0
[  444034ms] [ERROR] Error обновления графика для io:Sensor1_S: TypeError: Failed to fetch
    at fetchVariableHistory (http://localhost:8000/static/js/app.js:11919:28)
    at updateChart (http://localhost:8000/static/js/app.js:13985:31)
    at http://localhost:8000/static/js/app.js:1209:27 @ http://localhost:8000/static/js/app.js:14010
[  445031ms] [ERROR] Failed to load resource: net::ERR_CONNECTION_REFUSED @ http://localhost:8000/api/objects/SharedMemory?server=ee8d9159:0
[  445031ms] [ERROR] Error загрузки ee8d9159:SharedMemory: TypeError: Failed to fetch
    at fetchObjectData (http://localhost:8000/static/js/app.js:11889:28)
    at loadObjectData (http://localhost:8000/static/js/app.js:13547:28)
    at http://localhost:8000/static/js/app.js:1198:23 @ http://localhost:8000/static/js/app.js:13558
[  445032ms] [ERROR] Failed to load resource: net::ERR_CONNECTION_REFUSED @ http://localhost:8000/api/objects/SharedMemory/variables/io%3ASensor1_S/history?count=200&server=ee8d9159:0
[  445032ms] [ERROR] Error обновления графика для io:Sensor1_S: TypeError: Failed to fetch
    at fetchVariableHistory (http://localhost:8000/static/js/app.js:11919:28)
    at updateChart (http://localhost:8000/static/js/app.js:13985:31)
    at http://localhost:8000/static/js/app.js:1209:27 @ http://localhost:8000/static/js/app.js:14010
[  445058ms] [ERROR] Failed to load resource: net::ERR_CONNECTION_REFUSED @ http://localhost:8000/api/recording/status:0
[  446032ms] [ERROR] Failed to load resource: net::ERR_CONNECTION_REFUSED @ http://localhost:8000/api/servers:0
[  446032ms] [ERROR] Error обновления списка объектов: TypeError: Failed to fetch
    at fetchServers (http://localhost:8000/static/js/app.js:11815:28)
    at fetchObjects (http://localhost:8000/static/js/app.js:11822:31)
    at refreshObjectsList (http://localhost:8000/static/js/app.js:11870:28)
    at http://localhost:8000/static/js/app.js:1191:9 @ http://localhost:8000/static/js/app.js:11873
[  446033ms] [ERROR] Failed to load resource: net::ERR_CONNECTION_REFUSED @ http://localhost:8000/api/objects/SharedMemory?server=ee8d9159:0
[  446033ms] [ERROR] Error загрузки ee8d9159:SharedMemory: TypeError: Failed to fetch
    at fetchObjectData (http://localhost:8000/static/js/app.js:11889:28)
    at loadObjectData (http://localhost:8000/static/js/app.js:13547:28)
    at http://localhost:8000/static/js/app.js:1198:23 @ http://localhost:8000/static/js/app.js:13558
[  446033ms] [ERROR] Failed to load resource: net::ERR_CONNECTION_REFUSED @ http://localhost:8000/api/objects/SharedMemory/variables/io%3ASensor1_S/history?count=200&server=ee8d9159:0
[  446033ms] [ERROR] Error обновления графика для io:Sensor1_S: TypeError: Failed to fetch
    at fetchVariableHistory (http://localhost:8000/static/js/app.js:11919:28)
    at updateChart (http://localhost:8000/static/js/app.js:13985:31)
    at http://localhost:8000/static/js/app.js:1209:27 @ http://localhost:8000/static/js/app.js:14010
[  447033ms] [ERROR] Failed to load resource: net::ERR_CONNECTION_REFUSED @ http://localhost:8000/api/objects/SharedMemory?server=ee8d9159:0
[  447033ms] [ERROR] Error загрузки ee8d9159:SharedMemory: TypeError: Failed to fetch
    at fetchObjectData (http://localhost:8000/static/js/app.js:11889:28)
    at loadObjectData (http://localhost:8000/static/js/app.js:13547:28)
    at http://localhost:8000/static/js/app.js:1198:23 @ http://localhost:8000/static/js/app.js:13558
[  447033ms] [ERROR] Failed to load resource: net::ERR_CONNECTION_REFUSED @ http://localhost:8000/api/objects/SharedMemory/variables/io%3ASensor1_S/history?count=200&server=ee8d9159:0
[  447033ms] [ERROR] Error обновления графика для io:Sensor1_S: TypeError: Failed to fetch
    at fetchVariableHistory (http://localhost:8000/static/js/app.js:11919:28)
    at updateChart (http://localhost:8000/static/js/app.js:13985:31)
    at http://localhost:8000/static/js/app.js:1209:27 @ http://localhost:8000/static/js/app.js:14010
[  448033ms] [ERROR] Failed to load resource: net::ERR_CONNECTION_REFUSED @ http://localhost:8000/api/objects/SharedMemory?server=ee8d9159:0
[  448033ms] [ERROR] Error загрузки ee8d9159:SharedMemory: TypeError: Failed to fetch
    at fetchObjectData (http://localhost:8000/static/js/app.js:11889:28)
    at loadObjectData (http://localhost:8000/static/js/app.js:13547:28)
    at http://localhost:8000/static/js/app.js:1198:23 @ http://localhost:8000/static/js/app.js:13558
[  448033ms] [ERROR] Failed to load resource: net::ERR_CONNECTION_REFUSED @ http://localhost:8000/api/objects/SharedMemory/variables/io%3ASensor1_S/history?count=200&server=ee8d9159:0
[  448033ms] [ERROR] Error обновления графика для io:Sensor1_S: TypeError: Failed to fetch
    at fetchVariableHistory (http://localhost:8000/static/js/app.js:11919:28)
    at updateChart (http://localhost:8000/static/js/app.js:13985:31)
    at http://localhost:8000/static/js/app.js:1209:27 @ http://localhost:8000/static/js/app.js:14010
[  449031ms] [ERROR] Failed to load resource: net::ERR_CONNECTION_REFUSED @ http://localhost:8000/api/objects/SharedMemory?server=ee8d9159:0
[  449032ms] [ERROR] Error загрузки ee8d9159:SharedMemory: TypeError: Failed to fetch
    at fetchObjectData (http://localhost:8000/static/js/app.js:11889:28)
    at loadObjectData (http://localhost:8000/static/js/app.js:13547:28)
    at http://localhost:8000/static/js/app.js:1198:23 @ http://localhost:8000/static/js/app.js:13558
[  449032ms] [ERROR] Failed to load resource: net::ERR_CONNECTION_REFUSED @ http://localhost:8000/api/objects/SharedMemory/variables/io%3ASensor1_S/history?count=200&server=ee8d9159:0
[  449032ms] [ERROR] Error обновления графика для io:Sensor1_S: TypeError: Failed to fetch
    at fetchVariableHistory (http://localhost:8000/static/js/app.js:11919:28)
    at updateChart (http://localhost:8000/static/js/app.js:13985:31)
    at http://localhost:8000/static/js/app.js:1209:27 @ http://localhost:8000/static/js/app.js:14010
[  450033ms] [ERROR] Failed to load resource: net::ERR_CONNECTION_REFUSED @ http://localhost:8000/api/objects/SharedMemory?server=ee8d9159:0
[  450033ms] [ERROR] Error загрузки ee8d9159:SharedMemory: TypeError: Failed to fetch
    at fetchObjectData (http://localhost:8000/static/js/app.js:11889:28)
    at loadObjectData (http://localhost:8000/static/js/app.js:13547:28)
    at http://localhost:8000/static/js/app.js:1198:23 @ http://localhost:8000/static/js/app.js:13558
[  450033ms] [ERROR] Failed to load resource: net::ERR_CONNECTION_REFUSED @ http://localhost:8000/api/objects/SharedMemory/variables/io%3ASensor1_S/history?count=200&server=ee8d9159:0
[  450033ms] [ERROR] Error обновления графика для io:Sensor1_S: TypeError: Failed to fetch
    at fetchVariableHistory (http://localhost:8000/static/js/app.js:11919:28)
    at updateChart (http://localhost:8000/static/js/app.js:13985:31)
    at http://localhost:8000/static/js/app.js:1209:27 @ http://localhost:8000/static/js/app.js:14010
[  450059ms] [ERROR] Failed to load resource: net::ERR_CONNECTION_REFUSED @ http://localhost:8000/api/recording/status:0
[  451033ms] [ERROR] Failed to load resource: net::ERR_CONNECTION_REFUSED @ http://localhost:8000/api/objects/SharedMemory?server=ee8d9159:0
[  451033ms] [ERROR] Error загрузки ee8d9159:SharedMemory: TypeError: Failed to fetch
    at fetchObjectData (http://localhost:8000/static/js/app.js:11889:28)
    at loadObjectData (http://localhost:8000/static/js/app.js:13547:28)
    at http://localhost:8000/static/js/app.js:1198:23 @ http://localhost:8000/static/js/app.js:13558
[  451033ms] [ERROR] Failed to load resource: net::ERR_CONNECTION_REFUSED @ http://localhost:8000/api/objects/SharedMemory/variables/io%3ASensor1_S/history?count=200&server=ee8d9159:0
[  451033ms] [ERROR] Error обновления графика для io:Sensor1_S: TypeError: Failed to fetch
    at fetchVariableHistory (http://localhost:8000/static/js/app.js:11919:28)
    at updateChart (http://localhost:8000/static/js/app.js:13985:31)
    at http://localhost:8000/static/js/app.js:1209:27 @ http://localhost:8000/static/js/app.js:14010
[  452033ms] [ERROR] Failed to load resource: net::ERR_CONNECTION_REFUSED @ http://localhost:8000/api/servers:0
[  452033ms] [ERROR] Error обновления списка объектов: TypeError: Failed to fetch
    at fetchServers (http://localhost:8000/static/js/app.js:11815:28)
    at fetchObjects (http://localhost:8000/static/js/app.js:11822:31)
    at refreshObjectsList (http://localhost:8000/static/js/app.js:11870:28)
    at http://localhost:8000/static/js/app.js:1191:9 @ http://localhost:8000/static/js/app.js:11873
[  452033ms] [ERROR] Failed to load resource: net::ERR_CONNECTION_REFUSED @ http://localhost:8000/api/objects/SharedMemory?server=ee8d9159:0
[  452034ms] [ERROR] Error загрузки ee8d9159:SharedMemory: TypeError: Failed to fetch
    at fetchObjectData (http://localhost:8000/static/js/app.js:11889:28)
    at loadObjectData (http://localhost:8000/static/js/app.js:13547:28)
    at http://localhost:8000/static/js/app.js:1198:23 @ http://localhost:8000/static/js/app.js:13558
[  452034ms] [ERROR] Failed to load resource: net::ERR_CONNECTION_REFUSED @ http://localhost:8000/api/objects/SharedMemory/variables/io%3ASensor1_S/history?count=200&server=ee8d9159:0
[  452034ms] [ERROR] Error обновления графика для io:Sensor1_S: TypeError: Failed to fetch
    at fetchVariableHistory (http://localhost:8000/static/js/app.js:11919:28)
    at updateChart (http://localhost:8000/static/js/app.js:13985:31)
    at http://localhost:8000/static/js/app.js:1209:27 @ http://localhost:8000/static/js/app.js:14010
[  452034ms] [ERROR] Failed to load resource: net::ERR_CONNECTION_REFUSED @ http://localhost:8000/api/version:0
[  453033ms] [ERROR] Failed to load resource: net::ERR_CONNECTION_REFUSED @ http://localhost:8000/api/objects/SharedMemory?server=ee8d9159:0
[  453034ms] [ERROR] Error загрузки ee8d9159:SharedMemory: TypeError: Failed to fetch
    at fetchObjectData (http://localhost:8000/static/js/app.js:11889:28)
    at loadObjectData (http://localhost:8000/static/js/app.js:13547:28)
    at http://localhost:8000/static/js/app.js:1198:23 @ http://localhost:8000/static/js/app.js:13558
[  453034ms] [ERROR] Failed to load resource: net::ERR_CONNECTION_REFUSED @ http://localhost:8000/api/objects/SharedMemory/variables/io%3ASensor1_S/history?count=200&server=ee8d9159:0
[  453034ms] [ERROR] Error обновления графика для io:Sensor1_S: TypeError: Failed to fetch
    at fetchVariableHistory (http://localhost:8000/static/js/app.js:11919:28)
    at updateChart (http://localhost:8000/static/js/app.js:13985:31)
    at http://localhost:8000/static/js/app.js:1209:27 @ http://localhost:8000/static/js/app.js:14010
[  454032ms] [ERROR] Failed to load resource: net::ERR_CONNECTION_REFUSED @ http://localhost:8000/api/objects/SharedMemory?server=ee8d9159:0
[  454032ms] [ERROR] Error загрузки ee8d9159:SharedMemory: TypeError: Failed to fetch
    at fetchObjectData (http://localhost:8000/static/js/app.js:11889:28)
    at loadObjectData (http://localhost:8000/static/js/app.js:13547:28)
    at http://localhost:8000/static/js/app.js:1198:23 @ http://localhost:8000/static/js/app.js:13558
[  454032ms] [ERROR] Failed to load resource: net::ERR_CONNECTION_REFUSED @ http://localhost:8000/api/objects/SharedMemory/variables/io%3ASensor1_S/history?count=200&server=ee8d9159:0
[  454032ms] [ERROR] Error обновления графика для io:Sensor1_S: TypeError: Failed to fetch
    at fetchVariableHistory (http://localhost:8000/static/js/app.js:11919:28)
    at updateChart (http://localhost:8000/static/js/app.js:13985:31)
    at http://localhost:8000/static/js/app.js:1209:27 @ http://localhost:8000/static/js/app.js:14010
[  455033ms] [ERROR] Failed to load resource: net::ERR_CONNECTION_REFUSED @ http://localhost:8000/api/objects/SharedMemory?server=ee8d9159:0
[  455033ms] [ERROR] Error загрузки ee8d9159:SharedMemory: TypeError: Failed to fetch
    at fetchObjectData (http://localhost:8000/static/js/app.js:11889:28)
    at loadObjectData (http://localhost:8000/static/js/app.js:13547:28)
    at http://localhost:8000/static/js/app.js:1198:23 @ http://localhost:8000/static/js/app.js:13558
[  455034ms] [ERROR] Failed to load resource: net::ERR_CONNECTION_REFUSED @ http://localhost:8000/api/objects/SharedMemory/variables/io%3ASensor1_S/history?count=200&server=ee8d9159:0
[  455034ms] [ERROR] Error обновления графика для io:Sensor1_S: TypeError: Failed to fetch
    at fetchVariableHistory (http://localhost:8000/static/js/app.js:11919:28)
    at updateChart (http://localhost:8000/static/js/app.js:13985:31)
    at http://localhost:8000/static/js/app.js:1209:27 @ http://localhost:8000/static/js/app.js:14010
[  455059ms] [ERROR] Failed to load resource: net::ERR_CONNECTION_REFUSED @ http://localhost:8000/api/recording/status:0
[  456033ms] [ERROR] Failed to load resource: net::ERR_CONNECTION_REFUSED @ http://localhost:8000/api/objects/SharedMemory?server=ee8d9159:0
[  456033ms] [ERROR] Error загрузки ee8d9159:SharedMemory: TypeError: Failed to fetch
    at fetchObjectData (http://localhost:8000/static/js/app.js:11889:28)
    at loadObjectData (http://localhost:8000/static/js/app.js:13547:28)
    at http://localhost:8000/static/js/app.js:1198:23 @ http://localhost:8000/static/js/app.js:13558
[  456034ms] [ERROR] Failed to load resource: net::ERR_CONNECTION_REFUSED @ http://localhost:8000/api/objects/SharedMemory/variables/io%3ASensor1_S/history?count=200&server=ee8d9159:0
[  456034ms] [ERROR] Error обновления графика для io:Sensor1_S: TypeError: Failed to fetch
    at fetchVariableHistory (http://localhost:8000/static/js/app.js:11919:28)
    at updateChart (http://localhost:8000/static/js/app.js:13985:31)
    at http://localhost:8000/static/js/app.js:1209:27 @ http://localhost:8000/static/js/app.js:14010
[  457033ms] [ERROR] Failed to load resource: net::ERR_CONNECTION_REFUSED @ http://localhost:8000/api/objects/SharedMemory?server=ee8d9159:0
[  457033ms] [ERROR] Error загрузки ee8d9159:SharedMemory: TypeError: Failed to fetch
    at fetchObjectData (http://localhost:8000/static/js/app.js:11889:28)
    at loadObjectData (http://localhost:8000/static/js/app.js:13547:28)
    at http://localhost:8000/static/js/app.js:1198:23 @ http://localhost:8000/static/js/app.js:13558
[  457034ms] [ERROR] Failed to load resource: net::ERR_CONNECTION_REFUSED @ http://localhost:8000/api/objects/SharedMemory/variables/io%3ASensor1_S/history?count=200&server=ee8d9159:0
[  457034ms] [ERROR] Error обновления графика для io:Sensor1_S: TypeError: Failed to fetch
    at fetchVariableHistory (http://localhost:8000/static/js/app.js:11919:28)
    at updateChart (http://localhost:8000/static/js/app.js:13985:31)
    at http://localhost:8000/static/js/app.js:1209:27 @ http://localhost:8000/static/js/app.js:14010
[  458035ms] [ERROR] Failed to load resource: net::ERR_CONNECTION_REFUSED @ http://localhost:8000/api/servers:0
[  458035ms] [ERROR] Error обновления списка объектов: TypeError: Failed to fetch
    at fetchServers (http://localhost:8000/static/js/app.js:11815:28)
    at fetchObjects (http://localhost:8000/static/js/app.js:11822:31)
    at refreshObjectsList (http://localhost:8000/static/js/app.js:11870:28)
    at http://localhost:8000/static/js/app.js:1191:9 @ http://localhost:8000/static/js/app.js:11873
[  458036ms] [ERROR] Failed to load resource: net::ERR_CONNECTION_REFUSED @ http://localhost:8000/api/objects/SharedMemory?server=ee8d9159:0
[  458036ms] [ERROR] Error загрузки ee8d9159:SharedMemory: TypeError: Failed to fetch
    at fetchObjectData (http://localhost:8000/static/js/app.js:11889:28)
    at loadObjectData (http://localhost:8000/static/js/app.js:13547:28)
    at http://localhost:8000/static/js/app.js:1198:23 @ http://localhost:8000/static/js/app.js:13558
[  458036ms] [ERROR] Failed to load resource: net::ERR_CONNECTION_REFUSED @ http://localhost:8000/api/objects/SharedMemory/variables/io%3ASensor1_S/history?count=200&server=ee8d9159:0
[  458036ms] [ERROR] Error обновления графика для io:Sensor1_S: TypeError: Failed to fetch
    at fetchVariableHistory (http://localhost:8000/static/js/app.js:11919:28)
    at updateChart (http://localhost:8000/static/js/app.js:13985:31)
    at http://localhost:8000/static/js/app.js:1209:27 @ http://localhost:8000/static/js/app.js:14010
[  459034ms] [ERROR] Failed to load resource: net::ERR_CONNECTION_REFUSED @ http://localhost:8000/api/objects/SharedMemory?server=ee8d9159:0
[  459034ms] [ERROR] Error загрузки ee8d9159:SharedMemory: TypeError: Failed to fetch
    at fetchObjectData (http://localhost:8000/static/js/app.js:11889:28)
    at loadObjectData (http://localhost:8000/static/js/app.js:13547:28)
    at http://localhost:8000/static/js/app.js:1198:23 @ http://localhost:8000/static/js/app.js:13558
[  459034ms] [ERROR] Failed to load resource: net::ERR_CONNECTION_REFUSED @ http://localhost:8000/api/objects/SharedMemory/variables/io%3ASensor1_S/history?count=200&server=ee8d9159:0
[  459034ms] [ERROR] Error обновления графика для io:Sensor1_S: TypeError: Failed to fetch
    at fetchVariableHistory (http://localhost:8000/static/js/app.js:11919:28)
    at updateChart (http://localhost:8000/static/js/app.js:13985:31)
    at http://localhost:8000/static/js/app.js:1209:27 @ http://localhost:8000/static/js/app.js:14010
[  460034ms] [ERROR] Failed to load resource: net::ERR_CONNECTION_REFUSED @ http://localhost:8000/api/objects/SharedMemory?server=ee8d9159:0
[  460034ms] [ERROR] Error загрузки ee8d9159:SharedMemory: TypeError: Failed to fetch
    at fetchObjectData (http://localhost:8000/static/js/app.js:11889:28)
    at loadObjectData (http://localhost:8000/static/js/app.js:13547:28)
    at http://localhost:8000/static/js/app.js:1198:23 @ http://localhost:8000/static/js/app.js:13558
[  460034ms] [ERROR] Failed to load resource: net::ERR_CONNECTION_REFUSED @ http://localhost:8000/api/objects/SharedMemory/variables/io%3ASensor1_S/history?count=200&server=ee8d9159:0
[  460035ms] [ERROR] Error обновления графика для io:Sensor1_S: TypeError: Failed to fetch
    at fetchVariableHistory (http://localhost:8000/static/js/app.js:11919:28)
    at updateChart (http://localhost:8000/static/js/app.js:13985:31)
    at http://localhost:8000/static/js/app.js:1209:27 @ http://localhost:8000/static/js/app.js:14010
[  460059ms] [ERROR] Failed to load resource: net::ERR_CONNECTION_REFUSED @ http://localhost:8000/api/recording/status:0
[  461034ms] [ERROR] Failed to load resource: net::ERR_CONNECTION_REFUSED @ http://localhost:8000/api/objects/SharedMemory?server=ee8d9159:0
[  461035ms] [ERROR] Error загрузки ee8d9159:SharedMemory: TypeError: Failed to fetch
    at fetchObjectData (http://localhost:8000/static/js/app.js:11889:28)
    at loadObjectData (http://localhost:8000/static/js/app.js:13547:28)
    at http://localhost:8000/static/js/app.js:1198:23 @ http://localhost:8000/static/js/app.js:13558
[  461035ms] [ERROR] Failed to load resource: net::ERR_CONNECTION_REFUSED @ http://localhost:8000/api/objects/SharedMemory/variables/io%3ASensor1_S/history?count=200&server=ee8d9159:0
[  461035ms] [ERROR] Error обновления графика для io:Sensor1_S: TypeError: Failed to fetch
    at fetchVariableHistory (http://localhost:8000/static/js/app.js:11919:28)
    at updateChart (http://localhost:8000/static/js/app.js:13985:31)
    at http://localhost:8000/static/js/app.js:1209:27 @ http://localhost:8000/static/js/app.js:14010
[  462034ms] [ERROR] Failed to load resource: net::ERR_CONNECTION_REFUSED @ http://localhost:8000/api/objects/SharedMemory?server=ee8d9159:0
[  462034ms] [ERROR] Error загрузки ee8d9159:SharedMemory: TypeError: Failed to fetch
    at fetchObjectData (http://localhost:8000/static/js/app.js:11889:28)
    at loadObjectData (http://localhost:8000/static/js/app.js:13547:28)
    at http://localhost:8000/static/js/app.js:1198:23 @ http://localhost:8000/static/js/app.js:13558
[  462034ms] [ERROR] Failed to load resource: net::ERR_CONNECTION_REFUSED @ http://localhost:8000/api/objects/SharedMemory/variables/io%3ASensor1_S/history?count=200&server=ee8d9159:0
[  462034ms] [ERROR] Error обновления графика для io:Sensor1_S: TypeError: Failed to fetch
    at fetchVariableHistory (http://localhost:8000/static/js/app.js:11919:28)
    at updateChart (http://localhost:8000/static/js/app.js:13985:31)
    at http://localhost:8000/static/js/app.js:1209:27 @ http://localhost:8000/static/js/app.js:14010
[  463032ms] [ERROR] Failed to load resource: net::ERR_CONNECTION_REFUSED @ http://localhost:8000/api/objects/SharedMemory?server=ee8d9159:0
[  463032ms] [ERROR] Error загрузки ee8d9159:SharedMemory: TypeError: Failed to fetch
    at fetchObjectData (http://localhost:8000/static/js/app.js:11889:28)
    at loadObjectData (http://localhost:8000/static/js/app.js:13547:28)
    at http://localhost:8000/static/js/app.js:1198:23 @ http://localhost:8000/static/js/app.js:13558
[  463032ms] [ERROR] Failed to load resource: net::ERR_CONNECTION_REFUSED @ http://localhost:8000/api/objects/SharedMemory/variables/io%3ASensor1_S/history?count=200&server=ee8d9159:0
[  463032ms] [ERROR] Error обновления графика для io:Sensor1_S: TypeError: Failed to fetch
    at fetchVariableHistory (http://localhost:8000/static/js/app.js:11919:28)
    at updateChart (http://localhost:8000/static/js/app.js:13985:31)
    at http://localhost:8000/static/js/app.js:1209:27 @ http://localhost:8000/static/js/app.js:14010
[  464036ms] [ERROR] Failed to load resource: net::ERR_CONNECTION_REFUSED @ http://localhost:8000/api/servers:0
[  464036ms] [ERROR] Error обновления списка объектов: TypeError: Failed to fetch
    at fetchServers (http://localhost:8000/static/js/app.js:11815:28)
    at fetchObjects (http://localhost:8000/static/js/app.js:11822:31)
    at refreshObjectsList (http://localhost:8000/static/js/app.js:11870:28)
    at http://localhost:8000/static/js/app.js:1191:9 @ http://localhost:8000/static/js/app.js:11873
[  464036ms] [ERROR] Failed to load resource: net::ERR_CONNECTION_REFUSED @ http://localhost:8000/api/objects/SharedMemory?server=ee8d9159:0
[  464037ms] [ERROR] Error загрузки ee8d9159:SharedMemory: TypeError: Failed to fetch
    at fetchObjectData (http://localhost:8000/static/js/app.js:11889:28)
    at loadObjectData (http://localhost:8000/static/js/app.js:13547:28)
    at http://localhost:8000/static/js/app.js:1198:23 @ http://localhost:8000/static/js/app.js:13558
[  464037ms] [ERROR] Failed to load resource: net::ERR_CONNECTION_REFUSED @ http://localhost:8000/api/objects/SharedMemory/variables/io%3ASensor1_S/history?count=200&server=ee8d9159:0
[  464037ms] [ERROR] Error обновления графика для io:Sensor1_S: TypeError: Failed to fetch
    at fetchVariableHistory (http://localhost:8000/static/js/app.js:11919:28)
    at updateChart (http://localhost:8000/static/js/app.js:13985:31)
    at http://localhost:8000/static/js/app.js:1209:27 @ http://localhost:8000/static/js/app.js:14010
[  465034ms] [ERROR] Failed to load resource: net::ERR_CONNECTION_REFUSED @ http://localhost:8000/api/objects/SharedMemory?server=ee8d9159:0
[  465034ms] [ERROR] Error загрузки ee8d9159:SharedMemory: TypeError: Failed to fetch
    at fetchObjectData (http://localhost:8000/static/js/app.js:11889:28)
    at loadObjectData (http://localhost:8000/static/js/app.js:13547:28)
    at http://localhost:8000/static/js/app.js:1198:23 @ http://localhost:8000/static/js/app.js:13558
[  465034ms] [ERROR] Failed to load resource: net::ERR_CONNECTION_REFUSED @ http://localhost:8000/api/objects/SharedMemory/variables/io%3ASensor1_S/history?count=200&server=ee8d9159:0
[  465034ms] [ERROR] Error обновления графика для io:Sensor1_S: TypeError: Failed to fetch
    at fetchVariableHistory (http://localhost:8000/static/js/app.js:11919:28)
    at updateChart (http://localhost:8000/static/js/app.js:13985:31)
    at http://localhost:8000/static/js/app.js:1209:27 @ http://localhost:8000/static/js/app.js:14010
[  465058ms] [ERROR] Failed to load resource: net::ERR_CONNECTION_REFUSED @ http://localhost:8000/api/recording/status:0
[  466031ms] [ERROR] Failed to load resource: net::ERR_CONNECTION_REFUSED @ http://localhost:8000/api/objects/SharedMemory?server=ee8d9159:0
[  466031ms] [ERROR] Error загрузки ee8d9159:SharedMemory: TypeError: Failed to fetch
    at fetchObjectData (http://localhost:8000/static/js/app.js:11889:28)
    at loadObjectData (http://localhost:8000/static/js/app.js:13547:28)
    at http://localhost:8000/static/js/app.js:1198:23 @ http://localhost:8000/static/js/app.js:13558
[  466032ms] [ERROR] Failed to load resource: net::ERR_CONNECTION_REFUSED @ http://localhost:8000/api/objects/SharedMemory/variables/io%3ASensor1_S/history?count=200&server=ee8d9159:0
[  466032ms] [ERROR] Error обновления графика для io:Sensor1_S: TypeError: Failed to fetch
    at fetchVariableHistory (http://localhost:8000/static/js/app.js:11919:28)
    at updateChart (http://localhost:8000/static/js/app.js:13985:31)
    at http://localhost:8000/static/js/app.js:1209:27 @ http://localhost:8000/static/js/app.js:14010
[  467031ms] [ERROR] Failed to load resource: net::ERR_CONNECTION_REFUSED @ http://localhost:8000/api/objects/SharedMemory?server=ee8d9159:0
[  467031ms] [ERROR] Error загрузки ee8d9159:SharedMemory: TypeError: Failed to fetch
    at fetchObjectData (http://localhost:8000/static/js/app.js:11889:28)
    at loadObjectData (http://localhost:8000/static/js/app.js:13547:28)
    at http://localhost:8000/static/js/app.js:1198:23 @ http://localhost:8000/static/js/app.js:13558
[  467031ms] [ERROR] Failed to load resource: net::ERR_CONNECTION_REFUSED @ http://localhost:8000/api/objects/SharedMemory/variables/io%3ASensor1_S/history?count=200&server=ee8d9159:0
[  467031ms] [ERROR] Error обновления графика для io:Sensor1_S: TypeError: Failed to fetch
    at fetchVariableHistory (http://localhost:8000/static/js/app.js:11919:28)
    at updateChart (http://localhost:8000/static/js/app.js:13985:31)
    at http://localhost:8000/static/js/app.js:1209:27 @ http://localhost:8000/static/js/app.js:14010
[  468032ms] [ERROR] Failed to load resource: net::ERR_CONNECTION_REFUSED @ http://localhost:8000/api/objects/SharedMemory?server=ee8d9159:0
[  468032ms] [ERROR] Error загрузки ee8d9159:SharedMemory: TypeError: Failed to fetch
    at fetchObjectData (http://localhost:8000/static/js/app.js:11889:28)
    at loadObjectData (http://localhost:8000/static/js/app.js:13547:28)
    at http://localhost:8000/static/js/app.js:1198:23 @ http://localhost:8000/static/js/app.js:13558
[  468033ms] [ERROR] Failed to load resource: net::ERR_CONNECTION_REFUSED @ http://localhost:8000/api/objects/SharedMemory/variables/io%3ASensor1_S/history?count=200&server=ee8d9159:0
[  468033ms] [ERROR] Error обновления графика для io:Sensor1_S: TypeError: Failed to fetch
    at fetchVariableHistory (http://localhost:8000/static/js/app.js:11919:28)
    at updateChart (http://localhost:8000/static/js/app.js:13985:31)
    at http://localhost:8000/static/js/app.js:1209:27 @ http://localhost:8000/static/js/app.js:14010
[  469033ms] [ERROR] Failed to load resource: net::ERR_CONNECTION_REFUSED @ http://localhost:8000/api/objects/SharedMemory?server=ee8d9159:0
[  469033ms] [ERROR] Error загрузки ee8d9159:SharedMemory: TypeError: Failed to fetch
    at fetchObjectData (http://localhost:8000/static/js/app.js:11889:28)
    at loadObjectData (http://localhost:8000/static/js/app.js:13547:28)
    at http://localhost:8000/static/js/app.js:1198:23 @ http://localhost:8000/static/js/app.js:13558
[  469033ms] [ERROR] Failed to load resource: net::ERR_CONNECTION_REFUSED @ http://localhost:8000/api/objects/SharedMemory/variables/io%3ASensor1_S/history?count=200&server=ee8d9159:0
[  469033ms] [ERROR] Error обновления графика для io:Sensor1_S: TypeError: Failed to fetch
    at fetchVariableHistory (http://localhost:8000/static/js/app.js:11919:28)
    at updateChart (http://localhost:8000/static/js/app.js:13985:31)
    at http://localhost:8000/static/js/app.js:1209:27 @ http://localhost:8000/static/js/app.js:14010
[  470034ms] [ERROR] Failed to load resource: net::ERR_CONNECTION_REFUSED @ http://localhost:8000/api/servers:0
[  470034ms] [ERROR] Error обновления списка объектов: TypeError: Failed to fetch
    at fetchServers (http://localhost:8000/static/js/app.js:11815:28)
    at fetchObjects (http://localhost:8000/static/js/app.js:11822:31)
    at refreshObjectsList (http://localhost:8000/static/js/app.js:11870:28)
    at http://localhost:8000/static/js/app.js:1191:9 @ http://localhost:8000/static/js/app.js:11873
[  470035ms] [ERROR] Failed to load resource: net::ERR_CONNECTION_REFUSED @ http://localhost:8000/api/objects/SharedMemory?server=ee8d9159:0
[  470035ms] [ERROR] Error загрузки ee8d9159:SharedMemory: TypeError: Failed to fetch
    at fetchObjectData (http://localhost:8000/static/js/app.js:11889:28)
    at loadObjectData (http://localhost:8000/static/js/app.js:13547:28)
    at http://localhost:8000/static/js/app.js:1198:23 @ http://localhost:8000/static/js/app.js:13558
[  470035ms] [ERROR] Failed to load resource: net::ERR_CONNECTION_REFUSED @ http://localhost:8000/api/objects/SharedMemory/variables/io%3ASensor1_S/history?count=200&server=ee8d9159:0
[  470035ms] [ERROR] Error обновления графика для io:Sensor1_S: TypeError: Failed to fetch
    at fetchVariableHistory (http://localhost:8000/static/js/app.js:11919:28)
    at updateChart (http://localhost:8000/static/js/app.js:13985:31)
    at http://localhost:8000/static/js/app.js:1209:27 @ http://localhost:8000/static/js/app.js:14010
[  470060ms] [ERROR] Failed to load resource: net::ERR_CONNECTION_REFUSED @ http://localhost:8000/api/recording/status:0
[  471033ms] [ERROR] Failed to load resource: net::ERR_CONNECTION_REFUSED @ http://localhost:8000/api/objects/SharedMemory?server=ee8d9159:0
[  471033ms] [ERROR] Error загрузки ee8d9159:SharedMemory: TypeError: Failed to fetch
    at fetchObjectData (http://localhost:8000/static/js/app.js:11889:28)
    at loadObjectData (http://localhost:8000/static/js/app.js:13547:28)
    at http://localhost:8000/static/js/app.js:1198:23 @ http://localhost:8000/static/js/app.js:13558
[  471034ms] [ERROR] Failed to load resource: net::ERR_CONNECTION_REFUSED @ http://localhost:8000/api/objects/SharedMemory/variables/io%3ASensor1_S/history?count=200&server=ee8d9159:0
[  471034ms] [ERROR] Error обновления графика для io:Sensor1_S: TypeError: Failed to fetch
    at fetchVariableHistory (http://localhost:8000/static/js/app.js:11919:28)
    at updateChart (http://localhost:8000/static/js/app.js:13985:31)
    at http://localhost:8000/static/js/app.js:1209:27 @ http://localhost:8000/static/js/app.js:14010
[  472034ms] [ERROR] Failed to load resource: net::ERR_CONNECTION_REFUSED @ http://localhost:8000/api/objects/SharedMemory?server=ee8d9159:0
[  472034ms] [ERROR] Error загрузки ee8d9159:SharedMemory: TypeError: Failed to fetch
    at fetchObjectData (http://localhost:8000/static/js/app.js:11889:28)
    at loadObjectData (http://localhost:8000/static/js/app.js:13547:28)
    at http://localhost:8000/static/js/app.js:1198:23 @ http://localhost:8000/static/js/app.js:13558
[  472035ms] [ERROR] Failed to load resource: net::ERR_CONNECTION_REFUSED @ http://localhost:8000/api/objects/SharedMemory/variables/io%3ASensor1_S/history?count=200&server=ee8d9159:0
[  472035ms] [ERROR] Error обновления графика для io:Sensor1_S: TypeError: Failed to fetch
    at fetchVariableHistory (http://localhost:8000/static/js/app.js:11919:28)
    at updateChart (http://localhost:8000/static/js/app.js:13985:31)
    at http://localhost:8000/static/js/app.js:1209:27 @ http://localhost:8000/static/js/app.js:14010
[  473034ms] [ERROR] Failed to load resource: net::ERR_CONNECTION_REFUSED @ http://localhost:8000/api/objects/SharedMemory?server=ee8d9159:0
[  473035ms] [ERROR] Error загрузки ee8d9159:SharedMemory: TypeError: Failed to fetch
    at fetchObjectData (http://localhost:8000/static/js/app.js:11889:28)
    at loadObjectData (http://localhost:8000/static/js/app.js:13547:28)
    at http://localhost:8000/static/js/app.js:1198:23 @ http://localhost:8000/static/js/app.js:13558
[  473035ms] [ERROR] Failed to load resource: net::ERR_CONNECTION_REFUSED @ http://localhost:8000/api/objects/SharedMemory/variables/io%3ASensor1_S/history?count=200&server=ee8d9159:0
[  473035ms] [ERROR] Error обновления графика для io:Sensor1_S: TypeError: Failed to fetch
    at fetchVariableHistory (http://localhost:8000/static/js/app.js:11919:28)
    at updateChart (http://localhost:8000/static/js/app.js:13985:31)
    at http://localhost:8000/static/js/app.js:1209:27 @ http://localhost:8000/static/js/app.js:14010
[  474033ms] [ERROR] Failed to load resource: net::ERR_CONNECTION_REFUSED @ http://localhost:8000/api/objects/SharedMemory?server=ee8d9159:0
[  474033ms] [ERROR] Error загрузки ee8d9159:SharedMemory: TypeError: Failed to fetch
    at fetchObjectData (http://localhost:8000/static/js/app.js:11889:28)
    at loadObjectData (http://localhost:8000/static/js/app.js:13547:28)
    at http://localhost:8000/static/js/app.js:1198:23 @ http://localhost:8000/static/js/app.js:13558
[  474033ms] [ERROR] Failed to load resource: net::ERR_CONNECTION_REFUSED @ http://localhost:8000/api/objects/SharedMemory/variables/io%3ASensor1_S/history?count=200&server=ee8d9159:0
[  474033ms] [ERROR] Error обновления графика для io:Sensor1_S: TypeError: Failed to fetch
    at fetchVariableHistory (http://localhost:8000/static/js/app.js:11919:28)
    at updateChart (http://localhost:8000/static/js/app.js:13985:31)
    at http://localhost:8000/static/js/app.js:1209:27 @ http://localhost:8000/static/js/app.js:14010
[  475034ms] [ERROR] Failed to load resource: net::ERR_CONNECTION_REFUSED @ http://localhost:8000/api/objects/SharedMemory?server=ee8d9159:0
[  475034ms] [ERROR] Error загрузки ee8d9159:SharedMemory: TypeError: Failed to fetch
    at fetchObjectData (http://localhost:8000/static/js/app.js:11889:28)
    at loadObjectData (http://localhost:8000/static/js/app.js:13547:28)
    at http://localhost:8000/static/js/app.js:1198:23 @ http://localhost:8000/static/js/app.js:13558
[  475034ms] [ERROR] Failed to load resource: net::ERR_CONNECTION_REFUSED @ http://localhost:8000/api/objects/SharedMemory/variables/io%3ASensor1_S/history?count=200&server=ee8d9159:0
[  475034ms] [ERROR] Error обновления графика для io:Sensor1_S: TypeError: Failed to fetch
    at fetchVariableHistory (http://localhost:8000/static/js/app.js:11919:28)
    at updateChart (http://localhost:8000/static/js/app.js:13985:31)
    at http://localhost:8000/static/js/app.js:1209:27 @ http://localhost:8000/static/js/app.js:14010
[  475059ms] [ERROR] Failed to load resource: net::ERR_CONNECTION_REFUSED @ http://localhost:8000/api/recording/status:0
[  476035ms] [ERROR] Failed to load resource: net::ERR_CONNECTION_REFUSED @ http://localhost:8000/api/servers:0
[  476035ms] [ERROR] Error обновления списка объектов: TypeError: Failed to fetch
    at fetchServers (http://localhost:8000/static/js/app.js:11815:28)
    at fetchObjects (http://localhost:8000/static/js/app.js:11822:31)
    at refreshObjectsList (http://localhost:8000/static/js/app.js:11870:28)
    at http://localhost:8000/static/js/app.js:1191:9 @ http://localhost:8000/static/js/app.js:11873
[  476035ms] [ERROR] Failed to load resource: net::ERR_CONNECTION_REFUSED @ http://localhost:8000/api/objects/SharedMemory?server=ee8d9159:0
[  476035ms] [ERROR] Error загрузки ee8d9159:SharedMemory: TypeError: Failed to fetch
    at fetchObjectData (http://localhost:8000/static/js/app.js:11889:28)
    at loadObjectData (http://localhost:8000/static/js/app.js:13547:28)
    at http://localhost:8000/static/js/app.js:1198:23 @ http://localhost:8000/static/js/app.js:13558
[  476036ms] [ERROR] Failed to load resource: net::ERR_CONNECTION_REFUSED @ http://localhost:8000/api/objects/SharedMemory/variables/io%3ASensor1_S/history?count=200&server=ee8d9159:0
[  476036ms] [ERROR] Error обновления графика для io:Sensor1_S: TypeError: Failed to fetch
    at fetchVariableHistory (http://localhost:8000/static/js/app.js:11919:28)
    at updateChart (http://localhost:8000/static/js/app.js:13985:31)
    at http://localhost:8000/static/js/app.js:1209:27 @ http://localhost:8000/static/js/app.js:14010
[  477033ms] [ERROR] Failed to load resource: net::ERR_CONNECTION_REFUSED @ http://localhost:8000/api/objects/SharedMemory?server=ee8d9159:0
[  477033ms] [ERROR] Error загрузки ee8d9159:SharedMemory: TypeError: Failed to fetch
    at fetchObjectData (http://localhost:8000/static/js/app.js:11889:28)
    at loadObjectData (http://localhost:8000/static/js/app.js:13547:28)
    at http://localhost:8000/static/js/app.js:1198:23 @ http://localhost:8000/static/js/app.js:13558
[  477034ms] [ERROR] Failed to load resource: net::ERR_CONNECTION_REFUSED @ http://localhost:8000/api/objects/SharedMemory/variables/io%3ASensor1_S/history?count=200&server=ee8d9159:0
[  477034ms] [ERROR] Error обновления графика для io:Sensor1_S: TypeError: Failed to fetch
    at fetchVariableHistory (http://localhost:8000/static/js/app.js:11919:28)
    at updateChart (http://localhost:8000/static/js/app.js:13985:31)
    at http://localhost:8000/static/js/app.js:1209:27 @ http://localhost:8000/static/js/app.js:14010
[  478034ms] [ERROR] Failed to load resource: net::ERR_CONNECTION_REFUSED @ http://localhost:8000/api/objects/SharedMemory?server=ee8d9159:0
[  478034ms] [ERROR] Error загрузки ee8d9159:SharedMemory: TypeError: Failed to fetch
    at fetchObjectData (http://localhost:8000/static/js/app.js:11889:28)
    at loadObjectData (http://localhost:8000/static/js/app.js:13547:28)
    at http://localhost:8000/static/js/app.js:1198:23 @ http://localhost:8000/static/js/app.js:13558
[  478035ms] [ERROR] Failed to load resource: net::ERR_CONNECTION_REFUSED @ http://localhost:8000/api/objects/SharedMemory/variables/io%3ASensor1_S/history?count=200&server=ee8d9159:0
[  478035ms] [ERROR] Error обновления графика для io:Sensor1_S: TypeError: Failed to fetch
    at fetchVariableHistory (http://localhost:8000/static/js/app.js:11919:28)
    at updateChart (http://localhost:8000/static/js/app.js:13985:31)
    at http://localhost:8000/static/js/app.js:1209:27 @ http://localhost:8000/static/js/app.js:14010
[  479033ms] [ERROR] Failed to load resource: net::ERR_CONNECTION_REFUSED @ http://localhost:8000/api/objects/SharedMemory?server=ee8d9159:0
[  479033ms] [ERROR] Error загрузки ee8d9159:SharedMemory: TypeError: Failed to fetch
    at fetchObjectData (http://localhost:8000/static/js/app.js:11889:28)
    at loadObjectData (http://localhost:8000/static/js/app.js:13547:28)
    at http://localhost:8000/static/js/app.js:1198:23 @ http://localhost:8000/static/js/app.js:13558
[  479034ms] [ERROR] Failed to load resource: net::ERR_CONNECTION_REFUSED @ http://localhost:8000/api/objects/SharedMemory/variables/io%3ASensor1_S/history?count=200&server=ee8d9159:0
[  479034ms] [ERROR] Error обновления графика для io:Sensor1_S: TypeError: Failed to fetch
    at fetchVariableHistory (http://localhost:8000/static/js/app.js:11919:28)
    at updateChart (http://localhost:8000/static/js/app.js:13985:31)
    at http://localhost:8000/static/js/app.js:1209:27 @ http://localhost:8000/static/js/app.js:14010
[  480034ms] [ERROR] Failed to load resource: net::ERR_CONNECTION_REFUSED @ http://localhost:8000/api/objects/SharedMemory?server=ee8d9159:0
[  480034ms] [ERROR] Error загрузки ee8d9159:SharedMemory: TypeError: Failed to fetch
    at fetchObjectData (http://localhost:8000/static/js/app.js:11889:28)
    at loadObjectData (http://localhost:8000/static/js/app.js:13547:28)
    at http://localhost:8000/static/js/app.js:1198:23 @ http://localhost:8000/static/js/app.js:13558
[  480034ms] [ERROR] Failed to load resource: net::ERR_CONNECTION_REFUSED @ http://localhost:8000/api/objects/SharedMemory/variables/io%3ASensor1_S/history?count=200&server=ee8d9159:0
[  480035ms] [ERROR] Error обновления графика для io:Sensor1_S: TypeError: Failed to fetch
    at fetchVariableHistory (http://localhost:8000/static/js/app.js:11919:28)
    at updateChart (http://localhost:8000/static/js/app.js:13985:31)
    at http://localhost:8000/static/js/app.js:1209:27 @ http://localhost:8000/static/js/app.js:14010
[  480059ms] [ERROR] Failed to load resource: net::ERR_CONNECTION_REFUSED @ http://localhost:8000/api/recording/status:0
[  481035ms] [ERROR] Failed to load resource: net::ERR_CONNECTION_REFUSED @ http://localhost:8000/api/objects/SharedMemory?server=ee8d9159:0
[  481035ms] [ERROR] Error загрузки ee8d9159:SharedMemory: TypeError: Failed to fetch
    at fetchObjectData (http://localhost:8000/static/js/app.js:11889:28)
    at loadObjectData (http://localhost:8000/static/js/app.js:13547:28)
    at http://localhost:8000/static/js/app.js:1198:23 @ http://localhost:8000/static/js/app.js:13558
[  481036ms] [ERROR] Failed to load resource: net::ERR_CONNECTION_REFUSED @ http://localhost:8000/api/objects/SharedMemory/variables/io%3ASensor1_S/history?count=200&server=ee8d9159:0
[  481036ms] [ERROR] Error обновления графика для io:Sensor1_S: TypeError: Failed to fetch
    at fetchVariableHistory (http://localhost:8000/static/js/app.js:11919:28)
    at updateChart (http://localhost:8000/static/js/app.js:13985:31)
    at http://localhost:8000/static/js/app.js:1209:27 @ http://localhost:8000/static/js/app.js:14010
[  482035ms] [ERROR] Failed to load resource: net::ERR_CONNECTION_REFUSED @ http://localhost:8000/api/servers:0
[  482036ms] [ERROR] Error обновления списка объектов: TypeError: Failed to fetch
    at fetchServers (http://localhost:8000/static/js/app.js:11815:28)
    at fetchObjects (http://localhost:8000/static/js/app.js:11822:31)
    at refreshObjectsList (http://localhost:8000/static/js/app.js:11870:28)
    at http://localhost:8000/static/js/app.js:1191:9 @ http://localhost:8000/static/js/app.js:11873
[  482036ms] [ERROR] Failed to load resource: net::ERR_CONNECTION_REFUSED @ http://localhost:8000/api/objects/SharedMemory?server=ee8d9159:0
[  482036ms] [ERROR] Error загрузки ee8d9159:SharedMemory: TypeError: Failed to fetch
    at fetchObjectData (http://localhost:8000/static/js/app.js:11889:28)
    at loadObjectData (http://localhost:8000/static/js/app.js:13547:28)
    at http://localhost:8000/static/js/app.js:1198:23 @ http://localhost:8000/static/js/app.js:13558
[  482037ms] [ERROR] Failed to load resource: net::ERR_CONNECTION_REFUSED @ http://localhost:8000/api/objects/SharedMemory/variables/io%3ASensor1_S/history?count=200&server=ee8d9159:0
[  482037ms] [ERROR] Error обновления графика для io:Sensor1_S: TypeError: Failed to fetch
    at fetchVariableHistory (http://localhost:8000/static/js/app.js:11919:28)
    at updateChart (http://localhost:8000/static/js/app.js:13985:31)
    at http://localhost:8000/static/js/app.js:1209:27 @ http://localhost:8000/static/js/app.js:14010
[  482037ms] [ERROR] Failed to load resource: net::ERR_CONNECTION_REFUSED @ http://localhost:8000/api/version:0
[  483031ms] [ERROR] Failed to load resource: net::ERR_CONNECTION_REFUSED @ http://localhost:8000/api/objects/SharedMemory?server=ee8d9159:0
[  483031ms] [ERROR] Error загрузки ee8d9159:SharedMemory: TypeError: Failed to fetch
    at fetchObjectData (http://localhost:8000/static/js/app.js:11889:28)
    at loadObjectData (http://localhost:8000/static/js/app.js:13547:28)
    at http://localhost:8000/static/js/app.js:1198:23 @ http://localhost:8000/static/js/app.js:13558
[  483031ms] [ERROR] Failed to load resource: net::ERR_CONNECTION_REFUSED @ http://localhost:8000/api/objects/SharedMemory/variables/io%3ASensor1_S/history?count=200&server=ee8d9159:0
[  483031ms] [ERROR] Error обновления графика для io:Sensor1_S: TypeError: Failed to fetch
    at fetchVariableHistory (http://localhost:8000/static/js/app.js:11919:28)
    at updateChart (http://localhost:8000/static/js/app.js:13985:31)
    at http://localhost:8000/static/js/app.js:1209:27 @ http://localhost:8000/static/js/app.js:14010
[  484034ms] [ERROR] Failed to load resource: net::ERR_CONNECTION_REFUSED @ http://localhost:8000/api/objects/SharedMemory?server=ee8d9159:0
[  484034ms] [ERROR] Error загрузки ee8d9159:SharedMemory: TypeError: Failed to fetch
    at fetchObjectData (http://localhost:8000/static/js/app.js:11889:28)
    at loadObjectData (http://localhost:8000/static/js/app.js:13547:28)
    at http://localhost:8000/static/js/app.js:1198:23 @ http://localhost:8000/static/js/app.js:13558
[  484034ms] [ERROR] Failed to load resource: net::ERR_CONNECTION_REFUSED @ http://localhost:8000/api/objects/SharedMemory/variables/io%3ASensor1_S/history?count=200&server=ee8d9159:0
[  484035ms] [ERROR] Error обновления графика для io:Sensor1_S: TypeError: Failed to fetch
    at fetchVariableHistory (http://localhost:8000/static/js/app.js:11919:28)
    at updateChart (http://localhost:8000/static/js/app.js:13985:31)
    at http://localhost:8000/static/js/app.js:1209:27 @ http://localhost:8000/static/js/app.js:14010
[  485034ms] [ERROR] Failed to load resource: net::ERR_CONNECTION_REFUSED @ http://localhost:8000/api/objects/SharedMemory?server=ee8d9159:0
[  485034ms] [ERROR] Error загрузки ee8d9159:SharedMemory: TypeError: Failed to fetch
    at fetchObjectData (http://localhost:8000/static/js/app.js:11889:28)
    at loadObjectData (http://localhost:8000/static/js/app.js:13547:28)
    at http://localhost:8000/static/js/app.js:1198:23 @ http://localhost:8000/static/js/app.js:13558
[  485035ms] [ERROR] Failed to load resource: net::ERR_CONNECTION_REFUSED @ http://localhost:8000/api/objects/SharedMemory/variables/io%3ASensor1_S/history?count=200&server=ee8d9159:0
[  485035ms] [ERROR] Error обновления графика для io:Sensor1_S: TypeError: Failed to fetch
    at fetchVariableHistory (http://localhost:8000/static/js/app.js:11919:28)
    at updateChart (http://localhost:8000/static/js/app.js:13985:31)
    at http://localhost:8000/static/js/app.js:1209:27 @ http://localhost:8000/static/js/app.js:14010
[  485059ms] [ERROR] Failed to load resource: net::ERR_CONNECTION_REFUSED @ http://localhost:8000/api/recording/status:0
[  486031ms] [ERROR] Failed to load resource: net::ERR_CONNECTION_REFUSED @ http://localhost:8000/api/objects/SharedMemory?server=ee8d9159:0
[  486032ms] [ERROR] Error загрузки ee8d9159:SharedMemory: TypeError: Failed to fetch
    at fetchObjectData (http://localhost:8000/static/js/app.js:11889:28)
    at loadObjectData (http://localhost:8000/static/js/app.js:13547:28)
    at http://localhost:8000/static/js/app.js:1198:23 @ http://localhost:8000/static/js/app.js:13558
[  486032ms] [ERROR] Failed to load resource: net::ERR_CONNECTION_REFUSED @ http://localhost:8000/api/objects/SharedMemory/variables/io%3ASensor1_S/history?count=200&server=ee8d9159:0
[  486032ms] [ERROR] Error обновления графика для io:Sensor1_S: TypeError: Failed to fetch
    at fetchVariableHistory (http://localhost:8000/static/js/app.js:11919:28)
    at updateChart (http://localhost:8000/static/js/app.js:13985:31)
    at http://localhost:8000/static/js/app.js:1209:27 @ http://localhost:8000/static/js/app.js:14010
[  487031ms] [ERROR] Failed to load resource: net::ERR_CONNECTION_REFUSED @ http://localhost:8000/api/objects/SharedMemory?server=ee8d9159:0
[  487031ms] [ERROR] Error загрузки ee8d9159:SharedMemory: TypeError: Failed to fetch
    at fetchObjectData (http://localhost:8000/static/js/app.js:11889:28)
    at loadObjectData (http://localhost:8000/static/js/app.js:13547:28)
    at http://localhost:8000/static/js/app.js:1198:23 @ http://localhost:8000/static/js/app.js:13558
[  487031ms] [ERROR] Failed to load resource: net::ERR_CONNECTION_REFUSED @ http://localhost:8000/api/objects/SharedMemory/variables/io%3ASensor1_S/history?count=200&server=ee8d9159:0
[  487031ms] [ERROR] Error обновления графика для io:Sensor1_S: TypeError: Failed to fetch
    at fetchVariableHistory (http://localhost:8000/static/js/app.js:11919:28)
    at updateChart (http://localhost:8000/static/js/app.js:13985:31)
    at http://localhost:8000/static/js/app.js:1209:27 @ http://localhost:8000/static/js/app.js:14010
[  488032ms] [ERROR] Failed to load resource: net::ERR_CONNECTION_REFUSED @ http://localhost:8000/api/servers:0
[  488032ms] [ERROR] Error обновления списка объектов: TypeError: Failed to fetch
    at fetchServers (http://localhost:8000/static/js/app.js:11815:28)
    at fetchObjects (http://localhost:8000/static/js/app.js:11822:31)
    at refreshObjectsList (http://localhost:8000/static/js/app.js:11870:28)
    at http://localhost:8000/static/js/app.js:1191:9 @ http://localhost:8000/static/js/app.js:11873
[  488032ms] [ERROR] Failed to load resource: net::ERR_CONNECTION_REFUSED @ http://localhost:8000/api/objects/SharedMemory?server=ee8d9159:0
[  488032ms] [ERROR] Error загрузки ee8d9159:SharedMemory: TypeError: Failed to fetch
    at fetchObjectData (http://localhost:8000/static/js/app.js:11889:28)
    at loadObjectData (http://localhost:8000/static/js/app.js:13547:28)
    at http://localhost:8000/static/js/app.js:1198:23 @ http://localhost:8000/static/js/app.js:13558
[  488032ms] [ERROR] Failed to load resource: net::ERR_CONNECTION_REFUSED @ http://localhost:8000/api/objects/SharedMemory/variables/io%3ASensor1_S/history?count=200&server=ee8d9159:0
[  488032ms] [ERROR] Error обновления графика для io:Sensor1_S: TypeError: Failed to fetch
    at fetchVariableHistory (http://localhost:8000/static/js/app.js:11919:28)
    at updateChart (http://localhost:8000/static/js/app.js:13985:31)
    at http://localhost:8000/static/js/app.js:1209:27 @ http://localhost:8000/static/js/app.js:14010
[  489033ms] [ERROR] Failed to load resource: net::ERR_CONNECTION_REFUSED @ http://localhost:8000/api/objects/SharedMemory?server=ee8d9159:0
[  489033ms] [ERROR] Error загрузки ee8d9159:SharedMemory: TypeError: Failed to fetch
    at fetchObjectData (http://localhost:8000/static/js/app.js:11889:28)
    at loadObjectData (http://localhost:8000/static/js/app.js:13547:28)
    at http://localhost:8000/static/js/app.js:1198:23 @ http://localhost:8000/static/js/app.js:13558
[  489033ms] [ERROR] Failed to load resource: net::ERR_CONNECTION_REFUSED @ http://localhost:8000/api/objects/SharedMemory/variables/io%3ASensor1_S/history?count=200&server=ee8d9159:0
[  489033ms] [ERROR] Error обновления графика для io:Sensor1_S: TypeError: Failed to fetch
    at fetchVariableHistory (http://localhost:8000/static/js/app.js:11919:28)
    at updateChart (http://localhost:8000/static/js/app.js:13985:31)
    at http://localhost:8000/static/js/app.js:1209:27 @ http://localhost:8000/static/js/app.js:14010
[  490033ms] [ERROR] Failed to load resource: net::ERR_CONNECTION_REFUSED @ http://localhost:8000/api/objects/SharedMemory?server=ee8d9159:0
[  490033ms] [ERROR] Error загрузки ee8d9159:SharedMemory: TypeError: Failed to fetch
    at fetchObjectData (http://localhost:8000/static/js/app.js:11889:28)
    at loadObjectData (http://localhost:8000/static/js/app.js:13547:28)
    at http://localhost:8000/static/js/app.js:1198:23 @ http://localhost:8000/static/js/app.js:13558
[  490033ms] [ERROR] Failed to load resource: net::ERR_CONNECTION_REFUSED @ http://localhost:8000/api/objects/SharedMemory/variables/io%3ASensor1_S/history?count=200&server=ee8d9159:0
[  490033ms] [ERROR] Error обновления графика для io:Sensor1_S: TypeError: Failed to fetch
    at fetchVariableHistory (http://localhost:8000/static/js/app.js:11919:28)
    at updateChart (http://localhost:8000/static/js/app.js:13985:31)
    at http://localhost:8000/static/js/app.js:1209:27 @ http://localhost:8000/static/js/app.js:14010
[  490059ms] [ERROR] Failed to load resource: net::ERR_CONNECTION_REFUSED @ http://localhost:8000/api/recording/status:0
[  491033ms] [ERROR] Failed to load resource: net::ERR_CONNECTION_REFUSED @ http://localhost:8000/api/objects/SharedMemory?server=ee8d9159:0
[  491033ms] [ERROR] Error загрузки ee8d9159:SharedMemory: TypeError: Failed to fetch
    at fetchObjectData (http://localhost:8000/static/js/app.js:11889:28)
    at loadObjectData (http://localhost:8000/static/js/app.js:13547:28)
    at http://localhost:8000/static/js/app.js:1198:23 @ http://localhost:8000/static/js/app.js:13558
[  491034ms] [ERROR] Failed to load resource: net::ERR_CONNECTION_REFUSED @ http://localhost:8000/api/objects/SharedMemory/variables/io%3ASensor1_S/history?count=200&server=ee8d9159:0
[  491034ms] [ERROR] Error обновления графика для io:Sensor1_S: TypeError: Failed to fetch
    at fetchVariableHistory (http://localhost:8000/static/js/app.js:11919:28)
    at updateChart (http://localhost:8000/static/js/app.js:13985:31)
    at http://localhost:8000/static/js/app.js:1209:27 @ http://localhost:8000/static/js/app.js:14010
[  492033ms] [ERROR] Failed to load resource: net::ERR_CONNECTION_REFUSED @ http://localhost:8000/api/objects/SharedMemory?server=ee8d9159:0
[  492034ms] [ERROR] Error загрузки ee8d9159:SharedMemory: TypeError: Failed to fetch
    at fetchObjectData (http://localhost:8000/static/js/app.js:11889:28)
    at loadObjectData (http://localhost:8000/static/js/app.js:13547:28)
    at http://localhost:8000/static/js/app.js:1198:23 @ http://localhost:8000/static/js/app.js:13558
[  492034ms] [ERROR] Failed to load resource: net::ERR_CONNECTION_REFUSED @ http://localhost:8000/api/objects/SharedMemory/variables/io%3ASensor1_S/history?count=200&server=ee8d9159:0
[  492034ms] [ERROR] Error обновления графика для io:Sensor1_S: TypeError: Failed to fetch
    at fetchVariableHistory (http://localhost:8000/static/js/app.js:11919:28)
    at updateChart (http://localhost:8000/static/js/app.js:13985:31)
    at http://localhost:8000/static/js/app.js:1209:27 @ http://localhost:8000/static/js/app.js:14010
[  493034ms] [ERROR] Failed to load resource: net::ERR_CONNECTION_REFUSED @ http://localhost:8000/api/objects/SharedMemory?server=ee8d9159:0
[  493034ms] [ERROR] Error загрузки ee8d9159:SharedMemory: TypeError: Failed to fetch
    at fetchObjectData (http://localhost:8000/static/js/app.js:11889:28)
    at loadObjectData (http://localhost:8000/static/js/app.js:13547:28)
    at http://localhost:8000/static/js/app.js:1198:23 @ http://localhost:8000/static/js/app.js:13558
[  493035ms] [ERROR] Failed to load resource: net::ERR_CONNECTION_REFUSED @ http://localhost:8000/api/objects/SharedMemory/variables/io%3ASensor1_S/history?count=200&server=ee8d9159:0
[  493035ms] [ERROR] Error обновления графика для io:Sensor1_S: TypeError: Failed to fetch
    at fetchVariableHistory (http://localhost:8000/static/js/app.js:11919:28)
    at updateChart (http://localhost:8000/static/js/app.js:13985:31)
    at http://localhost:8000/static/js/app.js:1209:27 @ http://localhost:8000/static/js/app.js:14010
[  494034ms] [ERROR] Failed to load resource: net::ERR_CONNECTION_REFUSED @ http://localhost:8000/api/servers:0
[  494034ms] [ERROR] Error обновления списка объектов: TypeError: Failed to fetch
    at fetchServers (http://localhost:8000/static/js/app.js:11815:28)
    at fetchObjects (http://localhost:8000/static/js/app.js:11822:31)
    at refreshObjectsList (http://localhost:8000/static/js/app.js:11870:28)
    at http://localhost:8000/static/js/app.js:1191:9 @ http://localhost:8000/static/js/app.js:11873
[  494034ms] [ERROR] Failed to load resource: net::ERR_CONNECTION_REFUSED @ http://localhost:8000/api/objects/SharedMemory?server=ee8d9159:0
[  494034ms] [ERROR] Error загрузки ee8d9159:SharedMemory: TypeError: Failed to fetch
    at fetchObjectData (http://localhost:8000/static/js/app.js:11889:28)
    at loadObjectData (http://localhost:8000/static/js/app.js:13547:28)
    at http://localhost:8000/static/js/app.js:1198:23 @ http://localhost:8000/static/js/app.js:13558
[  494035ms] [ERROR] Failed to load resource: net::ERR_CONNECTION_REFUSED @ http://localhost:8000/api/objects/SharedMemory/variables/io%3ASensor1_S/history?count=200&server=ee8d9159:0
[  494035ms] [ERROR] Error обновления графика для io:Sensor1_S: TypeError: Failed to fetch
    at fetchVariableHistory (http://localhost:8000/static/js/app.js:11919:28)
    at updateChart (http://localhost:8000/static/js/app.js:13985:31)
    at http://localhost:8000/static/js/app.js:1209:27 @ http://localhost:8000/static/js/app.js:14010
[  495034ms] [ERROR] Failed to load resource: net::ERR_CONNECTION_REFUSED @ http://localhost:8000/api/objects/SharedMemory?server=ee8d9159:0
[  495034ms] [ERROR] Error загрузки ee8d9159:SharedMemory: TypeError: Failed to fetch
    at fetchObjectData (http://localhost:8000/static/js/app.js:11889:28)
    at loadObjectData (http://localhost:8000/static/js/app.js:13547:28)
    at http://localhost:8000/static/js/app.js:1198:23 @ http://localhost:8000/static/js/app.js:13558
[  495035ms] [ERROR] Failed to load resource: net::ERR_CONNECTION_REFUSED @ http://localhost:8000/api/objects/SharedMemory/variables/io%3ASensor1_S/history?count=200&server=ee8d9159:0
[  495035ms] [ERROR] Error обновления графика для io:Sensor1_S: TypeError: Failed to fetch
    at fetchVariableHistory (http://localhost:8000/static/js/app.js:11919:28)
    at updateChart (http://localhost:8000/static/js/app.js:13985:31)
    at http://localhost:8000/static/js/app.js:1209:27 @ http://localhost:8000/static/js/app.js:14010
[  495059ms] [ERROR] Failed to load resource: net::ERR_CONNECTION_REFUSED @ http://localhost:8000/api/recording/status:0
[  496031ms] [ERROR] Failed to load resource: net::ERR_CONNECTION_REFUSED @ http://localhost:8000/api/objects/SharedMemory?server=ee8d9159:0
[  496031ms] [ERROR] Error загрузки ee8d9159:SharedMemory: TypeError: Failed to fetch
    at fetchObjectData (http://localhost:8000/static/js/app.js:11889:28)
    at loadObjectData (http://localhost:8000/static/js/app.js:13547:28)
    at http://localhost:8000/static/js/app.js:1198:23 @ http://localhost:8000/static/js/app.js:13558
[  496032ms] [ERROR] Failed to load resource: net::ERR_CONNECTION_REFUSED @ http://localhost:8000/api/objects/SharedMemory/variables/io%3ASensor1_S/history?count=200&server=ee8d9159:0
[  496032ms] [ERROR] Error обновления графика для io:Sensor1_S: TypeError: Failed to fetch
    at fetchVariableHistory (http://localhost:8000/static/js/app.js:11919:28)
    at updateChart (http://localhost:8000/static/js/app.js:13985:31)
    at http://localhost:8000/static/js/app.js:1209:27 @ http://localhost:8000/static/js/app.js:14010
[  497035ms] [ERROR] Failed to load resource: net::ERR_CONNECTION_REFUSED @ http://localhost:8000/api/objects/SharedMemory?server=ee8d9159:0
[  497035ms] [ERROR] Error загрузки ee8d9159:SharedMemory: TypeError: Failed to fetch
    at fetchObjectData (http://localhost:8000/static/js/app.js:11889:28)
    at loadObjectData (http://localhost:8000/static/js/app.js:13547:28)
    at http://localhost:8000/static/js/app.js:1198:23 @ http://localhost:8000/static/js/app.js:13558
[  497036ms] [ERROR] Failed to load resource: net::ERR_CONNECTION_REFUSED @ http://localhost:8000/api/objects/SharedMemory/variables/io%3ASensor1_S/history?count=200&server=ee8d9159:0
[  497036ms] [ERROR] Error обновления графика для io:Sensor1_S: TypeError: Failed to fetch
    at fetchVariableHistory (http://localhost:8000/static/js/app.js:11919:28)
    at updateChart (http://localhost:8000/static/js/app.js:13985:31)
    at http://localhost:8000/static/js/app.js:1209:27 @ http://localhost:8000/static/js/app.js:14010
[  498032ms] [ERROR] Failed to load resource: net::ERR_CONNECTION_REFUSED @ http://localhost:8000/api/objects/SharedMemory?server=ee8d9159:0
[  498032ms] [ERROR] Error загрузки ee8d9159:SharedMemory: TypeError: Failed to fetch
    at fetchObjectData (http://localhost:8000/static/js/app.js:11889:28)
    at loadObjectData (http://localhost:8000/static/js/app.js:13547:28)
    at http://localhost:8000/static/js/app.js:1198:23 @ http://localhost:8000/static/js/app.js:13558
[  498033ms] [ERROR] Failed to load resource: net::ERR_CONNECTION_REFUSED @ http://localhost:8000/api/objects/SharedMemory/variables/io%3ASensor1_S/history?count=200&server=ee8d9159:0
[  498033ms] [ERROR] Error обновления графика для io:Sensor1_S: TypeError: Failed to fetch
    at fetchVariableHistory (http://localhost:8000/static/js/app.js:11919:28)
    at updateChart (http://localhost:8000/static/js/app.js:13985:31)
    at http://localhost:8000/static/js/app.js:1209:27 @ http://localhost:8000/static/js/app.js:14010
[  499034ms] [ERROR] Failed to load resource: net::ERR_CONNECTION_REFUSED @ http://localhost:8000/api/objects/SharedMemory?server=ee8d9159:0
[  499034ms] [ERROR] Error загрузки ee8d9159:SharedMemory: TypeError: Failed to fetch
    at fetchObjectData (http://localhost:8000/static/js/app.js:11889:28)
    at loadObjectData (http://localhost:8000/static/js/app.js:13547:28)
    at http://localhost:8000/static/js/app.js:1198:23 @ http://localhost:8000/static/js/app.js:13558
[  499034ms] [ERROR] Failed to load resource: net::ERR_CONNECTION_REFUSED @ http://localhost:8000/api/objects/SharedMemory/variables/io%3ASensor1_S/history?count=200&server=ee8d9159:0
[  499034ms] [ERROR] Error обновления графика для io:Sensor1_S: TypeError: Failed to fetch
    at fetchVariableHistory (http://localhost:8000/static/js/app.js:11919:28)
    at updateChart (http://localhost:8000/static/js/app.js:13985:31)
    at http://localhost:8000/static/js/app.js:1209:27 @ http://localhost:8000/static/js/app.js:14010
[  500034ms] [ERROR] Failed to load resource: net::ERR_CONNECTION_REFUSED @ http://localhost:8000/api/servers:0
[  500034ms] [ERROR] Error обновления списка объектов: TypeError: Failed to fetch
    at fetchServers (http://localhost:8000/static/js/app.js:11815:28)
    at fetchObjects (http://localhost:8000/static/js/app.js:11822:31)
    at refreshObjectsList (http://localhost:8000/static/js/app.js:11870:28)
    at http://localhost:8000/static/js/app.js:1191:9 @ http://localhost:8000/static/js/app.js:11873
[  500034ms] [ERROR] Failed to load resource: net::ERR_CONNECTION_REFUSED @ http://localhost:8000/api/objects/SharedMemory?server=ee8d9159:0
[  500034ms] [ERROR] Error загрузки ee8d9159:SharedMemory: TypeError: Failed to fetch
    at fetchObjectData (http://localhost:8000/static/js/app.js:11889:28)
    at loadObjectData (http://localhost:8000/static/js/app.js:13547:28)
    at http://localhost:8000/static/js/app.js:1198:23 @ http://localhost:8000/static/js/app.js:13558
[  500035ms] [ERROR] Failed to load resource: net::ERR_CONNECTION_REFUSED @ http://localhost:8000/api/objects/SharedMemory/variables/io%3ASensor1_S/history?count=200&server=ee8d9159:0
[  500035ms] [ERROR] Error обновления графика для io:Sensor1_S: TypeError: Failed to fetch
    at fetchVariableHistory (http://localhost:8000/static/js/app.js:11919:28)
    at updateChart (http://localhost:8000/static/js/app.js:13985:31)
    at http://localhost:8000/static/js/app.js:1209:27 @ http://localhost:8000/static/js/app.js:14010
[  500059ms] [ERROR] Failed to load resource: net::ERR_CONNECTION_REFUSED @ http://localhost:8000/api/recording/status:0
[  501033ms] [ERROR] Failed to load resource: net::ERR_CONNECTION_REFUSED @ http://localhost:8000/api/objects/SharedMemory?server=ee8d9159:0
[  501033ms] [ERROR] Error загрузки ee8d9159:SharedMemory: TypeError: Failed to fetch
    at fetchObjectData (http://localhost:8000/static/js/app.js:11889:28)
    at loadObjectData (http://localhost:8000/static/js/app.js:13547:28)
    at http://localhost:8000/static/js/app.js:1198:23 @ http://localhost:8000/static/js/app.js:13558
[  501034ms] [ERROR] Failed to load resource: net::ERR_CONNECTION_REFUSED @ http://localhost:8000/api/objects/SharedMemory/variables/io%3ASensor1_S/history?count=200&server=ee8d9159:0
[  501034ms] [ERROR] Error обновления графика для io:Sensor1_S: TypeError: Failed to fetch
    at fetchVariableHistory (http://localhost:8000/static/js/app.js:11919:28)
    at updateChart (http://localhost:8000/static/js/app.js:13985:31)
    at http://localhost:8000/static/js/app.js:1209:27 @ http://localhost:8000/static/js/app.js:14010
[  502031ms] [ERROR] Failed to load resource: net::ERR_CONNECTION_REFUSED @ http://localhost:8000/api/objects/SharedMemory?server=ee8d9159:0
[  502031ms] [ERROR] Error загрузки ee8d9159:SharedMemory: TypeError: Failed to fetch
    at fetchObjectData (http://localhost:8000/static/js/app.js:11889:28)
    at loadObjectData (http://localhost:8000/static/js/app.js:13547:28)
    at http://localhost:8000/static/js/app.js:1198:23 @ http://localhost:8000/static/js/app.js:13558
[  502032ms] [ERROR] Failed to load resource: net::ERR_CONNECTION_REFUSED @ http://localhost:8000/api/objects/SharedMemory/variables/io%3ASensor1_S/history?count=200&server=ee8d9159:0
[  502032ms] [ERROR] Error обновления графика для io:Sensor1_S: TypeError: Failed to fetch
    at fetchVariableHistory (http://localhost:8000/static/js/app.js:11919:28)
    at updateChart (http://localhost:8000/static/js/app.js:13985:31)
    at http://localhost:8000/static/js/app.js:1209:27 @ http://localhost:8000/static/js/app.js:14010
[  503033ms] [ERROR] Failed to load resource: net::ERR_CONNECTION_REFUSED @ http://localhost:8000/api/objects/SharedMemory?server=ee8d9159:0
[  503033ms] [ERROR] Error загрузки ee8d9159:SharedMemory: TypeError: Failed to fetch
    at fetchObjectData (http://localhost:8000/static/js/app.js:11889:28)
    at loadObjectData (http://localhost:8000/static/js/app.js:13547:28)
    at http://localhost:8000/static/js/app.js:1198:23 @ http://localhost:8000/static/js/app.js:13558
[  503033ms] [ERROR] Failed to load resource: net::ERR_CONNECTION_REFUSED @ http://localhost:8000/api/objects/SharedMemory/variables/io%3ASensor1_S/history?count=200&server=ee8d9159:0
[  503033ms] [ERROR] Error обновления графика для io:Sensor1_S: TypeError: Failed to fetch
    at fetchVariableHistory (http://localhost:8000/static/js/app.js:11919:28)
    at updateChart (http://localhost:8000/static/js/app.js:13985:31)
    at http://localhost:8000/static/js/app.js:1209:27 @ http://localhost:8000/static/js/app.js:14010
[  504033ms] [ERROR] Failed to load resource: net::ERR_CONNECTION_REFUSED @ http://localhost:8000/api/objects/SharedMemory?server=ee8d9159:0
[  504034ms] [ERROR] Error загрузки ee8d9159:SharedMemory: TypeError: Failed to fetch
    at fetchObjectData (http://localhost:8000/static/js/app.js:11889:28)
    at loadObjectData (http://localhost:8000/static/js/app.js:13547:28)
    at http://localhost:8000/static/js/app.js:1198:23 @ http://localhost:8000/static/js/app.js:13558
[  504034ms] [ERROR] Failed to load resource: net::ERR_CONNECTION_REFUSED @ http://localhost:8000/api/objects/SharedMemory/variables/io%3ASensor1_S/history?count=200&server=ee8d9159:0
[  504034ms] [ERROR] Error обновления графика для io:Sensor1_S: TypeError: Failed to fetch
    at fetchVariableHistory (http://localhost:8000/static/js/app.js:11919:28)
    at updateChart (http://localhost:8000/static/js/app.js:13985:31)
    at http://localhost:8000/static/js/app.js:1209:27 @ http://localhost:8000/static/js/app.js:14010
[  505034ms] [ERROR] Failed to load resource: net::ERR_CONNECTION_REFUSED @ http://localhost:8000/api/objects/SharedMemory?server=ee8d9159:0
[  505034ms] [ERROR] Error загрузки ee8d9159:SharedMemory: TypeError: Failed to fetch
    at fetchObjectData (http://localhost:8000/static/js/app.js:11889:28)
    at loadObjectData (http://localhost:8000/static/js/app.js:13547:28)
    at http://localhost:8000/static/js/app.js:1198:23 @ http://localhost:8000/static/js/app.js:13558
[  505035ms] [ERROR] Failed to load resource: net::ERR_CONNECTION_REFUSED @ http://localhost:8000/api/objects/SharedMemory/variables/io%3ASensor1_S/history?count=200&server=ee8d9159:0
[  505035ms] [ERROR] Error обновления графика для io:Sensor1_S: TypeError: Failed to fetch
    at fetchVariableHistory (http://localhost:8000/static/js/app.js:11919:28)
    at updateChart (http://localhost:8000/static/js/app.js:13985:31)
    at http://localhost:8000/static/js/app.js:1209:27 @ http://localhost:8000/static/js/app.js:14010
[  505058ms] [ERROR] Failed to load resource: net::ERR_CONNECTION_REFUSED @ http://localhost:8000/api/recording/status:0
[  506033ms] [ERROR] Failed to load resource: net::ERR_CONNECTION_REFUSED @ http://localhost:8000/api/servers:0
[  506033ms] [ERROR] Error обновления списка объектов: TypeError: Failed to fetch
    at fetchServers (http://localhost:8000/static/js/app.js:11815:28)
    at fetchObjects (http://localhost:8000/static/js/app.js:11822:31)
    at refreshObjectsList (http://localhost:8000/static/js/app.js:11870:28)
    at http://localhost:8000/static/js/app.js:1191:9 @ http://localhost:8000/static/js/app.js:11873
[  506033ms] [ERROR] Failed to load resource: net::ERR_CONNECTION_REFUSED @ http://localhost:8000/api/objects/SharedMemory?server=ee8d9159:0
[  506033ms] [ERROR] Error загрузки ee8d9159:SharedMemory: TypeError: Failed to fetch
    at fetchObjectData (http://localhost:8000/static/js/app.js:11889:28)
    at loadObjectData (http://localhost:8000/static/js/app.js:13547:28)
    at http://localhost:8000/static/js/app.js:1198:23 @ http://localhost:8000/static/js/app.js:13558
[  506033ms] [ERROR] Failed to load resource: net::ERR_CONNECTION_REFUSED @ http://localhost:8000/api/objects/SharedMemory/variables/io%3ASensor1_S/history?count=200&server=ee8d9159:0
[  506034ms] [ERROR] Error обновления графика для io:Sensor1_S: TypeError: Failed to fetch
    at fetchVariableHistory (http://localhost:8000/static/js/app.js:11919:28)
    at updateChart (http://localhost:8000/static/js/app.js:13985:31)
    at http://localhost:8000/static/js/app.js:1209:27 @ http://localhost:8000/static/js/app.js:14010
[  507033ms] [ERROR] Failed to load resource: net::ERR_CONNECTION_REFUSED @ http://localhost:8000/api/objects/SharedMemory?server=ee8d9159:0
[  507033ms] [ERROR] Error загрузки ee8d9159:SharedMemory: TypeError: Failed to fetch
    at fetchObjectData (http://localhost:8000/static/js/app.js:11889:28)
    at loadObjectData (http://localhost:8000/static/js/app.js:13547:28)
    at http://localhost:8000/static/js/app.js:1198:23 @ http://localhost:8000/static/js/app.js:13558
[  507033ms] [ERROR] Failed to load resource: net::ERR_CONNECTION_REFUSED @ http://localhost:8000/api/objects/SharedMemory/variables/io%3ASensor1_S/history?count=200&server=ee8d9159:0
[  507033ms] [ERROR] Error обновления графика для io:Sensor1_S: TypeError: Failed to fetch
    at fetchVariableHistory (http://localhost:8000/static/js/app.js:11919:28)
    at updateChart (http://localhost:8000/static/js/app.js:13985:31)
    at http://localhost:8000/static/js/app.js:1209:27 @ http://localhost:8000/static/js/app.js:14010
[  508031ms] [ERROR] Failed to load resource: net::ERR_CONNECTION_REFUSED @ http://localhost:8000/api/objects/SharedMemory?server=ee8d9159:0
[  508031ms] [ERROR] Error загрузки ee8d9159:SharedMemory: TypeError: Failed to fetch
    at fetchObjectData (http://localhost:8000/static/js/app.js:11889:28)
    at loadObjectData (http://localhost:8000/static/js/app.js:13547:28)
    at http://localhost:8000/static/js/app.js:1198:23 @ http://localhost:8000/static/js/app.js:13558
[  508031ms] [ERROR] Failed to load resource: net::ERR_CONNECTION_REFUSED @ http://localhost:8000/api/objects/SharedMemory/variables/io%3ASensor1_S/history?count=200&server=ee8d9159:0
[  508031ms] [ERROR] Error обновления графика для io:Sensor1_S: TypeError: Failed to fetch
    at fetchVariableHistory (http://localhost:8000/static/js/app.js:11919:28)
    at updateChart (http://localhost:8000/static/js/app.js:13985:31)
    at http://localhost:8000/static/js/app.js:1209:27 @ http://localhost:8000/static/js/app.js:14010
[  509033ms] [ERROR] Failed to load resource: net::ERR_CONNECTION_REFUSED @ http://localhost:8000/api/objects/SharedMemory?server=ee8d9159:0
[  509033ms] [ERROR] Error загрузки ee8d9159:SharedMemory: TypeError: Failed to fetch
    at fetchObjectData (http://localhost:8000/static/js/app.js:11889:28)
    at loadObjectData (http://localhost:8000/static/js/app.js:13547:28)
    at http://localhost:8000/static/js/app.js:1198:23 @ http://localhost:8000/static/js/app.js:13558
[  509033ms] [ERROR] Failed to load resource: net::ERR_CONNECTION_REFUSED @ http://localhost:8000/api/objects/SharedMemory/variables/io%3ASensor1_S/history?count=200&server=ee8d9159:0
[  509033ms] [ERROR] Error обновления графика для io:Sensor1_S: TypeError: Failed to fetch
    at fetchVariableHistory (http://localhost:8000/static/js/app.js:11919:28)
    at updateChart (http://localhost:8000/static/js/app.js:13985:31)
    at http://localhost:8000/static/js/app.js:1209:27 @ http://localhost:8000/static/js/app.js:14010
[  510032ms] [ERROR] Failed to load resource: net::ERR_CONNECTION_REFUSED @ http://localhost:8000/api/objects/SharedMemory?server=ee8d9159:0
[  510033ms] [ERROR] Error загрузки ee8d9159:SharedMemory: TypeError: Failed to fetch
    at fetchObjectData (http://localhost:8000/static/js/app.js:11889:28)
    at loadObjectData (http://localhost:8000/static/js/app.js:13547:28)
    at http://localhost:8000/static/js/app.js:1198:23 @ http://localhost:8000/static/js/app.js:13558
[  510033ms] [ERROR] Failed to load resource: net::ERR_CONNECTION_REFUSED @ http://localhost:8000/api/objects/SharedMemory/variables/io%3ASensor1_S/history?count=200&server=ee8d9159:0
[  510033ms] [ERROR] Error обновления графика для io:Sensor1_S: TypeError: Failed to fetch
    at fetchVariableHistory (http://localhost:8000/static/js/app.js:11919:28)
    at updateChart (http://localhost:8000/static/js/app.js:13985:31)
    at http://localhost:8000/static/js/app.js:1209:27 @ http://localhost:8000/static/js/app.js:14010
[  510058ms] [ERROR] Failed to load resource: net::ERR_CONNECTION_REFUSED @ http://localhost:8000/api/recording/status:0
[  511033ms] [ERROR] Failed to load resource: net::ERR_CONNECTION_REFUSED @ http://localhost:8000/api/objects/SharedMemory?server=ee8d9159:0
[  511033ms] [ERROR] Error загрузки ee8d9159:SharedMemory: TypeError: Failed to fetch
    at fetchObjectData (http://localhost:8000/static/js/app.js:11889:28)
    at loadObjectData (http://localhost:8000/static/js/app.js:13547:28)
    at http://localhost:8000/static/js/app.js:1198:23 @ http://localhost:8000/static/js/app.js:13558
[  511033ms] [ERROR] Failed to load resource: net::ERR_CONNECTION_REFUSED @ http://localhost:8000/api/objects/SharedMemory/variables/io%3ASensor1_S/history?count=200&server=ee8d9159:0
[  511033ms] [ERROR] Error обновления графика для io:Sensor1_S: TypeError: Failed to fetch
    at fetchVariableHistory (http://localhost:8000/static/js/app.js:11919:28)
    at updateChart (http://localhost:8000/static/js/app.js:13985:31)
    at http://localhost:8000/static/js/app.js:1209:27 @ http://localhost:8000/static/js/app.js:14010
[  512035ms] [ERROR] Failed to load resource: net::ERR_CONNECTION_REFUSED @ http://localhost:8000/api/servers:0
[  512035ms] [ERROR] Error обновления списка объектов: TypeError: Failed to fetch
    at fetchServers (http://localhost:8000/static/js/app.js:11815:28)
    at fetchObjects (http://localhost:8000/static/js/app.js:11822:31)
    at refreshObjectsList (http://localhost:8000/static/js/app.js:11870:28)
    at http://localhost:8000/static/js/app.js:1191:9 @ http://localhost:8000/static/js/app.js:11873
[  512035ms] [ERROR] Failed to load resource: net::ERR_CONNECTION_REFUSED @ http://localhost:8000/api/objects/SharedMemory?server=ee8d9159:0
[  512036ms] [ERROR] Error загрузки ee8d9159:SharedMemory: TypeError: Failed to fetch
    at fetchObjectData (http://localhost:8000/static/js/app.js:11889:28)
    at loadObjectData (http://localhost:8000/static/js/app.js:13547:28)
    at http://localhost:8000/static/js/app.js:1198:23 @ http://localhost:8000/static/js/app.js:13558
[  512036ms] [ERROR] Failed to load resource: net::ERR_CONNECTION_REFUSED @ http://localhost:8000/api/objects/SharedMemory/variables/io%3ASensor1_S/history?count=200&server=ee8d9159:0
[  512036ms] [ERROR] Error обновления графика для io:Sensor1_S: TypeError: Failed to fetch
    at fetchVariableHistory (http://localhost:8000/static/js/app.js:11919:28)
    at updateChart (http://localhost:8000/static/js/app.js:13985:31)
    at http://localhost:8000/static/js/app.js:1209:27 @ http://localhost:8000/static/js/app.js:14010
[  512036ms] [ERROR] Failed to load resource: net::ERR_CONNECTION_REFUSED @ http://localhost:8000/api/version:0
[  513031ms] [ERROR] Failed to load resource: net::ERR_CONNECTION_REFUSED @ http://localhost:8000/api/objects/SharedMemory?server=ee8d9159:0
[  513031ms] [ERROR] Error загрузки ee8d9159:SharedMemory: TypeError: Failed to fetch
    at fetchObjectData (http://localhost:8000/static/js/app.js:11889:28)
    at loadObjectData (http://localhost:8000/static/js/app.js:13547:28)
    at http://localhost:8000/static/js/app.js:1198:23 @ http://localhost:8000/static/js/app.js:13558
[  513032ms] [ERROR] Failed to load resource: net::ERR_CONNECTION_REFUSED @ http://localhost:8000/api/objects/SharedMemory/variables/io%3ASensor1_S/history?count=200&server=ee8d9159:0
[  513032ms] [ERROR] Error обновления графика для io:Sensor1_S: TypeError: Failed to fetch
    at fetchVariableHistory (http://localhost:8000/static/js/app.js:11919:28)
    at updateChart (http://localhost:8000/static/js/app.js:13985:31)
    at http://localhost:8000/static/js/app.js:1209:27 @ http://localhost:8000/static/js/app.js:14010
[  514034ms] [ERROR] Failed to load resource: net::ERR_CONNECTION_REFUSED @ http://localhost:8000/api/objects/SharedMemory?server=ee8d9159:0
[  514034ms] [ERROR] Error загрузки ee8d9159:SharedMemory: TypeError: Failed to fetch
    at fetchObjectData (http://localhost:8000/static/js/app.js:11889:28)
    at loadObjectData (http://localhost:8000/static/js/app.js:13547:28)
    at http://localhost:8000/static/js/app.js:1198:23 @ http://localhost:8000/static/js/app.js:13558
[  514035ms] [ERROR] Failed to load resource: net::ERR_CONNECTION_REFUSED @ http://localhost:8000/api/objects/SharedMemory/variables/io%3ASensor1_S/history?count=200&server=ee8d9159:0
[  514035ms] [ERROR] Error обновления графика для io:Sensor1_S: TypeError: Failed to fetch
    at fetchVariableHistory (http://localhost:8000/static/js/app.js:11919:28)
    at updateChart (http://localhost:8000/static/js/app.js:13985:31)
    at http://localhost:8000/static/js/app.js:1209:27 @ http://localhost:8000/static/js/app.js:14010
[  515034ms] [ERROR] Failed to load resource: net::ERR_CONNECTION_REFUSED @ http://localhost:8000/api/objects/SharedMemory?server=ee8d9159:0
[  515034ms] [ERROR] Error загрузки ee8d9159:SharedMemory: TypeError: Failed to fetch
    at fetchObjectData (http://localhost:8000/static/js/app.js:11889:28)
    at loadObjectData (http://localhost:8000/static/js/app.js:13547:28)
    at http://localhost:8000/static/js/app.js:1198:23 @ http://localhost:8000/static/js/app.js:13558
[  515035ms] [ERROR] Failed to load resource: net::ERR_CONNECTION_REFUSED @ http://localhost:8000/api/objects/SharedMemory/variables/io%3ASensor1_S/history?count=200&server=ee8d9159:0
[  515035ms] [ERROR] Error обновления графика для io:Sensor1_S: TypeError: Failed to fetch
    at fetchVariableHistory (http://localhost:8000/static/js/app.js:11919:28)
    at updateChart (http://localhost:8000/static/js/app.js:13985:31)
    at http://localhost:8000/static/js/app.js:1209:27 @ http://localhost:8000/static/js/app.js:14010
[  515060ms] [ERROR] Failed to load resource: net::ERR_CONNECTION_REFUSED @ http://localhost:8000/api/recording/status:0
[  516034ms] [ERROR] Failed to load resource: net::ERR_CONNECTION_REFUSED @ http://localhost:8000/api/objects/SharedMemory?server=ee8d9159:0
[  516034ms] [ERROR] Error загрузки ee8d9159:SharedMemory: TypeError: Failed to fetch
    at fetchObjectData (http://localhost:8000/static/js/app.js:11889:28)
    at loadObjectData (http://localhost:8000/static/js/app.js:13547:28)
    at http://localhost:8000/static/js/app.js:1198:23 @ http://localhost:8000/static/js/app.js:13558
[  516034ms] [ERROR] Failed to load resource: net::ERR_CONNECTION_REFUSED @ http://localhost:8000/api/objects/SharedMemory/variables/io%3ASensor1_S/history?count=200&server=ee8d9159:0
[  516035ms] [ERROR] Error обновления графика для io:Sensor1_S: TypeError: Failed to fetch
    at fetchVariableHistory (http://localhost:8000/static/js/app.js:11919:28)
    at updateChart (http://localhost:8000/static/js/app.js:13985:31)
    at http://localhost:8000/static/js/app.js:1209:27 @ http://localhost:8000/static/js/app.js:14010
[  517033ms] [ERROR] Failed to load resource: net::ERR_CONNECTION_REFUSED @ http://localhost:8000/api/objects/SharedMemory?server=ee8d9159:0
[  517033ms] [ERROR] Error загрузки ee8d9159:SharedMemory: TypeError: Failed to fetch
    at fetchObjectData (http://localhost:8000/static/js/app.js:11889:28)
    at loadObjectData (http://localhost:8000/static/js/app.js:13547:28)
    at http://localhost:8000/static/js/app.js:1198:23 @ http://localhost:8000/static/js/app.js:13558
[  517034ms] [ERROR] Failed to load resource: net::ERR_CONNECTION_REFUSED @ http://localhost:8000/api/objects/SharedMemory/variables/io%3ASensor1_S/history?count=200&server=ee8d9159:0
[  517034ms] [ERROR] Error обновления графика для io:Sensor1_S: TypeError: Failed to fetch
    at fetchVariableHistory (http://localhost:8000/static/js/app.js:11919:28)
    at updateChart (http://localhost:8000/static/js/app.js:13985:31)
    at http://localhost:8000/static/js/app.js:1209:27 @ http://localhost:8000/static/js/app.js:14010
[  518033ms] [ERROR] Failed to load resource: net::ERR_CONNECTION_REFUSED @ http://localhost:8000/api/servers:0
[  518033ms] [ERROR] Error обновления списка объектов: TypeError: Failed to fetch
    at fetchServers (http://localhost:8000/static/js/app.js:11815:28)
    at fetchObjects (http://localhost:8000/static/js/app.js:11822:31)
    at refreshObjectsList (http://localhost:8000/static/js/app.js:11870:28)
    at http://localhost:8000/static/js/app.js:1191:9 @ http://localhost:8000/static/js/app.js:11873
[  518033ms] [ERROR] Failed to load resource: net::ERR_CONNECTION_REFUSED @ http://localhost:8000/api/objects/SharedMemory?server=ee8d9159:0
[  518033ms] [ERROR] Error загрузки ee8d9159:SharedMemory: TypeError: Failed to fetch
    at fetchObjectData (http://localhost:8000/static/js/app.js:11889:28)
    at loadObjectData (http://localhost:8000/static/js/app.js:13547:28)
    at http://localhost:8000/static/js/app.js:1198:23 @ http://localhost:8000/static/js/app.js:13558
[  518033ms] [ERROR] Failed to load resource: net::ERR_CONNECTION_REFUSED @ http://localhost:8000/api/objects/SharedMemory/variables/io%3ASensor1_S/history?count=200&server=ee8d9159:0
[  518033ms] [ERROR] Error обновления графика для io:Sensor1_S: TypeError: Failed to fetch
    at fetchVariableHistory (http://localhost:8000/static/js/app.js:11919:28)
    at updateChart (http://localhost:8000/static/js/app.js:13985:31)
    at http://localhost:8000/static/js/app.js:1209:27 @ http://localhost:8000/static/js/app.js:14010
[  519033ms] [ERROR] Failed to load resource: net::ERR_CONNECTION_REFUSED @ http://localhost:8000/api/objects/SharedMemory?server=ee8d9159:0
[  519033ms] [ERROR] Error загрузки ee8d9159:SharedMemory: TypeError: Failed to fetch
    at fetchObjectData (http://localhost:8000/static/js/app.js:11889:28)
    at loadObjectData (http://localhost:8000/static/js/app.js:13547:28)
    at http://localhost:8000/static/js/app.js:1198:23 @ http://localhost:8000/static/js/app.js:13558
[  519033ms] [ERROR] Failed to load resource: net::ERR_CONNECTION_REFUSED @ http://localhost:8000/api/objects/SharedMemory/variables/io%3ASensor1_S/history?count=200&server=ee8d9159:0
[  519033ms] [ERROR] Error обновления графика для io:Sensor1_S: TypeError: Failed to fetch
    at fetchVariableHistory (http://localhost:8000/static/js/app.js:11919:28)
    at updateChart (http://localhost:8000/static/js/app.js:13985:31)
    at http://localhost:8000/static/js/app.js:1209:27 @ http://localhost:8000/static/js/app.js:14010
[  520033ms] [ERROR] Failed to load resource: net::ERR_CONNECTION_REFUSED @ http://localhost:8000/api/objects/SharedMemory?server=ee8d9159:0
[  520033ms] [ERROR] Error загрузки ee8d9159:SharedMemory: TypeError: Failed to fetch
    at fetchObjectData (http://localhost:8000/static/js/app.js:11889:28)
    at loadObjectData (http://localhost:8000/static/js/app.js:13547:28)
    at http://localhost:8000/static/js/app.js:1198:23 @ http://localhost:8000/static/js/app.js:13558
[  520034ms] [ERROR] Failed to load resource: net::ERR_CONNECTION_REFUSED @ http://localhost:8000/api/objects/SharedMemory/variables/io%3ASensor1_S/history?count=200&server=ee8d9159:0
[  520034ms] [ERROR] Error обновления графика для io:Sensor1_S: TypeError: Failed to fetch
    at fetchVariableHistory (http://localhost:8000/static/js/app.js:11919:28)
    at updateChart (http://localhost:8000/static/js/app.js:13985:31)
    at http://localhost:8000/static/js/app.js:1209:27 @ http://localhost:8000/static/js/app.js:14010
[  520059ms] [ERROR] Failed to load resource: net::ERR_CONNECTION_REFUSED @ http://localhost:8000/api/recording/status:0
[  521033ms] [ERROR] Failed to load resource: net::ERR_CONNECTION_REFUSED @ http://localhost:8000/api/objects/SharedMemory?server=ee8d9159:0
[  521033ms] [ERROR] Error загрузки ee8d9159:SharedMemory: TypeError: Failed to fetch
    at fetchObjectData (http://localhost:8000/static/js/app.js:11889:28)
    at loadObjectData (http://localhost:8000/static/js/app.js:13547:28)
    at http://localhost:8000/static/js/app.js:1198:23 @ http://localhost:8000/static/js/app.js:13558
[  521034ms] [ERROR] Failed to load resource: net::ERR_CONNECTION_REFUSED @ http://localhost:8000/api/objects/SharedMemory/variables/io%3ASensor1_S/history?count=200&server=ee8d9159:0
[  521034ms] [ERROR] Error обновления графика для io:Sensor1_S: TypeError: Failed to fetch
    at fetchVariableHistory (http://localhost:8000/static/js/app.js:11919:28)
    at updateChart (http://localhost:8000/static/js/app.js:13985:31)
    at http://localhost:8000/static/js/app.js:1209:27 @ http://localhost:8000/static/js/app.js:14010
[  522033ms] [ERROR] Failed to load resource: net::ERR_CONNECTION_REFUSED @ http://localhost:8000/api/objects/SharedMemory?server=ee8d9159:0
[  522033ms] [ERROR] Error загрузки ee8d9159:SharedMemory: TypeError: Failed to fetch
    at fetchObjectData (http://localhost:8000/static/js/app.js:11889:28)
    at loadObjectData (http://localhost:8000/static/js/app.js:13547:28)
    at http://localhost:8000/static/js/app.js:1198:23 @ http://localhost:8000/static/js/app.js:13558
[  522034ms] [ERROR] Failed to load resource: net::ERR_CONNECTION_REFUSED @ http://localhost:8000/api/objects/SharedMemory/variables/io%3ASensor1_S/history?count=200&server=ee8d9159:0
[  522034ms] [ERROR] Error обновления графика для io:Sensor1_S: TypeError: Failed to fetch
    at fetchVariableHistory (http://localhost:8000/static/js/app.js:11919:28)
    at updateChart (http://localhost:8000/static/js/app.js:13985:31)
    at http://localhost:8000/static/js/app.js:1209:27 @ http://localhost:8000/static/js/app.js:14010
[  523031ms] [ERROR] Failed to load resource: net::ERR_CONNECTION_REFUSED @ http://localhost:8000/api/objects/SharedMemory?server=ee8d9159:0
[  523031ms] [ERROR] Error загрузки ee8d9159:SharedMemory: TypeError: Failed to fetch
    at fetchObjectData (http://localhost:8000/static/js/app.js:11889:28)
    at loadObjectData (http://localhost:8000/static/js/app.js:13547:28)
    at http://localhost:8000/static/js/app.js:1198:23 @ http://localhost:8000/static/js/app.js:13558
[  523031ms] [ERROR] Failed to load resource: net::ERR_CONNECTION_REFUSED @ http://localhost:8000/api/objects/SharedMemory/variables/io%3ASensor1_S/history?count=200&server=ee8d9159:0
[  523031ms] [ERROR] Error обновления графика для io:Sensor1_S: TypeError: Failed to fetch
    at fetchVariableHistory (http://localhost:8000/static/js/app.js:11919:28)
    at updateChart (http://localhost:8000/static/js/app.js:13985:31)
    at http://localhost:8000/static/js/app.js:1209:27 @ http://localhost:8000/static/js/app.js:14010
[  524035ms] [ERROR] Failed to load resource: net::ERR_CONNECTION_REFUSED @ http://localhost:8000/api/servers:0
[  524035ms] [ERROR] Error обновления списка объектов: TypeError: Failed to fetch
    at fetchServers (http://localhost:8000/static/js/app.js:11815:28)
    at fetchObjects (http://localhost:8000/static/js/app.js:11822:31)
    at refreshObjectsList (http://localhost:8000/static/js/app.js:11870:28)
    at http://localhost:8000/static/js/app.js:1191:9 @ http://localhost:8000/static/js/app.js:11873
[  524035ms] [ERROR] Failed to load resource: net::ERR_CONNECTION_REFUSED @ http://localhost:8000/api/objects/SharedMemory?server=ee8d9159:0
[  524036ms] [ERROR] Error загрузки ee8d9159:SharedMemory: TypeError: Failed to fetch
    at fetchObjectData (http://localhost:8000/static/js/app.js:11889:28)
    at loadObjectData (http://localhost:8000/static/js/app.js:13547:28)
    at http://localhost:8000/static/js/app.js:1198:23 @ http://localhost:8000/static/js/app.js:13558
[  524036ms] [ERROR] Failed to load resource: net::ERR_CONNECTION_REFUSED @ http://localhost:8000/api/objects/SharedMemory/variables/io%3ASensor1_S/history?count=200&server=ee8d9159:0
[  524036ms] [ERROR] Error обновления графика для io:Sensor1_S: TypeError: Failed to fetch
    at fetchVariableHistory (http://localhost:8000/static/js/app.js:11919:28)
    at updateChart (http://localhost:8000/static/js/app.js:13985:31)
    at http://localhost:8000/static/js/app.js:1209:27 @ http://localhost:8000/static/js/app.js:14010
[  525033ms] [ERROR] Failed to load resource: net::ERR_CONNECTION_REFUSED @ http://localhost:8000/api/objects/SharedMemory?server=ee8d9159:0
[  525033ms] [ERROR] Error загрузки ee8d9159:SharedMemory: TypeError: Failed to fetch
    at fetchObjectData (http://localhost:8000/static/js/app.js:11889:28)
    at loadObjectData (http://localhost:8000/static/js/app.js:13547:28)
    at http://localhost:8000/static/js/app.js:1198:23 @ http://localhost:8000/static/js/app.js:13558
[  525034ms] [ERROR] Failed to load resource: net::ERR_CONNECTION_REFUSED @ http://localhost:8000/api/objects/SharedMemory/variables/io%3ASensor1_S/history?count=200&server=ee8d9159:0
[  525034ms] [ERROR] Error обновления графика для io:Sensor1_S: TypeError: Failed to fetch
    at fetchVariableHistory (http://localhost:8000/static/js/app.js:11919:28)
    at updateChart (http://localhost:8000/static/js/app.js:13985:31)
    at http://localhost:8000/static/js/app.js:1209:27 @ http://localhost:8000/static/js/app.js:14010
[  525059ms] [ERROR] Failed to load resource: net::ERR_CONNECTION_REFUSED @ http://localhost:8000/api/recording/status:0
[  526032ms] [ERROR] Failed to load resource: net::ERR_CONNECTION_REFUSED @ http://localhost:8000/api/objects/SharedMemory?server=ee8d9159:0
[  526032ms] [ERROR] Error загрузки ee8d9159:SharedMemory: TypeError: Failed to fetch
    at fetchObjectData (http://localhost:8000/static/js/app.js:11889:28)
    at loadObjectData (http://localhost:8000/static/js/app.js:13547:28)
    at http://localhost:8000/static/js/app.js:1198:23 @ http://localhost:8000/static/js/app.js:13558
[  526032ms] [ERROR] Failed to load resource: net::ERR_CONNECTION_REFUSED @ http://localhost:8000/api/objects/SharedMemory/variables/io%3ASensor1_S/history?count=200&server=ee8d9159:0
[  526032ms] [ERROR] Error обновления графика для io:Sensor1_S: TypeError: Failed to fetch
    at fetchVariableHistory (http://localhost:8000/static/js/app.js:11919:28)
    at updateChart (http://localhost:8000/static/js/app.js:13985:31)
    at http://localhost:8000/static/js/app.js:1209:27 @ http://localhost:8000/static/js/app.js:14010
[  527031ms] [ERROR] Failed to load resource: net::ERR_CONNECTION_REFUSED @ http://localhost:8000/api/objects/SharedMemory?server=ee8d9159:0
[  527032ms] [ERROR] Error загрузки ee8d9159:SharedMemory: TypeError: Failed to fetch
    at fetchObjectData (http://localhost:8000/static/js/app.js:11889:28)
    at loadObjectData (http://localhost:8000/static/js/app.js:13547:28)
    at http://localhost:8000/static/js/app.js:1198:23 @ http://localhost:8000/static/js/app.js:13558
[  527032ms] [ERROR] Failed to load resource: net::ERR_CONNECTION_REFUSED @ http://localhost:8000/api/objects/SharedMemory/variables/io%3ASensor1_S/history?count=200&server=ee8d9159:0
[  527032ms] [ERROR] Error обновления графика для io:Sensor1_S: TypeError: Failed to fetch
    at fetchVariableHistory (http://localhost:8000/static/js/app.js:11919:28)
    at updateChart (http://localhost:8000/static/js/app.js:13985:31)
    at http://localhost:8000/static/js/app.js:1209:27 @ http://localhost:8000/static/js/app.js:14010
[  528033ms] [ERROR] Failed to load resource: net::ERR_CONNECTION_REFUSED @ http://localhost:8000/api/objects/SharedMemory?server=ee8d9159:0
[  528034ms] [ERROR] Error загрузки ee8d9159:SharedMemory: TypeError: Failed to fetch
    at fetchObjectData (http://localhost:8000/static/js/app.js:11889:28)
    at loadObjectData (http://localhost:8000/static/js/app.js:13547:28)
    at http://localhost:8000/static/js/app.js:1198:23 @ http://localhost:8000/static/js/app.js:13558
[  528034ms] [ERROR] Failed to load resource: net::ERR_CONNECTION_REFUSED @ http://localhost:8000/api/objects/SharedMemory/variables/io%3ASensor1_S/history?count=200&server=ee8d9159:0
[  528034ms] [ERROR] Error обновления графика для io:Sensor1_S: TypeError: Failed to fetch
    at fetchVariableHistory (http://localhost:8000/static/js/app.js:11919:28)
    at updateChart (http://localhost:8000/static/js/app.js:13985:31)
    at http://localhost:8000/static/js/app.js:1209:27 @ http://localhost:8000/static/js/app.js:14010
[  529033ms] [ERROR] Failed to load resource: net::ERR_CONNECTION_REFUSED @ http://localhost:8000/api/objects/SharedMemory?server=ee8d9159:0
[  529033ms] [ERROR] Error загрузки ee8d9159:SharedMemory: TypeError: Failed to fetch
    at fetchObjectData (http://localhost:8000/static/js/app.js:11889:28)
    at loadObjectData (http://localhost:8000/static/js/app.js:13547:28)
    at http://localhost:8000/static/js/app.js:1198:23 @ http://localhost:8000/static/js/app.js:13558
[  529034ms] [ERROR] Failed to load resource: net::ERR_CONNECTION_REFUSED @ http://localhost:8000/api/objects/SharedMemory/variables/io%3ASensor1_S/history?count=200&server=ee8d9159:0
[  529034ms] [ERROR] Error обновления графика для io:Sensor1_S: TypeError: Failed to fetch
    at fetchVariableHistory (http://localhost:8000/static/js/app.js:11919:28)
    at updateChart (http://localhost:8000/static/js/app.js:13985:31)
    at http://localhost:8000/static/js/app.js:1209:27 @ http://localhost:8000/static/js/app.js:14010
[  530033ms] [ERROR] Failed to load resource: net::ERR_CONNECTION_REFUSED @ http://localhost:8000/api/servers:0
[  530033ms] [ERROR] Error обновления списка объектов: TypeError: Failed to fetch
    at fetchServers (http://localhost:8000/static/js/app.js:11815:28)
    at fetchObjects (http://localhost:8000/static/js/app.js:11822:31)
    at refreshObjectsList (http://localhost:8000/static/js/app.js:11870:28)
    at http://localhost:8000/static/js/app.js:1191:9 @ http://localhost:8000/static/js/app.js:11873
[  530034ms] [ERROR] Failed to load resource: net::ERR_CONNECTION_REFUSED @ http://localhost:8000/api/objects/SharedMemory?server=ee8d9159:0
[  530034ms] [ERROR] Error загрузки ee8d9159:SharedMemory: TypeError: Failed to fetch
    at fetchObjectData (http://localhost:8000/static/js/app.js:11889:28)
    at loadObjectData (http://localhost:8000/static/js/app.js:13547:28)
    at http://localhost:8000/static/js/app.js:1198:23 @ http://localhost:8000/static/js/app.js:13558
[  530034ms] [ERROR] Failed to load resource: net::ERR_CONNECTION_REFUSED @ http://localhost:8000/api/objects/SharedMemory/variables/io%3ASensor1_S/history?count=200&server=ee8d9159:0
[  530034ms] [ERROR] Error обновления графика для io:Sensor1_S: TypeError: Failed to fetch
    at fetchVariableHistory (http://localhost:8000/static/js/app.js:11919:28)
    at updateChart (http://localhost:8000/static/js/app.js:13985:31)
    at http://localhost:8000/static/js/app.js:1209:27 @ http://localhost:8000/static/js/app.js:14010
[  530058ms] [ERROR] Failed to load resource: net::ERR_CONNECTION_REFUSED @ http://localhost:8000/api/recording/status:0
[  531033ms] [ERROR] Failed to load resource: net::ERR_CONNECTION_REFUSED @ http://localhost:8000/api/objects/SharedMemory?server=ee8d9159:0
[  531033ms] [ERROR] Error загрузки ee8d9159:SharedMemory: TypeError: Failed to fetch
    at fetchObjectData (http://localhost:8000/static/js/app.js:11889:28)
    at loadObjectData (http://localhost:8000/static/js/app.js:13547:28)
    at http://localhost:8000/static/js/app.js:1198:23 @ http://localhost:8000/static/js/app.js:13558
[  531033ms] [ERROR] Failed to load resource: net::ERR_CONNECTION_REFUSED @ http://localhost:8000/api/objects/SharedMemory/variables/io%3ASensor1_S/history?count=200&server=ee8d9159:0
[  531033ms] [ERROR] Error обновления графика для io:Sensor1_S: TypeError: Failed to fetch
    at fetchVariableHistory (http://localhost:8000/static/js/app.js:11919:28)
    at updateChart (http://localhost:8000/static/js/app.js:13985:31)
    at http://localhost:8000/static/js/app.js:1209:27 @ http://localhost:8000/static/js/app.js:14010
[  532031ms] [ERROR] Failed to load resource: net::ERR_CONNECTION_REFUSED @ http://localhost:8000/api/objects/SharedMemory?server=ee8d9159:0
[  532031ms] [ERROR] Error загрузки ee8d9159:SharedMemory: TypeError: Failed to fetch
    at fetchObjectData (http://localhost:8000/static/js/app.js:11889:28)
    at loadObjectData (http://localhost:8000/static/js/app.js:13547:28)
    at http://localhost:8000/static/js/app.js:1198:23 @ http://localhost:8000/static/js/app.js:13558
[  532031ms] [ERROR] Failed to load resource: net::ERR_CONNECTION_REFUSED @ http://localhost:8000/api/objects/SharedMemory/variables/io%3ASensor1_S/history?count=200&server=ee8d9159:0
[  532032ms] [ERROR] Error обновления графика для io:Sensor1_S: TypeError: Failed to fetch
    at fetchVariableHistory (http://localhost:8000/static/js/app.js:11919:28)
    at updateChart (http://localhost:8000/static/js/app.js:13985:31)
    at http://localhost:8000/static/js/app.js:1209:27 @ http://localhost:8000/static/js/app.js:14010
[  533033ms] [ERROR] Failed to load resource: net::ERR_CONNECTION_REFUSED @ http://localhost:8000/api/objects/SharedMemory?server=ee8d9159:0
[  533033ms] [ERROR] Error загрузки ee8d9159:SharedMemory: TypeError: Failed to fetch
    at fetchObjectData (http://localhost:8000/static/js/app.js:11889:28)
    at loadObjectData (http://localhost:8000/static/js/app.js:13547:28)
    at http://localhost:8000/static/js/app.js:1198:23 @ http://localhost:8000/static/js/app.js:13558
[  533034ms] [ERROR] Failed to load resource: net::ERR_CONNECTION_REFUSED @ http://localhost:8000/api/objects/SharedMemory/variables/io%3ASensor1_S/history?count=200&server=ee8d9159:0
[  533034ms] [ERROR] Error обновления графика для io:Sensor1_S: TypeError: Failed to fetch
    at fetchVariableHistory (http://localhost:8000/static/js/app.js:11919:28)
    at updateChart (http://localhost:8000/static/js/app.js:13985:31)
    at http://localhost:8000/static/js/app.js:1209:27 @ http://localhost:8000/static/js/app.js:14010
[  534033ms] [ERROR] Failed to load resource: net::ERR_CONNECTION_REFUSED @ http://localhost:8000/api/objects/SharedMemory?server=ee8d9159:0
[  534033ms] [ERROR] Error загрузки ee8d9159:SharedMemory: TypeError: Failed to fetch
    at fetchObjectData (http://localhost:8000/static/js/app.js:11889:28)
    at loadObjectData (http://localhost:8000/static/js/app.js:13547:28)
    at http://localhost:8000/static/js/app.js:1198:23 @ http://localhost:8000/static/js/app.js:13558
[  534034ms] [ERROR] Failed to load resource: net::ERR_CONNECTION_REFUSED @ http://localhost:8000/api/objects/SharedMemory/variables/io%3ASensor1_S/history?count=200&server=ee8d9159:0
[  534034ms] [ERROR] Error обновления графика для io:Sensor1_S: TypeError: Failed to fetch
    at fetchVariableHistory (http://localhost:8000/static/js/app.js:11919:28)
    at updateChart (http://localhost:8000/static/js/app.js:13985:31)
    at http://localhost:8000/static/js/app.js:1209:27 @ http://localhost:8000/static/js/app.js:14010
[  535033ms] [ERROR] Failed to load resource: net::ERR_CONNECTION_REFUSED @ http://localhost:8000/api/objects/SharedMemory?server=ee8d9159:0
[  535033ms] [ERROR] Error загрузки ee8d9159:SharedMemory: TypeError: Failed to fetch
    at fetchObjectData (http://localhost:8000/static/js/app.js:11889:28)
    at loadObjectData (http://localhost:8000/static/js/app.js:13547:28)
    at http://localhost:8000/static/js/app.js:1198:23 @ http://localhost:8000/static/js/app.js:13558
[  535034ms] [ERROR] Failed to load resource: net::ERR_CONNECTION_REFUSED @ http://localhost:8000/api/objects/SharedMemory/variables/io%3ASensor1_S/history?count=200&server=ee8d9159:0
[  535034ms] [ERROR] Error обновления графика для io:Sensor1_S: TypeError: Failed to fetch
    at fetchVariableHistory (http://localhost:8000/static/js/app.js:11919:28)
    at updateChart (http://localhost:8000/static/js/app.js:13985:31)
    at http://localhost:8000/static/js/app.js:1209:27 @ http://localhost:8000/static/js/app.js:14010
[  535060ms] [ERROR] Failed to load resource: net::ERR_CONNECTION_REFUSED @ http://localhost:8000/api/recording/status:0
[  536034ms] [ERROR] Failed to load resource: net::ERR_CONNECTION_REFUSED @ http://localhost:8000/api/servers:0
[  536034ms] [ERROR] Error обновления списка объектов: TypeError: Failed to fetch
    at fetchServers (http://localhost:8000/static/js/app.js:11815:28)
    at fetchObjects (http://localhost:8000/static/js/app.js:11822:31)
    at refreshObjectsList (http://localhost:8000/static/js/app.js:11870:28)
    at http://localhost:8000/static/js/app.js:1191:9 @ http://localhost:8000/static/js/app.js:11873
[  536035ms] [ERROR] Failed to load resource: net::ERR_CONNECTION_REFUSED @ http://localhost:8000/api/objects/SharedMemory?server=ee8d9159:0
[  536035ms] [ERROR] Error загрузки ee8d9159:SharedMemory: TypeError: Failed to fetch
    at fetchObjectData (http://localhost:8000/static/js/app.js:11889:28)
    at loadObjectData (http://localhost:8000/static/js/app.js:13547:28)
    at http://localhost:8000/static/js/app.js:1198:23 @ http://localhost:8000/static/js/app.js:13558
[  536035ms] [ERROR] Failed to load resource: net::ERR_CONNECTION_REFUSED @ http://localhost:8000/api/objects/SharedMemory/variables/io%3ASensor1_S/history?count=200&server=ee8d9159:0
[  536035ms] [ERROR] Error обновления графика для io:Sensor1_S: TypeError: Failed to fetch
    at fetchVariableHistory (http://localhost:8000/static/js/app.js:11919:28)
    at updateChart (http://localhost:8000/static/js/app.js:13985:31)
    at http://localhost:8000/static/js/app.js:1209:27 @ http://localhost:8000/static/js/app.js:14010
[  537034ms] [ERROR] Failed to load resource: net::ERR_CONNECTION_REFUSED @ http://localhost:8000/api/objects/SharedMemory?server=ee8d9159:0
[  537034ms] [ERROR] Error загрузки ee8d9159:SharedMemory: TypeError: Failed to fetch
    at fetchObjectData (http://localhost:8000/static/js/app.js:11889:28)
    at loadObjectData (http://localhost:8000/static/js/app.js:13547:28)
    at http://localhost:8000/static/js/app.js:1198:23 @ http://localhost:8000/static/js/app.js:13558
[  537035ms] [ERROR] Failed to load resource: net::ERR_CONNECTION_REFUSED @ http://localhost:8000/api/objects/SharedMemory/variables/io%3ASensor1_S/history?count=200&server=ee8d9159:0
[  537035ms] [ERROR] Error обновления графика для io:Sensor1_S: TypeError: Failed to fetch
    at fetchVariableHistory (http://localhost:8000/static/js/app.js:11919:28)
    at updateChart (http://localhost:8000/static/js/app.js:13985:31)
    at http://localhost:8000/static/js/app.js:1209:27 @ http://localhost:8000/static/js/app.js:14010
[  538034ms] [ERROR] Failed to load resource: net::ERR_CONNECTION_REFUSED @ http://localhost:8000/api/objects/SharedMemory?server=ee8d9159:0
[  538034ms] [ERROR] Error загрузки ee8d9159:SharedMemory: TypeError: Failed to fetch
    at fetchObjectData (http://localhost:8000/static/js/app.js:11889:28)
    at loadObjectData (http://localhost:8000/static/js/app.js:13547:28)
    at http://localhost:8000/static/js/app.js:1198:23 @ http://localhost:8000/static/js/app.js:13558
[  538034ms] [ERROR] Failed to load resource: net::ERR_CONNECTION_REFUSED @ http://localhost:8000/api/objects/SharedMemory/variables/io%3ASensor1_S/history?count=200&server=ee8d9159:0
[  538034ms] [ERROR] Error обновления графика для io:Sensor1_S: TypeError: Failed to fetch
    at fetchVariableHistory (http://localhost:8000/static/js/app.js:11919:28)
    at updateChart (http://localhost:8000/static/js/app.js:13985:31)
    at http://localhost:8000/static/js/app.js:1209:27 @ http://localhost:8000/static/js/app.js:14010
[  539033ms] [ERROR] Failed to load resource: net::ERR_CONNECTION_REFUSED @ http://localhost:8000/api/objects/SharedMemory?server=ee8d9159:0
[  539033ms] [ERROR] Error загрузки ee8d9159:SharedMemory: TypeError: Failed to fetch
    at fetchObjectData (http://localhost:8000/static/js/app.js:11889:28)
    at loadObjectData (http://localhost:8000/static/js/app.js:13547:28)
    at http://localhost:8000/static/js/app.js:1198:23 @ http://localhost:8000/static/js/app.js:13558
[  539033ms] [ERROR] Failed to load resource: net::ERR_CONNECTION_REFUSED @ http://localhost:8000/api/objects/SharedMemory/variables/io%3ASensor1_S/history?count=200&server=ee8d9159:0
[  539033ms] [ERROR] Error обновления графика для io:Sensor1_S: TypeError: Failed to fetch
    at fetchVariableHistory (http://localhost:8000/static/js/app.js:11919:28)
    at updateChart (http://localhost:8000/static/js/app.js:13985:31)
    at http://localhost:8000/static/js/app.js:1209:27 @ http://localhost:8000/static/js/app.js:14010
[  540033ms] [ERROR] Failed to load resource: net::ERR_CONNECTION_REFUSED @ http://localhost:8000/api/objects/SharedMemory?server=ee8d9159:0
[  540033ms] [ERROR] Error загрузки ee8d9159:SharedMemory: TypeError: Failed to fetch
    at fetchObjectData (http://localhost:8000/static/js/app.js:11889:28)
    at loadObjectData (http://localhost:8000/static/js/app.js:13547:28)
    at http://localhost:8000/static/js/app.js:1198:23 @ http://localhost:8000/static/js/app.js:13558
[  540033ms] [ERROR] Failed to load resource: net::ERR_CONNECTION_REFUSED @ http://localhost:8000/api/objects/SharedMemory/variables/io%3ASensor1_S/history?count=200&server=ee8d9159:0
[  540033ms] [ERROR] Error обновления графика для io:Sensor1_S: TypeError: Failed to fetch
    at fetchVariableHistory (http://localhost:8000/static/js/app.js:11919:28)
    at updateChart (http://localhost:8000/static/js/app.js:13985:31)
    at http://localhost:8000/static/js/app.js:1209:27 @ http://localhost:8000/static/js/app.js:14010
[  540059ms] [ERROR] Failed to load resource: net::ERR_CONNECTION_REFUSED @ http://localhost:8000/api/recording/status:0
[  541033ms] [ERROR] Failed to load resource: net::ERR_CONNECTION_REFUSED @ http://localhost:8000/api/objects/SharedMemory?server=ee8d9159:0
[  541033ms] [ERROR] Error загрузки ee8d9159:SharedMemory: TypeError: Failed to fetch
    at fetchObjectData (http://localhost:8000/static/js/app.js:11889:28)
    at loadObjectData (http://localhost:8000/static/js/app.js:13547:28)
    at http://localhost:8000/static/js/app.js:1198:23 @ http://localhost:8000/static/js/app.js:13558
[  541033ms] [ERROR] Failed to load resource: net::ERR_CONNECTION_REFUSED @ http://localhost:8000/api/objects/SharedMemory/variables/io%3ASensor1_S/history?count=200&server=ee8d9159:0
[  541033ms] [ERROR] Error обновления графика для io:Sensor1_S: TypeError: Failed to fetch
    at fetchVariableHistory (http://localhost:8000/static/js/app.js:11919:28)
    at updateChart (http://localhost:8000/static/js/app.js:13985:31)
    at http://localhost:8000/static/js/app.js:1209:27 @ http://localhost:8000/static/js/app.js:14010
[  542034ms] [ERROR] Failed to load resource: net::ERR_CONNECTION_REFUSED @ http://localhost:8000/api/servers:0
[  542034ms] [ERROR] Error обновления списка объектов: TypeError: Failed to fetch
    at fetchServers (http://localhost:8000/static/js/app.js:11815:28)
    at fetchObjects (http://localhost:8000/static/js/app.js:11822:31)
    at refreshObjectsList (http://localhost:8000/static/js/app.js:11870:28)
    at http://localhost:8000/static/js/app.js:1191:9 @ http://localhost:8000/static/js/app.js:11873
[  542035ms] [ERROR] Failed to load resource: net::ERR_CONNECTION_REFUSED @ http://localhost:8000/api/objects/SharedMemory?server=ee8d9159:0
[  542035ms] [ERROR] Error загрузки ee8d9159:SharedMemory: TypeError: Failed to fetch
    at fetchObjectData (http://localhost:8000/static/js/app.js:11889:28)
    at loadObjectData (http://localhost:8000/static/js/app.js:13547:28)
    at http://localhost:8000/static/js/app.js:1198:23 @ http://localhost:8000/static/js/app.js:13558
[  542036ms] [ERROR] Failed to load resource: net::ERR_CONNECTION_REFUSED @ http://localhost:8000/api/objects/SharedMemory/variables/io%3ASensor1_S/history?count=200&server=ee8d9159:0
[  542036ms] [ERROR] Error обновления графика для io:Sensor1_S: TypeError: Failed to fetch
    at fetchVariableHistory (http://localhost:8000/static/js/app.js:11919:28)
    at updateChart (http://localhost:8000/static/js/app.js:13985:31)
    at http://localhost:8000/static/js/app.js:1209:27 @ http://localhost:8000/static/js/app.js:14010
[  542036ms] [ERROR] Failed to load resource: net::ERR_CONNECTION_REFUSED @ http://localhost:8000/api/version:0
[  543031ms] [ERROR] Failed to load resource: net::ERR_CONNECTION_REFUSED @ http://localhost:8000/api/objects/SharedMemory?server=ee8d9159:0
[  543031ms] [ERROR] Error загрузки ee8d9159:SharedMemory: TypeError: Failed to fetch
    at fetchObjectData (http://localhost:8000/static/js/app.js:11889:28)
    at loadObjectData (http://localhost:8000/static/js/app.js:13547:28)
    at http://localhost:8000/static/js/app.js:1198:23 @ http://localhost:8000/static/js/app.js:13558
[  543031ms] [ERROR] Failed to load resource: net::ERR_CONNECTION_REFUSED @ http://localhost:8000/api/objects/SharedMemory/variables/io%3ASensor1_S/history?count=200&server=ee8d9159:0
[  543031ms] [ERROR] Error обновления графика для io:Sensor1_S: TypeError: Failed to fetch
    at fetchVariableHistory (http://localhost:8000/static/js/app.js:11919:28)
    at updateChart (http://localhost:8000/static/js/app.js:13985:31)
    at http://localhost:8000/static/js/app.js:1209:27 @ http://localhost:8000/static/js/app.js:14010
[  544033ms] [ERROR] Failed to load resource: net::ERR_CONNECTION_REFUSED @ http://localhost:8000/api/objects/SharedMemory?server=ee8d9159:0
[  544033ms] [ERROR] Error загрузки ee8d9159:SharedMemory: TypeError: Failed to fetch
    at fetchObjectData (http://localhost:8000/static/js/app.js:11889:28)
    at loadObjectData (http://localhost:8000/static/js/app.js:13547:28)
    at http://localhost:8000/static/js/app.js:1198:23 @ http://localhost:8000/static/js/app.js:13558
[  544033ms] [ERROR] Failed to load resource: net::ERR_CONNECTION_REFUSED @ http://localhost:8000/api/objects/SharedMemory/variables/io%3ASensor1_S/history?count=200&server=ee8d9159:0
[  544033ms] [ERROR] Error обновления графика для io:Sensor1_S: TypeError: Failed to fetch
    at fetchVariableHistory (http://localhost:8000/static/js/app.js:11919:28)
    at updateChart (http://localhost:8000/static/js/app.js:13985:31)
    at http://localhost:8000/static/js/app.js:1209:27 @ http://localhost:8000/static/js/app.js:14010
[  545033ms] [ERROR] Failed to load resource: net::ERR_CONNECTION_REFUSED @ http://localhost:8000/api/objects/SharedMemory?server=ee8d9159:0
[  545033ms] [ERROR] Error загрузки ee8d9159:SharedMemory: TypeError: Failed to fetch
    at fetchObjectData (http://localhost:8000/static/js/app.js:11889:28)
    at loadObjectData (http://localhost:8000/static/js/app.js:13547:28)
    at http://localhost:8000/static/js/app.js:1198:23 @ http://localhost:8000/static/js/app.js:13558
[  545033ms] [ERROR] Failed to load resource: net::ERR_CONNECTION_REFUSED @ http://localhost:8000/api/objects/SharedMemory/variables/io%3ASensor1_S/history?count=200&server=ee8d9159:0
[  545034ms] [ERROR] Error обновления графика для io:Sensor1_S: TypeError: Failed to fetch
    at fetchVariableHistory (http://localhost:8000/static/js/app.js:11919:28)
    at updateChart (http://localhost:8000/static/js/app.js:13985:31)
    at http://localhost:8000/static/js/app.js:1209:27 @ http://localhost:8000/static/js/app.js:14010
[  545059ms] [ERROR] Failed to load resource: net::ERR_CONNECTION_REFUSED @ http://localhost:8000/api/recording/status:0
[  546033ms] [ERROR] Failed to load resource: net::ERR_CONNECTION_REFUSED @ http://localhost:8000/api/objects/SharedMemory?server=ee8d9159:0
[  546033ms] [ERROR] Error загрузки ee8d9159:SharedMemory: TypeError: Failed to fetch
    at fetchObjectData (http://localhost:8000/static/js/app.js:11889:28)
    at loadObjectData (http://localhost:8000/static/js/app.js:13547:28)
    at http://localhost:8000/static/js/app.js:1198:23 @ http://localhost:8000/static/js/app.js:13558
[  546033ms] [ERROR] Failed to load resource: net::ERR_CONNECTION_REFUSED @ http://localhost:8000/api/objects/SharedMemory/variables/io%3ASensor1_S/history?count=200&server=ee8d9159:0
[  546033ms] [ERROR] Error обновления графика для io:Sensor1_S: TypeError: Failed to fetch
    at fetchVariableHistory (http://localhost:8000/static/js/app.js:11919:28)
    at updateChart (http://localhost:8000/static/js/app.js:13985:31)
    at http://localhost:8000/static/js/app.js:1209:27 @ http://localhost:8000/static/js/app.js:14010
[  547034ms] [ERROR] Failed to load resource: net::ERR_CONNECTION_REFUSED @ http://localhost:8000/api/objects/SharedMemory?server=ee8d9159:0
[  547034ms] [ERROR] Error загрузки ee8d9159:SharedMemory: TypeError: Failed to fetch
    at fetchObjectData (http://localhost:8000/static/js/app.js:11889:28)
    at loadObjectData (http://localhost:8000/static/js/app.js:13547:28)
    at http://localhost:8000/static/js/app.js:1198:23 @ http://localhost:8000/static/js/app.js:13558
[  547034ms] [ERROR] Failed to load resource: net::ERR_CONNECTION_REFUSED @ http://localhost:8000/api/objects/SharedMemory/variables/io%3ASensor1_S/history?count=200&server=ee8d9159:0
[  547034ms] [ERROR] Error обновления графика для io:Sensor1_S: TypeError: Failed to fetch
    at fetchVariableHistory (http://localhost:8000/static/js/app.js:11919:28)
    at updateChart (http://localhost:8000/static/js/app.js:13985:31)
    at http://localhost:8000/static/js/app.js:1209:27 @ http://localhost:8000/static/js/app.js:14010
[  548033ms] [ERROR] Failed to load resource: net::ERR_CONNECTION_REFUSED @ http://localhost:8000/api/servers:0
[  548033ms] [ERROR] Error обновления списка объектов: TypeError: Failed to fetch
    at fetchServers (http://localhost:8000/static/js/app.js:11815:28)
    at fetchObjects (http://localhost:8000/static/js/app.js:11822:31)
    at refreshObjectsList (http://localhost:8000/static/js/app.js:11870:28)
    at http://localhost:8000/static/js/app.js:1191:9 @ http://localhost:8000/static/js/app.js:11873
[  548034ms] [ERROR] Failed to load resource: net::ERR_CONNECTION_REFUSED @ http://localhost:8000/api/objects/SharedMemory?server=ee8d9159:0
[  548034ms] [ERROR] Error загрузки ee8d9159:SharedMemory: TypeError: Failed to fetch
    at fetchObjectData (http://localhost:8000/static/js/app.js:11889:28)
    at loadObjectData (http://localhost:8000/static/js/app.js:13547:28)
    at http://localhost:8000/static/js/app.js:1198:23 @ http://localhost:8000/static/js/app.js:13558
[  548034ms] [ERROR] Failed to load resource: net::ERR_CONNECTION_REFUSED @ http://localhost:8000/api/objects/SharedMemory/variables/io%3ASensor1_S/history?count=200&server=ee8d9159:0
[  548034ms] [ERROR] Error обновления графика для io:Sensor1_S: TypeError: Failed to fetch
    at fetchVariableHistory (http://localhost:8000/static/js/app.js:11919:28)
    at updateChart (http://localhost:8000/static/js/app.js:13985:31)
    at http://localhost:8000/static/js/app.js:1209:27 @ http://localhost:8000/static/js/app.js:14010
[  549033ms] [ERROR] Failed to load resource: net::ERR_CONNECTION_REFUSED @ http://localhost:8000/api/objects/SharedMemory?server=ee8d9159:0
[  549033ms] [ERROR] Error загрузки ee8d9159:SharedMemory: TypeError: Failed to fetch
    at fetchObjectData (http://localhost:8000/static/js/app.js:11889:28)
    at loadObjectData (http://localhost:8000/static/js/app.js:13547:28)
    at http://localhost:8000/static/js/app.js:1198:23 @ http://localhost:8000/static/js/app.js:13558
[  549034ms] [ERROR] Failed to load resource: net::ERR_CONNECTION_REFUSED @ http://localhost:8000/api/objects/SharedMemory/variables/io%3ASensor1_S/history?count=200&server=ee8d9159:0
[  549034ms] [ERROR] Error обновления графика для io:Sensor1_S: TypeError: Failed to fetch
    at fetchVariableHistory (http://localhost:8000/static/js/app.js:11919:28)
    at updateChart (http://localhost:8000/static/js/app.js:13985:31)
    at http://localhost:8000/static/js/app.js:1209:27 @ http://localhost:8000/static/js/app.js:14010
[  550033ms] [ERROR] Failed to load resource: net::ERR_CONNECTION_REFUSED @ http://localhost:8000/api/objects/SharedMemory?server=ee8d9159:0
[  550033ms] [ERROR] Error загрузки ee8d9159:SharedMemory: TypeError: Failed to fetch
    at fetchObjectData (http://localhost:8000/static/js/app.js:11889:28)
    at loadObjectData (http://localhost:8000/static/js/app.js:13547:28)
    at http://localhost:8000/static/js/app.js:1198:23 @ http://localhost:8000/static/js/app.js:13558
[  550033ms] [ERROR] Failed to load resource: net::ERR_CONNECTION_REFUSED @ http://localhost:8000/api/objects/SharedMemory/variables/io%3ASensor1_S/history?count=200&server=ee8d9159:0
[  550033ms] [ERROR] Error обновления графика для io:Sensor1_S: TypeError: Failed to fetch
    at fetchVariableHistory (http://localhost:8000/static/js/app.js:11919:28)
    at updateChart (http://localhost:8000/static/js/app.js:13985:31)
    at http://localhost:8000/static/js/app.js:1209:27 @ http://localhost:8000/static/js/app.js:14010
[  550058ms] [ERROR] Failed to load resource: net::ERR_CONNECTION_REFUSED @ http://localhost:8000/api/recording/status:0
[  551034ms] [ERROR] Failed to load resource: net::ERR_CONNECTION_REFUSED @ http://localhost:8000/api/objects/SharedMemory?server=ee8d9159:0
[  551034ms] [ERROR] Error загрузки ee8d9159:SharedMemory: TypeError: Failed to fetch
    at fetchObjectData (http://localhost:8000/static/js/app.js:11889:28)
    at loadObjectData (http://localhost:8000/static/js/app.js:13547:28)
    at http://localhost:8000/static/js/app.js:1198:23 @ http://localhost:8000/static/js/app.js:13558
[  551035ms] [ERROR] Failed to load resource: net::ERR_CONNECTION_REFUSED @ http://localhost:8000/api/objects/SharedMemory/variables/io%3ASensor1_S/history?count=200&server=ee8d9159:0
[  551035ms] [ERROR] Error обновления графика для io:Sensor1_S: TypeError: Failed to fetch
    at fetchVariableHistory (http://localhost:8000/static/js/app.js:11919:28)
    at updateChart (http://localhost:8000/static/js/app.js:13985:31)
    at http://localhost:8000/static/js/app.js:1209:27 @ http://localhost:8000/static/js/app.js:14010
[  552033ms] [ERROR] Failed to load resource: net::ERR_CONNECTION_REFUSED @ http://localhost:8000/api/objects/SharedMemory?server=ee8d9159:0
[  552033ms] [ERROR] Error загрузки ee8d9159:SharedMemory: TypeError: Failed to fetch
    at fetchObjectData (http://localhost:8000/static/js/app.js:11889:28)
    at loadObjectData (http://localhost:8000/static/js/app.js:13547:28)
    at http://localhost:8000/static/js/app.js:1198:23 @ http://localhost:8000/static/js/app.js:13558
[  552034ms] [ERROR] Failed to load resource: net::ERR_CONNECTION_REFUSED @ http://localhost:8000/api/objects/SharedMemory/variables/io%3ASensor1_S/history?count=200&server=ee8d9159:0
[  552034ms] [ERROR] Error обновления графика для io:Sensor1_S: TypeError: Failed to fetch
    at fetchVariableHistory (http://localhost:8000/static/js/app.js:11919:28)
    at updateChart (http://localhost:8000/static/js/app.js:13985:31)
    at http://localhost:8000/static/js/app.js:1209:27 @ http://localhost:8000/static/js/app.js:14010
[  553032ms] [ERROR] Failed to load resource: net::ERR_CONNECTION_REFUSED @ http://localhost:8000/api/objects/SharedMemory?server=ee8d9159:0
[  553033ms] [ERROR] Error загрузки ee8d9159:SharedMemory: TypeError: Failed to fetch
    at fetchObjectData (http://localhost:8000/static/js/app.js:11889:28)
    at loadObjectData (http://localhost:8000/static/js/app.js:13547:28)
    at http://localhost:8000/static/js/app.js:1198:23 @ http://localhost:8000/static/js/app.js:13558
[  553033ms] [ERROR] Failed to load resource: net::ERR_CONNECTION_REFUSED @ http://localhost:8000/api/objects/SharedMemory/variables/io%3ASensor1_S/history?count=200&server=ee8d9159:0
[  553033ms] [ERROR] Error обновления графика для io:Sensor1_S: TypeError: Failed to fetch
    at fetchVariableHistory (http://localhost:8000/static/js/app.js:11919:28)
    at updateChart (http://localhost:8000/static/js/app.js:13985:31)
    at http://localhost:8000/static/js/app.js:1209:27 @ http://localhost:8000/static/js/app.js:14010
[  554034ms] [ERROR] Failed to load resource: net::ERR_CONNECTION_REFUSED @ http://localhost:8000/api/servers:0
[  554034ms] [ERROR] Error обновления списка объектов: TypeError: Failed to fetch
    at fetchServers (http://localhost:8000/static/js/app.js:11815:28)
    at fetchObjects (http://localhost:8000/static/js/app.js:11822:31)
    at refreshObjectsList (http://localhost:8000/static/js/app.js:11870:28)
    at http://localhost:8000/static/js/app.js:1191:9 @ http://localhost:8000/static/js/app.js:11873
[  554035ms] [ERROR] Failed to load resource: net::ERR_CONNECTION_REFUSED @ http://localhost:8000/api/objects/SharedMemory?server=ee8d9159:0
[  554035ms] [ERROR] Error загрузки ee8d9159:SharedMemory: TypeError: Failed to fetch
    at fetchObjectData (http://localhost:8000/static/js/app.js:11889:28)
    at loadObjectData (http://localhost:8000/static/js/app.js:13547:28)
    at http://localhost:8000/static/js/app.js:1198:23 @ http://localhost:8000/static/js/app.js:13558
[  554035ms] [ERROR] Failed to load resource: net::ERR_CONNECTION_REFUSED @ http://localhost:8000/api/objects/SharedMemory/variables/io%3ASensor1_S/history?count=200&server=ee8d9159:0
[  554036ms] [ERROR] Error обновления графика для io:Sensor1_S: TypeError: Failed to fetch
    at fetchVariableHistory (http://localhost:8000/static/js/app.js:11919:28)
    at updateChart (http://localhost:8000/static/js/app.js:13985:31)
    at http://localhost:8000/static/js/app.js:1209:27 @ http://localhost:8000/static/js/app.js:14010
[  555033ms] [ERROR] Failed to load resource: net::ERR_CONNECTION_REFUSED @ http://localhost:8000/api/objects/SharedMemory?server=ee8d9159:0
[  555033ms] [ERROR] Error загрузки ee8d9159:SharedMemory: TypeError: Failed to fetch
    at fetchObjectData (http://localhost:8000/static/js/app.js:11889:28)
    at loadObjectData (http://localhost:8000/static/js/app.js:13547:28)
    at http://localhost:8000/static/js/app.js:1198:23 @ http://localhost:8000/static/js/app.js:13558
[  555034ms] [ERROR] Failed to load resource: net::ERR_CONNECTION_REFUSED @ http://localhost:8000/api/objects/SharedMemory/variables/io%3ASensor1_S/history?count=200&server=ee8d9159:0
[  555034ms] [ERROR] Error обновления графика для io:Sensor1_S: TypeError: Failed to fetch
    at fetchVariableHistory (http://localhost:8000/static/js/app.js:11919:28)
    at updateChart (http://localhost:8000/static/js/app.js:13985:31)
    at http://localhost:8000/static/js/app.js:1209:27 @ http://localhost:8000/static/js/app.js:14010
[  555059ms] [ERROR] Failed to load resource: net::ERR_CONNECTION_REFUSED @ http://localhost:8000/api/recording/status:0
[  556033ms] [ERROR] Failed to load resource: net::ERR_CONNECTION_REFUSED @ http://localhost:8000/api/objects/SharedMemory?server=ee8d9159:0
[  556033ms] [ERROR] Error загрузки ee8d9159:SharedMemory: TypeError: Failed to fetch
    at fetchObjectData (http://localhost:8000/static/js/app.js:11889:28)
    at loadObjectData (http://localhost:8000/static/js/app.js:13547:28)
    at http://localhost:8000/static/js/app.js:1198:23 @ http://localhost:8000/static/js/app.js:13558
[  556033ms] [ERROR] Failed to load resource: net::ERR_CONNECTION_REFUSED @ http://localhost:8000/api/objects/SharedMemory/variables/io%3ASensor1_S/history?count=200&server=ee8d9159:0
[  556033ms] [ERROR] Error обновления графика для io:Sensor1_S: TypeError: Failed to fetch
    at fetchVariableHistory (http://localhost:8000/static/js/app.js:11919:28)
    at updateChart (http://localhost:8000/static/js/app.js:13985:31)
    at http://localhost:8000/static/js/app.js:1209:27 @ http://localhost:8000/static/js/app.js:14010
[  557033ms] [ERROR] Failed to load resource: net::ERR_CONNECTION_REFUSED @ http://localhost:8000/api/objects/SharedMemory?server=ee8d9159:0
[  557033ms] [ERROR] Error загрузки ee8d9159:SharedMemory: TypeError: Failed to fetch
    at fetchObjectData (http://localhost:8000/static/js/app.js:11889:28)
    at loadObjectData (http://localhost:8000/static/js/app.js:13547:28)
    at http://localhost:8000/static/js/app.js:1198:23 @ http://localhost:8000/static/js/app.js:13558
[  557033ms] [ERROR] Failed to load resource: net::ERR_CONNECTION_REFUSED @ http://localhost:8000/api/objects/SharedMemory/variables/io%3ASensor1_S/history?count=200&server=ee8d9159:0
[  557034ms] [ERROR] Error обновления графика для io:Sensor1_S: TypeError: Failed to fetch
    at fetchVariableHistory (http://localhost:8000/static/js/app.js:11919:28)
    at updateChart (http://localhost:8000/static/js/app.js:13985:31)
    at http://localhost:8000/static/js/app.js:1209:27 @ http://localhost:8000/static/js/app.js:14010
[  558033ms] [ERROR] Failed to load resource: net::ERR_CONNECTION_REFUSED @ http://localhost:8000/api/objects/SharedMemory?server=ee8d9159:0
[  558033ms] [ERROR] Error загрузки ee8d9159:SharedMemory: TypeError: Failed to fetch
    at fetchObjectData (http://localhost:8000/static/js/app.js:11889:28)
    at loadObjectData (http://localhost:8000/static/js/app.js:13547:28)
    at http://localhost:8000/static/js/app.js:1198:23 @ http://localhost:8000/static/js/app.js:13558
[  558034ms] [ERROR] Failed to load resource: net::ERR_CONNECTION_REFUSED @ http://localhost:8000/api/objects/SharedMemory/variables/io%3ASensor1_S/history?count=200&server=ee8d9159:0
[  558034ms] [ERROR] Error обновления графика для io:Sensor1_S: TypeError: Failed to fetch
    at fetchVariableHistory (http://localhost:8000/static/js/app.js:11919:28)
    at updateChart (http://localhost:8000/static/js/app.js:13985:31)
    at http://localhost:8000/static/js/app.js:1209:27 @ http://localhost:8000/static/js/app.js:14010
[  559033ms] [ERROR] Failed to load resource: net::ERR_CONNECTION_REFUSED @ http://localhost:8000/api/objects/SharedMemory?server=ee8d9159:0
[  559033ms] [ERROR] Error загрузки ee8d9159:SharedMemory: TypeError: Failed to fetch
    at fetchObjectData (http://localhost:8000/static/js/app.js:11889:28)
    at loadObjectData (http://localhost:8000/static/js/app.js:13547:28)
    at http://localhost:8000/static/js/app.js:1198:23 @ http://localhost:8000/static/js/app.js:13558
[  559033ms] [ERROR] Failed to load resource: net::ERR_CONNECTION_REFUSED @ http://localhost:8000/api/objects/SharedMemory/variables/io%3ASensor1_S/history?count=200&server=ee8d9159:0
[  559033ms] [ERROR] Error обновления графика для io:Sensor1_S: TypeError: Failed to fetch
    at fetchVariableHistory (http://localhost:8000/static/js/app.js:11919:28)
    at updateChart (http://localhost:8000/static/js/app.js:13985:31)
    at http://localhost:8000/static/js/app.js:1209:27 @ http://localhost:8000/static/js/app.js:14010
[  560035ms] [ERROR] Failed to load resource: net::ERR_CONNECTION_REFUSED @ http://localhost:8000/api/servers:0
[  560036ms] [ERROR] Error обновления списка объектов: TypeError: Failed to fetch
    at fetchServers (http://localhost:8000/static/js/app.js:11815:28)
    at fetchObjects (http://localhost:8000/static/js/app.js:11822:31)
    at refreshObjectsList (http://localhost:8000/static/js/app.js:11870:28)
    at http://localhost:8000/static/js/app.js:1191:9 @ http://localhost:8000/static/js/app.js:11873
[  560036ms] [ERROR] Failed to load resource: net::ERR_CONNECTION_REFUSED @ http://localhost:8000/api/objects/SharedMemory?server=ee8d9159:0
[  560036ms] [ERROR] Error загрузки ee8d9159:SharedMemory: TypeError: Failed to fetch
    at fetchObjectData (http://localhost:8000/static/js/app.js:11889:28)
    at loadObjectData (http://localhost:8000/static/js/app.js:13547:28)
    at http://localhost:8000/static/js/app.js:1198:23 @ http://localhost:8000/static/js/app.js:13558
[  560037ms] [ERROR] Failed to load resource: net::ERR_CONNECTION_REFUSED @ http://localhost:8000/api/objects/SharedMemory/variables/io%3ASensor1_S/history?count=200&server=ee8d9159:0
[  560037ms] [ERROR] Error обновления графика для io:Sensor1_S: TypeError: Failed to fetch
    at fetchVariableHistory (http://localhost:8000/static/js/app.js:11919:28)
    at updateChart (http://localhost:8000/static/js/app.js:13985:31)
    at http://localhost:8000/static/js/app.js:1209:27 @ http://localhost:8000/static/js/app.js:14010
[  560058ms] [ERROR] Failed to load resource: net::ERR_CONNECTION_REFUSED @ http://localhost:8000/api/recording/status:0
[  561033ms] [ERROR] Failed to load resource: net::ERR_CONNECTION_REFUSED @ http://localhost:8000/api/objects/SharedMemory?server=ee8d9159:0
[  561033ms] [ERROR] Error загрузки ee8d9159:SharedMemory: TypeError: Failed to fetch
    at fetchObjectData (http://localhost:8000/static/js/app.js:11889:28)
    at loadObjectData (http://localhost:8000/static/js/app.js:13547:28)
    at http://localhost:8000/static/js/app.js:1198:23 @ http://localhost:8000/static/js/app.js:13558
[  561034ms] [ERROR] Failed to load resource: net::ERR_CONNECTION_REFUSED @ http://localhost:8000/api/objects/SharedMemory/variables/io%3ASensor1_S/history?count=200&server=ee8d9159:0
[  561034ms] [ERROR] Error обновления графика для io:Sensor1_S: TypeError: Failed to fetch
    at fetchVariableHistory (http://localhost:8000/static/js/app.js:11919:28)
    at updateChart (http://localhost:8000/static/js/app.js:13985:31)
    at http://localhost:8000/static/js/app.js:1209:27 @ http://localhost:8000/static/js/app.js:14010
[  562033ms] [ERROR] Failed to load resource: net::ERR_CONNECTION_REFUSED @ http://localhost:8000/api/objects/SharedMemory?server=ee8d9159:0
[  562033ms] [ERROR] Error загрузки ee8d9159:SharedMemory: TypeError: Failed to fetch
    at fetchObjectData (http://localhost:8000/static/js/app.js:11889:28)
    at loadObjectData (http://localhost:8000/static/js/app.js:13547:28)
    at http://localhost:8000/static/js/app.js:1198:23 @ http://localhost:8000/static/js/app.js:13558
[  562033ms] [ERROR] Failed to load resource: net::ERR_CONNECTION_REFUSED @ http://localhost:8000/api/objects/SharedMemory/variables/io%3ASensor1_S/history?count=200&server=ee8d9159:0
[  562033ms] [ERROR] Error обновления графика для io:Sensor1_S: TypeError: Failed to fetch
    at fetchVariableHistory (http://localhost:8000/static/js/app.js:11919:28)
    at updateChart (http://localhost:8000/static/js/app.js:13985:31)
    at http://localhost:8000/static/js/app.js:1209:27 @ http://localhost:8000/static/js/app.js:14010
[  563033ms] [ERROR] Failed to load resource: net::ERR_CONNECTION_REFUSED @ http://localhost:8000/api/objects/SharedMemory?server=ee8d9159:0
[  563033ms] [ERROR] Error загрузки ee8d9159:SharedMemory: TypeError: Failed to fetch
    at fetchObjectData (http://localhost:8000/static/js/app.js:11889:28)
    at loadObjectData (http://localhost:8000/static/js/app.js:13547:28)
    at http://localhost:8000/static/js/app.js:1198:23 @ http://localhost:8000/static/js/app.js:13558
[  563033ms] [ERROR] Failed to load resource: net::ERR_CONNECTION_REFUSED @ http://localhost:8000/api/objects/SharedMemory/variables/io%3ASensor1_S/history?count=200&server=ee8d9159:0
[  563033ms] [ERROR] Error обновления графика для io:Sensor1_S: TypeError: Failed to fetch
    at fetchVariableHistory (http://localhost:8000/static/js/app.js:11919:28)
    at updateChart (http://localhost:8000/static/js/app.js:13985:31)
    at http://localhost:8000/static/js/app.js:1209:27 @ http://localhost:8000/static/js/app.js:14010
[  564033ms] [ERROR] Failed to load resource: net::ERR_CONNECTION_REFUSED @ http://localhost:8000/api/objects/SharedMemory?server=ee8d9159:0
[  564033ms] [ERROR] Error загрузки ee8d9159:SharedMemory: TypeError: Failed to fetch
    at fetchObjectData (http://localhost:8000/static/js/app.js:11889:28)
    at loadObjectData (http://localhost:8000/static/js/app.js:13547:28)
    at http://localhost:8000/static/js/app.js:1198:23 @ http://localhost:8000/static/js/app.js:13558
[  564034ms] [ERROR] Failed to load resource: net::ERR_CONNECTION_REFUSED @ http://localhost:8000/api/objects/SharedMemory/variables/io%3ASensor1_S/history?count=200&server=ee8d9159:0
[  564034ms] [ERROR] Error обновления графика для io:Sensor1_S: TypeError: Failed to fetch
    at fetchVariableHistory (http://localhost:8000/static/js/app.js:11919:28)
    at updateChart (http://localhost:8000/static/js/app.js:13985:31)
    at http://localhost:8000/static/js/app.js:1209:27 @ http://localhost:8000/static/js/app.js:14010
[  565032ms] [ERROR] Failed to load resource: net::ERR_CONNECTION_REFUSED @ http://localhost:8000/api/objects/SharedMemory?server=ee8d9159:0
[  565033ms] [ERROR] Error загрузки ee8d9159:SharedMemory: TypeError: Failed to fetch
    at fetchObjectData (http://localhost:8000/static/js/app.js:11889:28)
    at loadObjectData (http://localhost:8000/static/js/app.js:13547:28)
    at http://localhost:8000/static/js/app.js:1198:23 @ http://localhost:8000/static/js/app.js:13558
[  565033ms] [ERROR] Failed to load resource: net::ERR_CONNECTION_REFUSED @ http://localhost:8000/api/objects/SharedMemory/variables/io%3ASensor1_S/history?count=200&server=ee8d9159:0
[  565033ms] [ERROR] Error обновления графика для io:Sensor1_S: TypeError: Failed to fetch
    at fetchVariableHistory (http://localhost:8000/static/js/app.js:11919:28)
    at updateChart (http://localhost:8000/static/js/app.js:13985:31)
    at http://localhost:8000/static/js/app.js:1209:27 @ http://localhost:8000/static/js/app.js:14010
[  565060ms] [ERROR] Failed to load resource: net::ERR_CONNECTION_REFUSED @ http://localhost:8000/api/recording/status:0
[  566034ms] [ERROR] Failed to load resource: net::ERR_CONNECTION_REFUSED @ http://localhost:8000/api/servers:0
[  566034ms] [ERROR] Error обновления списка объектов: TypeError: Failed to fetch
    at fetchServers (http://localhost:8000/static/js/app.js:11815:28)
    at fetchObjects (http://localhost:8000/static/js/app.js:11822:31)
    at refreshObjectsList (http://localhost:8000/static/js/app.js:11870:28)
    at http://localhost:8000/static/js/app.js:1191:9 @ http://localhost:8000/static/js/app.js:11873
[  566035ms] [ERROR] Failed to load resource: net::ERR_CONNECTION_REFUSED @ http://localhost:8000/api/objects/SharedMemory?server=ee8d9159:0
[  566035ms] [ERROR] Error загрузки ee8d9159:SharedMemory: TypeError: Failed to fetch
    at fetchObjectData (http://localhost:8000/static/js/app.js:11889:28)
    at loadObjectData (http://localhost:8000/static/js/app.js:13547:28)
    at http://localhost:8000/static/js/app.js:1198:23 @ http://localhost:8000/static/js/app.js:13558
[  566035ms] [ERROR] Failed to load resource: net::ERR_CONNECTION_REFUSED @ http://localhost:8000/api/objects/SharedMemory/variables/io%3ASensor1_S/history?count=200&server=ee8d9159:0
[  566035ms] [ERROR] Error обновления графика для io:Sensor1_S: TypeError: Failed to fetch
    at fetchVariableHistory (http://localhost:8000/static/js/app.js:11919:28)
    at updateChart (http://localhost:8000/static/js/app.js:13985:31)
    at http://localhost:8000/static/js/app.js:1209:27 @ http://localhost:8000/static/js/app.js:14010
[  567034ms] [ERROR] Failed to load resource: net::ERR_CONNECTION_REFUSED @ http://localhost:8000/api/objects/SharedMemory?server=ee8d9159:0
[  567035ms] [ERROR] Error загрузки ee8d9159:SharedMemory: TypeError: Failed to fetch
    at fetchObjectData (http://localhost:8000/static/js/app.js:11889:28)
    at loadObjectData (http://localhost:8000/static/js/app.js:13547:28)
    at http://localhost:8000/static/js/app.js:1198:23 @ http://localhost:8000/static/js/app.js:13558
[  567036ms] [ERROR] Failed to load resource: net::ERR_CONNECTION_REFUSED @ http://localhost:8000/api/objects/SharedMemory/variables/io%3ASensor1_S/history?count=200&server=ee8d9159:0
[  567036ms] [ERROR] Error обновления графика для io:Sensor1_S: TypeError: Failed to fetch
    at fetchVariableHistory (http://localhost:8000/static/js/app.js:11919:28)
    at updateChart (http://localhost:8000/static/js/app.js:13985:31)
    at http://localhost:8000/static/js/app.js:1209:27 @ http://localhost:8000/static/js/app.js:14010
[  568033ms] [ERROR] Failed to load resource: net::ERR_CONNECTION_REFUSED @ http://localhost:8000/api/objects/SharedMemory?server=ee8d9159:0
[  568033ms] [ERROR] Error загрузки ee8d9159:SharedMemory: TypeError: Failed to fetch
    at fetchObjectData (http://localhost:8000/static/js/app.js:11889:28)
    at loadObjectData (http://localhost:8000/static/js/app.js:13547:28)
    at http://localhost:8000/static/js/app.js:1198:23 @ http://localhost:8000/static/js/app.js:13558
[  568034ms] [ERROR] Failed to load resource: net::ERR_CONNECTION_REFUSED @ http://localhost:8000/api/objects/SharedMemory/variables/io%3ASensor1_S/history?count=200&server=ee8d9159:0
[  568034ms] [ERROR] Error обновления графика для io:Sensor1_S: TypeError: Failed to fetch
    at fetchVariableHistory (http://localhost:8000/static/js/app.js:11919:28)
    at updateChart (http://localhost:8000/static/js/app.js:13985:31)
    at http://localhost:8000/static/js/app.js:1209:27 @ http://localhost:8000/static/js/app.js:14010
[  569033ms] [ERROR] Failed to load resource: net::ERR_CONNECTION_REFUSED @ http://localhost:8000/api/objects/SharedMemory?server=ee8d9159:0
[  569033ms] [ERROR] Error загрузки ee8d9159:SharedMemory: TypeError: Failed to fetch
    at fetchObjectData (http://localhost:8000/static/js/app.js:11889:28)
    at loadObjectData (http://localhost:8000/static/js/app.js:13547:28)
    at http://localhost:8000/static/js/app.js:1198:23 @ http://localhost:8000/static/js/app.js:13558
[  569033ms] [ERROR] Failed to load resource: net::ERR_CONNECTION_REFUSED @ http://localhost:8000/api/objects/SharedMemory/variables/io%3ASensor1_S/history?count=200&server=ee8d9159:0
[  569033ms] [ERROR] Error обновления графика для io:Sensor1_S: TypeError: Failed to fetch
    at fetchVariableHistory (http://localhost:8000/static/js/app.js:11919:28)
    at updateChart (http://localhost:8000/static/js/app.js:13985:31)
    at http://localhost:8000/static/js/app.js:1209:27 @ http://localhost:8000/static/js/app.js:14010
[  570034ms] [ERROR] Failed to load resource: net::ERR_CONNECTION_REFUSED @ http://localhost:8000/api/objects/SharedMemory?server=ee8d9159:0
[  570034ms] [ERROR] Error загрузки ee8d9159:SharedMemory: TypeError: Failed to fetch
    at fetchObjectData (http://localhost:8000/static/js/app.js:11889:28)
    at loadObjectData (http://localhost:8000/static/js/app.js:13547:28)
    at http://localhost:8000/static/js/app.js:1198:23 @ http://localhost:8000/static/js/app.js:13558
[  570034ms] [ERROR] Failed to load resource: net::ERR_CONNECTION_REFUSED @ http://localhost:8000/api/objects/SharedMemory/variables/io%3ASensor1_S/history?count=200&server=ee8d9159:0
[  570034ms] [ERROR] Error обновления графика для io:Sensor1_S: TypeError: Failed to fetch
    at fetchVariableHistory (http://localhost:8000/static/js/app.js:11919:28)
    at updateChart (http://localhost:8000/static/js/app.js:13985:31)
    at http://localhost:8000/static/js/app.js:1209:27 @ http://localhost:8000/static/js/app.js:14010
[  570059ms] [ERROR] Failed to load resource: net::ERR_CONNECTION_REFUSED @ http://localhost:8000/api/recording/status:0
[  571033ms] [ERROR] Failed to load resource: net::ERR_CONNECTION_REFUSED @ http://localhost:8000/api/objects/SharedMemory?server=ee8d9159:0
[  571033ms] [ERROR] Error загрузки ee8d9159:SharedMemory: TypeError: Failed to fetch
    at fetchObjectData (http://localhost:8000/static/js/app.js:11889:28)
    at loadObjectData (http://localhost:8000/static/js/app.js:13547:28)
    at http://localhost:8000/static/js/app.js:1198:23 @ http://localhost:8000/static/js/app.js:13558
[  571034ms] [ERROR] Failed to load resource: net::ERR_CONNECTION_REFUSED @ http://localhost:8000/api/objects/SharedMemory/variables/io%3ASensor1_S/history?count=200&server=ee8d9159:0
[  571034ms] [ERROR] Error обновления графика для io:Sensor1_S: TypeError: Failed to fetch
    at fetchVariableHistory (http://localhost:8000/static/js/app.js:11919:28)
    at updateChart (http://localhost:8000/static/js/app.js:13985:31)
    at http://localhost:8000/static/js/app.js:1209:27 @ http://localhost:8000/static/js/app.js:14010
[  572034ms] [ERROR] Failed to load resource: net::ERR_CONNECTION_REFUSED @ http://localhost:8000/api/servers:0
[  572034ms] [ERROR] Error обновления списка объектов: TypeError: Failed to fetch
    at fetchServers (http://localhost:8000/static/js/app.js:11815:28)
    at fetchObjects (http://localhost:8000/static/js/app.js:11822:31)
    at refreshObjectsList (http://localhost:8000/static/js/app.js:11870:28)
    at http://localhost:8000/static/js/app.js:1191:9 @ http://localhost:8000/static/js/app.js:11873
[  572034ms] [ERROR] Failed to load resource: net::ERR_CONNECTION_REFUSED @ http://localhost:8000/api/objects/SharedMemory?server=ee8d9159:0
[  572034ms] [ERROR] Error загрузки ee8d9159:SharedMemory: TypeError: Failed to fetch
    at fetchObjectData (http://localhost:8000/static/js/app.js:11889:28)
    at loadObjectData (http://localhost:8000/static/js/app.js:13547:28)
    at http://localhost:8000/static/js/app.js:1198:23 @ http://localhost:8000/static/js/app.js:13558
[  572034ms] [ERROR] Failed to load resource: net::ERR_CONNECTION_REFUSED @ http://localhost:8000/api/objects/SharedMemory/variables/io%3ASensor1_S/history?count=200&server=ee8d9159:0
[  572034ms] [ERROR] Error обновления графика для io:Sensor1_S: TypeError: Failed to fetch
    at fetchVariableHistory (http://localhost:8000/static/js/app.js:11919:28)
    at updateChart (http://localhost:8000/static/js/app.js:13985:31)
    at http://localhost:8000/static/js/app.js:1209:27 @ http://localhost:8000/static/js/app.js:14010
[  572034ms] [ERROR] Failed to load resource: net::ERR_CONNECTION_REFUSED @ http://localhost:8000/api/version:0
[  573032ms] [ERROR] Failed to load resource: net::ERR_CONNECTION_REFUSED @ http://localhost:8000/api/objects/SharedMemory?server=ee8d9159:0
[  573032ms] [ERROR] Error загрузки ee8d9159:SharedMemory: TypeError: Failed to fetch
    at fetchObjectData (http://localhost:8000/static/js/app.js:11889:28)
    at loadObjectData (http://localhost:8000/static/js/app.js:13547:28)
    at http://localhost:8000/static/js/app.js:1198:23 @ http://localhost:8000/static/js/app.js:13558
[  573032ms] [ERROR] Failed to load resource: net::ERR_CONNECTION_REFUSED @ http://localhost:8000/api/objects/SharedMemory/variables/io%3ASensor1_S/history?count=200&server=ee8d9159:0
[  573032ms] [ERROR] Error обновления графика для io:Sensor1_S: TypeError: Failed to fetch
    at fetchVariableHistory (http://localhost:8000/static/js/app.js:11919:28)
    at updateChart (http://localhost:8000/static/js/app.js:13985:31)
    at http://localhost:8000/static/js/app.js:1209:27 @ http://localhost:8000/static/js/app.js:14010
[  574034ms] [ERROR] Failed to load resource: net::ERR_CONNECTION_REFUSED @ http://localhost:8000/api/objects/SharedMemory?server=ee8d9159:0
[  574034ms] [ERROR] Error загрузки ee8d9159:SharedMemory: TypeError: Failed to fetch
    at fetchObjectData (http://localhost:8000/static/js/app.js:11889:28)
    at loadObjectData (http://localhost:8000/static/js/app.js:13547:28)
    at http://localhost:8000/static/js/app.js:1198:23 @ http://localhost:8000/static/js/app.js:13558
[  574034ms] [ERROR] Failed to load resource: net::ERR_CONNECTION_REFUSED @ http://localhost:8000/api/objects/SharedMemory/variables/io%3ASensor1_S/history?count=200&server=ee8d9159:0
[  574034ms] [ERROR] Error обновления графика для io:Sensor1_S: TypeError: Failed to fetch
    at fetchVariableHistory (http://localhost:8000/static/js/app.js:11919:28)
    at updateChart (http://localhost:8000/static/js/app.js:13985:31)
    at http://localhost:8000/static/js/app.js:1209:27 @ http://localhost:8000/static/js/app.js:14010
[  575033ms] [ERROR] Failed to load resource: net::ERR_CONNECTION_REFUSED @ http://localhost:8000/api/objects/SharedMemory?server=ee8d9159:0
[  575034ms] [ERROR] Error загрузки ee8d9159:SharedMemory: TypeError: Failed to fetch
    at fetchObjectData (http://localhost:8000/static/js/app.js:11889:28)
    at loadObjectData (http://localhost:8000/static/js/app.js:13547:28)
    at http://localhost:8000/static/js/app.js:1198:23 @ http://localhost:8000/static/js/app.js:13558
[  575034ms] [ERROR] Failed to load resource: net::ERR_CONNECTION_REFUSED @ http://localhost:8000/api/objects/SharedMemory/variables/io%3ASensor1_S/history?count=200&server=ee8d9159:0
[  575034ms] [ERROR] Error обновления графика для io:Sensor1_S: TypeError: Failed to fetch
    at fetchVariableHistory (http://localhost:8000/static/js/app.js:11919:28)
    at updateChart (http://localhost:8000/static/js/app.js:13985:31)
    at http://localhost:8000/static/js/app.js:1209:27 @ http://localhost:8000/static/js/app.js:14010
[  575060ms] [ERROR] Failed to load resource: net::ERR_CONNECTION_REFUSED @ http://localhost:8000/api/recording/status:0
[  576033ms] [ERROR] Failed to load resource: net::ERR_CONNECTION_REFUSED @ http://localhost:8000/api/objects/SharedMemory?server=ee8d9159:0
[  576033ms] [ERROR] Error загрузки ee8d9159:SharedMemory: TypeError: Failed to fetch
    at fetchObjectData (http://localhost:8000/static/js/app.js:11889:28)
    at loadObjectData (http://localhost:8000/static/js/app.js:13547:28)
    at http://localhost:8000/static/js/app.js:1198:23 @ http://localhost:8000/static/js/app.js:13558
[  576034ms] [ERROR] Failed to load resource: net::ERR_CONNECTION_REFUSED @ http://localhost:8000/api/objects/SharedMemory/variables/io%3ASensor1_S/history?count=200&server=ee8d9159:0
[  576034ms] [ERROR] Error обновления графика для io:Sensor1_S: TypeError: Failed to fetch
    at fetchVariableHistory (http://localhost:8000/static/js/app.js:11919:28)
    at updateChart (http://localhost:8000/static/js/app.js:13985:31)
    at http://localhost:8000/static/js/app.js:1209:27 @ http://localhost:8000/static/js/app.js:14010
[  577032ms] [ERROR] Failed to load resource: net::ERR_CONNECTION_REFUSED @ http://localhost:8000/api/objects/SharedMemory?server=ee8d9159:0
[  577032ms] [ERROR] Error загрузки ee8d9159:SharedMemory: TypeError: Failed to fetch
    at fetchObjectData (http://localhost:8000/static/js/app.js:11889:28)
    at loadObjectData (http://localhost:8000/static/js/app.js:13547:28)
    at http://localhost:8000/static/js/app.js:1198:23 @ http://localhost:8000/static/js/app.js:13558
[  577032ms] [ERROR] Failed to load resource: net::ERR_CONNECTION_REFUSED @ http://localhost:8000/api/objects/SharedMemory/variables/io%3ASensor1_S/history?count=200&server=ee8d9159:0
[  577032ms] [ERROR] Error обновления графика для io:Sensor1_S: TypeError: Failed to fetch
    at fetchVariableHistory (http://localhost:8000/static/js/app.js:11919:28)
    at updateChart (http://localhost:8000/static/js/app.js:13985:31)
    at http://localhost:8000/static/js/app.js:1209:27 @ http://localhost:8000/static/js/app.js:14010
[  578033ms] [ERROR] Failed to load resource: net::ERR_CONNECTION_REFUSED @ http://localhost:8000/api/servers:0
[  578033ms] [ERROR] Error обновления списка объектов: TypeError: Failed to fetch
    at fetchServers (http://localhost:8000/static/js/app.js:11815:28)
    at fetchObjects (http://localhost:8000/static/js/app.js:11822:31)
    at refreshObjectsList (http://localhost:8000/static/js/app.js:11870:28)
    at http://localhost:8000/static/js/app.js:1191:9 @ http://localhost:8000/static/js/app.js:11873
[  578033ms] [ERROR] Failed to load resource: net::ERR_CONNECTION_REFUSED @ http://localhost:8000/api/objects/SharedMemory?server=ee8d9159:0
[  578033ms] [ERROR] Error загрузки ee8d9159:SharedMemory: TypeError: Failed to fetch
    at fetchObjectData (http://localhost:8000/static/js/app.js:11889:28)
    at loadObjectData (http://localhost:8000/static/js/app.js:13547:28)
    at http://localhost:8000/static/js/app.js:1198:23 @ http://localhost:8000/static/js/app.js:13558
[  578033ms] [ERROR] Failed to load resource: net::ERR_CONNECTION_REFUSED @ http://localhost:8000/api/objects/SharedMemory/variables/io%3ASensor1_S/history?count=200&server=ee8d9159:0
[  578033ms] [ERROR] Error обновления графика для io:Sensor1_S: TypeError: Failed to fetch
    at fetchVariableHistory (http://localhost:8000/static/js/app.js:11919:28)
    at updateChart (http://localhost:8000/static/js/app.js:13985:31)
    at http://localhost:8000/static/js/app.js:1209:27 @ http://localhost:8000/static/js/app.js:14010
[  579034ms] [ERROR] Failed to load resource: net::ERR_CONNECTION_REFUSED @ http://localhost:8000/api/objects/SharedMemory?server=ee8d9159:0
[  579034ms] [ERROR] Error загрузки ee8d9159:SharedMemory: TypeError: Failed to fetch
    at fetchObjectData (http://localhost:8000/static/js/app.js:11889:28)
    at loadObjectData (http://localhost:8000/static/js/app.js:13547:28)
    at http://localhost:8000/static/js/app.js:1198:23 @ http://localhost:8000/static/js/app.js:13558
[  579034ms] [ERROR] Failed to load resource: net::ERR_CONNECTION_REFUSED @ http://localhost:8000/api/objects/SharedMemory/variables/io%3ASensor1_S/history?count=200&server=ee8d9159:0
[  579034ms] [ERROR] Error обновления графика для io:Sensor1_S: TypeError: Failed to fetch
    at fetchVariableHistory (http://localhost:8000/static/js/app.js:11919:28)
    at updateChart (http://localhost:8000/static/js/app.js:13985:31)
    at http://localhost:8000/static/js/app.js:1209:27 @ http://localhost:8000/static/js/app.js:14010
[  580033ms] [ERROR] Failed to load resource: net::ERR_CONNECTION_REFUSED @ http://localhost:8000/api/objects/SharedMemory?server=ee8d9159:0
[  580033ms] [ERROR] Error загрузки ee8d9159:SharedMemory: TypeError: Failed to fetch
    at fetchObjectData (http://localhost:8000/static/js/app.js:11889:28)
    at loadObjectData (http://localhost:8000/static/js/app.js:13547:28)
    at http://localhost:8000/static/js/app.js:1198:23 @ http://localhost:8000/static/js/app.js:13558
[  580034ms] [ERROR] Failed to load resource: net::ERR_CONNECTION_REFUSED @ http://localhost:8000/api/objects/SharedMemory/variables/io%3ASensor1_S/history?count=200&server=ee8d9159:0
[  580034ms] [ERROR] Error обновления графика для io:Sensor1_S: TypeError: Failed to fetch
    at fetchVariableHistory (http://localhost:8000/static/js/app.js:11919:28)
    at updateChart (http://localhost:8000/static/js/app.js:13985:31)
    at http://localhost:8000/static/js/app.js:1209:27 @ http://localhost:8000/static/js/app.js:14010
[  580058ms] [ERROR] Failed to load resource: net::ERR_CONNECTION_REFUSED @ http://localhost:8000/api/recording/status:0
[  581031ms] [ERROR] Failed to load resource: net::ERR_CONNECTION_REFUSED @ http://localhost:8000/api/objects/SharedMemory?server=ee8d9159:0
[  581031ms] [ERROR] Error загрузки ee8d9159:SharedMemory: TypeError: Failed to fetch
    at fetchObjectData (http://localhost:8000/static/js/app.js:11889:28)
    at loadObjectData (http://localhost:8000/static/js/app.js:13547:28)
    at http://localhost:8000/static/js/app.js:1198:23 @ http://localhost:8000/static/js/app.js:13558
[  581032ms] [ERROR] Failed to load resource: net::ERR_CONNECTION_REFUSED @ http://localhost:8000/api/objects/SharedMemory/variables/io%3ASensor1_S/history?count=200&server=ee8d9159:0
[  581032ms] [ERROR] Error обновления графика для io:Sensor1_S: TypeError: Failed to fetch
    at fetchVariableHistory (http://localhost:8000/static/js/app.js:11919:28)
    at updateChart (http://localhost:8000/static/js/app.js:13985:31)
    at http://localhost:8000/static/js/app.js:1209:27 @ http://localhost:8000/static/js/app.js:14010
[  582033ms] [ERROR] Failed to load resource: net::ERR_CONNECTION_REFUSED @ http://localhost:8000/api/objects/SharedMemory?server=ee8d9159:0
[  582033ms] [ERROR] Error загрузки ee8d9159:SharedMemory: TypeError: Failed to fetch
    at fetchObjectData (http://localhost:8000/static/js/app.js:11889:28)
    at loadObjectData (http://localhost:8000/static/js/app.js:13547:28)
    at http://localhost:8000/static/js/app.js:1198:23 @ http://localhost:8000/static/js/app.js:13558
[  582033ms] [ERROR] Failed to load resource: net::ERR_CONNECTION_REFUSED @ http://localhost:8000/api/objects/SharedMemory/variables/io%3ASensor1_S/history?count=200&server=ee8d9159:0
[  582033ms] [ERROR] Error обновления графика для io:Sensor1_S: TypeError: Failed to fetch
    at fetchVariableHistory (http://localhost:8000/static/js/app.js:11919:28)
    at updateChart (http://localhost:8000/static/js/app.js:13985:31)
    at http://localhost:8000/static/js/app.js:1209:27 @ http://localhost:8000/static/js/app.js:14010
[  583031ms] [ERROR] Failed to load resource: net::ERR_CONNECTION_REFUSED @ http://localhost:8000/api/objects/SharedMemory?server=ee8d9159:0
[  583031ms] [ERROR] Error загрузки ee8d9159:SharedMemory: TypeError: Failed to fetch
    at fetchObjectData (http://localhost:8000/static/js/app.js:11889:28)
    at loadObjectData (http://localhost:8000/static/js/app.js:13547:28)
    at http://localhost:8000/static/js/app.js:1198:23 @ http://localhost:8000/static/js/app.js:13558
[  583031ms] [ERROR] Failed to load resource: net::ERR_CONNECTION_REFUSED @ http://localhost:8000/api/objects/SharedMemory/variables/io%3ASensor1_S/history?count=200&server=ee8d9159:0
[  583031ms] [ERROR] Error обновления графика для io:Sensor1_S: TypeError: Failed to fetch
    at fetchVariableHistory (http://localhost:8000/static/js/app.js:11919:28)
    at updateChart (http://localhost:8000/static/js/app.js:13985:31)
    at http://localhost:8000/static/js/app.js:1209:27 @ http://localhost:8000/static/js/app.js:14010
[  584033ms] [ERROR] Failed to load resource: net::ERR_CONNECTION_REFUSED @ http://localhost:8000/api/servers:0
[  584033ms] [ERROR] Error обновления списка объектов: TypeError: Failed to fetch
    at fetchServers (http://localhost:8000/static/js/app.js:11815:28)
    at fetchObjects (http://localhost:8000/static/js/app.js:11822:31)
    at refreshObjectsList (http://localhost:8000/static/js/app.js:11870:28)
    at http://localhost:8000/static/js/app.js:1191:9 @ http://localhost:8000/static/js/app.js:11873
[  584033ms] [ERROR] Failed to load resource: net::ERR_CONNECTION_REFUSED @ http://localhost:8000/api/objects/SharedMemory?server=ee8d9159:0
[  584034ms] [ERROR] Error загрузки ee8d9159:SharedMemory: TypeError: Failed to fetch
    at fetchObjectData (http://localhost:8000/static/js/app.js:11889:28)
    at loadObjectData (http://localhost:8000/static/js/app.js:13547:28)
    at http://localhost:8000/static/js/app.js:1198:23 @ http://localhost:8000/static/js/app.js:13558
[  584034ms] [ERROR] Failed to load resource: net::ERR_CONNECTION_REFUSED @ http://localhost:8000/api/objects/SharedMemory/variables/io%3ASensor1_S/history?count=200&server=ee8d9159:0
[  584034ms] [ERROR] Error обновления графика для io:Sensor1_S: TypeError: Failed to fetch
    at fetchVariableHistory (http://localhost:8000/static/js/app.js:11919:28)
    at updateChart (http://localhost:8000/static/js/app.js:13985:31)
    at http://localhost:8000/static/js/app.js:1209:27 @ http://localhost:8000/static/js/app.js:14010
[  585034ms] [ERROR] Failed to load resource: net::ERR_CONNECTION_REFUSED @ http://localhost:8000/api/objects/SharedMemory?server=ee8d9159:0
[  585034ms] [ERROR] Error загрузки ee8d9159:SharedMemory: TypeError: Failed to fetch
    at fetchObjectData (http://localhost:8000/static/js/app.js:11889:28)
    at loadObjectData (http://localhost:8000/static/js/app.js:13547:28)
    at http://localhost:8000/static/js/app.js:1198:23 @ http://localhost:8000/static/js/app.js:13558
[  585035ms] [ERROR] Failed to load resource: net::ERR_CONNECTION_REFUSED @ http://localhost:8000/api/objects/SharedMemory/variables/io%3ASensor1_S/history?count=200&server=ee8d9159:0
[  585035ms] [ERROR] Error обновления графика для io:Sensor1_S: TypeError: Failed to fetch
    at fetchVariableHistory (http://localhost:8000/static/js/app.js:11919:28)
    at updateChart (http://localhost:8000/static/js/app.js:13985:31)
    at http://localhost:8000/static/js/app.js:1209:27 @ http://localhost:8000/static/js/app.js:14010
[  585059ms] [ERROR] Failed to load resource: net::ERR_CONNECTION_REFUSED @ http://localhost:8000/api/recording/status:0
[  586031ms] [ERROR] Failed to load resource: net::ERR_CONNECTION_REFUSED @ http://localhost:8000/api/objects/SharedMemory?server=ee8d9159:0
[  586031ms] [ERROR] Error загрузки ee8d9159:SharedMemory: TypeError: Failed to fetch
    at fetchObjectData (http://localhost:8000/static/js/app.js:11889:28)
    at loadObjectData (http://localhost:8000/static/js/app.js:13547:28)
    at http://localhost:8000/static/js/app.js:1198:23 @ http://localhost:8000/static/js/app.js:13558
[  586031ms] [ERROR] Failed to load resource: net::ERR_CONNECTION_REFUSED @ http://localhost:8000/api/objects/SharedMemory/variables/io%3ASensor1_S/history?count=200&server=ee8d9159:0
[  586031ms] [ERROR] Error обновления графика для io:Sensor1_S: TypeError: Failed to fetch
    at fetchVariableHistory (http://localhost:8000/static/js/app.js:11919:28)
    at updateChart (http://localhost:8000/static/js/app.js:13985:31)
    at http://localhost:8000/static/js/app.js:1209:27 @ http://localhost:8000/static/js/app.js:14010
[  587031ms] [ERROR] Failed to load resource: net::ERR_CONNECTION_REFUSED @ http://localhost:8000/api/objects/SharedMemory?server=ee8d9159:0
[  587031ms] [ERROR] Error загрузки ee8d9159:SharedMemory: TypeError: Failed to fetch
    at fetchObjectData (http://localhost:8000/static/js/app.js:11889:28)
    at loadObjectData (http://localhost:8000/static/js/app.js:13547:28)
    at http://localhost:8000/static/js/app.js:1198:23 @ http://localhost:8000/static/js/app.js:13558
[  587031ms] [ERROR] Failed to load resource: net::ERR_CONNECTION_REFUSED @ http://localhost:8000/api/objects/SharedMemory/variables/io%3ASensor1_S/history?count=200&server=ee8d9159:0
[  587031ms] [ERROR] Error обновления графика для io:Sensor1_S: TypeError: Failed to fetch
    at fetchVariableHistory (http://localhost:8000/static/js/app.js:11919:28)
    at updateChart (http://localhost:8000/static/js/app.js:13985:31)
    at http://localhost:8000/static/js/app.js:1209:27 @ http://localhost:8000/static/js/app.js:14010
[  588032ms] [ERROR] Failed to load resource: net::ERR_CONNECTION_REFUSED @ http://localhost:8000/api/objects/SharedMemory?server=ee8d9159:0
[  588032ms] [ERROR] Error загрузки ee8d9159:SharedMemory: TypeError: Failed to fetch
    at fetchObjectData (http://localhost:8000/static/js/app.js:11889:28)
    at loadObjectData (http://localhost:8000/static/js/app.js:13547:28)
    at http://localhost:8000/static/js/app.js:1198:23 @ http://localhost:8000/static/js/app.js:13558
[  588033ms] [ERROR] Failed to load resource: net::ERR_CONNECTION_REFUSED @ http://localhost:8000/api/objects/SharedMemory/variables/io%3ASensor1_S/history?count=200&server=ee8d9159:0
[  588033ms] [ERROR] Error обновления графика для io:Sensor1_S: TypeError: Failed to fetch
    at fetchVariableHistory (http://localhost:8000/static/js/app.js:11919:28)
    at updateChart (http://localhost:8000/static/js/app.js:13985:31)
    at http://localhost:8000/static/js/app.js:1209:27 @ http://localhost:8000/static/js/app.js:14010
[  589033ms] [ERROR] Failed to load resource: net::ERR_CONNECTION_REFUSED @ http://localhost:8000/api/objects/SharedMemory?server=ee8d9159:0
[  589033ms] [ERROR] Error загрузки ee8d9159:SharedMemory: TypeError: Failed to fetch
    at fetchObjectData (http://localhost:8000/static/js/app.js:11889:28)
    at loadObjectData (http://localhost:8000/static/js/app.js:13547:28)
    at http://localhost:8000/static/js/app.js:1198:23 @ http://localhost:8000/static/js/app.js:13558
[  589034ms] [ERROR] Failed to load resource: net::ERR_CONNECTION_REFUSED @ http://localhost:8000/api/objects/SharedMemory/variables/io%3ASensor1_S/history?count=200&server=ee8d9159:0
[  589034ms] [ERROR] Error обновления графика для io:Sensor1_S: TypeError: Failed to fetch
    at fetchVariableHistory (http://localhost:8000/static/js/app.js:11919:28)
    at updateChart (http://localhost:8000/static/js/app.js:13985:31)
    at http://localhost:8000/static/js/app.js:1209:27 @ http://localhost:8000/static/js/app.js:14010
[  590031ms] [ERROR] Failed to load resource: net::ERR_CONNECTION_REFUSED @ http://localhost:8000/api/servers:0
[  590031ms] [ERROR] Error обновления списка объектов: TypeError: Failed to fetch
    at fetchServers (http://localhost:8000/static/js/app.js:11815:28)
    at fetchObjects (http://localhost:8000/static/js/app.js:11822:31)
    at refreshObjectsList (http://localhost:8000/static/js/app.js:11870:28)
    at http://localhost:8000/static/js/app.js:1191:9 @ http://localhost:8000/static/js/app.js:11873
[  590031ms] [ERROR] Failed to load resource: net::ERR_CONNECTION_REFUSED @ http://localhost:8000/api/objects/SharedMemory?server=ee8d9159:0
[  590031ms] [ERROR] Error загрузки ee8d9159:SharedMemory: TypeError: Failed to fetch
    at fetchObjectData (http://localhost:8000/static/js/app.js:11889:28)
    at loadObjectData (http://localhost:8000/static/js/app.js:13547:28)
    at http://localhost:8000/static/js/app.js:1198:23 @ http://localhost:8000/static/js/app.js:13558
[  590031ms] [ERROR] Failed to load resource: net::ERR_CONNECTION_REFUSED @ http://localhost:8000/api/objects/SharedMemory/variables/io%3ASensor1_S/history?count=200&server=ee8d9159:0
[  590031ms] [ERROR] Error обновления графика для io:Sensor1_S: TypeError: Failed to fetch
    at fetchVariableHistory (http://localhost:8000/static/js/app.js:11919:28)
    at updateChart (http://localhost:8000/static/js/app.js:13985:31)
    at http://localhost:8000/static/js/app.js:1209:27 @ http://localhost:8000/static/js/app.js:14010
[  590058ms] [ERROR] Failed to load resource: net::ERR_CONNECTION_REFUSED @ http://localhost:8000/api/recording/status:0
[  591033ms] [ERROR] Failed to load resource: net::ERR_CONNECTION_REFUSED @ http://localhost:8000/api/objects/SharedMemory?server=ee8d9159:0
[  591034ms] [ERROR] Error загрузки ee8d9159:SharedMemory: TypeError: Failed to fetch
    at fetchObjectData (http://localhost:8000/static/js/app.js:11889:28)
    at loadObjectData (http://localhost:8000/static/js/app.js:13547:28)
    at http://localhost:8000/static/js/app.js:1198:23 @ http://localhost:8000/static/js/app.js:13558
[  591034ms] [ERROR] Failed to load resource: net::ERR_CONNECTION_REFUSED @ http://localhost:8000/api/objects/SharedMemory/variables/io%3ASensor1_S/history?count=200&server=ee8d9159:0
[  591034ms] [ERROR] Error обновления графика для io:Sensor1_S: TypeError: Failed to fetch
    at fetchVariableHistory (http://localhost:8000/static/js/app.js:11919:28)
    at updateChart (http://localhost:8000/static/js/app.js:13985:31)
    at http://localhost:8000/static/js/app.js:1209:27 @ http://localhost:8000/static/js/app.js:14010
[  592034ms] [ERROR] Failed to load resource: net::ERR_CONNECTION_REFUSED @ http://localhost:8000/api/objects/SharedMemory?server=ee8d9159:0
[  592034ms] [ERROR] Error загрузки ee8d9159:SharedMemory: TypeError: Failed to fetch
    at fetchObjectData (http://localhost:8000/static/js/app.js:11889:28)
    at loadObjectData (http://localhost:8000/static/js/app.js:13547:28)
    at http://localhost:8000/static/js/app.js:1198:23 @ http://localhost:8000/static/js/app.js:13558
[  592035ms] [ERROR] Failed to load resource: net::ERR_CONNECTION_REFUSED @ http://localhost:8000/api/objects/SharedMemory/variables/io%3ASensor1_S/history?count=200&server=ee8d9159:0
[  592035ms] [ERROR] Error обновления графика для io:Sensor1_S: TypeError: Failed to fetch
    at fetchVariableHistory (http://localhost:8000/static/js/app.js:11919:28)
    at updateChart (http://localhost:8000/static/js/app.js:13985:31)
    at http://localhost:8000/static/js/app.js:1209:27 @ http://localhost:8000/static/js/app.js:14010
[  593033ms] [ERROR] Failed to load resource: net::ERR_CONNECTION_REFUSED @ http://localhost:8000/api/objects/SharedMemory?server=ee8d9159:0
[  593034ms] [ERROR] Error загрузки ee8d9159:SharedMemory: TypeError: Failed to fetch
    at fetchObjectData (http://localhost:8000/static/js/app.js:11889:28)
    at loadObjectData (http://localhost:8000/static/js/app.js:13547:28)
    at http://localhost:8000/static/js/app.js:1198:23 @ http://localhost:8000/static/js/app.js:13558
[  593034ms] [ERROR] Failed to load resource: net::ERR_CONNECTION_REFUSED @ http://localhost:8000/api/objects/SharedMemory/variables/io%3ASensor1_S/history?count=200&server=ee8d9159:0
[  593034ms] [ERROR] Error обновления графика для io:Sensor1_S: TypeError: Failed to fetch
    at fetchVariableHistory (http://localhost:8000/static/js/app.js:11919:28)
    at updateChart (http://localhost:8000/static/js/app.js:13985:31)
    at http://localhost:8000/static/js/app.js:1209:27 @ http://localhost:8000/static/js/app.js:14010
[  594033ms] [ERROR] Failed to load resource: net::ERR_CONNECTION_REFUSED @ http://localhost:8000/api/objects/SharedMemory?server=ee8d9159:0
[  594033ms] [ERROR] Error загрузки ee8d9159:SharedMemory: TypeError: Failed to fetch
    at fetchObjectData (http://localhost:8000/static/js/app.js:11889:28)
    at loadObjectData (http://localhost:8000/static/js/app.js:13547:28)
    at http://localhost:8000/static/js/app.js:1198:23 @ http://localhost:8000/static/js/app.js:13558
[  594034ms] [ERROR] Failed to load resource: net::ERR_CONNECTION_REFUSED @ http://localhost:8000/api/objects/SharedMemory/variables/io%3ASensor1_S/history?count=200&server=ee8d9159:0
[  594034ms] [ERROR] Error обновления графика для io:Sensor1_S: TypeError: Failed to fetch
    at fetchVariableHistory (http://localhost:8000/static/js/app.js:11919:28)
    at updateChart (http://localhost:8000/static/js/app.js:13985:31)
    at http://localhost:8000/static/js/app.js:1209:27 @ http://localhost:8000/static/js/app.js:14010
[  595034ms] [ERROR] Failed to load resource: net::ERR_CONNECTION_REFUSED @ http://localhost:8000/api/objects/SharedMemory?server=ee8d9159:0
[  595034ms] [ERROR] Error загрузки ee8d9159:SharedMemory: TypeError: Failed to fetch
    at fetchObjectData (http://localhost:8000/static/js/app.js:11889:28)
    at loadObjectData (http://localhost:8000/static/js/app.js:13547:28)
    at http://localhost:8000/static/js/app.js:1198:23 @ http://localhost:8000/static/js/app.js:13558
[  595035ms] [ERROR] Failed to load resource: net::ERR_CONNECTION_REFUSED @ http://localhost:8000/api/objects/SharedMemory/variables/io%3ASensor1_S/history?count=200&server=ee8d9159:0
[  595035ms] [ERROR] Error обновления графика для io:Sensor1_S: TypeError: Failed to fetch
    at fetchVariableHistory (http://localhost:8000/static/js/app.js:11919:28)
    at updateChart (http://localhost:8000/static/js/app.js:13985:31)
    at http://localhost:8000/static/js/app.js:1209:27 @ http://localhost:8000/static/js/app.js:14010
[  595059ms] [ERROR] Failed to load resource: net::ERR_CONNECTION_REFUSED @ http://localhost:8000/api/recording/status:0
[  596034ms] [ERROR] Failed to load resource: net::ERR_CONNECTION_REFUSED @ http://localhost:8000/api/servers:0
[  596034ms] [ERROR] Error обновления списка объектов: TypeError: Failed to fetch
    at fetchServers (http://localhost:8000/static/js/app.js:11815:28)
    at fetchObjects (http://localhost:8000/static/js/app.js:11822:31)
    at refreshObjectsList (http://localhost:8000/static/js/app.js:11870:28)
    at http://localhost:8000/static/js/app.js:1191:9 @ http://localhost:8000/static/js/app.js:11873
[  596035ms] [ERROR] Failed to load resource: net::ERR_CONNECTION_REFUSED @ http://localhost:8000/api/objects/SharedMemory?server=ee8d9159:0
[  596035ms] [ERROR] Error загрузки ee8d9159:SharedMemory: TypeError: Failed to fetch
    at fetchObjectData (http://localhost:8000/static/js/app.js:11889:28)
    at loadObjectData (http://localhost:8000/static/js/app.js:13547:28)
    at http://localhost:8000/static/js/app.js:1198:23 @ http://localhost:8000/static/js/app.js:13558
[  596035ms] [ERROR] Failed to load resource: net::ERR_CONNECTION_REFUSED @ http://localhost:8000/api/objects/SharedMemory/variables/io%3ASensor1_S/history?count=200&server=ee8d9159:0
[  596035ms] [ERROR] Error обновления графика для io:Sensor1_S: TypeError: Failed to fetch
    at fetchVariableHistory (http://localhost:8000/static/js/app.js:11919:28)
    at updateChart (http://localhost:8000/static/js/app.js:13985:31)
    at http://localhost:8000/static/js/app.js:1209:27 @ http://localhost:8000/static/js/app.js:14010
[  597033ms] [ERROR] Failed to load resource: net::ERR_CONNECTION_REFUSED @ http://localhost:8000/api/objects/SharedMemory?server=ee8d9159:0
[  597033ms] [ERROR] Error загрузки ee8d9159:SharedMemory: TypeError: Failed to fetch
    at fetchObjectData (http://localhost:8000/static/js/app.js:11889:28)
    at loadObjectData (http://localhost:8000/static/js/app.js:13547:28)
    at http://localhost:8000/static/js/app.js:1198:23 @ http://localhost:8000/static/js/app.js:13558
[  597034ms] [ERROR] Failed to load resource: net::ERR_CONNECTION_REFUSED @ http://localhost:8000/api/objects/SharedMemory/variables/io%3ASensor1_S/history?count=200&server=ee8d9159:0
[  597034ms] [ERROR] Error обновления графика для io:Sensor1_S: TypeError: Failed to fetch
    at fetchVariableHistory (http://localhost:8000/static/js/app.js:11919:28)
    at updateChart (http://localhost:8000/static/js/app.js:13985:31)
    at http://localhost:8000/static/js/app.js:1209:27 @ http://localhost:8000/static/js/app.js:14010
[  598034ms] [ERROR] Failed to load resource: net::ERR_CONNECTION_REFUSED @ http://localhost:8000/api/objects/SharedMemory?server=ee8d9159:0
[  598034ms] [ERROR] Error загрузки ee8d9159:SharedMemory: TypeError: Failed to fetch
    at fetchObjectData (http://localhost:8000/static/js/app.js:11889:28)
    at loadObjectData (http://localhost:8000/static/js/app.js:13547:28)
    at http://localhost:8000/static/js/app.js:1198:23 @ http://localhost:8000/static/js/app.js:13558
[  598035ms] [ERROR] Failed to load resource: net::ERR_CONNECTION_REFUSED @ http://localhost:8000/api/objects/SharedMemory/variables/io%3ASensor1_S/history?count=200&server=ee8d9159:0
[  598035ms] [ERROR] Error обновления графика для io:Sensor1_S: TypeError: Failed to fetch
    at fetchVariableHistory (http://localhost:8000/static/js/app.js:11919:28)
    at updateChart (http://localhost:8000/static/js/app.js:13985:31)
    at http://localhost:8000/static/js/app.js:1209:27 @ http://localhost:8000/static/js/app.js:14010
[  599032ms] [ERROR] Failed to load resource: net::ERR_CONNECTION_REFUSED @ http://localhost:8000/api/objects/SharedMemory?server=ee8d9159:0
[  599032ms] [ERROR] Error загрузки ee8d9159:SharedMemory: TypeError: Failed to fetch
    at fetchObjectData (http://localhost:8000/static/js/app.js:11889:28)
    at loadObjectData (http://localhost:8000/static/js/app.js:13547:28)
    at http://localhost:8000/static/js/app.js:1198:23 @ http://localhost:8000/static/js/app.js:13558
[  599032ms] [ERROR] Failed to load resource: net::ERR_CONNECTION_REFUSED @ http://localhost:8000/api/objects/SharedMemory/variables/io%3ASensor1_S/history?count=200&server=ee8d9159:0
[  599032ms] [ERROR] Error обновления графика для io:Sensor1_S: TypeError: Failed to fetch
    at fetchVariableHistory (http://localhost:8000/static/js/app.js:11919:28)
    at updateChart (http://localhost:8000/static/js/app.js:13985:31)
    at http://localhost:8000/static/js/app.js:1209:27 @ http://localhost:8000/static/js/app.js:14010
[  600032ms] [ERROR] Failed to load resource: net::ERR_CONNECTION_REFUSED @ http://localhost:8000/api/objects/SharedMemory?server=ee8d9159:0
[  600033ms] [ERROR] Error загрузки ee8d9159:SharedMemory: TypeError: Failed to fetch
    at fetchObjectData (http://localhost:8000/static/js/app.js:11889:28)
    at loadObjectData (http://localhost:8000/static/js/app.js:13547:28)
    at http://localhost:8000/static/js/app.js:1198:23 @ http://localhost:8000/static/js/app.js:13558
[  600033ms] [ERROR] Failed to load resource: net::ERR_CONNECTION_REFUSED @ http://localhost:8000/api/objects/SharedMemory/variables/io%3ASensor1_S/history?count=200&server=ee8d9159:0
[  600033ms] [ERROR] Error обновления графика для io:Sensor1_S: TypeError: Failed to fetch
    at fetchVariableHistory (http://localhost:8000/static/js/app.js:11919:28)
    at updateChart (http://localhost:8000/static/js/app.js:13985:31)
    at http://localhost:8000/static/js/app.js:1209:27 @ http://localhost:8000/static/js/app.js:14010
[  600060ms] [ERROR] Failed to load resource: net::ERR_CONNECTION_REFUSED @ http://localhost:8000/api/recording/status:0
[  601034ms] [ERROR] Failed to load resource: net::ERR_CONNECTION_REFUSED @ http://localhost:8000/api/objects/SharedMemory?server=ee8d9159:0
[  601034ms] [ERROR] Error загрузки ee8d9159:SharedMemory: TypeError: Failed to fetch
    at fetchObjectData (http://localhost:8000/static/js/app.js:11889:28)
    at loadObjectData (http://localhost:8000/static/js/app.js:13547:28)
    at http://localhost:8000/static/js/app.js:1198:23 @ http://localhost:8000/static/js/app.js:13558
[  601034ms] [ERROR] Failed to load resource: net::ERR_CONNECTION_REFUSED @ http://localhost:8000/api/objects/SharedMemory/variables/io%3ASensor1_S/history?count=200&server=ee8d9159:0
[  601035ms] [ERROR] Error обновления графика для io:Sensor1_S: TypeError: Failed to fetch
    at fetchVariableHistory (http://localhost:8000/static/js/app.js:11919:28)
    at updateChart (http://localhost:8000/static/js/app.js:13985:31)
    at http://localhost:8000/static/js/app.js:1209:27 @ http://localhost:8000/static/js/app.js:14010
[  602034ms] [ERROR] Failed to load resource: net::ERR_CONNECTION_REFUSED @ http://localhost:8000/api/servers:0
[  602034ms] [ERROR] Error обновления списка объектов: TypeError: Failed to fetch
    at fetchServers (http://localhost:8000/static/js/app.js:11815:28)
    at fetchObjects (http://localhost:8000/static/js/app.js:11822:31)
    at refreshObjectsList (http://localhost:8000/static/js/app.js:11870:28)
    at http://localhost:8000/static/js/app.js:1191:9 @ http://localhost:8000/static/js/app.js:11873
[  602035ms] [ERROR] Failed to load resource: net::ERR_CONNECTION_REFUSED @ http://localhost:8000/api/objects/SharedMemory?server=ee8d9159:0
[  602035ms] [ERROR] Error загрузки ee8d9159:SharedMemory: TypeError: Failed to fetch
    at fetchObjectData (http://localhost:8000/static/js/app.js:11889:28)
    at loadObjectData (http://localhost:8000/static/js/app.js:13547:28)
    at http://localhost:8000/static/js/app.js:1198:23 @ http://localhost:8000/static/js/app.js:13558
[  602036ms] [ERROR] Failed to load resource: net::ERR_CONNECTION_REFUSED @ http://localhost:8000/api/objects/SharedMemory/variables/io%3ASensor1_S/history?count=200&server=ee8d9159:0
[  602036ms] [ERROR] Error обновления графика для io:Sensor1_S: TypeError: Failed to fetch
    at fetchVariableHistory (http://localhost:8000/static/js/app.js:11919:28)
    at updateChart (http://localhost:8000/static/js/app.js:13985:31)
    at http://localhost:8000/static/js/app.js:1209:27 @ http://localhost:8000/static/js/app.js:14010
[  602036ms] [ERROR] Failed to load resource: net::ERR_CONNECTION_REFUSED @ http://localhost:8000/api/version:0
[  603034ms] [ERROR] Failed to load resource: net::ERR_CONNECTION_REFUSED @ http://localhost:8000/api/objects/SharedMemory?server=ee8d9159:0
[  603034ms] [ERROR] Error загрузки ee8d9159:SharedMemory: TypeError: Failed to fetch
    at fetchObjectData (http://localhost:8000/static/js/app.js:11889:28)
    at loadObjectData (http://localhost:8000/static/js/app.js:13547:28)
    at http://localhost:8000/static/js/app.js:1198:23 @ http://localhost:8000/static/js/app.js:13558
[  603034ms] [ERROR] Failed to load resource: net::ERR_CONNECTION_REFUSED @ http://localhost:8000/api/objects/SharedMemory/variables/io%3ASensor1_S/history?count=200&server=ee8d9159:0
[  603034ms] [ERROR] Error обновления графика для io:Sensor1_S: TypeError: Failed to fetch
    at fetchVariableHistory (http://localhost:8000/static/js/app.js:11919:28)
    at updateChart (http://localhost:8000/static/js/app.js:13985:31)
    at http://localhost:8000/static/js/app.js:1209:27 @ http://localhost:8000/static/js/app.js:14010
[  604033ms] [ERROR] Failed to load resource: net::ERR_CONNECTION_REFUSED @ http://localhost:8000/api/objects/SharedMemory?server=ee8d9159:0
[  604033ms] [ERROR] Error загрузки ee8d9159:SharedMemory: TypeError: Failed to fetch
    at fetchObjectData (http://localhost:8000/static/js/app.js:11889:28)
    at loadObjectData (http://localhost:8000/static/js/app.js:13547:28)
    at http://localhost:8000/static/js/app.js:1198:23 @ http://localhost:8000/static/js/app.js:13558
[  604033ms] [ERROR] Failed to load resource: net::ERR_CONNECTION_REFUSED @ http://localhost:8000/api/objects/SharedMemory/variables/io%3ASensor1_S/history?count=200&server=ee8d9159:0
[  604033ms] [ERROR] Error обновления графика для io:Sensor1_S: TypeError: Failed to fetch
    at fetchVariableHistory (http://localhost:8000/static/js/app.js:11919:28)
    at updateChart (http://localhost:8000/static/js/app.js:13985:31)
    at http://localhost:8000/static/js/app.js:1209:27 @ http://localhost:8000/static/js/app.js:14010
[  605031ms] [ERROR] Failed to load resource: net::ERR_CONNECTION_REFUSED @ http://localhost:8000/api/objects/SharedMemory?server=ee8d9159:0
[  605031ms] [ERROR] Error загрузки ee8d9159:SharedMemory: TypeError: Failed to fetch
    at fetchObjectData (http://localhost:8000/static/js/app.js:11889:28)
    at loadObjectData (http://localhost:8000/static/js/app.js:13547:28)
    at http://localhost:8000/static/js/app.js:1198:23 @ http://localhost:8000/static/js/app.js:13558
[  605032ms] [ERROR] Failed to load resource: net::ERR_CONNECTION_REFUSED @ http://localhost:8000/api/objects/SharedMemory/variables/io%3ASensor1_S/history?count=200&server=ee8d9159:0
[  605032ms] [ERROR] Error обновления графика для io:Sensor1_S: TypeError: Failed to fetch
    at fetchVariableHistory (http://localhost:8000/static/js/app.js:11919:28)
    at updateChart (http://localhost:8000/static/js/app.js:13985:31)
    at http://localhost:8000/static/js/app.js:1209:27 @ http://localhost:8000/static/js/app.js:14010
[  605058ms] [ERROR] Failed to load resource: net::ERR_CONNECTION_REFUSED @ http://localhost:8000/api/recording/status:0
[  606033ms] [ERROR] Failed to load resource: net::ERR_CONNECTION_REFUSED @ http://localhost:8000/api/objects/SharedMemory?server=ee8d9159:0
[  606033ms] [ERROR] Error загрузки ee8d9159:SharedMemory: TypeError: Failed to fetch
    at fetchObjectData (http://localhost:8000/static/js/app.js:11889:28)
    at loadObjectData (http://localhost:8000/static/js/app.js:13547:28)
    at http://localhost:8000/static/js/app.js:1198:23 @ http://localhost:8000/static/js/app.js:13558
[  606033ms] [ERROR] Failed to load resource: net::ERR_CONNECTION_REFUSED @ http://localhost:8000/api/objects/SharedMemory/variables/io%3ASensor1_S/history?count=200&server=ee8d9159:0
[  606033ms] [ERROR] Error обновления графика для io:Sensor1_S: TypeError: Failed to fetch
    at fetchVariableHistory (http://localhost:8000/static/js/app.js:11919:28)
    at updateChart (http://localhost:8000/static/js/app.js:13985:31)
    at http://localhost:8000/static/js/app.js:1209:27 @ http://localhost:8000/static/js/app.js:14010
[  607032ms] [ERROR] Failed to load resource: net::ERR_CONNECTION_REFUSED @ http://localhost:8000/api/objects/SharedMemory?server=ee8d9159:0
[  607033ms] [ERROR] Error загрузки ee8d9159:SharedMemory: TypeError: Failed to fetch
    at fetchObjectData (http://localhost:8000/static/js/app.js:11889:28)
    at loadObjectData (http://localhost:8000/static/js/app.js:13547:28)
    at http://localhost:8000/static/js/app.js:1198:23 @ http://localhost:8000/static/js/app.js:13558
[  607033ms] [ERROR] Failed to load resource: net::ERR_CONNECTION_REFUSED @ http://localhost:8000/api/objects/SharedMemory/variables/io%3ASensor1_S/history?count=200&server=ee8d9159:0
[  607033ms] [ERROR] Error обновления графика для io:Sensor1_S: TypeError: Failed to fetch
    at fetchVariableHistory (http://localhost:8000/static/js/app.js:11919:28)
    at updateChart (http://localhost:8000/static/js/app.js:13985:31)
    at http://localhost:8000/static/js/app.js:1209:27 @ http://localhost:8000/static/js/app.js:14010
[  608034ms] [ERROR] Failed to load resource: net::ERR_CONNECTION_REFUSED @ http://localhost:8000/api/servers:0
[  608034ms] [ERROR] Error обновления списка объектов: TypeError: Failed to fetch
    at fetchServers (http://localhost:8000/static/js/app.js:11815:28)
    at fetchObjects (http://localhost:8000/static/js/app.js:11822:31)
    at refreshObjectsList (http://localhost:8000/static/js/app.js:11870:28)
    at http://localhost:8000/static/js/app.js:1191:9 @ http://localhost:8000/static/js/app.js:11873
[  608035ms] [ERROR] Failed to load resource: net::ERR_CONNECTION_REFUSED @ http://localhost:8000/api/objects/SharedMemory?server=ee8d9159:0
[  608035ms] [ERROR] Error загрузки ee8d9159:SharedMemory: TypeError: Failed to fetch
    at fetchObjectData (http://localhost:8000/static/js/app.js:11889:28)
    at loadObjectData (http://localhost:8000/static/js/app.js:13547:28)
    at http://localhost:8000/static/js/app.js:1198:23 @ http://localhost:8000/static/js/app.js:13558
[  608035ms] [ERROR] Failed to load resource: net::ERR_CONNECTION_REFUSED @ http://localhost:8000/api/objects/SharedMemory/variables/io%3ASensor1_S/history?count=200&server=ee8d9159:0
[  608035ms] [ERROR] Error обновления графика для io:Sensor1_S: TypeError: Failed to fetch
    at fetchVariableHistory (http://localhost:8000/static/js/app.js:11919:28)
    at updateChart (http://localhost:8000/static/js/app.js:13985:31)
    at http://localhost:8000/static/js/app.js:1209:27 @ http://localhost:8000/static/js/app.js:14010
[  609032ms] [ERROR] Failed to load resource: net::ERR_CONNECTION_REFUSED @ http://localhost:8000/api/objects/SharedMemory?server=ee8d9159:0
[  609033ms] [ERROR] Error загрузки ee8d9159:SharedMemory: TypeError: Failed to fetch
    at fetchObjectData (http://localhost:8000/static/js/app.js:11889:28)
    at loadObjectData (http://localhost:8000/static/js/app.js:13547:28)
    at http://localhost:8000/static/js/app.js:1198:23 @ http://localhost:8000/static/js/app.js:13558
[  609033ms] [ERROR] Failed to load resource: net::ERR_CONNECTION_REFUSED @ http://localhost:8000/api/objects/SharedMemory/variables/io%3ASensor1_S/history?count=200&server=ee8d9159:0
[  609033ms] [ERROR] Error обновления графика для io:Sensor1_S: TypeError: Failed to fetch
    at fetchVariableHistory (http://localhost:8000/static/js/app.js:11919:28)
    at updateChart (http://localhost:8000/static/js/app.js:13985:31)
    at http://localhost:8000/static/js/app.js:1209:27 @ http://localhost:8000/static/js/app.js:14010
[  610034ms] [ERROR] Failed to load resource: net::ERR_CONNECTION_REFUSED @ http://localhost:8000/api/objects/SharedMemory?server=ee8d9159:0
[  610034ms] [ERROR] Error загрузки ee8d9159:SharedMemory: TypeError: Failed to fetch
    at fetchObjectData (http://localhost:8000/static/js/app.js:11889:28)
    at loadObjectData (http://localhost:8000/static/js/app.js:13547:28)
    at http://localhost:8000/static/js/app.js:1198:23 @ http://localhost:8000/static/js/app.js:13558
[  610034ms] [ERROR] Failed to load resource: net::ERR_CONNECTION_REFUSED @ http://localhost:8000/api/objects/SharedMemory/variables/io%3ASensor1_S/history?count=200&server=ee8d9159:0
[  610034ms] [ERROR] Error обновления графика для io:Sensor1_S: TypeError: Failed to fetch
    at fetchVariableHistory (http://localhost:8000/static/js/app.js:11919:28)
    at updateChart (http://localhost:8000/static/js/app.js:13985:31)
    at http://localhost:8000/static/js/app.js:1209:27 @ http://localhost:8000/static/js/app.js:14010
[  610058ms] [ERROR] Failed to load resource: net::ERR_CONNECTION_REFUSED @ http://localhost:8000/api/recording/status:0
[  611034ms] [ERROR] Failed to load resource: net::ERR_CONNECTION_REFUSED @ http://localhost:8000/api/objects/SharedMemory?server=ee8d9159:0
[  611034ms] [ERROR] Error загрузки ee8d9159:SharedMemory: TypeError: Failed to fetch
    at fetchObjectData (http://localhost:8000/static/js/app.js:11889:28)
    at loadObjectData (http://localhost:8000/static/js/app.js:13547:28)
    at http://localhost:8000/static/js/app.js:1198:23 @ http://localhost:8000/static/js/app.js:13558
[  611034ms] [ERROR] Failed to load resource: net::ERR_CONNECTION_REFUSED @ http://localhost:8000/api/objects/SharedMemory/variables/io%3ASensor1_S/history?count=200&server=ee8d9159:0
[  611035ms] [ERROR] Error обновления графика для io:Sensor1_S: TypeError: Failed to fetch
    at fetchVariableHistory (http://localhost:8000/static/js/app.js:11919:28)
    at updateChart (http://localhost:8000/static/js/app.js:13985:31)
    at http://localhost:8000/static/js/app.js:1209:27 @ http://localhost:8000/static/js/app.js:14010
[  612032ms] [ERROR] Failed to load resource: net::ERR_CONNECTION_REFUSED @ http://localhost:8000/api/objects/SharedMemory?server=ee8d9159:0
[  612033ms] [ERROR] Error загрузки ee8d9159:SharedMemory: TypeError: Failed to fetch
    at fetchObjectData (http://localhost:8000/static/js/app.js:11889:28)
    at loadObjectData (http://localhost:8000/static/js/app.js:13547:28)
    at http://localhost:8000/static/js/app.js:1198:23 @ http://localhost:8000/static/js/app.js:13558
[  612033ms] [ERROR] Failed to load resource: net::ERR_CONNECTION_REFUSED @ http://localhost:8000/api/objects/SharedMemory/variables/io%3ASensor1_S/history?count=200&server=ee8d9159:0
[  612033ms] [ERROR] Error обновления графика для io:Sensor1_S: TypeError: Failed to fetch
    at fetchVariableHistory (http://localhost:8000/static/js/app.js:11919:28)
    at updateChart (http://localhost:8000/static/js/app.js:13985:31)
    at http://localhost:8000/static/js/app.js:1209:27 @ http://localhost:8000/static/js/app.js:14010
[  613033ms] [ERROR] Failed to load resource: net::ERR_CONNECTION_REFUSED @ http://localhost:8000/api/objects/SharedMemory?server=ee8d9159:0
[  613034ms] [ERROR] Error загрузки ee8d9159:SharedMemory: TypeError: Failed to fetch
    at fetchObjectData (http://localhost:8000/static/js/app.js:11889:28)
    at loadObjectData (http://localhost:8000/static/js/app.js:13547:28)
    at http://localhost:8000/static/js/app.js:1198:23 @ http://localhost:8000/static/js/app.js:13558
[  613034ms] [ERROR] Failed to load resource: net::ERR_CONNECTION_REFUSED @ http://localhost:8000/api/objects/SharedMemory/variables/io%3ASensor1_S/history?count=200&server=ee8d9159:0
[  613034ms] [ERROR] Error обновления графика для io:Sensor1_S: TypeError: Failed to fetch
    at fetchVariableHistory (http://localhost:8000/static/js/app.js:11919:28)
    at updateChart (http://localhost:8000/static/js/app.js:13985:31)
    at http://localhost:8000/static/js/app.js:1209:27 @ http://localhost:8000/static/js/app.js:14010
[  614033ms] [ERROR] Failed to load resource: net::ERR_CONNECTION_REFUSED @ http://localhost:8000/api/servers:0
[  614033ms] [ERROR] Error обновления списка объектов: TypeError: Failed to fetch
    at fetchServers (http://localhost:8000/static/js/app.js:11815:28)
    at fetchObjects (http://localhost:8000/static/js/app.js:11822:31)
    at refreshObjectsList (http://localhost:8000/static/js/app.js:11870:28)
    at http://localhost:8000/static/js/app.js:1191:9 @ http://localhost:8000/static/js/app.js:11873
[  614034ms] [ERROR] Failed to load resource: net::ERR_CONNECTION_REFUSED @ http://localhost:8000/api/objects/SharedMemory?server=ee8d9159:0
[  614034ms] [ERROR] Error загрузки ee8d9159:SharedMemory: TypeError: Failed to fetch
    at fetchObjectData (http://localhost:8000/static/js/app.js:11889:28)
    at loadObjectData (http://localhost:8000/static/js/app.js:13547:28)
    at http://localhost:8000/static/js/app.js:1198:23 @ http://localhost:8000/static/js/app.js:13558
[  614034ms] [ERROR] Failed to load resource: net::ERR_CONNECTION_REFUSED @ http://localhost:8000/api/objects/SharedMemory/variables/io%3ASensor1_S/history?count=200&server=ee8d9159:0
[  614034ms] [ERROR] Error обновления графика для io:Sensor1_S: TypeError: Failed to fetch
    at fetchVariableHistory (http://localhost:8000/static/js/app.js:11919:28)
    at updateChart (http://localhost:8000/static/js/app.js:13985:31)
    at http://localhost:8000/static/js/app.js:1209:27 @ http://localhost:8000/static/js/app.js:14010
[  615035ms] [ERROR] Failed to load resource: net::ERR_CONNECTION_REFUSED @ http://localhost:8000/api/objects/SharedMemory?server=ee8d9159:0
[  615035ms] [ERROR] Error загрузки ee8d9159:SharedMemory: TypeError: Failed to fetch
    at fetchObjectData (http://localhost:8000/static/js/app.js:11889:28)
    at loadObjectData (http://localhost:8000/static/js/app.js:13547:28)
    at http://localhost:8000/static/js/app.js:1198:23 @ http://localhost:8000/static/js/app.js:13558
[  615035ms] [ERROR] Failed to load resource: net::ERR_CONNECTION_REFUSED @ http://localhost:8000/api/objects/SharedMemory/variables/io%3ASensor1_S/history?count=200&server=ee8d9159:0
[  615036ms] [ERROR] Error обновления графика для io:Sensor1_S: TypeError: Failed to fetch
    at fetchVariableHistory (http://localhost:8000/static/js/app.js:11919:28)
    at updateChart (http://localhost:8000/static/js/app.js:13985:31)
    at http://localhost:8000/static/js/app.js:1209:27 @ http://localhost:8000/static/js/app.js:14010
[  615059ms] [ERROR] Failed to load resource: net::ERR_CONNECTION_REFUSED @ http://localhost:8000/api/recording/status:0
[  616032ms] [ERROR] Failed to load resource: net::ERR_CONNECTION_REFUSED @ http://localhost:8000/api/objects/SharedMemory?server=ee8d9159:0
[  616032ms] [ERROR] Error загрузки ee8d9159:SharedMemory: TypeError: Failed to fetch
    at fetchObjectData (http://localhost:8000/static/js/app.js:11889:28)
    at loadObjectData (http://localhost:8000/static/js/app.js:13547:28)
    at http://localhost:8000/static/js/app.js:1198:23 @ http://localhost:8000/static/js/app.js:13558
[  616032ms] [ERROR] Failed to load resource: net::ERR_CONNECTION_REFUSED @ http://localhost:8000/api/objects/SharedMemory/variables/io%3ASensor1_S/history?count=200&server=ee8d9159:0
[  616032ms] [ERROR] Error обновления графика для io:Sensor1_S: TypeError: Failed to fetch
    at fetchVariableHistory (http://localhost:8000/static/js/app.js:11919:28)
    at updateChart (http://localhost:8000/static/js/app.js:13985:31)
    at http://localhost:8000/static/js/app.js:1209:27 @ http://localhost:8000/static/js/app.js:14010
[  617033ms] [ERROR] Failed to load resource: net::ERR_CONNECTION_REFUSED @ http://localhost:8000/api/objects/SharedMemory?server=ee8d9159:0
[  617033ms] [ERROR] Error загрузки ee8d9159:SharedMemory: TypeError: Failed to fetch
    at fetchObjectData (http://localhost:8000/static/js/app.js:11889:28)
    at loadObjectData (http://localhost:8000/static/js/app.js:13547:28)
    at http://localhost:8000/static/js/app.js:1198:23 @ http://localhost:8000/static/js/app.js:13558
[  617033ms] [ERROR] Failed to load resource: net::ERR_CONNECTION_REFUSED @ http://localhost:8000/api/objects/SharedMemory/variables/io%3ASensor1_S/history?count=200&server=ee8d9159:0
[  617033ms] [ERROR] Error обновления графика для io:Sensor1_S: TypeError: Failed to fetch
    at fetchVariableHistory (http://localhost:8000/static/js/app.js:11919:28)
    at updateChart (http://localhost:8000/static/js/app.js:13985:31)
    at http://localhost:8000/static/js/app.js:1209:27 @ http://localhost:8000/static/js/app.js:14010
[  618033ms] [ERROR] Failed to load resource: net::ERR_CONNECTION_REFUSED @ http://localhost:8000/api/objects/SharedMemory?server=ee8d9159:0
[  618033ms] [ERROR] Error загрузки ee8d9159:SharedMemory: TypeError: Failed to fetch
    at fetchObjectData (http://localhost:8000/static/js/app.js:11889:28)
    at loadObjectData (http://localhost:8000/static/js/app.js:13547:28)
    at http://localhost:8000/static/js/app.js:1198:23 @ http://localhost:8000/static/js/app.js:13558
[  618034ms] [ERROR] Failed to load resource: net::ERR_CONNECTION_REFUSED @ http://localhost:8000/api/objects/SharedMemory/variables/io%3ASensor1_S/history?count=200&server=ee8d9159:0
[  618034ms] [ERROR] Error обновления графика для io:Sensor1_S: TypeError: Failed to fetch
    at fetchVariableHistory (http://localhost:8000/static/js/app.js:11919:28)
    at updateChart (http://localhost:8000/static/js/app.js:13985:31)
    at http://localhost:8000/static/js/app.js:1209:27 @ http://localhost:8000/static/js/app.js:14010
[  619033ms] [ERROR] Failed to load resource: net::ERR_CONNECTION_REFUSED @ http://localhost:8000/api/objects/SharedMemory?server=ee8d9159:0
[  619033ms] [ERROR] Error загрузки ee8d9159:SharedMemory: TypeError: Failed to fetch
    at fetchObjectData (http://localhost:8000/static/js/app.js:11889:28)
    at loadObjectData (http://localhost:8000/static/js/app.js:13547:28)
    at http://localhost:8000/static/js/app.js:1198:23 @ http://localhost:8000/static/js/app.js:13558
[  619034ms] [ERROR] Failed to load resource: net::ERR_CONNECTION_REFUSED @ http://localhost:8000/api/objects/SharedMemory/variables/io%3ASensor1_S/history?count=200&server=ee8d9159:0
[  619034ms] [ERROR] Error обновления графика для io:Sensor1_S: TypeError: Failed to fetch
    at fetchVariableHistory (http://localhost:8000/static/js/app.js:11919:28)
    at updateChart (http://localhost:8000/static/js/app.js:13985:31)
    at http://localhost:8000/static/js/app.js:1209:27 @ http://localhost:8000/static/js/app.js:14010
[  620036ms] [ERROR] Failed to load resource: net::ERR_CONNECTION_REFUSED @ http://localhost:8000/api/servers:0
[  620036ms] [ERROR] Error обновления списка объектов: TypeError: Failed to fetch
    at fetchServers (http://localhost:8000/static/js/app.js:11815:28)
    at fetchObjects (http://localhost:8000/static/js/app.js:11822:31)
    at refreshObjectsList (http://localhost:8000/static/js/app.js:11870:28)
    at http://localhost:8000/static/js/app.js:1191:9 @ http://localhost:8000/static/js/app.js:11873
[  620036ms] [ERROR] Failed to load resource: net::ERR_CONNECTION_REFUSED @ http://localhost:8000/api/objects/SharedMemory?server=ee8d9159:0
[  620091ms] [WARNING] crbug/1173575, non-JS module files deprecated. @ chrome-error://chromewebdata/:6589
[  621854ms] [WARNING] crbug/1173575, non-JS module files deprecated. @ chrome-error://chromewebdata/:6589
