[      12ms] [WARNING] SSE: Error соединения @ http://localhost:8000/static/js/app.js:1187
[  101451ms] [WARNING] SSE: Error соединения @ http://localhost:8000/static/js/app.js:1187
[  101462ms] [ERROR] Failed to load resource: net::ERR_CONNECTION_RESET @ http://localhost:8000/api/objects/MBTCPMaster1/modbus/status?server=ee8d9159:0
[  315713ms] [WARNING] SSE: Error соединения @ http://localhost:8000/static/js/app.js:1187
[  316420ms] [ERROR] Failed to load resource: net::ERR_CONNECTION_REFUSED @ http://localhost:8000/api/objects/MBTCPMaster1/modbus/status?server=ee8d9159:0
[  316691ms] [WARNING] SSE: Error соединения @ http://localhost:8000/static/js/app.js:1187
[  316692ms] [ERROR] Failed to load resource: net::ERR_CONNECTION_REFUSED @ http://localhost:8000/api/events:0
[  317420ms] [ERROR] Failed to load resource: net::ERR_CONNECTION_REFUSED @ http://localhost:8000/api/objects/MBTCPMaster1/modbus/status?server=ee8d9159:0
[  318419ms] [ERROR] Failed to load resource: net::ERR_CONNECTION_REFUSED @ http://localhost:8000/api/objects/MBTCPMaster1/modbus/status?server=ee8d9159:0
[  318737ms] [WARNING] SSE: Error соединения @ http://localhost:8000/static/js/app.js:1187
[  318737ms] [ERROR] Failed to load resource: net::ERR_CONNECTION_REFUSED @ http://localhost:8000/api/events:0
[  319418ms] [ERROR] Failed to load resource: net::ERR_CONNECTION_REFUSED @ http://localhost:8000/api/objects/MBTCPMaster1/modbus/status?server=ee8d9159:0
[  320066ms] [ERROR] Failed to load resource: net::ERR_CONNECTION_REFUSED @ http://localhost:8000/api/recording/status:0
[  320418ms] [ERROR] Failed to load resource: net::ERR_CONNECTION_REFUSED @ http://localhost:8000/api/objects/MBTCPMaster1/modbus/status?server=ee8d9159:0
[  321420ms] [ERROR] Failed to load resource: net::ERR_CONNECTION_REFUSED @ http://localhost:8000/api/objects/MBTCPMaster1/modbus/status?server=ee8d9159:0
[  322420ms] [ERROR] Failed to load resource: net::ERR_CONNECTION_REFUSED @ http://localhost:8000/api/objects/MBTCPMaster1/modbus/status?server=ee8d9159:0
[  322746ms] [WARNING] SSE: Error соединения @ http://localhost:8000/static/js/app.js:1187
[  322747ms] [ERROR] Failed to load resource: net::ERR_CONNECTION_REFUSED @ http://localhost:8000/api/events:0
[  323419ms] [ERROR] Failed to load resource: net::ERR_CONNECTION_REFUSED @ http://localhost:8000/api/objects/MBTCPMaster1/modbus/status?server=ee8d9159:0
[  324420ms] [ERROR] Failed to load resource: net::ERR_CONNECTION_REFUSED @ http://localhost:8000/api/objects/MBTCPMaster1/modbus/status?server=ee8d9159:0
[  325068ms] [ERROR] Failed to load resource: net::ERR_CONNECTION_REFUSED @ http://localhost:8000/api/recording/status:0
[  325418ms] [ERROR] Failed to load resource: net::ERR_CONNECTION_REFUSED @ http://localhost:8000/api/objects/MBTCPMaster1/modbus/status?server=ee8d9159:0
[  326418ms] [ERROR] Failed to load resource: net::ERR_CONNECTION_REFUSED @ http://localhost:8000/api/objects/MBTCPMaster1/modbus/status?server=ee8d9159:0
[  327420ms] [ERROR] Failed to load resource: net::ERR_CONNECTION_REFUSED @ http://localhost:8000/api/objects/MBTCPMaster1/modbus/status?server=ee8d9159:0
[  328421ms] [ERROR] Failed to load resource: net::ERR_CONNECTION_REFUSED @ http://localhost:8000/api/objects/MBTCPMaster1/modbus/status?server=ee8d9159:0
[  329418ms] [ERROR] Failed to load resource: net::ERR_CONNECTION_REFUSED @ http://localhost:8000/api/objects/MBTCPMaster1/modbus/status?server=ee8d9159:0
[  330067ms] [ERROR] Failed to load resource: net::ERR_CONNECTION_REFUSED @ http://localhost:8000/api/recording/status:0
[  330418ms] [ERROR] Failed to load resource: net::ERR_CONNECTION_REFUSED @ http://localhost:8000/api/objects/MBTCPMaster1/modbus/status?server=ee8d9159:0
[  331047ms] [WARNING] SSE: Error соединения @ http://localhost:8000/static/js/app.js:1187
[  331047ms] [ERROR] Failed to load resource: net::ERR_CONNECTION_REFUSED @ http://localhost:8000/api/events:0
[  331419ms] [ERROR] Failed to load resource: net::ERR_CONNECTION_REFUSED @ http://localhost:8000/api/objects/MBTCPMaster1/modbus/status?server=ee8d9159:0
[  332418ms] [ERROR] Failed to load resource: net::ERR_CONNECTION_REFUSED @ http://localhost:8000/api/objects/MBTCPMaster1/modbus/status?server=ee8d9159:0
[  333421ms] [ERROR] Failed to load resource: net::ERR_CONNECTION_REFUSED @ http://localhost:8000/api/objects/MBTCPMaster1/modbus/status?server=ee8d9159:0
[  334418ms] [ERROR] Failed to load resource: net::ERR_CONNECTION_REFUSED @ http://localhost:8000/api/objects/MBTCPMaster1/modbus/status?server=ee8d9159:0
[  335067ms] [ERROR] Failed to load resource: net::ERR_CONNECTION_REFUSED @ http://localhost:8000/api/recording/status:0
[  335418ms] [ERROR] Failed to load resource: net::ERR_CONNECTION_REFUSED @ http://localhost:8000/api/objects/MBTCPMaster1/modbus/status?server=ee8d9159:0
[  336418ms] [ERROR] Failed to load resource: net::ERR_CONNECTION_REFUSED @ http://localhost:8000/api/objects/MBTCPMaster1/modbus/status?server=ee8d9159:0
[  337418ms] [ERROR] Failed to load resource: net::ERR_CONNECTION_REFUSED @ http://localhost:8000/api/objects/MBTCPMaster1/modbus/status?server=ee8d9159:0
[  338420ms] [ERROR] Failed to load resource: net::ERR_CONNECTION_REFUSED @ http://localhost:8000/api/objects/MBTCPMaster1/modbus/status?server=ee8d9159:0
[  339418ms] [ERROR] Failed to load resource: net::ERR_CONNECTION_REFUSED @ http://localhost:8000/api/objects/MBTCPMaster1/modbus/status?server=ee8d9159:0
[  340067ms] [ERROR] Failed to load resource: net::ERR_CONNECTION_REFUSED @ http://localhost:8000/api/recording/status:0
[  340418ms] [ERROR] Failed to load resource: net::ERR_CONNECTION_REFUSED @ http://localhost:8000/api/objects/MBTCPMaster1/modbus/status?server=ee8d9159:0
[  341419ms] [ERROR] Failed to load resource: net::ERR_CONNECTION_REFUSED @ http://localhost:8000/api/objects/MBTCPMaster1/modbus/status?server=ee8d9159:0
[  342418ms] [ERROR] Failed to load resource: net::ERR_CONNECTION_REFUSED @ http://localhost:8000/api/objects/MBTCPMaster1/modbus/status?server=ee8d9159:0
[  343418ms] [ERROR] Failed to load resource: net::ERR_CONNECTION_REFUSED @ http://localhost:8000/api/objects/MBTCPMaster1/modbus/status?server=ee8d9159:0
[  344418ms] [ERROR] Failed to load resource: net::ERR_CONNECTION_REFUSED @ http://localhost:8000/api/objects/MBTCPMaster1/modbus/status?server=ee8d9159:0
[  345066ms] [ERROR] Failed to load resource: net::ERR_CONNECTION_REFUSED @ http://localhost:8000/api/recording/status:0
[  345418ms] [ERROR] Failed to load resource: net::ERR_CONNECTION_REFUSED @ http://localhost:8000/api/objects/MBTCPMaster1/modbus/status?server=ee8d9159:0
[  346418ms] [ERROR] Failed to load resource: net::ERR_CONNECTION_REFUSED @ http://localhost:8000/api/objects/MBTCPMaster1/modbus/status?server=ee8d9159:0
[  347418ms] [ERROR] Failed to load resource: net::ERR_CONNECTION_REFUSED @ http://localhost:8000/api/objects/MBTCPMaster1/modbus/status?server=ee8d9159:0
[  347835ms] [WARNING] SSE: Error соединения @ http://localhost:8000/static/js/app.js:1187
[  347836ms] [ERROR] Failed to load resource: net::ERR_CONNECTION_REFUSED @ http://localhost:8000/api/events:0
[  348421ms] [ERROR] Failed to load resource: net::ERR_CONNECTION_REFUSED @ http://localhost:8000/api/objects/MBTCPMaster1/modbus/status?server=ee8d9159:0
[  349418ms] [ERROR] Failed to load resource: net::ERR_CONNECTION_REFUSED @ http://localhost:8000/api/objects/MBTCPMaster1/modbus/status?server=ee8d9159:0
[  350066ms] [ERROR] Failed to load resource: net::ERR_CONNECTION_REFUSED @ http://localhost:8000/api/recording/status:0
[  350418ms] [ERROR] Failed to load resource: net::ERR_CONNECTION_REFUSED @ http://localhost:8000/api/objects/MBTCPMaster1/modbus/status?server=ee8d9159:0
[  351419ms] [ERROR] Failed to load resource: net::ERR_CONNECTION_REFUSED @ http://localhost:8000/api/objects/MBTCPMaster1/modbus/status?server=ee8d9159:0
[  352418ms] [ERROR] Failed to load resource: net::ERR_CONNECTION_REFUSED @ http://localhost:8000/api/objects/MBTCPMaster1/modbus/status?server=ee8d9159:0
[  353418ms] [ERROR] Failed to load resource: net::ERR_CONNECTION_REFUSED @ http://localhost:8000/api/objects/MBTCPMaster1/modbus/status?server=ee8d9159:0
[  354419ms] [ERROR] Failed to load resource: net::ERR_CONNECTION_REFUSED @ http://localhost:8000/api/objects/MBTCPMaster1/modbus/status?server=ee8d9159:0
[  355068ms] [ERROR] Failed to load resource: net::ERR_CONNECTION_REFUSED @ http://localhost:8000/api/recording/status:0
[  355418ms] [ERROR] Failed to load resource: net::ERR_CONNECTION_REFUSED @ http://localhost:8000/api/objects/MBTCPMaster1/modbus/status?server=ee8d9159:0
[  356418ms] [ERROR] Failed to load resource: net::ERR_CONNECTION_REFUSED @ http://localhost:8000/api/objects/MBTCPMaster1/modbus/status?server=ee8d9159:0
[  357418ms] [ERROR] Failed to load resource: net::ERR_CONNECTION_REFUSED @ http://localhost:8000/api/objects/MBTCPMaster1/modbus/status?server=ee8d9159:0
[  358420ms] [ERROR] Failed to load resource: net::ERR_CONNECTION_REFUSED @ http://localhost:8000/api/objects/MBTCPMaster1/modbus/status?server=ee8d9159:0
[  359418ms] [ERROR] Failed to load resource: net::ERR_CONNECTION_REFUSED @ http://localhost:8000/api/objects/MBTCPMaster1/modbus/status?server=ee8d9159:0
[  360067ms] [ERROR] Failed to load resource: net::ERR_CONNECTION_REFUSED @ http://localhost:8000/api/recording/status:0
[  360418ms] [ERROR] Failed to load resource: net::ERR_CONNECTION_REFUSED @ http://localhost:8000/api/objects/MBTCPMaster1/modbus/status?server=ee8d9159:0
[  361418ms] [ERROR] Failed to load resource: net::ERR_CONNECTION_REFUSED @ http://localhost:8000/api/objects/MBTCPMaster1/modbus/status?server=ee8d9159:0
[  362419ms] [ERROR] Failed to load resource: net::ERR_CONNECTION_REFUSED @ http://localhost:8000/api/objects/MBTCPMaster1/modbus/status?server=ee8d9159:0
[  363420ms] [ERROR] Failed to load resource: net::ERR_CONNECTION_REFUSED @ http://localhost:8000/api/objects/MBTCPMaster1/modbus/status?server=ee8d9159:0
[  364418ms] [ERROR] Failed to load resource: net::ERR_CONNECTION_REFUSED @ http://localhost:8000/api/objects/MBTCPMaster1/modbus/status?server=ee8d9159:0
[  365068ms] [ERROR] Failed to load resource: net::ERR_CONNECTION_REFUSED @ http://localhost:8000/api/recording/status:0
[  365418ms] [ERROR] Failed to load resource: net::ERR_CONNECTION_REFUSED @ http://localhost:8000/api/objects/MBTCPMaster1/modbus/status?server=ee8d9159:0
[  366419ms] [ERROR] Failed to load resource: net::ERR_CONNECTION_REFUSED @ http://localhost:8000/api/objects/MBTCPMaster1/modbus/status?server=ee8d9159:0
[  367418ms] [ERROR] Failed to load resource: net::ERR_CONNECTION_REFUSED @ http://localhost:8000/api/objects/MBTCPMaster1/modbus/status?server=ee8d9159:0
[  368418ms] [ERROR] Failed to load resource: net::ERR_CONNECTION_REFUSED @ http://localhost:8000/api/objects/MBTCPMaster1/modbus/status?server=ee8d9159:0
[  369419ms] [ERROR] Failed to load resource: net::ERR_CONNECTION_REFUSED @ http://localhost:8000/api/objects/MBTCPMaster1/modbus/status?server=ee8d9159:0
[  370066ms] [ERROR] Failed to load resource: net::ERR_CONNECTION_REFUSED @ http://localhost:8000/api/recording/status:0
[  370418ms] [ERROR] Failed to load resource: net::ERR_CONNECTION_REFUSED @ http://localhost:8000/api/objects/MBTCPMaster1/modbus/status?server=ee8d9159:0
[  371418ms] [ERROR] Failed to load resource: net::ERR_CONNECTION_REFUSED @ http://localhost:8000/api/objects/MBTCPMaster1/modbus/status?server=ee8d9159:0
[  372419ms] [ERROR] Failed to load resource: net::ERR_CONNECTION_REFUSED @ http://localhost:8000/api/objects/MBTCPMaster1/modbus/status?server=ee8d9159:0
[  373418ms] [ERROR] Failed to load resource: net::ERR_CONNECTION_REFUSED @ http://localhost:8000/api/objects/MBTCPMaster1/modbus/status?server=ee8d9159:0
[  374420ms] [ERROR] Failed to load resource: net::ERR_CONNECTION_REFUSED @ http://localhost:8000/api/objects/MBTCPMaster1/modbus/status?server=ee8d9159:0
[  375067ms] [ERROR] Failed to load resource: net::ERR_CONNECTION_REFUSED @ http://localhost:8000/api/recording/status:0
[  375418ms] [ERROR] Failed to load resource: net::ERR_CONNECTION_REFUSED @ http://localhost:8000/api/objects/MBTCPMaster1/modbus/status?server=ee8d9159:0
[  376419ms] [ERROR] Failed to load resource: net::ERR_CONNECTION_REFUSED @ http://localhost:8000/api/objects/MBTCPMaster1/modbus/status?server=ee8d9159:0
[  377419ms] [ERROR] Failed to load resource: net::ERR_CONNECTION_REFUSED @ http://localhost:8000/api/objects/MBTCPMaster1/modbus/status?server=ee8d9159:0
[  377520ms] [WARNING] SSE: Error соединения @ http://localhost:8000/static/js/app.js:1187
[  377521ms] [ERROR] Failed to load resource: net::ERR_CONNECTION_REFUSED @ http://localhost:8000/api/events:0
[  378419ms] [ERROR] Failed to load resource: net::ERR_CONNECTION_REFUSED @ http://localhost:8000/api/objects/MBTCPMaster1/modbus/status?server=ee8d9159:0
[  379419ms] [ERROR] Failed to load resource: net::ERR_CONNECTION_REFUSED @ http://localhost:8000/api/objects/MBTCPMaster1/modbus/status?server=ee8d9159:0
[  380069ms] [ERROR] Failed to load resource: net::ERR_CONNECTION_REFUSED @ http://localhost:8000/api/recording/status:0
[  380418ms] [ERROR] Failed to load resource: net::ERR_CONNECTION_REFUSED @ http://localhost:8000/api/objects/MBTCPMaster1/modbus/status?server=ee8d9159:0
[  381418ms] [ERROR] Failed to load resource: net::ERR_CONNECTION_REFUSED @ http://localhost:8000/api/objects/MBTCPMaster1/modbus/status?server=ee8d9159:0
[  382419ms] [ERROR] Failed to load resource: net::ERR_CONNECTION_REFUSED @ http://localhost:8000/api/objects/MBTCPMaster1/modbus/status?server=ee8d9159:0
[  383420ms] [ERROR] Failed to load resource: net::ERR_CONNECTION_REFUSED @ http://localhost:8000/api/objects/MBTCPMaster1/modbus/status?server=ee8d9159:0
[  384418ms] [ERROR] Failed to load resource: net::ERR_CONNECTION_REFUSED @ http://localhost:8000/api/objects/MBTCPMaster1/modbus/status?server=ee8d9159:0
[  385068ms] [ERROR] Failed to load resource: net::ERR_CONNECTION_REFUSED @ http://localhost:8000/api/recording/status:0
[  385418ms] [ERROR] Failed to load resource: net::ERR_CONNECTION_REFUSED @ http://localhost:8000/api/objects/MBTCPMaster1/modbus/status?server=ee8d9159:0
[  386418ms] [ERROR] Failed to load resource: net::ERR_CONNECTION_REFUSED @ http://localhost:8000/api/objects/MBTCPMaster1/modbus/status?server=ee8d9159:0
[  387418ms] [ERROR] Failed to load resource: net::ERR_CONNECTION_REFUSED @ http://localhost:8000/api/objects/MBTCPMaster1/modbus/status?server=ee8d9159:0
[  388420ms] [ERROR] Failed to load resource: net::ERR_CONNECTION_REFUSED @ http://localhost:8000/api/objects/MBTCPMaster1/modbus/status?server=ee8d9159:0
[  389420ms] [ERROR] Failed to load resource: net::ERR_CONNECTION_REFUSED @ http://localhost:8000/api/objects/MBTCPMaster1/modbus/status?server=ee8d9159:0
[  390068ms] [ERROR] Failed to load resource: net::ERR_CONNECTION_REFUSED @ http://localhost:8000/api/recording/status:0
[  390418ms] [ERROR] Failed to load resource: net::ERR_CONNECTION_REFUSED @ http://localhost:8000/api/objects/MBTCPMaster1/modbus/status?server=ee8d9159:0
[  391419ms] [ERROR] Failed to load resource: net::ERR_CONNECTION_REFUSED @ http://localhost:8000/api/objects/MBTCPMaster1/modbus/status?server=ee8d9159:0
[  392418ms] [ERROR] Failed to load resource: net::ERR_CONNECTION_REFUSED @ http://localhost:8000/api/objects/MBTCPMaster1/modbus/status?server=ee8d9159:0
[  393418ms] [ERROR] Failed to load resource: net::ERR_CONNECTION_REFUSED @ http://localhost:8000/api/objects/MBTCPMaster1/modbus/status?server=ee8d9159:0
[  394419ms] [ERROR] Failed to load resource: net::ERR_CONNECTION_REFUSED @ http://localhost:8000/api/objects/MBTCPMaster1/modbus/status?server=ee8d9159:0
[  395067ms] [ERROR] Failed to load resource: net::ERR_CONNECTION_REFUSED @ http://localhost:8000/api/recording/status:0
[  395418ms] [ERROR] Failed to load resource: net::ERR_CONNECTION_REFUSED @ http://localhost:8000/api/objects/MBTCPMaster1/modbus/status?server=ee8d9159:0
[  396420ms] [ERROR] Failed to load resource: net::ERR_CONNECTION_REFUSED @ http://localhost:8000/api/objects/MBTCPMaster1/modbus/status?server=ee8d9159:0
[  397419ms] [ERROR] Failed to load resource: net::ERR_CONNECTION_REFUSED @ http://localhost:8000/api/objects/MBTCPMaster1/modbus/status?server=ee8d9159:0
[  398419ms] [ERROR] Failed to load resource: net::ERR_CONNECTION_REFUSED @ http://localhost:8000/api/objects/MBTCPMaster1/modbus/status?server=ee8d9159:0
[  399420ms] [ERROR] Failed to load resource: net::ERR_CONNECTION_REFUSED @ http://localhost:8000/api/objects/MBTCPMaster1/modbus/status?server=ee8d9159:0
[  400067ms] [ERROR] Failed to load resource: net::ERR_CONNECTION_REFUSED @ http://localhost:8000/api/recording/status:0
[  400418ms] [ERROR] Failed to load resource: net::ERR_CONNECTION_REFUSED @ http://localhost:8000/api/objects/MBTCPMaster1/modbus/status?server=ee8d9159:0
[  401418ms] [ERROR] Failed to load resource: net::ERR_CONNECTION_REFUSED @ http://localhost:8000/api/objects/MBTCPMaster1/modbus/status?server=ee8d9159:0
[  402418ms] [ERROR] Failed to load resource: net::ERR_CONNECTION_REFUSED @ http://localhost:8000/api/objects/MBTCPMaster1/modbus/status?server=ee8d9159:0
[  403419ms] [ERROR] Failed to load resource: net::ERR_CONNECTION_REFUSED @ http://localhost:8000/api/objects/MBTCPMaster1/modbus/status?server=ee8d9159:0
[  404418ms] [ERROR] Failed to load resource: net::ERR_CONNECTION_REFUSED @ http://localhost:8000/api/objects/MBTCPMaster1/modbus/status?server=ee8d9159:0
[  405066ms] [ERROR] Failed to load resource: net::ERR_CONNECTION_REFUSED @ http://localhost:8000/api/recording/status:0
[  405367ms] [WARNING] SSE: Error соединения @ http://localhost:8000/static/js/app.js:1187
[  405367ms] [ERROR] Failed to load resource: net::ERR_CONNECTION_REFUSED @ http://localhost:8000/api/events:0
[  405418ms] [ERROR] Failed to load resource: net::ERR_CONNECTION_REFUSED @ http://localhost:8000/api/objects/MBTCPMaster1/modbus/status?server=ee8d9159:0
[  406419ms] [ERROR] Failed to load resource: net::ERR_CONNECTION_REFUSED @ http://localhost:8000/api/objects/MBTCPMaster1/modbus/status?server=ee8d9159:0
[  407418ms] [ERROR] Failed to load resource: net::ERR_CONNECTION_REFUSED @ http://localhost:8000/api/objects/MBTCPMaster1/modbus/status?server=ee8d9159:0
[  408419ms] [ERROR] Failed to load resource: net::ERR_CONNECTION_REFUSED @ http://localhost:8000/api/objects/MBTCPMaster1/modbus/status?server=ee8d9159:0
[  409418ms] [ERROR] Failed to load resource: net::ERR_CONNECTION_REFUSED @ http://localhost:8000/api/objects/MBTCPMaster1/modbus/status?server=ee8d9159:0
[  410067ms] [ERROR] Failed to load resource: net::ERR_CONNECTION_REFUSED @ http://localhost:8000/api/recording/status:0
[  410418ms] [ERROR] Failed to load resource: net::ERR_CONNECTION_REFUSED @ http://localhost:8000/api/objects/MBTCPMaster1/modbus/status?server=ee8d9159:0
[  411419ms] [ERROR] Failed to load resource: net::ERR_CONNECTION_REFUSED @ http://localhost:8000/api/objects/MBTCPMaster1/modbus/status?server=ee8d9159:0
[  412418ms] [ERROR] Failed to load resource: net::ERR_CONNECTION_REFUSED @ http://localhost:8000/api/objects/MBTCPMaster1/modbus/status?server=ee8d9159:0
[  413419ms] [ERROR] Failed to load resource: net::ERR_CONNECTION_REFUSED @ http://localhost:8000/api/objects/MBTCPMaster1/modbus/status?server=ee8d9159:0
[  414418ms] [ERROR] Failed to load resource: net::ERR_CONNECTION_REFUSED @ http://localhost:8000/api/objects/MBTCPMaster1/modbus/status?server=ee8d9159:0
[  415069ms] [ERROR] Failed to load resource: net::ERR_CONNECTION_REFUSED @ http://localhost:8000/api/recording/status:0
[  415418ms] [ERROR] Failed to load resource: net::ERR_CONNECTION_REFUSED @ http://localhost:8000/api/objects/MBTCPMaster1/modbus/status?server=ee8d9159:0
[  416418ms] [ERROR] Failed to load resource: net::ERR_CONNECTION_REFUSED @ http://localhost:8000/api/objects/MBTCPMaster1/modbus/status?server=ee8d9159:0
[  417418ms] [ERROR] Failed to load resource: net::ERR_CONNECTION_REFUSED @ http://localhost:8000/api/objects/MBTCPMaster1/modbus/status?server=ee8d9159:0
[  685738ms] [WARNING] SSE: Error соединения @ http://localhost:8000/static/js/app.js:1187
[  686419ms] [ERROR] Failed to load resource: net::ERR_CONNECTION_REFUSED @ http://localhost:8000/api/objects/MBTCPMaster1/modbus/status?server=ee8d9159:0
[  686788ms] [WARNING] SSE: Error соединения @ http://localhost:8000/static/js/app.js:1187
[  686788ms] [ERROR] Failed to load resource: net::ERR_CONNECTION_REFUSED @ http://localhost:8000/api/events:0
[  687419ms] [ERROR] Failed to load resource: net::ERR_CONNECTION_REFUSED @ http://localhost:8000/api/objects/MBTCPMaster1/modbus/status?server=ee8d9159:0
[  688419ms] [ERROR] Failed to load resource: net::ERR_CONNECTION_REFUSED @ http://localhost:8000/api/objects/MBTCPMaster1/modbus/status?server=ee8d9159:0
[  688766ms] [WARNING] SSE: Error соединения @ http://localhost:8000/static/js/app.js:1187
[  688766ms] [ERROR] Failed to load resource: net::ERR_CONNECTION_REFUSED @ http://localhost:8000/api/events:0
[  689418ms] [ERROR] Failed to load resource: net::ERR_CONNECTION_REFUSED @ http://localhost:8000/api/objects/MBTCPMaster1/modbus/status?server=ee8d9159:0
[  690067ms] [ERROR] Failed to load resource: net::ERR_CONNECTION_REFUSED @ http://localhost:8000/api/recording/status:0
[  690418ms] [ERROR] Failed to load resource: net::ERR_CONNECTION_REFUSED @ http://localhost:8000/api/objects/MBTCPMaster1/modbus/status?server=ee8d9159:0
[  691420ms] [ERROR] Failed to load resource: net::ERR_CONNECTION_REFUSED @ http://localhost:8000/api/objects/MBTCPMaster1/modbus/status?server=ee8d9159:0
[  692419ms] [ERROR] Failed to load resource: net::ERR_CONNECTION_REFUSED @ http://localhost:8000/api/objects/MBTCPMaster1/modbus/status?server=ee8d9159:0
[  692648ms] [WARNING] SSE: Error соединения @ http://localhost:8000/static/js/app.js:1187
[  692648ms] [ERROR] Failed to load resource: net::ERR_CONNECTION_REFUSED @ http://localhost:8000/api/events:0
[  693420ms] [ERROR] Failed to load resource: net::ERR_CONNECTION_REFUSED @ http://localhost:8000/api/objects/MBTCPMaster1/modbus/status?server=ee8d9159:0
[  694418ms] [ERROR] Failed to load resource: net::ERR_CONNECTION_REFUSED @ http://localhost:8000/api/objects/MBTCPMaster1/modbus/status?server=ee8d9159:0
[  695069ms] [ERROR] Failed to load resource: net::ERR_CONNECTION_REFUSED @ http://localhost:8000/api/recording/status:0
[  695418ms] [ERROR] Failed to load resource: net::ERR_CONNECTION_REFUSED @ http://localhost:8000/api/objects/MBTCPMaster1/modbus/status?server=ee8d9159:0
[  696419ms] [ERROR] Failed to load resource: net::ERR_CONNECTION_REFUSED @ http://localhost:8000/api/objects/MBTCPMaster1/modbus/status?server=ee8d9159:0
[  697421ms] [ERROR] Failed to load resource: net::ERR_CONNECTION_REFUSED @ http://localhost:8000/api/objects/MBTCPMaster1/modbus/status?server=ee8d9159:0
[  698420ms] [ERROR] Failed to load resource: net::ERR_CONNECTION_REFUSED @ http://localhost:8000/api/objects/MBTCPMaster1/modbus/status?server=ee8d9159:0
[  699418ms] [ERROR] Failed to load resource: net::ERR_CONNECTION_REFUSED @ http://localhost:8000/api/objects/MBTCPMaster1/modbus/status?server=ee8d9159:0
[  700067ms] [ERROR] Failed to load resource: net::ERR_CONNECTION_REFUSED @ http://localhost:8000/api/recording/status:0
[  700418ms] [ERROR] Failed to load resource: net::ERR_CONNECTION_REFUSED @ http://localhost:8000/api/objects/MBTCPMaster1/modbus/status?server=ee8d9159:0
[  701308ms] [WARNING] SSE: Error соединения @ http://localhost:8000/static/js/app.js:1187
[  701308ms] [ERROR] Failed to load resource: net::ERR_CONNECTION_REFUSED @ http://localhost:8000/api/events:0
[  701418ms] [ERROR] Failed to load resource: net::ERR_CONNECTION_REFUSED @ http://localhost:8000/api/objects/MBTCPMaster1/modbus/status?server=ee8d9159:0
[  702419ms] [ERROR] Failed to load resource: net::ERR_CONNECTION_REFUSED @ http://localhost:8000/api/objects/MBTCPMaster1/modbus/status?server=ee8d9159:0
[  703418ms] [ERROR] Failed to load resource: net::ERR_CONNECTION_REFUSED @ http://localhost:8000/api/objects/MBTCPMaster1/modbus/status?server=ee8d9159:0
[  704418ms] [ERROR] Failed to load resource: net::ERR_CONNECTION_REFUSED @ http://localhost:8000/api/objects/MBTCPMaster1/modbus/status?server=ee8d9159:0
[  705068ms] [ERROR] Failed to load resource: net::ERR_CONNECTION_REFUSED @ http://localhost:8000/api/recording/status:0
[  705418ms] [ERROR] Failed to load resource: net::ERR_CONNECTION_REFUSED @ http://localhost:8000/api/objects/MBTCPMaster1/modbus/status?server=ee8d9159:0
[  706419ms] [ERROR] Failed to load resource: net::ERR_CONNECTION_REFUSED @ http://localhost:8000/api/objects/MBTCPMaster1/modbus/status?server=ee8d9159:0
[  707418ms] [ERROR] Failed to load resource: net::ERR_CONNECTION_REFUSED @ http://localhost:8000/api/objects/MBTCPMaster1/modbus/status?server=ee8d9159:0
[  708418ms] [ERROR] Failed to load resource: net::ERR_CONNECTION_REFUSED @ http://localhost:8000/api/objects/MBTCPMaster1/modbus/status?server=ee8d9159:0
[  709418ms] [ERROR] Failed to load resource: net::ERR_CONNECTION_REFUSED @ http://localhost:8000/api/objects/MBTCPMaster1/modbus/status?server=ee8d9159:0
[  710067ms] [ERROR] Failed to load resource: net::ERR_CONNECTION_REFUSED @ http://localhost:8000/api/recording/status:0
[  710421ms] [ERROR] Failed to load resource: net::ERR_CONNECTION_REFUSED @ http://localhost:8000/api/objects/MBTCPMaster1/modbus/status?server=ee8d9159:0
[  711418ms] [ERROR] Failed to load resource: net::ERR_CONNECTION_REFUSED @ http://localhost:8000/api/objects/MBTCPMaster1/modbus/status?server=ee8d9159:0
[  712418ms] [ERROR] Failed to load resource: net::ERR_CONNECTION_REFUSED @ http://localhost:8000/api/objects/MBTCPMaster1/modbus/status?server=ee8d9159:0
[  713420ms] [ERROR] Failed to load resource: net::ERR_CONNECTION_REFUSED @ http://localhost:8000/api/objects/MBTCPMaster1/modbus/status?server=ee8d9159:0
[  714419ms] [ERROR] Failed to load resource: net::ERR_CONNECTION_REFUSED @ http://localhost:8000/api/objects/MBTCPMaster1/modbus/status?server=ee8d9159:0
[ 2800416ms] [WARNING] SSE: Error соединения @ http://localhost:8000/static/js/app.js:1187
[ 2800419ms] [ERROR] Failed to load resource: net::ERR_CONNECTION_RESET @ http://localhost:8000/api/objects/MBTCPMaster1/modbus/status?server=ee8d9159:0
[ 2801372ms] [WARNING] SSE: Error соединения @ http://localhost:8000/static/js/app.js:1187
[ 2801372ms] [ERROR] Failed to load resource: net::ERR_CONNECTION_REFUSED @ http://localhost:8000/api/events:0
[ 2801419ms] [ERROR] Failed to load resource: net::ERR_CONNECTION_REFUSED @ http://localhost:8000/api/objects/MBTCPMaster1/modbus/status?server=ee8d9159:0
[ 2802421ms] [ERROR] Failed to load resource: net::ERR_CONNECTION_REFUSED @ http://localhost:8000/api/objects/MBTCPMaster1/modbus/status?server=ee8d9159:0
[ 2803421ms] [ERROR] Failed to load resource: net::ERR_CONNECTION_REFUSED @ http://localhost:8000/api/objects/MBTCPMaster1/modbus/status?server=ee8d9159:0
[ 2803477ms] [WARNING] SSE: Error соединения @ http://localhost:8000/static/js/app.js:1187
[ 2803477ms] [ERROR] Failed to load resource: net::ERR_CONNECTION_REFUSED @ http://localhost:8000/api/events:0
[ 2804420ms] [ERROR] Failed to load resource: net::ERR_CONNECTION_REFUSED @ http://localhost:8000/api/objects/MBTCPMaster1/modbus/status?server=ee8d9159:0
[ 2805068ms] [ERROR] Failed to load resource: net::ERR_CONNECTION_REFUSED @ http://localhost:8000/api/recording/status:0
[ 2805421ms] [ERROR] Failed to load resource: net::ERR_CONNECTION_REFUSED @ http://localhost:8000/api/objects/MBTCPMaster1/modbus/status?server=ee8d9159:0
[ 2806420ms] [ERROR] Failed to load resource: net::ERR_CONNECTION_REFUSED @ http://localhost:8000/api/objects/MBTCPMaster1/modbus/status?server=ee8d9159:0
[ 2807420ms] [ERROR] Failed to load resource: net::ERR_CONNECTION_REFUSED @ http://localhost:8000/api/objects/MBTCPMaster1/modbus/status?server=ee8d9159:0
[ 2807792ms] [WARNING] SSE: Error соединения @ http://localhost:8000/static/js/app.js:1187
[ 2807792ms] [ERROR] Failed to load resource: net::ERR_CONNECTION_REFUSED @ http://localhost:8000/api/events:0
[ 2808421ms] [ERROR] Failed to load resource: net::ERR_CONNECTION_REFUSED @ http://localhost:8000/api/objects/MBTCPMaster1/modbus/status?server=ee8d9159:0
[ 2809421ms] [ERROR] Failed to load resource: net::ERR_CONNECTION_REFUSED @ http://localhost:8000/api/objects/MBTCPMaster1/modbus/status?server=ee8d9159:0
[ 2810069ms] [ERROR] Failed to load resource: net::ERR_CONNECTION_REFUSED @ http://localhost:8000/api/recording/status:0
[ 2810419ms] [ERROR] Failed to load resource: net::ERR_CONNECTION_REFUSED @ http://localhost:8000/api/objects/MBTCPMaster1/modbus/status?server=ee8d9159:0
[ 2811420ms] [ERROR] Failed to load resource: net::ERR_CONNECTION_REFUSED @ http://localhost:8000/api/objects/MBTCPMaster1/modbus/status?server=ee8d9159:0
[ 2812420ms] [ERROR] Failed to load resource: net::ERR_CONNECTION_REFUSED @ http://localhost:8000/api/objects/MBTCPMaster1/modbus/status?server=ee8d9159:0
[ 2813421ms] [ERROR] Failed to load resource: net::ERR_CONNECTION_REFUSED @ http://localhost:8000/api/objects/MBTCPMaster1/modbus/status?server=ee8d9159:0
[ 2814419ms] [ERROR] Failed to load resource: net::ERR_CONNECTION_REFUSED @ http://localhost:8000/api/objects/MBTCPMaster1/modbus/status?server=ee8d9159:0
[ 2815067ms] [ERROR] Failed to load resource: net::ERR_CONNECTION_REFUSED @ http://localhost:8000/api/recording/status:0
[ 2815419ms] [ERROR] Failed to load resource: net::ERR_CONNECTION_REFUSED @ http://localhost:8000/api/objects/MBTCPMaster1/modbus/status?server=ee8d9159:0
[ 2816421ms] [ERROR] Failed to load resource: net::ERR_CONNECTION_REFUSED @ http://localhost:8000/api/objects/MBTCPMaster1/modbus/status?server=ee8d9159:0
[ 2816495ms] [WARNING] SSE: Error соединения @ http://localhost:8000/static/js/app.js:1187
[ 2816495ms] [ERROR] Failed to load resource: net::ERR_CONNECTION_REFUSED @ http://localhost:8000/api/events:0
[ 2817419ms] [ERROR] Failed to load resource: net::ERR_CONNECTION_REFUSED @ http://localhost:8000/api/objects/MBTCPMaster1/modbus/status?server=ee8d9159:0
[ 2818420ms] [ERROR] Failed to load resource: net::ERR_CONNECTION_REFUSED @ http://localhost:8000/api/objects/MBTCPMaster1/modbus/status?server=ee8d9159:0
[ 2819419ms] [ERROR] Failed to load resource: net::ERR_CONNECTION_REFUSED @ http://localhost:8000/api/objects/MBTCPMaster1/modbus/status?server=ee8d9159:0
[ 2820067ms] [ERROR] Failed to load resource: net::ERR_CONNECTION_REFUSED @ http://localhost:8000/api/recording/status:0
[ 2820418ms] [ERROR] Failed to load resource: net::ERR_CONNECTION_REFUSED @ http://localhost:8000/api/objects/MBTCPMaster1/modbus/status?server=ee8d9159:0
[ 2821418ms] [ERROR] Failed to load resource: net::ERR_CONNECTION_REFUSED @ http://localhost:8000/api/objects/MBTCPMaster1/modbus/status?server=ee8d9159:0
[ 2822419ms] [ERROR] Failed to load resource: net::ERR_CONNECTION_REFUSED @ http://localhost:8000/api/objects/MBTCPMaster1/modbus/status?server=ee8d9159:0
[ 2823419ms] [ERROR] Failed to load resource: net::ERR_CONNECTION_REFUSED @ http://localhost:8000/api/objects/MBTCPMaster1/modbus/status?server=ee8d9159:0
[ 2824420ms] [ERROR] Failed to load resource: net::ERR_CONNECTION_REFUSED @ http://localhost:8000/api/objects/MBTCPMaster1/modbus/status?server=ee8d9159:0
[ 2825067ms] [ERROR] Failed to load resource: net::ERR_CONNECTION_REFUSED @ http://localhost:8000/api/recording/status:0
[ 2825418ms] [ERROR] Failed to load resource: net::ERR_CONNECTION_REFUSED @ http://localhost:8000/api/objects/MBTCPMaster1/modbus/status?server=ee8d9159:0
[ 2826419ms] [ERROR] Failed to load resource: net::ERR_CONNECTION_REFUSED @ http://localhost:8000/api/objects/MBTCPMaster1/modbus/status?server=ee8d9159:0
[ 2827419ms] [ERROR] Failed to load resource: net::ERR_CONNECTION_REFUSED @ http://localhost:8000/api/objects/MBTCPMaster1/modbus/status?server=ee8d9159:0
[ 2828419ms] [ERROR] Failed to load resource: net::ERR_CONNECTION_REFUSED @ http://localhost:8000/api/objects/MBTCPMaster1/modbus/status?server=ee8d9159:0
[ 2829419ms] [ERROR] Failed to load resource: net::ERR_CONNECTION_REFUSED @ http://localhost:8000/api/objects/MBTCPMaster1/modbus/status?server=ee8d9159:0
[ 2830067ms] [ERROR] Failed to load resource: net::ERR_CONNECTION_REFUSED @ http://localhost:8000/api/recording/status:0
[ 2830420ms] [ERROR] Failed to load resource: net::ERR_CONNECTION_REFUSED @ http://localhost:8000/api/objects/MBTCPMaster1/modbus/status?server=ee8d9159:0
[ 2831419ms] [ERROR] Failed to load resource: net::ERR_CONNECTION_REFUSED @ http://localhost:8000/api/objects/MBTCPMaster1/modbus/status?server=ee8d9159:0
[ 2832419ms] [ERROR] Failed to load resource: net::ERR_CONNECTION_REFUSED @ http://localhost:8000/api/objects/MBTCPMaster1/modbus/status?server=ee8d9159:0
[ 2833419ms] [ERROR] Failed to load resource: net::ERR_CONNECTION_REFUSED @ http://localhost:8000/api/objects/MBTCPMaster1/modbus/status?server=ee8d9159:0
[ 2833878ms] [WARNING] SSE: Error соединения @ http://localhost:8000/static/js/app.js:1187
[ 2833878ms] [ERROR] Failed to load resource: net::ERR_CONNECTION_REFUSED @ http://localhost:8000/api/events:0
[ 2834418ms] [ERROR] Failed to load resource: net::ERR_CONNECTION_REFUSED @ http://localhost:8000/api/objects/MBTCPMaster1/modbus/status?server=ee8d9159:0
[ 2835067ms] [ERROR] Failed to load resource: net::ERR_CONNECTION_REFUSED @ http://localhost:8000/api/recording/status:0
[ 2835420ms] [ERROR] Failed to load resource: net::ERR_CONNECTION_REFUSED @ http://localhost:8000/api/objects/MBTCPMaster1/modbus/status?server=ee8d9159:0
[ 2836420ms] [ERROR] Failed to load resource: net::ERR_CONNECTION_REFUSED @ http://localhost:8000/api/objects/MBTCPMaster1/modbus/status?server=ee8d9159:0
[ 2837419ms] [ERROR] Failed to load resource: net::ERR_CONNECTION_REFUSED @ http://localhost:8000/api/objects/MBTCPMaster1/modbus/status?server=ee8d9159:0
[ 2838419ms] [ERROR] Failed to load resource: net::ERR_CONNECTION_REFUSED @ http://localhost:8000/api/objects/MBTCPMaster1/modbus/status?server=ee8d9159:0
[ 2839420ms] [ERROR] Failed to load resource: net::ERR_CONNECTION_REFUSED @ http://localhost:8000/api/objects/MBTCPMaster1/modbus/status?server=ee8d9159:0
[ 2840067ms] [ERROR] Failed to load resource: net::ERR_CONNECTION_REFUSED @ http://localhost:8000/api/recording/status:0
[ 2840419ms] [ERROR] Failed to load resource: net::ERR_CONNECTION_REFUSED @ http://localhost:8000/api/objects/MBTCPMaster1/modbus/status?server=ee8d9159:0
[ 2933112ms] [WARNING] SSE: Error соединения @ http://localhost:8000/static/js/app.js:1187
[ 2933420ms] [ERROR] Failed to load resource: net::ERR_CONNECTION_REFUSED @ http://localhost:8000/api/objects/MBTCPMaster1/modbus/status?server=ee8d9159:0
[ 2934114ms] [WARNING] SSE: Error соединения @ http://localhost:8000/static/js/app.js:1187
[ 2934114ms] [ERROR] Failed to load resource: net::ERR_CONNECTION_REFUSED @ http://localhost:8000/api/events:0
[ 2934421ms] [ERROR] Failed to load resource: net::ERR_CONNECTION_REFUSED @ http://localhost:8000/api/objects/MBTCPMaster1/modbus/status?server=ee8d9159:0
[ 2935067ms] [ERROR] Failed to load resource: net::ERR_CONNECTION_REFUSED @ http://localhost:8000/api/recording/status:0
[ 2935419ms] [ERROR] Failed to load resource: net::ERR_CONNECTION_REFUSED @ http://localhost:8000/api/objects/MBTCPMaster1/modbus/status?server=ee8d9159:0
[ 2936311ms] [WARNING] SSE: Error соединения @ http://localhost:8000/static/js/app.js:1187
[ 2936311ms] [ERROR] Failed to load resource: net::ERR_CONNECTION_REFUSED @ http://localhost:8000/api/events:0
[ 2936419ms] [ERROR] Failed to load resource: net::ERR_CONNECTION_REFUSED @ http://localhost:8000/api/objects/MBTCPMaster1/modbus/status?server=ee8d9159:0
[ 2937420ms] [ERROR] Failed to load resource: net::ERR_CONNECTION_REFUSED @ http://localhost:8000/api/objects/MBTCPMaster1/modbus/status?server=ee8d9159:0
[ 2938419ms] [ERROR] Failed to load resource: net::ERR_CONNECTION_REFUSED @ http://localhost:8000/api/objects/MBTCPMaster1/modbus/status?server=ee8d9159:0
[ 2939420ms] [ERROR] Failed to load resource: net::ERR_CONNECTION_REFUSED @ http://localhost:8000/api/objects/MBTCPMaster1/modbus/status?server=ee8d9159:0
[ 2939922ms] [WARNING] SSE: Error соединения @ http://localhost:8000/static/js/app.js:1187
[ 2939923ms] [ERROR] Failed to load resource: net::ERR_CONNECTION_REFUSED @ http://localhost:8000/api/events:0
[ 2940067ms] [ERROR] Failed to load resource: net::ERR_CONNECTION_REFUSED @ http://localhost:8000/api/recording/status:0
[ 2940420ms] [ERROR] Failed to load resource: net::ERR_CONNECTION_REFUSED @ http://localhost:8000/api/objects/MBTCPMaster1/modbus/status?server=ee8d9159:0
[ 2941419ms] [ERROR] Failed to load resource: net::ERR_CONNECTION_REFUSED @ http://localhost:8000/api/objects/MBTCPMaster1/modbus/status?server=ee8d9159:0
[ 2942419ms] [ERROR] Failed to load resource: net::ERR_CONNECTION_REFUSED @ http://localhost:8000/api/objects/MBTCPMaster1/modbus/status?server=ee8d9159:0
[ 2943419ms] [ERROR] Failed to load resource: net::ERR_CONNECTION_REFUSED @ http://localhost:8000/api/objects/MBTCPMaster1/modbus/status?server=ee8d9159:0
[ 2944421ms] [ERROR] Failed to load resource: net::ERR_CONNECTION_REFUSED @ http://localhost:8000/api/objects/MBTCPMaster1/modbus/status?server=ee8d9159:0
[ 2945067ms] [ERROR] Failed to load resource: net::ERR_CONNECTION_REFUSED @ http://localhost:8000/api/recording/status:0
[ 2945419ms] [ERROR] Failed to load resource: net::ERR_CONNECTION_REFUSED @ http://localhost:8000/api/objects/MBTCPMaster1/modbus/status?server=ee8d9159:0
[ 2946419ms] [ERROR] Failed to load resource: net::ERR_CONNECTION_REFUSED @ http://localhost:8000/api/objects/MBTCPMaster1/modbus/status?server=ee8d9159:0
[ 2947418ms] [ERROR] Failed to load resource: net::ERR_CONNECTION_REFUSED @ http://localhost:8000/api/objects/MBTCPMaster1/modbus/status?server=ee8d9159:0
[ 2948038ms] [WARNING] SSE: Error соединения @ http://localhost:8000/static/js/app.js:1187
[ 2948038ms] [ERROR] Failed to load resource: net::ERR_CONNECTION_REFUSED @ http://localhost:8000/api/events:0
[ 2948419ms] [ERROR] Failed to load resource: net::ERR_CONNECTION_REFUSED @ http://localhost:8000/api/objects/MBTCPMaster1/modbus/status?server=ee8d9159:0
[ 2949419ms] [ERROR] Failed to load resource: net::ERR_CONNECTION_REFUSED @ http://localhost:8000/api/objects/MBTCPMaster1/modbus/status?server=ee8d9159:0
[ 2950068ms] [ERROR] Failed to load resource: net::ERR_CONNECTION_REFUSED @ http://localhost:8000/api/recording/status:0
[ 2950419ms] [ERROR] Failed to load resource: net::ERR_CONNECTION_REFUSED @ http://localhost:8000/api/objects/MBTCPMaster1/modbus/status?server=ee8d9159:0
[ 2951418ms] [ERROR] Failed to load resource: net::ERR_CONNECTION_REFUSED @ http://localhost:8000/api/objects/MBTCPMaster1/modbus/status?server=ee8d9159:0
[ 2952419ms] [ERROR] Failed to load resource: net::ERR_CONNECTION_REFUSED @ http://localhost:8000/api/objects/MBTCPMaster1/modbus/status?server=ee8d9159:0
[ 2953420ms] [ERROR] Failed to load resource: net::ERR_CONNECTION_REFUSED @ http://localhost:8000/api/objects/MBTCPMaster1/modbus/status?server=ee8d9159:0
[ 2954418ms] [ERROR] Failed to load resource: net::ERR_CONNECTION_REFUSED @ http://localhost:8000/api/objects/MBTCPMaster1/modbus/status?server=ee8d9159:0
[ 2955067ms] [ERROR] Failed to load resource: net::ERR_CONNECTION_REFUSED @ http://localhost:8000/api/recording/status:0
[ 2955418ms] [ERROR] Failed to load resource: net::ERR_CONNECTION_REFUSED @ http://localhost:8000/api/objects/MBTCPMaster1/modbus/status?server=ee8d9159:0
[ 2956419ms] [ERROR] Failed to load resource: net::ERR_CONNECTION_REFUSED @ http://localhost:8000/api/objects/MBTCPMaster1/modbus/status?server=ee8d9159:0
[ 2957419ms] [ERROR] Failed to load resource: net::ERR_CONNECTION_REFUSED @ http://localhost:8000/api/objects/MBTCPMaster1/modbus/status?server=ee8d9159:0
[ 2958418ms] [ERROR] Failed to load resource: net::ERR_CONNECTION_REFUSED @ http://localhost:8000/api/objects/MBTCPMaster1/modbus/status?server=ee8d9159:0
[ 2959419ms] [ERROR] Failed to load resource: net::ERR_CONNECTION_REFUSED @ http://localhost:8000/api/objects/MBTCPMaster1/modbus/status?server=ee8d9159:0
[ 2960069ms] [ERROR] Failed to load resource: net::ERR_CONNECTION_REFUSED @ http://localhost:8000/api/recording/status:0
[ 2960419ms] [ERROR] Failed to load resource: net::ERR_CONNECTION_REFUSED @ http://localhost:8000/api/objects/MBTCPMaster1/modbus/status?server=ee8d9159:0
[ 2961419ms] [ERROR] Failed to load resource: net::ERR_CONNECTION_REFUSED @ http://localhost:8000/api/objects/MBTCPMaster1/modbus/status?server=ee8d9159:0
[ 2962420ms] [ERROR] Failed to load resource: net::ERR_CONNECTION_REFUSED @ http://localhost:8000/api/objects/MBTCPMaster1/modbus/status?server=ee8d9159:0
[ 2963418ms] [ERROR] Failed to load resource: net::ERR_CONNECTION_REFUSED @ http://localhost:8000/api/objects/MBTCPMaster1/modbus/status?server=ee8d9159:0
[ 2964419ms] [ERROR] Failed to load resource: net::ERR_CONNECTION_REFUSED @ http://localhost:8000/api/objects/MBTCPMaster1/modbus/status?server=ee8d9159:0
[ 2964793ms] [WARNING] SSE: Error соединения @ http://localhost:8000/static/js/app.js:1187
[ 2964793ms] [ERROR] Failed to load resource: net::ERR_CONNECTION_REFUSED @ http://localhost:8000/api/events:0
[ 2965068ms] [ERROR] Failed to load resource: net::ERR_CONNECTION_REFUSED @ http://localhost:8000/api/recording/status:0
[ 2965419ms] [ERROR] Failed to load resource: net::ERR_CONNECTION_REFUSED @ http://localhost:8000/api/objects/MBTCPMaster1/modbus/status?server=ee8d9159:0
[ 2966419ms] [ERROR] Failed to load resource: net::ERR_CONNECTION_REFUSED @ http://localhost:8000/api/objects/MBTCPMaster1/modbus/status?server=ee8d9159:0
[ 2967419ms] [ERROR] Failed to load resource: net::ERR_CONNECTION_REFUSED @ http://localhost:8000/api/objects/MBTCPMaster1/modbus/status?server=ee8d9159:0
[ 2968418ms] [ERROR] Failed to load resource: net::ERR_CONNECTION_REFUSED @ http://localhost:8000/api/objects/MBTCPMaster1/modbus/status?server=ee8d9159:0
[ 2969418ms] [ERROR] Failed to load resource: net::ERR_CONNECTION_REFUSED @ http://localhost:8000/api/objects/MBTCPMaster1/modbus/status?server=ee8d9159:0
[ 2970069ms] [ERROR] Failed to load resource: net::ERR_CONNECTION_REFUSED @ http://localhost:8000/api/recording/status:0
[ 2970419ms] [ERROR] Failed to load resource: net::ERR_CONNECTION_REFUSED @ http://localhost:8000/api/objects/MBTCPMaster1/modbus/status?server=ee8d9159:0
[ 2971420ms] [ERROR] Failed to load resource: net::ERR_CONNECTION_REFUSED @ http://localhost:8000/api/objects/MBTCPMaster1/modbus/status?server=ee8d9159:0
[ 2972420ms] [ERROR] Failed to load resource: net::ERR_CONNECTION_REFUSED @ http://localhost:8000/api/objects/MBTCPMaster1/modbus/status?server=ee8d9159:0
[ 2973420ms] [ERROR] Failed to load resource: net::ERR_CONNECTION_REFUSED @ http://localhost:8000/api/objects/MBTCPMaster1/modbus/status?server=ee8d9159:0
[ 2974420ms] [ERROR] Failed to load resource: net::ERR_CONNECTION_REFUSED @ http://localhost:8000/api/objects/MBTCPMaster1/modbus/status?server=ee8d9159:0
[ 2975068ms] [ERROR] Failed to load resource: net::ERR_CONNECTION_REFUSED @ http://localhost:8000/api/recording/status:0
[ 2975419ms] [ERROR] Failed to load resource: net::ERR_CONNECTION_REFUSED @ http://localhost:8000/api/objects/MBTCPMaster1/modbus/status?server=ee8d9159:0
[ 2976420ms] [ERROR] Failed to load resource: net::ERR_CONNECTION_REFUSED @ http://localhost:8000/api/objects/MBTCPMaster1/modbus/status?server=ee8d9159:0
[ 2977419ms] [ERROR] Failed to load resource: net::ERR_CONNECTION_REFUSED @ http://localhost:8000/api/objects/MBTCPMaster1/modbus/status?server=ee8d9159:0
[ 2978419ms] [ERROR] Failed to load resource: net::ERR_CONNECTION_REFUSED @ http://localhost:8000/api/objects/MBTCPMaster1/modbus/status?server=ee8d9159:0
[ 2979419ms] [ERROR] Failed to load resource: net::ERR_CONNECTION_REFUSED @ http://localhost:8000/api/objects/MBTCPMaster1/modbus/status?server=ee8d9159:0
[ 2980067ms] [ERROR] Failed to load resource: net::ERR_CONNECTION_REFUSED @ http://localhost:8000/api/recording/status:0
[ 2980419ms] [ERROR] Failed to load resource: net::ERR_CONNECTION_REFUSED @ http://localhost:8000/api/objects/MBTCPMaster1/modbus/status?server=ee8d9159:0
[ 2981419ms] [ERROR] Failed to load resource: net::ERR_CONNECTION_REFUSED @ http://localhost:8000/api/objects/MBTCPMaster1/modbus/status?server=ee8d9159:0
[ 2982420ms] [ERROR] Failed to load resource: net::ERR_CONNECTION_REFUSED @ http://localhost:8000/api/objects/MBTCPMaster1/modbus/status?server=ee8d9159:0
[ 2983420ms] [ERROR] Failed to load resource: net::ERR_CONNECTION_REFUSED @ http://localhost:8000/api/objects/MBTCPMaster1/modbus/status?server=ee8d9159:0
[ 2984419ms] [ERROR] Failed to load resource: net::ERR_CONNECTION_REFUSED @ http://localhost:8000/api/objects/MBTCPMaster1/modbus/status?server=ee8d9159:0
[ 2985068ms] [ERROR] Failed to load resource: net::ERR_CONNECTION_REFUSED @ http://localhost:8000/api/recording/status:0
[ 2985419ms] [ERROR] Failed to load resource: net::ERR_CONNECTION_REFUSED @ http://localhost:8000/api/objects/MBTCPMaster1/modbus/status?server=ee8d9159:0
[ 2986419ms] [ERROR] Failed to load resource: net::ERR_CONNECTION_REFUSED @ http://localhost:8000/api/objects/MBTCPMaster1/modbus/status?server=ee8d9159:0
[ 2987419ms] [ERROR] Failed to load resource: net::ERR_CONNECTION_REFUSED @ http://localhost:8000/api/objects/MBTCPMaster1/modbus/status?server=ee8d9159:0
[ 2988420ms] [ERROR] Failed to load resource: net::ERR_CONNECTION_REFUSED @ http://localhost:8000/api/objects/MBTCPMaster1/modbus/status?server=ee8d9159:0
[ 2989419ms] [ERROR] Failed to load resource: net::ERR_CONNECTION_REFUSED @ http://localhost:8000/api/objects/MBTCPMaster1/modbus/status?server=ee8d9159:0
[ 2990067ms] [ERROR] Failed to load resource: net::ERR_CONNECTION_REFUSED @ http://localhost:8000/api/recording/status:0
[ 2990419ms] [ERROR] Failed to load resource: net::ERR_CONNECTION_REFUSED @ http://localhost:8000/api/objects/MBTCPMaster1/modbus/status?server=ee8d9159:0
[ 2991419ms] [ERROR] Failed to load resource: net::ERR_CONNECTION_REFUSED @ http://localhost:8000/api/objects/MBTCPMaster1/modbus/status?server=ee8d9159:0
[ 2992419ms] [ERROR] Failed to load resource: net::ERR_CONNECTION_REFUSED @ http://localhost:8000/api/objects/MBTCPMaster1/modbus/status?server=ee8d9159:0
[ 2993420ms] [ERROR] Failed to load resource: net::ERR_CONNECTION_REFUSED @ http://localhost:8000/api/objects/MBTCPMaster1/modbus/status?server=ee8d9159:0
[ 2994419ms] [ERROR] Failed to load resource: net::ERR_CONNECTION_REFUSED @ http://localhost:8000/api/objects/MBTCPMaster1/modbus/status?server=ee8d9159:0
[ 2995068ms] [ERROR] Failed to load resource: net::ERR_CONNECTION_REFUSED @ http://localhost:8000/api/recording/status:0
[ 2995419ms] [ERROR] Failed to load resource: net::ERR_CONNECTION_REFUSED @ http://localhost:8000/api/objects/MBTCPMaster1/modbus/status?server=ee8d9159:0
[ 2996419ms] [ERROR] Failed to load resource: net::ERR_CONNECTION_REFUSED @ http://localhost:8000/api/objects/MBTCPMaster1/modbus/status?server=ee8d9159:0
[ 2997421ms] [ERROR] Failed to load resource: net::ERR_CONNECTION_REFUSED @ http://localhost:8000/api/objects/MBTCPMaster1/modbus/status?server=ee8d9159:0
[ 2997621ms] [WARNING] SSE: Error соединения @ http://localhost:8000/static/js/app.js:1187
[ 2997621ms] [ERROR] Failed to load resource: net::ERR_CONNECTION_REFUSED @ http://localhost:8000/api/events:0
[ 2998420ms] [ERROR] Failed to load resource: net::ERR_CONNECTION_REFUSED @ http://localhost:8000/api/objects/MBTCPMaster1/modbus/status?server=ee8d9159:0
[ 2999420ms] [ERROR] Failed to load resource: net::ERR_CONNECTION_REFUSED @ http://localhost:8000/api/objects/MBTCPMaster1/modbus/status?server=ee8d9159:0
[ 3000068ms] [ERROR] Failed to load resource: net::ERR_CONNECTION_REFUSED @ http://localhost:8000/api/recording/status:0
[ 3000419ms] [ERROR] Failed to load resource: net::ERR_CONNECTION_REFUSED @ http://localhost:8000/api/objects/MBTCPMaster1/modbus/status?server=ee8d9159:0
[ 3001421ms] [ERROR] Failed to load resource: net::ERR_CONNECTION_REFUSED @ http://localhost:8000/api/objects/MBTCPMaster1/modbus/status?server=ee8d9159:0
[ 3002420ms] [ERROR] Failed to load resource: net::ERR_CONNECTION_REFUSED @ http://localhost:8000/api/objects/MBTCPMaster1/modbus/status?server=ee8d9159:0
[ 3003418ms] [ERROR] Failed to load resource: net::ERR_CONNECTION_REFUSED @ http://localhost:8000/api/objects/MBTCPMaster1/modbus/status?server=ee8d9159:0
[ 3004420ms] [ERROR] Failed to load resource: net::ERR_CONNECTION_REFUSED @ http://localhost:8000/api/objects/MBTCPMaster1/modbus/status?server=ee8d9159:0
[ 3005068ms] [ERROR] Failed to load resource: net::ERR_CONNECTION_REFUSED @ http://localhost:8000/api/recording/status:0
[ 3005419ms] [ERROR] Failed to load resource: net::ERR_CONNECTION_REFUSED @ http://localhost:8000/api/objects/MBTCPMaster1/modbus/status?server=ee8d9159:0
[ 3006420ms] [ERROR] Failed to load resource: net::ERR_CONNECTION_REFUSED @ http://localhost:8000/api/objects/MBTCPMaster1/modbus/status?server=ee8d9159:0
[ 3007420ms] [ERROR] Failed to load resource: net::ERR_CONNECTION_REFUSED @ http://localhost:8000/api/objects/MBTCPMaster1/modbus/status?server=ee8d9159:0
[ 3008420ms] [ERROR] Failed to load resource: net::ERR_CONNECTION_REFUSED @ http://localhost:8000/api/objects/MBTCPMaster1/modbus/status?server=ee8d9159:0
[ 3009420ms] [ERROR] Failed to load resource: net::ERR_CONNECTION_REFUSED @ http://localhost:8000/api/objects/MBTCPMaster1/modbus/status?server=ee8d9159:0
[ 3010069ms] [ERROR] Failed to load resource: net::ERR_CONNECTION_REFUSED @ http://localhost:8000/api/recording/status:0
[ 3010419ms] [ERROR] Failed to load resource: net::ERR_CONNECTION_REFUSED @ http://localhost:8000/api/objects/MBTCPMaster1/modbus/status?server=ee8d9159:0
[ 3011419ms] [ERROR] Failed to load resource: net::ERR_CONNECTION_REFUSED @ http://localhost:8000/api/objects/MBTCPMaster1/modbus/status?server=ee8d9159:0
[ 3012419ms] [ERROR] Failed to load resource: net::ERR_CONNECTION_REFUSED @ http://localhost:8000/api/objects/MBTCPMaster1/modbus/status?server=ee8d9159:0
[ 3013420ms] [ERROR] Failed to load resource: net::ERR_CONNECTION_REFUSED @ http://localhost:8000/api/objects/MBTCPMaster1/modbus/status?server=ee8d9159:0
[ 3014420ms] [ERROR] Failed to load resource: net::ERR_CONNECTION_REFUSED @ http://localhost:8000/api/objects/MBTCPMaster1/modbus/status?server=ee8d9159:0
[ 3015067ms] [ERROR] Failed to load resource: net::ERR_CONNECTION_REFUSED @ http://localhost:8000/api/recording/status:0
[ 3015419ms] [ERROR] Failed to load resource: net::ERR_CONNECTION_REFUSED @ http://localhost:8000/api/objects/MBTCPMaster1/modbus/status?server=ee8d9159:0
[ 3016421ms] [ERROR] Failed to load resource: net::ERR_CONNECTION_REFUSED @ http://localhost:8000/api/objects/MBTCPMaster1/modbus/status?server=ee8d9159:0
[ 3017420ms] [ERROR] Failed to load resource: net::ERR_CONNECTION_REFUSED @ http://localhost:8000/api/objects/MBTCPMaster1/modbus/status?server=ee8d9159:0
[ 3018421ms] [ERROR] Failed to load resource: net::ERR_CONNECTION_REFUSED @ http://localhost:8000/api/objects/MBTCPMaster1/modbus/status?server=ee8d9159:0
[ 3019420ms] [ERROR] Failed to load resource: net::ERR_CONNECTION_REFUSED @ http://localhost:8000/api/objects/MBTCPMaster1/modbus/status?server=ee8d9159:0
[ 3020069ms] [ERROR] Failed to load resource: net::ERR_CONNECTION_REFUSED @ http://localhost:8000/api/recording/status:0
[ 3020419ms] [ERROR] Failed to load resource: net::ERR_CONNECTION_REFUSED @ http://localhost:8000/api/objects/MBTCPMaster1/modbus/status?server=ee8d9159:0
[ 3021420ms] [ERROR] Failed to load resource: net::ERR_CONNECTION_REFUSED @ http://localhost:8000/api/objects/MBTCPMaster1/modbus/status?server=ee8d9159:0
[ 3022419ms] [ERROR] Failed to load resource: net::ERR_CONNECTION_REFUSED @ http://localhost:8000/api/objects/MBTCPMaster1/modbus/status?server=ee8d9159:0
[ 3023419ms] [ERROR] Failed to load resource: net::ERR_CONNECTION_REFUSED @ http://localhost:8000/api/objects/MBTCPMaster1/modbus/status?server=ee8d9159:0
[ 3024419ms] [ERROR] Failed to load resource: net::ERR_CONNECTION_REFUSED @ http://localhost:8000/api/objects/MBTCPMaster1/modbus/status?server=ee8d9159:0
[ 3025068ms] [ERROR] Failed to load resource: net::ERR_CONNECTION_REFUSED @ http://localhost:8000/api/recording/status:0
[ 3025419ms] [ERROR] Failed to load resource: net::ERR_CONNECTION_REFUSED @ http://localhost:8000/api/objects/MBTCPMaster1/modbus/status?server=ee8d9159:0
[ 3026419ms] [ERROR] Failed to load resource: net::ERR_CONNECTION_REFUSED @ http://localhost:8000/api/objects/MBTCPMaster1/modbus/status?server=ee8d9159:0
[ 3027419ms] [ERROR] Failed to load resource: net::ERR_CONNECTION_REFUSED @ http://localhost:8000/api/objects/MBTCPMaster1/modbus/status?server=ee8d9159:0
[ 3027934ms] [WARNING] SSE: Error соединения @ http://localhost:8000/static/js/app.js:1187
[ 3027935ms] [ERROR] Failed to load resource: net::ERR_CONNECTION_REFUSED @ http://localhost:8000/api/events:0
[ 3028420ms] [ERROR] Failed to load resource: net::ERR_CONNECTION_REFUSED @ http://localhost:8000/api/objects/MBTCPMaster1/modbus/status?server=ee8d9159:0
[ 3029420ms] [ERROR] Failed to load resource: net::ERR_CONNECTION_REFUSED @ http://localhost:8000/api/objects/MBTCPMaster1/modbus/status?server=ee8d9159:0
[ 3030069ms] [ERROR] Failed to load resource: net::ERR_CONNECTION_REFUSED @ http://localhost:8000/api/recording/status:0
[ 3030419ms] [ERROR] Failed to load resource: net::ERR_CONNECTION_REFUSED @ http://localhost:8000/api/objects/MBTCPMaster1/modbus/status?server=ee8d9159:0
[ 3031420ms] [ERROR] Failed to load resource: net::ERR_CONNECTION_REFUSED @ http://localhost:8000/api/objects/MBTCPMaster1/modbus/status?server=ee8d9159:0
[ 3032420ms] [ERROR] Failed to load resource: net::ERR_CONNECTION_REFUSED @ http://localhost:8000/api/objects/MBTCPMaster1/modbus/status?server=ee8d9159:0
[ 3033421ms] [ERROR] Failed to load resource: net::ERR_CONNECTION_REFUSED @ http://localhost:8000/api/objects/MBTCPMaster1/modbus/status?server=ee8d9159:0
[ 3034420ms] [ERROR] Failed to load resource: net::ERR_CONNECTION_REFUSED @ http://localhost:8000/api/objects/MBTCPMaster1/modbus/status?server=ee8d9159:0
[ 3035068ms] [ERROR] Failed to load resource: net::ERR_CONNECTION_REFUSED @ http://localhost:8000/api/recording/status:0
[ 3035419ms] [ERROR] Failed to load resource: net::ERR_CONNECTION_REFUSED @ http://localhost:8000/api/objects/MBTCPMaster1/modbus/status?server=ee8d9159:0
[ 3036420ms] [ERROR] Failed to load resource: net::ERR_CONNECTION_REFUSED @ http://localhost:8000/api/objects/MBTCPMaster1/modbus/status?server=ee8d9159:0
[ 3037421ms] [ERROR] Failed to load resource: net::ERR_CONNECTION_REFUSED @ http://localhost:8000/api/objects/MBTCPMaster1/modbus/status?server=ee8d9159:0
[ 3038419ms] [ERROR] Failed to load resource: net::ERR_CONNECTION_REFUSED @ http://localhost:8000/api/objects/MBTCPMaster1/modbus/status?server=ee8d9159:0
[ 3039419ms] [ERROR] Failed to load resource: net::ERR_CONNECTION_REFUSED @ http://localhost:8000/api/objects/MBTCPMaster1/modbus/status?server=ee8d9159:0
[ 3040068ms] [ERROR] Failed to load resource: net::ERR_CONNECTION_REFUSED @ http://localhost:8000/api/recording/status:0
[ 3040419ms] [ERROR] Failed to load resource: net::ERR_CONNECTION_REFUSED @ http://localhost:8000/api/objects/MBTCPMaster1/modbus/status?server=ee8d9159:0
[ 3041420ms] [ERROR] Failed to load resource: net::ERR_CONNECTION_REFUSED @ http://localhost:8000/api/objects/MBTCPMaster1/modbus/status?server=ee8d9159:0
[ 3042420ms] [ERROR] Failed to load resource: net::ERR_CONNECTION_REFUSED @ http://localhost:8000/api/objects/MBTCPMaster1/modbus/status?server=ee8d9159:0
[ 3043421ms] [ERROR] Failed to load resource: net::ERR_CONNECTION_REFUSED @ http://localhost:8000/api/objects/MBTCPMaster1/modbus/status?server=ee8d9159:0
[ 3044421ms] [ERROR] Failed to load resource: net::ERR_CONNECTION_REFUSED @ http://localhost:8000/api/objects/MBTCPMaster1/modbus/status?server=ee8d9159:0
[ 3045069ms] [ERROR] Failed to load resource: net::ERR_CONNECTION_REFUSED @ http://localhost:8000/api/recording/status:0
[ 3045419ms] [ERROR] Failed to load resource: net::ERR_CONNECTION_REFUSED @ http://localhost:8000/api/objects/MBTCPMaster1/modbus/status?server=ee8d9159:0
[ 3046421ms] [ERROR] Failed to load resource: net::ERR_CONNECTION_REFUSED @ http://localhost:8000/api/objects/MBTCPMaster1/modbus/status?server=ee8d9159:0
[ 3047419ms] [ERROR] Failed to load resource: net::ERR_CONNECTION_REFUSED @ http://localhost:8000/api/objects/MBTCPMaster1/modbus/status?server=ee8d9159:0
[ 3048420ms] [ERROR] Failed to load resource: net::ERR_CONNECTION_REFUSED @ http://localhost:8000/api/objects/MBTCPMaster1/modbus/status?server=ee8d9159:0
[ 3049421ms] [ERROR] Failed to load resource: net::ERR_CONNECTION_REFUSED @ http://localhost:8000/api/objects/MBTCPMaster1/modbus/status?server=ee8d9159:0
[ 3050069ms] [ERROR] Failed to load resource: net::ERR_CONNECTION_REFUSED @ http://localhost:8000/api/recording/status:0
[ 3050418ms] [ERROR] Failed to load resource: net::ERR_CONNECTION_REFUSED @ http://localhost:8000/api/objects/MBTCPMaster1/modbus/status?server=ee8d9159:0
[ 3051421ms] [ERROR] Failed to load resource: net::ERR_CONNECTION_REFUSED @ http://localhost:8000/api/objects/MBTCPMaster1/modbus/status?server=ee8d9159:0
[ 3052420ms] [ERROR] Failed to load resource: net::ERR_CONNECTION_REFUSED @ http://localhost:8000/api/objects/MBTCPMaster1/modbus/status?server=ee8d9159:0
[ 3053420ms] [ERROR] Failed to load resource: net::ERR_CONNECTION_REFUSED @ http://localhost:8000/api/objects/MBTCPMaster1/modbus/status?server=ee8d9159:0
[ 3054420ms] [ERROR] Failed to load resource: net::ERR_CONNECTION_REFUSED @ http://localhost:8000/api/objects/MBTCPMaster1/modbus/status?server=ee8d9159:0
[ 3055069ms] [ERROR] Failed to load resource: net::ERR_CONNECTION_REFUSED @ http://localhost:8000/api/recording/status:0
[ 3055419ms] [ERROR] Failed to load resource: net::ERR_CONNECTION_REFUSED @ http://localhost:8000/api/objects/MBTCPMaster1/modbus/status?server=ee8d9159:0
[ 3056421ms] [ERROR] Failed to load resource: net::ERR_CONNECTION_REFUSED @ http://localhost:8000/api/objects/MBTCPMaster1/modbus/status?server=ee8d9159:0
[ 3056441ms] [WARNING] SSE: Error соединения @ http://localhost:8000/static/js/app.js:1187
[ 3056442ms] [ERROR] Failed to load resource: net::ERR_CONNECTION_REFUSED @ http://localhost:8000/api/events:0
[ 3057420ms] [ERROR] Failed to load resource: net::ERR_CONNECTION_REFUSED @ http://localhost:8000/api/objects/MBTCPMaster1/modbus/status?server=ee8d9159:0
[ 3058420ms] [ERROR] Failed to load resource: net::ERR_CONNECTION_REFUSED @ http://localhost:8000/api/objects/MBTCPMaster1/modbus/status?server=ee8d9159:0
[ 3059420ms] [ERROR] Failed to load resource: net::ERR_CONNECTION_REFUSED @ http://localhost:8000/api/objects/MBTCPMaster1/modbus/status?server=ee8d9159:0
[ 3060067ms] [ERROR] Failed to load resource: net::ERR_CONNECTION_REFUSED @ http://localhost:8000/api/recording/status:0
[ 3060419ms] [ERROR] Failed to load resource: net::ERR_CONNECTION_REFUSED @ http://localhost:8000/api/objects/MBTCPMaster1/modbus/status?server=ee8d9159:0
[ 3061420ms] [ERROR] Failed to load resource: net::ERR_CONNECTION_REFUSED @ http://localhost:8000/api/objects/MBTCPMaster1/modbus/status?server=ee8d9159:0
[ 3062420ms] [ERROR] Failed to load resource: net::ERR_CONNECTION_REFUSED @ http://localhost:8000/api/objects/MBTCPMaster1/modbus/status?server=ee8d9159:0
[ 3063420ms] [ERROR] Failed to load resource: net::ERR_CONNECTION_REFUSED @ http://localhost:8000/api/objects/MBTCPMaster1/modbus/status?server=ee8d9159:0
[ 3064421ms] [ERROR] Failed to load resource: net::ERR_CONNECTION_REFUSED @ http://localhost:8000/api/objects/MBTCPMaster1/modbus/status?server=ee8d9159:0
[ 3065067ms] [ERROR] Failed to load resource: net::ERR_CONNECTION_REFUSED @ http://localhost:8000/api/recording/status:0
[ 3065419ms] [ERROR] Failed to load resource: net::ERR_CONNECTION_REFUSED @ http://localhost:8000/api/objects/MBTCPMaster1/modbus/status?server=ee8d9159:0
[ 3066421ms] [ERROR] Failed to load resource: net::ERR_CONNECTION_REFUSED @ http://localhost:8000/api/objects/MBTCPMaster1/modbus/status?server=ee8d9159:0
[ 3067420ms] [ERROR] Failed to load resource: net::ERR_CONNECTION_REFUSED @ http://localhost:8000/api/objects/MBTCPMaster1/modbus/status?server=ee8d9159:0
[ 3068421ms] [ERROR] Failed to load resource: net::ERR_CONNECTION_REFUSED @ http://localhost:8000/api/objects/MBTCPMaster1/modbus/status?server=ee8d9159:0
[ 3069421ms] [ERROR] Failed to load resource: net::ERR_CONNECTION_REFUSED @ http://localhost:8000/api/objects/MBTCPMaster1/modbus/status?server=ee8d9159:0
[ 3070068ms] [ERROR] Failed to load resource: net::ERR_CONNECTION_REFUSED @ http://localhost:8000/api/recording/status:0
[ 3070419ms] [ERROR] Failed to load resource: net::ERR_CONNECTION_REFUSED @ http://localhost:8000/api/objects/MBTCPMaster1/modbus/status?server=ee8d9159:0
[ 3071419ms] [ERROR] Failed to load resource: net::ERR_CONNECTION_REFUSED @ http://localhost:8000/api/objects/MBTCPMaster1/modbus/status?server=ee8d9159:0
[ 3072418ms] [ERROR] Failed to load resource: net::ERR_CONNECTION_REFUSED @ http://localhost:8000/api/objects/MBTCPMaster1/modbus/status?server=ee8d9159:0
[ 3073420ms] [ERROR] Failed to load resource: net::ERR_CONNECTION_REFUSED @ http://localhost:8000/api/objects/MBTCPMaster1/modbus/status?server=ee8d9159:0
[ 3074419ms] [ERROR] Failed to load resource: net::ERR_CONNECTION_REFUSED @ http://localhost:8000/api/objects/MBTCPMaster1/modbus/status?server=ee8d9159:0
[ 3075069ms] [ERROR] Failed to load resource: net::ERR_CONNECTION_REFUSED @ http://localhost:8000/api/recording/status:0
[ 3075419ms] [ERROR] Failed to load resource: net::ERR_CONNECTION_REFUSED @ http://localhost:8000/api/objects/MBTCPMaster1/modbus/status?server=ee8d9159:0
[ 3076419ms] [ERROR] Failed to load resource: net::ERR_CONNECTION_REFUSED @ http://localhost:8000/api/objects/MBTCPMaster1/modbus/status?server=ee8d9159:0
[ 3077421ms] [ERROR] Failed to load resource: net::ERR_CONNECTION_REFUSED @ http://localhost:8000/api/objects/MBTCPMaster1/modbus/status?server=ee8d9159:0
[ 3078420ms] [ERROR] Failed to load resource: net::ERR_CONNECTION_REFUSED @ http://localhost:8000/api/objects/MBTCPMaster1/modbus/status?server=ee8d9159:0
[ 3079421ms] [ERROR] Failed to load resource: net::ERR_CONNECTION_REFUSED @ http://localhost:8000/api/objects/MBTCPMaster1/modbus/status?server=ee8d9159:0
[ 3080069ms] [ERROR] Failed to load resource: net::ERR_CONNECTION_REFUSED @ http://localhost:8000/api/recording/status:0
[ 3080419ms] [ERROR] Failed to load resource: net::ERR_CONNECTION_REFUSED @ http://localhost:8000/api/objects/MBTCPMaster1/modbus/status?server=ee8d9159:0
[ 3081420ms] [ERROR] Failed to load resource: net::ERR_CONNECTION_REFUSED @ http://localhost:8000/api/objects/MBTCPMaster1/modbus/status?server=ee8d9159:0
[ 3082421ms] [ERROR] Failed to load resource: net::ERR_CONNECTION_REFUSED @ http://localhost:8000/api/objects/MBTCPMaster1/modbus/status?server=ee8d9159:0
[ 3083420ms] [ERROR] Failed to load resource: net::ERR_CONNECTION_REFUSED @ http://localhost:8000/api/objects/MBTCPMaster1/modbus/status?server=ee8d9159:0
[ 3084420ms] [ERROR] Failed to load resource: net::ERR_CONNECTION_REFUSED @ http://localhost:8000/api/objects/MBTCPMaster1/modbus/status?server=ee8d9159:0
[ 3085068ms] [ERROR] Failed to load resource: net::ERR_CONNECTION_REFUSED @ http://localhost:8000/api/recording/status:0
[ 3085419ms] [ERROR] Failed to load resource: net::ERR_CONNECTION_REFUSED @ http://localhost:8000/api/objects/MBTCPMaster1/modbus/status?server=ee8d9159:0
[ 3086419ms] [ERROR] Failed to load resource: net::ERR_CONNECTION_REFUSED @ http://localhost:8000/api/objects/MBTCPMaster1/modbus/status?server=ee8d9159:0
[ 3087421ms] [ERROR] Failed to load resource: net::ERR_CONNECTION_REFUSED @ http://localhost:8000/api/objects/MBTCPMaster1/modbus/status?server=ee8d9159:0
[ 3088420ms] [ERROR] Failed to load resource: net::ERR_CONNECTION_REFUSED @ http://localhost:8000/api/objects/MBTCPMaster1/modbus/status?server=ee8d9159:0
[ 3089053ms] [WARNING] SSE: Error соединения @ http://localhost:8000/static/js/app.js:1187
[ 3089053ms] [ERROR] Failed to load resource: net::ERR_CONNECTION_REFUSED @ http://localhost:8000/api/events:0
[ 3089420ms] [ERROR] Failed to load resource: net::ERR_CONNECTION_REFUSED @ http://localhost:8000/api/objects/MBTCPMaster1/modbus/status?server=ee8d9159:0
[ 3090069ms] [ERROR] Failed to load resource: net::ERR_CONNECTION_REFUSED @ http://localhost:8000/api/recording/status:0
[ 3090418ms] [ERROR] Failed to load resource: net::ERR_CONNECTION_REFUSED @ http://localhost:8000/api/objects/MBTCPMaster1/modbus/status?server=ee8d9159:0
[ 3091421ms] [ERROR] Failed to load resource: net::ERR_CONNECTION_REFUSED @ http://localhost:8000/api/objects/MBTCPMaster1/modbus/status?server=ee8d9159:0
[ 3092420ms] [ERROR] Failed to load resource: net::ERR_CONNECTION_REFUSED @ http://localhost:8000/api/objects/MBTCPMaster1/modbus/status?server=ee8d9159:0
[ 3093420ms] [ERROR] Failed to load resource: net::ERR_CONNECTION_REFUSED @ http://localhost:8000/api/objects/MBTCPMaster1/modbus/status?server=ee8d9159:0
[ 3094419ms] [ERROR] Failed to load resource: net::ERR_CONNECTION_REFUSED @ http://localhost:8000/api/objects/MBTCPMaster1/modbus/status?server=ee8d9159:0
[ 3095069ms] [ERROR] Failed to load resource: net::ERR_CONNECTION_REFUSED @ http://localhost:8000/api/recording/status:0
[ 3095419ms] [ERROR] Failed to load resource: net::ERR_CONNECTION_REFUSED @ http://localhost:8000/api/objects/MBTCPMaster1/modbus/status?server=ee8d9159:0
[ 3096420ms] [ERROR] Failed to load resource: net::ERR_CONNECTION_REFUSED @ http://localhost:8000/api/objects/MBTCPMaster1/modbus/status?server=ee8d9159:0
[ 3097421ms] [ERROR] Failed to load resource: net::ERR_CONNECTION_REFUSED @ http://localhost:8000/api/objects/MBTCPMaster1/modbus/status?server=ee8d9159:0
[ 3098419ms] [ERROR] Failed to load resource: net::ERR_CONNECTION_REFUSED @ http://localhost:8000/api/objects/MBTCPMaster1/modbus/status?server=ee8d9159:0
[ 3099421ms] [ERROR] Failed to load resource: net::ERR_CONNECTION_REFUSED @ http://localhost:8000/api/objects/MBTCPMaster1/modbus/status?server=ee8d9159:0
[ 3100069ms] [ERROR] Failed to load resource: net::ERR_CONNECTION_REFUSED @ http://localhost:8000/api/recording/status:0
[ 3100419ms] [ERROR] Failed to load resource: net::ERR_CONNECTION_REFUSED @ http://localhost:8000/api/objects/MBTCPMaster1/modbus/status?server=ee8d9159:0
[ 3101421ms] [ERROR] Failed to load resource: net::ERR_CONNECTION_REFUSED @ http://localhost:8000/api/objects/MBTCPMaster1/modbus/status?server=ee8d9159:0
[ 3102420ms] [ERROR] Failed to load resource: net::ERR_CONNECTION_REFUSED @ http://localhost:8000/api/objects/MBTCPMaster1/modbus/status?server=ee8d9159:0
[ 3103420ms] [ERROR] Failed to load resource: net::ERR_CONNECTION_REFUSED @ http://localhost:8000/api/objects/MBTCPMaster1/modbus/status?server=ee8d9159:0
[ 3104420ms] [ERROR] Failed to load resource: net::ERR_CONNECTION_REFUSED @ http://localhost:8000/api/objects/MBTCPMaster1/modbus/status?server=ee8d9159:0
[ 3105068ms] [ERROR] Failed to load resource: net::ERR_CONNECTION_REFUSED @ http://localhost:8000/api/recording/status:0
[ 3105419ms] [ERROR] Failed to load resource: net::ERR_CONNECTION_REFUSED @ http://localhost:8000/api/objects/MBTCPMaster1/modbus/status?server=ee8d9159:0
[ 3106419ms] [ERROR] Failed to load resource: net::ERR_CONNECTION_REFUSED @ http://localhost:8000/api/objects/MBTCPMaster1/modbus/status?server=ee8d9159:0
[ 3107419ms] [ERROR] Failed to load resource: net::ERR_CONNECTION_REFUSED @ http://localhost:8000/api/objects/MBTCPMaster1/modbus/status?server=ee8d9159:0
[ 3108421ms] [ERROR] Failed to load resource: net::ERR_CONNECTION_REFUSED @ http://localhost:8000/api/objects/MBTCPMaster1/modbus/status?server=ee8d9159:0
[ 3109421ms] [ERROR] Failed to load resource: net::ERR_CONNECTION_REFUSED @ http://localhost:8000/api/objects/MBTCPMaster1/modbus/status?server=ee8d9159:0
[ 3110068ms] [ERROR] Failed to load resource: net::ERR_CONNECTION_REFUSED @ http://localhost:8000/api/recording/status:0
[ 3110418ms] [ERROR] Failed to load resource: net::ERR_CONNECTION_REFUSED @ http://localhost:8000/api/objects/MBTCPMaster1/modbus/status?server=ee8d9159:0
[ 3111420ms] [ERROR] Failed to load resource: net::ERR_CONNECTION_REFUSED @ http://localhost:8000/api/objects/MBTCPMaster1/modbus/status?server=ee8d9159:0
[ 3112420ms] [ERROR] Failed to load resource: net::ERR_CONNECTION_REFUSED @ http://localhost:8000/api/objects/MBTCPMaster1/modbus/status?server=ee8d9159:0
[ 3113421ms] [ERROR] Failed to load resource: net::ERR_CONNECTION_REFUSED @ http://localhost:8000/api/objects/MBTCPMaster1/modbus/status?server=ee8d9159:0
[ 3114420ms] [ERROR] Failed to load resource: net::ERR_CONNECTION_REFUSED @ http://localhost:8000/api/objects/MBTCPMaster1/modbus/status?server=ee8d9159:0
[ 3115068ms] [ERROR] Failed to load resource: net::ERR_CONNECTION_REFUSED @ http://localhost:8000/api/recording/status:0
[ 3115419ms] [ERROR] Failed to load resource: net::ERR_CONNECTION_REFUSED @ http://localhost:8000/api/objects/MBTCPMaster1/modbus/status?server=ee8d9159:0
[ 3116419ms] [ERROR] Failed to load resource: net::ERR_CONNECTION_REFUSED @ http://localhost:8000/api/objects/MBTCPMaster1/modbus/status?server=ee8d9159:0
[ 3117420ms] [ERROR] Failed to load resource: net::ERR_CONNECTION_REFUSED @ http://localhost:8000/api/objects/MBTCPMaster1/modbus/status?server=ee8d9159:0
[ 3118066ms] [WARNING] SSE: Error соединения @ http://localhost:8000/static/js/app.js:1187
[ 3118066ms] [WARNING] SSE: Превышено количество попыток, переход на polling @ http://localhost:8000/static/js/app.js:1210
[ 3118067ms] [ERROR] Failed to load resource: net::ERR_CONNECTION_REFUSED @ http://localhost:8000/api/events:0
[ 3118420ms] [ERROR] Failed to load resource: net::ERR_CONNECTION_REFUSED @ http://localhost:8000/api/objects/MBTCPMaster1/modbus/status?server=ee8d9159:0
[ 3119070ms] [ERROR] Failed to load resource: net::ERR_CONNECTION_REFUSED @ http://localhost:8000/api/objects/MBTCPMaster1?server=ee8d9159:0
[ 3119070ms] [ERROR] Error загрузки ee8d9159:MBTCPMaster1: TypeError: Failed to fetch
    at fetchObjectData (http://localhost:8000/static/js/app.js:12407:28)
    at loadObjectData (http://localhost:8000/static/js/app.js:14067:28)
    at http://localhost:8000/static/js/app.js:1235:23 @ http://localhost:8000/static/js/app.js:14078
[ 3119420ms] [ERROR] Failed to load resource: net::ERR_CONNECTION_REFUSED @ http://localhost:8000/api/objects/MBTCPMaster1/modbus/status?server=ee8d9159:0
[ 3120070ms] [ERROR] Failed to load resource: net::ERR_CONNECTION_REFUSED @ http://localhost:8000/api/recording/status:0
[ 3120070ms] [ERROR] Failed to load resource: net::ERR_CONNECTION_REFUSED @ http://localhost:8000/api/objects/MBTCPMaster1?server=ee8d9159:0
[ 3120070ms] [ERROR] Error загрузки ee8d9159:MBTCPMaster1: TypeError: Failed to fetch
    at fetchObjectData (http://localhost:8000/static/js/app.js:12407:28)
    at loadObjectData (http://localhost:8000/static/js/app.js:14067:28)
    at http://localhost:8000/static/js/app.js:1235:23 @ http://localhost:8000/static/js/app.js:14078
[ 3120419ms] [ERROR] Failed to load resource: net::ERR_CONNECTION_REFUSED @ http://localhost:8000/api/objects/MBTCPMaster1/modbus/status?server=ee8d9159:0
[ 3121070ms] [ERROR] Failed to load resource: net::ERR_CONNECTION_REFUSED @ http://localhost:8000/api/objects/MBTCPMaster1?server=ee8d9159:0
[ 3121070ms] [ERROR] Error загрузки ee8d9159:MBTCPMaster1: TypeError: Failed to fetch
    at fetchObjectData (http://localhost:8000/static/js/app.js:12407:28)
    at loadObjectData (http://localhost:8000/static/js/app.js:14067:28)
    at http://localhost:8000/static/js/app.js:1235:23 @ http://localhost:8000/static/js/app.js:14078
[ 3121420ms] [ERROR] Failed to load resource: net::ERR_CONNECTION_REFUSED @ http://localhost:8000/api/objects/MBTCPMaster1/modbus/status?server=ee8d9159:0
[ 3122071ms] [ERROR] Failed to load resource: net::ERR_CONNECTION_REFUSED @ http://localhost:8000/api/objects/MBTCPMaster1?server=ee8d9159:0
[ 3122071ms] [ERROR] Error загрузки ee8d9159:MBTCPMaster1: TypeError: Failed to fetch
    at fetchObjectData (http://localhost:8000/static/js/app.js:12407:28)
    at loadObjectData (http://localhost:8000/static/js/app.js:14067:28)
    at http://localhost:8000/static/js/app.js:1235:23 @ http://localhost:8000/static/js/app.js:14078
[ 3122420ms] [ERROR] Failed to load resource: net::ERR_CONNECTION_REFUSED @ http://localhost:8000/api/objects/MBTCPMaster1/modbus/status?server=ee8d9159:0
[ 3123069ms] [ERROR] Failed to load resource: net::ERR_CONNECTION_REFUSED @ http://localhost:8000/api/objects/MBTCPMaster1?server=ee8d9159:0
[ 3123069ms] [ERROR] Error загрузки ee8d9159:MBTCPMaster1: TypeError: Failed to fetch
    at fetchObjectData (http://localhost:8000/static/js/app.js:12407:28)
    at loadObjectData (http://localhost:8000/static/js/app.js:14067:28)
    at http://localhost:8000/static/js/app.js:1235:23 @ http://localhost:8000/static/js/app.js:14078
[ 3123420ms] [ERROR] Failed to load resource: net::ERR_CONNECTION_REFUSED @ http://localhost:8000/api/objects/MBTCPMaster1/modbus/status?server=ee8d9159:0
[ 3124070ms] [ERROR] Failed to load resource: net::ERR_CONNECTION_REFUSED @ http://localhost:8000/api/servers:0
[ 3124070ms] [ERROR] Error обновления списка объектов: TypeError: Failed to fetch
    at fetchServers (http://localhost:8000/static/js/app.js:12333:28)
    at fetchObjects (http://localhost:8000/static/js/app.js:12340:31)
    at refreshObjectsList (http://localhost:8000/static/js/app.js:12388:28)
    at http://localhost:8000/static/js/app.js:1228:9 @ http://localhost:8000/static/js/app.js:12391
[ 3124071ms] [ERROR] Failed to load resource: net::ERR_CONNECTION_REFUSED @ http://localhost:8000/api/objects/MBTCPMaster1?server=ee8d9159:0
[ 3124071ms] [ERROR] Error загрузки ee8d9159:MBTCPMaster1: TypeError: Failed to fetch
    at fetchObjectData (http://localhost:8000/static/js/app.js:12407:28)
    at loadObjectData (http://localhost:8000/static/js/app.js:14067:28)
    at http://localhost:8000/static/js/app.js:1235:23 @ http://localhost:8000/static/js/app.js:14078
[ 3124419ms] [ERROR] Failed to load resource: net::ERR_CONNECTION_REFUSED @ http://localhost:8000/api/objects/MBTCPMaster1/modbus/status?server=ee8d9159:0
[ 3125068ms] [ERROR] Failed to load resource: net::ERR_CONNECTION_REFUSED @ http://localhost:8000/api/recording/status:0
[ 3125069ms] [ERROR] Failed to load resource: net::ERR_CONNECTION_REFUSED @ http://localhost:8000/api/objects/MBTCPMaster1?server=ee8d9159:0
[ 3125069ms] [ERROR] Error загрузки ee8d9159:MBTCPMaster1: TypeError: Failed to fetch
    at fetchObjectData (http://localhost:8000/static/js/app.js:12407:28)
    at loadObjectData (http://localhost:8000/static/js/app.js:14067:28)
    at http://localhost:8000/static/js/app.js:1235:23 @ http://localhost:8000/static/js/app.js:14078
[ 3125418ms] [ERROR] Failed to load resource: net::ERR_CONNECTION_REFUSED @ http://localhost:8000/api/objects/MBTCPMaster1/modbus/status?server=ee8d9159:0
[ 3126068ms] [ERROR] Failed to load resource: net::ERR_CONNECTION_REFUSED @ http://localhost:8000/api/objects/MBTCPMaster1?server=ee8d9159:0
[ 3126068ms] [ERROR] Error загрузки ee8d9159:MBTCPMaster1: TypeError: Failed to fetch
    at fetchObjectData (http://localhost:8000/static/js/app.js:12407:28)
    at loadObjectData (http://localhost:8000/static/js/app.js:14067:28)
    at http://localhost:8000/static/js/app.js:1235:23 @ http://localhost:8000/static/js/app.js:14078
[ 3126420ms] [ERROR] Failed to load resource: net::ERR_CONNECTION_REFUSED @ http://localhost:8000/api/objects/MBTCPMaster1/modbus/status?server=ee8d9159:0
[ 3127069ms] [ERROR] Failed to load resource: net::ERR_CONNECTION_REFUSED @ http://localhost:8000/api/objects/MBTCPMaster1?server=ee8d9159:0
[ 3127070ms] [ERROR] Error загрузки ee8d9159:MBTCPMaster1: TypeError: Failed to fetch
    at fetchObjectData (http://localhost:8000/static/js/app.js:12407:28)
    at loadObjectData (http://localhost:8000/static/js/app.js:14067:28)
    at http://localhost:8000/static/js/app.js:1235:23 @ http://localhost:8000/static/js/app.js:14078
[ 3127420ms] [ERROR] Failed to load resource: net::ERR_CONNECTION_REFUSED @ http://localhost:8000/api/objects/MBTCPMaster1/modbus/status?server=ee8d9159:0
[ 3128070ms] [ERROR] Failed to load resource: net::ERR_CONNECTION_REFUSED @ http://localhost:8000/api/objects/MBTCPMaster1?server=ee8d9159:0
[ 3128070ms] [ERROR] Error загрузки ee8d9159:MBTCPMaster1: TypeError: Failed to fetch
    at fetchObjectData (http://localhost:8000/static/js/app.js:12407:28)
    at loadObjectData (http://localhost:8000/static/js/app.js:14067:28)
    at http://localhost:8000/static/js/app.js:1235:23 @ http://localhost:8000/static/js/app.js:14078
[ 3128420ms] [ERROR] Failed to load resource: net::ERR_CONNECTION_REFUSED @ http://localhost:8000/api/objects/MBTCPMaster1/modbus/status?server=ee8d9159:0
[ 3129069ms] [ERROR] Failed to load resource: net::ERR_CONNECTION_REFUSED @ http://localhost:8000/api/objects/MBTCPMaster1?server=ee8d9159:0
[ 3129069ms] [ERROR] Error загрузки ee8d9159:MBTCPMaster1: TypeError: Failed to fetch
    at fetchObjectData (http://localhost:8000/static/js/app.js:12407:28)
    at loadObjectData (http://localhost:8000/static/js/app.js:14067:28)
    at http://localhost:8000/static/js/app.js:1235:23 @ http://localhost:8000/static/js/app.js:14078
[ 3129419ms] [ERROR] Failed to load resource: net::ERR_CONNECTION_REFUSED @ http://localhost:8000/api/objects/MBTCPMaster1/modbus/status?server=ee8d9159:0
[ 3130069ms] [ERROR] Failed to load resource: net::ERR_CONNECTION_REFUSED @ http://localhost:8000/api/recording/status:0
[ 3130069ms] [ERROR] Failed to load resource: net::ERR_CONNECTION_REFUSED @ http://localhost:8000/api/servers:0
[ 3130069ms] [ERROR] Error обновления списка объектов: TypeError: Failed to fetch
    at fetchServers (http://localhost:8000/static/js/app.js:12333:28)
    at fetchObjects (http://localhost:8000/static/js/app.js:12340:31)
    at refreshObjectsList (http://localhost:8000/static/js/app.js:12388:28)
    at http://localhost:8000/static/js/app.js:1228:9 @ http://localhost:8000/static/js/app.js:12391
[ 3130069ms] [ERROR] Failed to load resource: net::ERR_CONNECTION_REFUSED @ http://localhost:8000/api/objects/MBTCPMaster1?server=ee8d9159:0
[ 3130069ms] [ERROR] Error загрузки ee8d9159:MBTCPMaster1: TypeError: Failed to fetch
    at fetchObjectData (http://localhost:8000/static/js/app.js:12407:28)
    at loadObjectData (http://localhost:8000/static/js/app.js:14067:28)
    at http://localhost:8000/static/js/app.js:1235:23 @ http://localhost:8000/static/js/app.js:14078
[ 3130419ms] [ERROR] Failed to load resource: net::ERR_CONNECTION_REFUSED @ http://localhost:8000/api/objects/MBTCPMaster1/modbus/status?server=ee8d9159:0
[ 3131069ms] [ERROR] Failed to load resource: net::ERR_CONNECTION_REFUSED @ http://localhost:8000/api/objects/MBTCPMaster1?server=ee8d9159:0
[ 3131069ms] [ERROR] Error загрузки ee8d9159:MBTCPMaster1: TypeError: Failed to fetch
    at fetchObjectData (http://localhost:8000/static/js/app.js:12407:28)
    at loadObjectData (http://localhost:8000/static/js/app.js:14067:28)
    at http://localhost:8000/static/js/app.js:1235:23 @ http://localhost:8000/static/js/app.js:14078
[ 3131421ms] [ERROR] Failed to load resource: net::ERR_CONNECTION_REFUSED @ http://localhost:8000/api/objects/MBTCPMaster1/modbus/status?server=ee8d9159:0
[ 3132068ms] [ERROR] Failed to load resource: net::ERR_CONNECTION_REFUSED @ http://localhost:8000/api/objects/MBTCPMaster1?server=ee8d9159:0
[ 3132068ms] [ERROR] Error загрузки ee8d9159:MBTCPMaster1: TypeError: Failed to fetch
    at fetchObjectData (http://localhost:8000/static/js/app.js:12407:28)
    at loadObjectData (http://localhost:8000/static/js/app.js:14067:28)
    at http://localhost:8000/static/js/app.js:1235:23 @ http://localhost:8000/static/js/app.js:14078
[ 3132419ms] [ERROR] Failed to load resource: net::ERR_CONNECTION_REFUSED @ http://localhost:8000/api/objects/MBTCPMaster1/modbus/status?server=ee8d9159:0
[ 3133070ms] [ERROR] Failed to load resource: net::ERR_CONNECTION_REFUSED @ http://localhost:8000/api/objects/MBTCPMaster1?server=ee8d9159:0
[ 3133070ms] [ERROR] Error загрузки ee8d9159:MBTCPMaster1: TypeError: Failed to fetch
    at fetchObjectData (http://localhost:8000/static/js/app.js:12407:28)
    at loadObjectData (http://localhost:8000/static/js/app.js:14067:28)
    at http://localhost:8000/static/js/app.js:1235:23 @ http://localhost:8000/static/js/app.js:14078
[ 3133418ms] [ERROR] Failed to load resource: net::ERR_CONNECTION_REFUSED @ http://localhost:8000/api/objects/MBTCPMaster1/modbus/status?server=ee8d9159:0
[ 3134069ms] [ERROR] Failed to load resource: net::ERR_CONNECTION_REFUSED @ http://localhost:8000/api/objects/MBTCPMaster1?server=ee8d9159:0
[ 3134069ms] [ERROR] Error загрузки ee8d9159:MBTCPMaster1: TypeError: Failed to fetch
    at fetchObjectData (http://localhost:8000/static/js/app.js:12407:28)
    at loadObjectData (http://localhost:8000/static/js/app.js:14067:28)
    at http://localhost:8000/static/js/app.js:1235:23 @ http://localhost:8000/static/js/app.js:14078
[ 3134422ms] [ERROR] Failed to load resource: net::ERR_CONNECTION_REFUSED @ http://localhost:8000/api/objects/MBTCPMaster1/modbus/status?server=ee8d9159:0
[ 3135069ms] [ERROR] Failed to load resource: net::ERR_CONNECTION_REFUSED @ http://localhost:8000/api/recording/status:0
[ 3135070ms] [ERROR] Failed to load resource: net::ERR_CONNECTION_REFUSED @ http://localhost:8000/api/objects/MBTCPMaster1?server=ee8d9159:0
[ 3135070ms] [ERROR] Error загрузки ee8d9159:MBTCPMaster1: TypeError: Failed to fetch
    at fetchObjectData (http://localhost:8000/static/js/app.js:12407:28)
    at loadObjectData (http://localhost:8000/static/js/app.js:14067:28)
    at http://localhost:8000/static/js/app.js:1235:23 @ http://localhost:8000/static/js/app.js:14078
[ 3135419ms] [ERROR] Failed to load resource: net::ERR_CONNECTION_REFUSED @ http://localhost:8000/api/objects/MBTCPMaster1/modbus/status?server=ee8d9159:0
[ 3136070ms] [ERROR] Failed to load resource: net::ERR_CONNECTION_REFUSED @ http://localhost:8000/api/servers:0
[ 3136070ms] [ERROR] Error обновления списка объектов: TypeError: Failed to fetch
    at fetchServers (http://localhost:8000/static/js/app.js:12333:28)
    at fetchObjects (http://localhost:8000/static/js/app.js:12340:31)
    at refreshObjectsList (http://localhost:8000/static/js/app.js:12388:28)
    at http://localhost:8000/static/js/app.js:1228:9 @ http://localhost:8000/static/js/app.js:12391
[ 3136071ms] [ERROR] Failed to load resource: net::ERR_CONNECTION_REFUSED @ http://localhost:8000/api/objects/MBTCPMaster1?server=ee8d9159:0
[ 3136071ms] [ERROR] Error загрузки ee8d9159:MBTCPMaster1: TypeError: Failed to fetch
    at fetchObjectData (http://localhost:8000/static/js/app.js:12407:28)
    at loadObjectData (http://localhost:8000/static/js/app.js:14067:28)
    at http://localhost:8000/static/js/app.js:1235:23 @ http://localhost:8000/static/js/app.js:14078
[ 3136420ms] [ERROR] Failed to load resource: net::ERR_CONNECTION_REFUSED @ http://localhost:8000/api/objects/MBTCPMaster1/modbus/status?server=ee8d9159:0
[ 3137069ms] [ERROR] Failed to load resource: net::ERR_CONNECTION_REFUSED @ http://localhost:8000/api/objects/MBTCPMaster1?server=ee8d9159:0
[ 3137069ms] [ERROR] Error загрузки ee8d9159:MBTCPMaster1: TypeError: Failed to fetch
    at fetchObjectData (http://localhost:8000/static/js/app.js:12407:28)
    at loadObjectData (http://localhost:8000/static/js/app.js:14067:28)
    at http://localhost:8000/static/js/app.js:1235:23 @ http://localhost:8000/static/js/app.js:14078
[ 3137419ms] [ERROR] Failed to load resource: net::ERR_CONNECTION_REFUSED @ http://localhost:8000/api/objects/MBTCPMaster1/modbus/status?server=ee8d9159:0
[ 3138069ms] [ERROR] Failed to load resource: net::ERR_CONNECTION_REFUSED @ http://localhost:8000/api/objects/MBTCPMaster1?server=ee8d9159:0
[ 3138069ms] [ERROR] Error загрузки ee8d9159:MBTCPMaster1: TypeError: Failed to fetch
    at fetchObjectData (http://localhost:8000/static/js/app.js:12407:28)
    at loadObjectData (http://localhost:8000/static/js/app.js:14067:28)
    at http://localhost:8000/static/js/app.js:1235:23 @ http://localhost:8000/static/js/app.js:14078
[ 3138421ms] [ERROR] Failed to load resource: net::ERR_CONNECTION_REFUSED @ http://localhost:8000/api/objects/MBTCPMaster1/modbus/status?server=ee8d9159:0
[ 3139070ms] [ERROR] Failed to load resource: net::ERR_CONNECTION_REFUSED @ http://localhost:8000/api/objects/MBTCPMaster1?server=ee8d9159:0
[ 3139070ms] [ERROR] Error загрузки ee8d9159:MBTCPMaster1: TypeError: Failed to fetch
    at fetchObjectData (http://localhost:8000/static/js/app.js:12407:28)
    at loadObjectData (http://localhost:8000/static/js/app.js:14067:28)
    at http://localhost:8000/static/js/app.js:1235:23 @ http://localhost:8000/static/js/app.js:14078
[ 3139421ms] [ERROR] Failed to load resource: net::ERR_CONNECTION_REFUSED @ http://localhost:8000/api/objects/MBTCPMaster1/modbus/status?server=ee8d9159:0
[ 3140069ms] [ERROR] Failed to load resource: net::ERR_CONNECTION_REFUSED @ http://localhost:8000/api/recording/status:0
[ 3140069ms] [ERROR] Failed to load resource: net::ERR_CONNECTION_REFUSED @ http://localhost:8000/api/objects/MBTCPMaster1?server=ee8d9159:0
[ 3140069ms] [ERROR] Error загрузки ee8d9159:MBTCPMaster1: TypeError: Failed to fetch
    at fetchObjectData (http://localhost:8000/static/js/app.js:12407:28)
    at loadObjectData (http://localhost:8000/static/js/app.js:14067:28)
    at http://localhost:8000/static/js/app.js:1235:23 @ http://localhost:8000/static/js/app.js:14078
[ 3140418ms] [ERROR] Failed to load resource: net::ERR_CONNECTION_REFUSED @ http://localhost:8000/api/objects/MBTCPMaster1/modbus/status?server=ee8d9159:0
[ 3141068ms] [ERROR] Failed to load resource: net::ERR_CONNECTION_REFUSED @ http://localhost:8000/api/objects/MBTCPMaster1?server=ee8d9159:0
[ 3141068ms] [ERROR] Error загрузки ee8d9159:MBTCPMaster1: TypeError: Failed to fetch
    at fetchObjectData (http://localhost:8000/static/js/app.js:12407:28)
    at loadObjectData (http://localhost:8000/static/js/app.js:14067:28)
    at http://localhost:8000/static/js/app.js:1235:23 @ http://localhost:8000/static/js/app.js:14078
[ 3141418ms] [ERROR] Failed to load resource: net::ERR_CONNECTION_REFUSED @ http://localhost:8000/api/objects/MBTCPMaster1/modbus/status?server=ee8d9159:0
[ 3142071ms] [ERROR] Failed to load resource: net::ERR_CONNECTION_REFUSED @ http://localhost:8000/api/servers:0
[ 3142071ms] [ERROR] Error обновления списка объектов: TypeError: Failed to fetch
    at fetchServers (http://localhost:8000/static/js/app.js:12333:28)
    at fetchObjects (http://localhost:8000/static/js/app.js:12340:31)
    at refreshObjectsList (http://localhost:8000/static/js/app.js:12388:28)
    at http://localhost:8000/static/js/app.js:1228:9 @ http://localhost:8000/static/js/app.js:12391
[ 3142071ms] [ERROR] Failed to load resource: net::ERR_CONNECTION_REFUSED @ http://localhost:8000/api/objects/MBTCPMaster1?server=ee8d9159:0
[ 3142072ms] [ERROR] Error загрузки ee8d9159:MBTCPMaster1: TypeError: Failed to fetch
    at fetchObjectData (http://localhost:8000/static/js/app.js:12407:28)
    at loadObjectData (http://localhost:8000/static/js/app.js:14067:28)
    at http://localhost:8000/static/js/app.js:1235:23 @ http://localhost:8000/static/js/app.js:14078
[ 3142421ms] [ERROR] Failed to load resource: net::ERR_CONNECTION_REFUSED @ http://localhost:8000/api/objects/MBTCPMaster1/modbus/status?server=ee8d9159:0
[ 3143069ms] [ERROR] Failed to load resource: net::ERR_CONNECTION_REFUSED @ http://localhost:8000/api/objects/MBTCPMaster1?server=ee8d9159:0
[ 3143069ms] [ERROR] Error загрузки ee8d9159:MBTCPMaster1: TypeError: Failed to fetch
    at fetchObjectData (http://localhost:8000/static/js/app.js:12407:28)
    at loadObjectData (http://localhost:8000/static/js/app.js:14067:28)
    at http://localhost:8000/static/js/app.js:1235:23 @ http://localhost:8000/static/js/app.js:14078
[ 3143419ms] [ERROR] Failed to load resource: net::ERR_CONNECTION_REFUSED @ http://localhost:8000/api/objects/MBTCPMaster1/modbus/status?server=ee8d9159:0
[ 3144070ms] [ERROR] Failed to load resource: net::ERR_CONNECTION_REFUSED @ http://localhost:8000/api/objects/MBTCPMaster1?server=ee8d9159:0
[ 3144070ms] [ERROR] Error загрузки ee8d9159:MBTCPMaster1: TypeError: Failed to fetch
    at fetchObjectData (http://localhost:8000/static/js/app.js:12407:28)
    at loadObjectData (http://localhost:8000/static/js/app.js:14067:28)
    at http://localhost:8000/static/js/app.js:1235:23 @ http://localhost:8000/static/js/app.js:14078
[ 3144421ms] [ERROR] Failed to load resource: net::ERR_CONNECTION_REFUSED @ http://localhost:8000/api/objects/MBTCPMaster1/modbus/status?server=ee8d9159:0
[ 3145068ms] [ERROR] Failed to load resource: net::ERR_CONNECTION_REFUSED @ http://localhost:8000/api/recording/status:0
[ 3145068ms] [ERROR] Failed to load resource: net::ERR_CONNECTION_REFUSED @ http://localhost:8000/api/objects/MBTCPMaster1?server=ee8d9159:0
[ 3145068ms] [ERROR] Error загрузки ee8d9159:MBTCPMaster1: TypeError: Failed to fetch
    at fetchObjectData (http://localhost:8000/static/js/app.js:12407:28)
    at loadObjectData (http://localhost:8000/static/js/app.js:14067:28)
    at http://localhost:8000/static/js/app.js:1235:23 @ http://localhost:8000/static/js/app.js:14078
[ 3145418ms] [ERROR] Failed to load resource: net::ERR_CONNECTION_REFUSED @ http://localhost:8000/api/objects/MBTCPMaster1/modbus/status?server=ee8d9159:0
[ 3146069ms] [ERROR] Failed to load resource: net::ERR_CONNECTION_REFUSED @ http://localhost:8000/api/objects/MBTCPMaster1?server=ee8d9159:0
[ 3146070ms] [ERROR] Error загрузки ee8d9159:MBTCPMaster1: TypeError: Failed to fetch
    at fetchObjectData (http://localhost:8000/static/js/app.js:12407:28)
    at loadObjectData (http://localhost:8000/static/js/app.js:14067:28)
    at http://localhost:8000/static/js/app.js:1235:23 @ http://localhost:8000/static/js/app.js:14078
[ 3146420ms] [ERROR] Failed to load resource: net::ERR_CONNECTION_REFUSED @ http://localhost:8000/api/objects/MBTCPMaster1/modbus/status?server=ee8d9159:0
[ 3147068ms] [ERROR] Failed to load resource: net::ERR_CONNECTION_REFUSED @ http://localhost:8000/api/objects/MBTCPMaster1?server=ee8d9159:0
[ 3147068ms] [ERROR] Error загрузки ee8d9159:MBTCPMaster1: TypeError: Failed to fetch
    at fetchObjectData (http://localhost:8000/static/js/app.js:12407:28)
    at loadObjectData (http://localhost:8000/static/js/app.js:14067:28)
    at http://localhost:8000/static/js/app.js:1235:23 @ http://localhost:8000/static/js/app.js:14078
[ 3147418ms] [ERROR] Failed to load resource: net::ERR_CONNECTION_REFUSED @ http://localhost:8000/api/objects/MBTCPMaster1/modbus/status?server=ee8d9159:0
[ 3148069ms] [ERROR] Failed to load resource: net::ERR_CONNECTION_REFUSED @ http://localhost:8000/api/servers:0
[ 3148069ms] [ERROR] Error обновления списка объектов: TypeError: Failed to fetch
    at fetchServers (http://localhost:8000/static/js/app.js:12333:28)
    at fetchObjects (http://localhost:8000/static/js/app.js:12340:31)
    at refreshObjectsList (http://localhost:8000/static/js/app.js:12388:28)
    at http://localhost:8000/static/js/app.js:1228:9 @ http://localhost:8000/static/js/app.js:12391
[ 3148069ms] [ERROR] Failed to load resource: net::ERR_CONNECTION_REFUSED @ http://localhost:8000/api/objects/MBTCPMaster1?server=ee8d9159:0
[ 3148069ms] [ERROR] Error загрузки ee8d9159:MBTCPMaster1: TypeError: Failed to fetch
    at fetchObjectData (http://localhost:8000/static/js/app.js:12407:28)
    at loadObjectData (http://localhost:8000/static/js/app.js:14067:28)
    at http://localhost:8000/static/js/app.js:1235:23 @ http://localhost:8000/static/js/app.js:14078
[ 3148069ms] [ERROR] Failed to load resource: net::ERR_CONNECTION_REFUSED @ http://localhost:8000/api/version:0
[ 3148419ms] [ERROR] Failed to load resource: net::ERR_CONNECTION_REFUSED @ http://localhost:8000/api/objects/MBTCPMaster1/modbus/status?server=ee8d9159:0
[ 3149071ms] [ERROR] Failed to load resource: net::ERR_CONNECTION_REFUSED @ http://localhost:8000/api/objects/MBTCPMaster1?server=ee8d9159:0
[ 3149071ms] [ERROR] Error загрузки ee8d9159:MBTCPMaster1: TypeError: Failed to fetch
    at fetchObjectData (http://localhost:8000/static/js/app.js:12407:28)
    at loadObjectData (http://localhost:8000/static/js/app.js:14067:28)
    at http://localhost:8000/static/js/app.js:1235:23 @ http://localhost:8000/static/js/app.js:14078
[ 3149421ms] [ERROR] Failed to load resource: net::ERR_CONNECTION_REFUSED @ http://localhost:8000/api/objects/MBTCPMaster1/modbus/status?server=ee8d9159:0
[ 3150070ms] [ERROR] Failed to load resource: net::ERR_CONNECTION_REFUSED @ http://localhost:8000/api/recording/status:0
[ 3150070ms] [ERROR] Failed to load resource: net::ERR_CONNECTION_REFUSED @ http://localhost:8000/api/objects/MBTCPMaster1?server=ee8d9159:0
[ 3150070ms] [ERROR] Error загрузки ee8d9159:MBTCPMaster1: TypeError: Failed to fetch
    at fetchObjectData (http://localhost:8000/static/js/app.js:12407:28)
    at loadObjectData (http://localhost:8000/static/js/app.js:14067:28)
    at http://localhost:8000/static/js/app.js:1235:23 @ http://localhost:8000/static/js/app.js:14078
[ 3150419ms] [ERROR] Failed to load resource: net::ERR_CONNECTION_REFUSED @ http://localhost:8000/api/objects/MBTCPMaster1/modbus/status?server=ee8d9159:0
[ 3151069ms] [ERROR] Failed to load resource: net::ERR_CONNECTION_REFUSED @ http://localhost:8000/api/objects/MBTCPMaster1?server=ee8d9159:0
[ 3151069ms] [ERROR] Error загрузки ee8d9159:MBTCPMaster1: TypeError: Failed to fetch
    at fetchObjectData (http://localhost:8000/static/js/app.js:12407:28)
    at loadObjectData (http://localhost:8000/static/js/app.js:14067:28)
    at http://localhost:8000/static/js/app.js:1235:23 @ http://localhost:8000/static/js/app.js:14078
[ 3151421ms] [ERROR] Failed to load resource: net::ERR_CONNECTION_REFUSED @ http://localhost:8000/api/objects/MBTCPMaster1/modbus/status?server=ee8d9159:0
[ 3152069ms] [ERROR] Failed to load resource: net::ERR_CONNECTION_REFUSED @ http://localhost:8000/api/objects/MBTCPMaster1?server=ee8d9159:0
[ 3152069ms] [ERROR] Error загрузки ee8d9159:MBTCPMaster1: TypeError: Failed to fetch
    at fetchObjectData (http://localhost:8000/static/js/app.js:12407:28)
    at loadObjectData (http://localhost:8000/static/js/app.js:14067:28)
    at http://localhost:8000/static/js/app.js:1235:23 @ http://localhost:8000/static/js/app.js:14078
[ 3152420ms] [ERROR] Failed to load resource: net::ERR_CONNECTION_REFUSED @ http://localhost:8000/api/objects/MBTCPMaster1/modbus/status?server=ee8d9159:0
[ 3153070ms] [ERROR] Failed to load resource: net::ERR_CONNECTION_REFUSED @ http://localhost:8000/api/objects/MBTCPMaster1?server=ee8d9159:0
[ 3153070ms] [ERROR] Error загрузки ee8d9159:MBTCPMaster1: TypeError: Failed to fetch
    at fetchObjectData (http://localhost:8000/static/js/app.js:12407:28)
    at loadObjectData (http://localhost:8000/static/js/app.js:14067:28)
    at http://localhost:8000/static/js/app.js:1235:23 @ http://localhost:8000/static/js/app.js:14078
[ 3153419ms] [ERROR] Failed to load resource: net::ERR_CONNECTION_REFUSED @ http://localhost:8000/api/objects/MBTCPMaster1/modbus/status?server=ee8d9159:0
[ 3154070ms] [ERROR] Failed to load resource: net::ERR_CONNECTION_REFUSED @ http://localhost:8000/api/servers:0
[ 3154070ms] [ERROR] Error обновления списка объектов: TypeError: Failed to fetch
    at fetchServers (http://localhost:8000/static/js/app.js:12333:28)
    at fetchObjects (http://localhost:8000/static/js/app.js:12340:31)
    at refreshObjectsList (http://localhost:8000/static/js/app.js:12388:28)
    at http://localhost:8000/static/js/app.js:1228:9 @ http://localhost:8000/static/js/app.js:12391
[ 3154070ms] [ERROR] Failed to load resource: net::ERR_CONNECTION_REFUSED @ http://localhost:8000/api/objects/MBTCPMaster1?server=ee8d9159:0
[ 3154070ms] [ERROR] Error загрузки ee8d9159:MBTCPMaster1: TypeError: Failed to fetch
    at fetchObjectData (http://localhost:8000/static/js/app.js:12407:28)
    at loadObjectData (http://localhost:8000/static/js/app.js:14067:28)
    at http://localhost:8000/static/js/app.js:1235:23 @ http://localhost:8000/static/js/app.js:14078
[ 3154420ms] [ERROR] Failed to load resource: net::ERR_CONNECTION_REFUSED @ http://localhost:8000/api/objects/MBTCPMaster1/modbus/status?server=ee8d9159:0
[ 3155069ms] [ERROR] Failed to load resource: net::ERR_CONNECTION_REFUSED @ http://localhost:8000/api/recording/status:0
[ 3155070ms] [ERROR] Failed to load resource: net::ERR_CONNECTION_REFUSED @ http://localhost:8000/api/objects/MBTCPMaster1?server=ee8d9159:0
[ 3155070ms] [ERROR] Error загрузки ee8d9159:MBTCPMaster1: TypeError: Failed to fetch
    at fetchObjectData (http://localhost:8000/static/js/app.js:12407:28)
    at loadObjectData (http://localhost:8000/static/js/app.js:14067:28)
    at http://localhost:8000/static/js/app.js:1235:23 @ http://localhost:8000/static/js/app.js:14078
[ 3155419ms] [ERROR] Failed to load resource: net::ERR_CONNECTION_REFUSED @ http://localhost:8000/api/objects/MBTCPMaster1/modbus/status?server=ee8d9159:0
[ 3156069ms] [ERROR] Failed to load resource: net::ERR_CONNECTION_REFUSED @ http://localhost:8000/api/objects/MBTCPMaster1?server=ee8d9159:0
[ 3156070ms] [ERROR] Error загрузки ee8d9159:MBTCPMaster1: TypeError: Failed to fetch
    at fetchObjectData (http://localhost:8000/static/js/app.js:12407:28)
    at loadObjectData (http://localhost:8000/static/js/app.js:14067:28)
    at http://localhost:8000/static/js/app.js:1235:23 @ http://localhost:8000/static/js/app.js:14078
[ 3156419ms] [ERROR] Failed to load resource: net::ERR_CONNECTION_REFUSED @ http://localhost:8000/api/objects/MBTCPMaster1/modbus/status?server=ee8d9159:0
[ 3157070ms] [ERROR] Failed to load resource: net::ERR_CONNECTION_REFUSED @ http://localhost:8000/api/objects/MBTCPMaster1?server=ee8d9159:0
[ 3157070ms] [ERROR] Error загрузки ee8d9159:MBTCPMaster1: TypeError: Failed to fetch
    at fetchObjectData (http://localhost:8000/static/js/app.js:12407:28)
    at loadObjectData (http://localhost:8000/static/js/app.js:14067:28)
    at http://localhost:8000/static/js/app.js:1235:23 @ http://localhost:8000/static/js/app.js:14078
[ 3157419ms] [ERROR] Failed to load resource: net::ERR_CONNECTION_REFUSED @ http://localhost:8000/api/objects/MBTCPMaster1/modbus/status?server=ee8d9159:0
[ 3158070ms] [ERROR] Failed to load resource: net::ERR_CONNECTION_REFUSED @ http://localhost:8000/api/objects/MBTCPMaster1?server=ee8d9159:0
[ 3158070ms] [ERROR] Error загрузки ee8d9159:MBTCPMaster1: TypeError: Failed to fetch
    at fetchObjectData (http://localhost:8000/static/js/app.js:12407:28)
    at loadObjectData (http://localhost:8000/static/js/app.js:14067:28)
    at http://localhost:8000/static/js/app.js:1235:23 @ http://localhost:8000/static/js/app.js:14078
[ 3158420ms] [ERROR] Failed to load resource: net::ERR_CONNECTION_REFUSED @ http://localhost:8000/api/objects/MBTCPMaster1/modbus/status?server=ee8d9159:0
[ 3159071ms] [ERROR] Failed to load resource: net::ERR_CONNECTION_REFUSED @ http://localhost:8000/api/objects/MBTCPMaster1?server=ee8d9159:0
[ 3159071ms] [ERROR] Error загрузки ee8d9159:MBTCPMaster1: TypeError: Failed to fetch
    at fetchObjectData (http://localhost:8000/static/js/app.js:12407:28)
    at loadObjectData (http://localhost:8000/static/js/app.js:14067:28)
    at http://localhost:8000/static/js/app.js:1235:23 @ http://localhost:8000/static/js/app.js:14078
[ 3159420ms] [ERROR] Failed to load resource: net::ERR_CONNECTION_REFUSED @ http://localhost:8000/api/objects/MBTCPMaster1/modbus/status?server=ee8d9159:0
[ 3160070ms] [ERROR] Failed to load resource: net::ERR_CONNECTION_REFUSED @ http://localhost:8000/api/recording/status:0
[ 3160070ms] [ERROR] Failed to load resource: net::ERR_CONNECTION_REFUSED @ http://localhost:8000/api/servers:0
[ 3160070ms] [ERROR] Error обновления списка объектов: TypeError: Failed to fetch
    at fetchServers (http://localhost:8000/static/js/app.js:12333:28)
    at fetchObjects (http://localhost:8000/static/js/app.js:12340:31)
    at refreshObjectsList (http://localhost:8000/static/js/app.js:12388:28)
    at http://localhost:8000/static/js/app.js:1228:9 @ http://localhost:8000/static/js/app.js:12391
[ 3160071ms] [ERROR] Failed to load resource: net::ERR_CONNECTION_REFUSED @ http://localhost:8000/api/objects/MBTCPMaster1?server=ee8d9159:0
[ 3160071ms] [ERROR] Error загрузки ee8d9159:MBTCPMaster1: TypeError: Failed to fetch
    at fetchObjectData (http://localhost:8000/static/js/app.js:12407:28)
    at loadObjectData (http://localhost:8000/static/js/app.js:14067:28)
    at http://localhost:8000/static/js/app.js:1235:23 @ http://localhost:8000/static/js/app.js:14078
[ 3160419ms] [ERROR] Failed to load resource: net::ERR_CONNECTION_REFUSED @ http://localhost:8000/api/objects/MBTCPMaster1/modbus/status?server=ee8d9159:0
[ 3161070ms] [ERROR] Failed to load resource: net::ERR_CONNECTION_REFUSED @ http://localhost:8000/api/objects/MBTCPMaster1?server=ee8d9159:0
[ 3161070ms] [ERROR] Error загрузки ee8d9159:MBTCPMaster1: TypeError: Failed to fetch
    at fetchObjectData (http://localhost:8000/static/js/app.js:12407:28)
    at loadObjectData (http://localhost:8000/static/js/app.js:14067:28)
    at http://localhost:8000/static/js/app.js:1235:23 @ http://localhost:8000/static/js/app.js:14078
[ 3161420ms] [ERROR] Failed to load resource: net::ERR_CONNECTION_REFUSED @ http://localhost:8000/api/objects/MBTCPMaster1/modbus/status?server=ee8d9159:0
[ 3162070ms] [ERROR] Failed to load resource: net::ERR_CONNECTION_REFUSED @ http://localhost:8000/api/objects/MBTCPMaster1?server=ee8d9159:0
[ 3162070ms] [ERROR] Error загрузки ee8d9159:MBTCPMaster1: TypeError: Failed to fetch
    at fetchObjectData (http://localhost:8000/static/js/app.js:12407:28)
    at loadObjectData (http://localhost:8000/static/js/app.js:14067:28)
    at http://localhost:8000/static/js/app.js:1235:23 @ http://localhost:8000/static/js/app.js:14078
[ 3162421ms] [ERROR] Failed to load resource: net::ERR_CONNECTION_REFUSED @ http://localhost:8000/api/objects/MBTCPMaster1/modbus/status?server=ee8d9159:0
[ 3163070ms] [ERROR] Failed to load resource: net::ERR_CONNECTION_REFUSED @ http://localhost:8000/api/objects/MBTCPMaster1?server=ee8d9159:0
[ 3163070ms] [ERROR] Error загрузки ee8d9159:MBTCPMaster1: TypeError: Failed to fetch
    at fetchObjectData (http://localhost:8000/static/js/app.js:12407:28)
    at loadObjectData (http://localhost:8000/static/js/app.js:14067:28)
    at http://localhost:8000/static/js/app.js:1235:23 @ http://localhost:8000/static/js/app.js:14078
[ 3163420ms] [ERROR] Failed to load resource: net::ERR_CONNECTION_REFUSED @ http://localhost:8000/api/objects/MBTCPMaster1/modbus/status?server=ee8d9159:0
[ 3164070ms] [ERROR] Failed to load resource: net::ERR_CONNECTION_REFUSED @ http://localhost:8000/api/objects/MBTCPMaster1?server=ee8d9159:0
[ 3164070ms] [ERROR] Error загрузки ee8d9159:MBTCPMaster1: TypeError: Failed to fetch
    at fetchObjectData (http://localhost:8000/static/js/app.js:12407:28)
    at loadObjectData (http://localhost:8000/static/js/app.js:14067:28)
    at http://localhost:8000/static/js/app.js:1235:23 @ http://localhost:8000/static/js/app.js:14078
[ 3164421ms] [ERROR] Failed to load resource: net::ERR_CONNECTION_REFUSED @ http://localhost:8000/api/objects/MBTCPMaster1/modbus/status?server=ee8d9159:0
[ 3165070ms] [ERROR] Failed to load resource: net::ERR_CONNECTION_REFUSED @ http://localhost:8000/api/recording/status:0
[ 3165070ms] [ERROR] Failed to load resource: net::ERR_CONNECTION_REFUSED @ http://localhost:8000/api/objects/MBTCPMaster1?server=ee8d9159:0
[ 3165070ms] [ERROR] Error загрузки ee8d9159:MBTCPMaster1: TypeError: Failed to fetch
    at fetchObjectData (http://localhost:8000/static/js/app.js:12407:28)
    at loadObjectData (http://localhost:8000/static/js/app.js:14067:28)
    at http://localhost:8000/static/js/app.js:1235:23 @ http://localhost:8000/static/js/app.js:14078
[ 3165419ms] [ERROR] Failed to load resource: net::ERR_CONNECTION_REFUSED @ http://localhost:8000/api/objects/MBTCPMaster1/modbus/status?server=ee8d9159:0
[ 3166072ms] [ERROR] Failed to load resource: net::ERR_CONNECTION_REFUSED @ http://localhost:8000/api/servers:0
[ 3166072ms] [ERROR] Error обновления списка объектов: TypeError: Failed to fetch
    at fetchServers (http://localhost:8000/static/js/app.js:12333:28)
    at fetchObjects (http://localhost:8000/static/js/app.js:12340:31)
    at refreshObjectsList (http://localhost:8000/static/js/app.js:12388:28)
    at http://localhost:8000/static/js/app.js:1228:9 @ http://localhost:8000/static/js/app.js:12391
[ 3166072ms] [ERROR] Failed to load resource: net::ERR_CONNECTION_REFUSED @ http://localhost:8000/api/objects/MBTCPMaster1?server=ee8d9159:0
[ 3166072ms] [ERROR] Error загрузки ee8d9159:MBTCPMaster1: TypeError: Failed to fetch
    at fetchObjectData (http://localhost:8000/static/js/app.js:12407:28)
    at loadObjectData (http://localhost:8000/static/js/app.js:14067:28)
    at http://localhost:8000/static/js/app.js:1235:23 @ http://localhost:8000/static/js/app.js:14078
[ 3166420ms] [ERROR] Failed to load resource: net::ERR_CONNECTION_REFUSED @ http://localhost:8000/api/objects/MBTCPMaster1/modbus/status?server=ee8d9159:0
[ 3167070ms] [ERROR] Failed to load resource: net::ERR_CONNECTION_REFUSED @ http://localhost:8000/api/objects/MBTCPMaster1?server=ee8d9159:0
[ 3167070ms] [ERROR] Error загрузки ee8d9159:MBTCPMaster1: TypeError: Failed to fetch
    at fetchObjectData (http://localhost:8000/static/js/app.js:12407:28)
    at loadObjectData (http://localhost:8000/static/js/app.js:14067:28)
    at http://localhost:8000/static/js/app.js:1235:23 @ http://localhost:8000/static/js/app.js:14078
[ 3167419ms] [ERROR] Failed to load resource: net::ERR_CONNECTION_REFUSED @ http://localhost:8000/api/objects/MBTCPMaster1/modbus/status?server=ee8d9159:0
[ 3168070ms] [ERROR] Failed to load resource: net::ERR_CONNECTION_REFUSED @ http://localhost:8000/api/objects/MBTCPMaster1?server=ee8d9159:0
[ 3168070ms] [ERROR] Error загрузки ee8d9159:MBTCPMaster1: TypeError: Failed to fetch
    at fetchObjectData (http://localhost:8000/static/js/app.js:12407:28)
    at loadObjectData (http://localhost:8000/static/js/app.js:14067:28)
    at http://localhost:8000/static/js/app.js:1235:23 @ http://localhost:8000/static/js/app.js:14078
[ 3168420ms] [ERROR] Failed to load resource: net::ERR_CONNECTION_REFUSED @ http://localhost:8000/api/objects/MBTCPMaster1/modbus/status?server=ee8d9159:0
[ 3169070ms] [ERROR] Failed to load resource: net::ERR_CONNECTION_REFUSED @ http://localhost:8000/api/objects/MBTCPMaster1?server=ee8d9159:0
[ 3169070ms] [ERROR] Error загрузки ee8d9159:MBTCPMaster1: TypeError: Failed to fetch
    at fetchObjectData (http://localhost:8000/static/js/app.js:12407:28)
    at loadObjectData (http://localhost:8000/static/js/app.js:14067:28)
    at http://localhost:8000/static/js/app.js:1235:23 @ http://localhost:8000/static/js/app.js:14078
[ 3169420ms] [ERROR] Failed to load resource: net::ERR_CONNECTION_REFUSED @ http://localhost:8000/api/objects/MBTCPMaster1/modbus/status?server=ee8d9159:0
[ 3170069ms] [ERROR] Failed to load resource: net::ERR_CONNECTION_REFUSED @ http://localhost:8000/api/recording/status:0
[ 3170069ms] [ERROR] Failed to load resource: net::ERR_CONNECTION_REFUSED @ http://localhost:8000/api/objects/MBTCPMaster1?server=ee8d9159:0
[ 3170070ms] [ERROR] Error загрузки ee8d9159:MBTCPMaster1: TypeError: Failed to fetch
    at fetchObjectData (http://localhost:8000/static/js/app.js:12407:28)
    at loadObjectData (http://localhost:8000/static/js/app.js:14067:28)
    at http://localhost:8000/static/js/app.js:1235:23 @ http://localhost:8000/static/js/app.js:14078
[ 3170419ms] [ERROR] Failed to load resource: net::ERR_CONNECTION_REFUSED @ http://localhost:8000/api/objects/MBTCPMaster1/modbus/status?server=ee8d9159:0
[ 3171070ms] [ERROR] Failed to load resource: net::ERR_CONNECTION_REFUSED @ http://localhost:8000/api/objects/MBTCPMaster1?server=ee8d9159:0
[ 3171071ms] [ERROR] Error загрузки ee8d9159:MBTCPMaster1: TypeError: Failed to fetch
    at fetchObjectData (http://localhost:8000/static/js/app.js:12407:28)
    at loadObjectData (http://localhost:8000/static/js/app.js:14067:28)
    at http://localhost:8000/static/js/app.js:1235:23 @ http://localhost:8000/static/js/app.js:14078
[ 3171420ms] [ERROR] Failed to load resource: net::ERR_CONNECTION_REFUSED @ http://localhost:8000/api/objects/MBTCPMaster1/modbus/status?server=ee8d9159:0
[ 3172070ms] [ERROR] Failed to load resource: net::ERR_CONNECTION_REFUSED @ http://localhost:8000/api/servers:0
[ 3172070ms] [ERROR] Error обновления списка объектов: TypeError: Failed to fetch
    at fetchServers (http://localhost:8000/static/js/app.js:12333:28)
    at fetchObjects (http://localhost:8000/static/js/app.js:12340:31)
    at refreshObjectsList (http://localhost:8000/static/js/app.js:12388:28)
    at http://localhost:8000/static/js/app.js:1228:9 @ http://localhost:8000/static/js/app.js:12391
[ 3172071ms] [ERROR] Failed to load resource: net::ERR_CONNECTION_REFUSED @ http://localhost:8000/api/objects/MBTCPMaster1?server=ee8d9159:0
[ 3172071ms] [ERROR] Error загрузки ee8d9159:MBTCPMaster1: TypeError: Failed to fetch
    at fetchObjectData (http://localhost:8000/static/js/app.js:12407:28)
    at loadObjectData (http://localhost:8000/static/js/app.js:14067:28)
    at http://localhost:8000/static/js/app.js:1235:23 @ http://localhost:8000/static/js/app.js:14078
[ 3172420ms] [ERROR] Failed to load resource: net::ERR_CONNECTION_REFUSED @ http://localhost:8000/api/objects/MBTCPMaster1/modbus/status?server=ee8d9159:0
[ 3173069ms] [ERROR] Failed to load resource: net::ERR_CONNECTION_REFUSED @ http://localhost:8000/api/objects/MBTCPMaster1?server=ee8d9159:0
[ 3173069ms] [ERROR] Error загрузки ee8d9159:MBTCPMaster1: TypeError: Failed to fetch
    at fetchObjectData (http://localhost:8000/static/js/app.js:12407:28)
    at loadObjectData (http://localhost:8000/static/js/app.js:14067:28)
    at http://localhost:8000/static/js/app.js:1235:23 @ http://localhost:8000/static/js/app.js:14078
[ 3173432ms] [ERROR] Failed to load resource: net::ERR_CONNECTION_REFUSED @ http://localhost:8000/api/objects/MBTCPMaster1/modbus/status?server=ee8d9159:0
[ 3174070ms] [ERROR] Failed to load resource: net::ERR_CONNECTION_REFUSED @ http://localhost:8000/api/objects/MBTCPMaster1?server=ee8d9159:0
[ 3174070ms] [ERROR] Error загрузки ee8d9159:MBTCPMaster1: TypeError: Failed to fetch
    at fetchObjectData (http://localhost:8000/static/js/app.js:12407:28)
    at loadObjectData (http://localhost:8000/static/js/app.js:14067:28)
    at http://localhost:8000/static/js/app.js:1235:23 @ http://localhost:8000/static/js/app.js:14078
[ 3174420ms] [ERROR] Failed to load resource: net::ERR_CONNECTION_REFUSED @ http://localhost:8000/api/objects/MBTCPMaster1/modbus/status?server=ee8d9159:0
[ 3175069ms] [ERROR] Failed to load resource: net::ERR_CONNECTION_REFUSED @ http://localhost:8000/api/recording/status:0
[ 3175069ms] [ERROR] Failed to load resource: net::ERR_CONNECTION_REFUSED @ http://localhost:8000/api/objects/MBTCPMaster1?server=ee8d9159:0
[ 3175069ms] [ERROR] Error загрузки ee8d9159:MBTCPMaster1: TypeError: Failed to fetch
    at fetchObjectData (http://localhost:8000/static/js/app.js:12407:28)
    at loadObjectData (http://localhost:8000/static/js/app.js:14067:28)
    at http://localhost:8000/static/js/app.js:1235:23 @ http://localhost:8000/static/js/app.js:14078
[ 3175419ms] [ERROR] Failed to load resource: net::ERR_CONNECTION_REFUSED @ http://localhost:8000/api/objects/MBTCPMaster1/modbus/status?server=ee8d9159:0
[ 3176069ms] [ERROR] Failed to load resource: net::ERR_CONNECTION_REFUSED @ http://localhost:8000/api/objects/MBTCPMaster1?server=ee8d9159:0
[ 3176069ms] [ERROR] Error загрузки ee8d9159:MBTCPMaster1: TypeError: Failed to fetch
    at fetchObjectData (http://localhost:8000/static/js/app.js:12407:28)
    at loadObjectData (http://localhost:8000/static/js/app.js:14067:28)
    at http://localhost:8000/static/js/app.js:1235:23 @ http://localhost:8000/static/js/app.js:14078
[ 3176420ms] [ERROR] Failed to load resource: net::ERR_CONNECTION_REFUSED @ http://localhost:8000/api/objects/MBTCPMaster1/modbus/status?server=ee8d9159:0
[ 3177069ms] [ERROR] Failed to load resource: net::ERR_CONNECTION_REFUSED @ http://localhost:8000/api/objects/MBTCPMaster1?server=ee8d9159:0
[ 3177069ms] [ERROR] Error загрузки ee8d9159:MBTCPMaster1: TypeError: Failed to fetch
    at fetchObjectData (http://localhost:8000/static/js/app.js:12407:28)
    at loadObjectData (http://localhost:8000/static/js/app.js:14067:28)
    at http://localhost:8000/static/js/app.js:1235:23 @ http://localhost:8000/static/js/app.js:14078
[ 3177420ms] [ERROR] Failed to load resource: net::ERR_CONNECTION_REFUSED @ http://localhost:8000/api/objects/MBTCPMaster1/modbus/status?server=ee8d9159:0
[ 3178071ms] [ERROR] Failed to load resource: net::ERR_CONNECTION_REFUSED @ http://localhost:8000/api/servers:0
[ 3178071ms] [ERROR] Error обновления списка объектов: TypeError: Failed to fetch
    at fetchServers (http://localhost:8000/static/js/app.js:12333:28)
    at fetchObjects (http://localhost:8000/static/js/app.js:12340:31)
    at refreshObjectsList (http://localhost:8000/static/js/app.js:12388:28)
    at http://localhost:8000/static/js/app.js:1228:9 @ http://localhost:8000/static/js/app.js:12391
[ 3178072ms] [ERROR] Failed to load resource: net::ERR_CONNECTION_REFUSED @ http://localhost:8000/api/objects/MBTCPMaster1?server=ee8d9159:0
[ 3178072ms] [ERROR] Error загрузки ee8d9159:MBTCPMaster1: TypeError: Failed to fetch
    at fetchObjectData (http://localhost:8000/static/js/app.js:12407:28)
    at loadObjectData (http://localhost:8000/static/js/app.js:14067:28)
    at http://localhost:8000/static/js/app.js:1235:23 @ http://localhost:8000/static/js/app.js:14078
[ 3178073ms] [ERROR] Failed to load resource: net::ERR_CONNECTION_REFUSED @ http://localhost:8000/api/version:0
[ 3178420ms] [ERROR] Failed to load resource: net::ERR_CONNECTION_REFUSED @ http://localhost:8000/api/objects/MBTCPMaster1/modbus/status?server=ee8d9159:0
[ 3179069ms] [ERROR] Failed to load resource: net::ERR_CONNECTION_REFUSED @ http://localhost:8000/api/objects/MBTCPMaster1?server=ee8d9159:0
[ 3179069ms] [ERROR] Error загрузки ee8d9159:MBTCPMaster1: TypeError: Failed to fetch
    at fetchObjectData (http://localhost:8000/static/js/app.js:12407:28)
    at loadObjectData (http://localhost:8000/static/js/app.js:14067:28)
    at http://localhost:8000/static/js/app.js:1235:23 @ http://localhost:8000/static/js/app.js:14078
[ 3179419ms] [ERROR] Failed to load resource: net::ERR_CONNECTION_REFUSED @ http://localhost:8000/api/objects/MBTCPMaster1/modbus/status?server=ee8d9159:0
[ 3180068ms] [ERROR] Failed to load resource: net::ERR_CONNECTION_REFUSED @ http://localhost:8000/api/recording/status:0
[ 3180068ms] [ERROR] Failed to load resource: net::ERR_CONNECTION_REFUSED @ http://localhost:8000/api/objects/MBTCPMaster1?server=ee8d9159:0
[ 3180068ms] [ERROR] Error загрузки ee8d9159:MBTCPMaster1: TypeError: Failed to fetch
    at fetchObjectData (http://localhost:8000/static/js/app.js:12407:28)
    at loadObjectData (http://localhost:8000/static/js/app.js:14067:28)
    at http://localhost:8000/static/js/app.js:1235:23 @ http://localhost:8000/static/js/app.js:14078
[ 3180419ms] [ERROR] Failed to load resource: net::ERR_CONNECTION_REFUSED @ http://localhost:8000/api/objects/MBTCPMaster1/modbus/status?server=ee8d9159:0
[ 3181070ms] [ERROR] Failed to load resource: net::ERR_CONNECTION_REFUSED @ http://localhost:8000/api/objects/MBTCPMaster1?server=ee8d9159:0
[ 3181070ms] [ERROR] Error загрузки ee8d9159:MBTCPMaster1: TypeError: Failed to fetch
    at fetchObjectData (http://localhost:8000/static/js/app.js:12407:28)
    at loadObjectData (http://localhost:8000/static/js/app.js:14067:28)
    at http://localhost:8000/static/js/app.js:1235:23 @ http://localhost:8000/static/js/app.js:14078
[ 3181421ms] [ERROR] Failed to load resource: net::ERR_CONNECTION_REFUSED @ http://localhost:8000/api/objects/MBTCPMaster1/modbus/status?server=ee8d9159:0
[ 3182069ms] [ERROR] Failed to load resource: net::ERR_CONNECTION_REFUSED @ http://localhost:8000/api/objects/MBTCPMaster1?server=ee8d9159:0
[ 3182069ms] [ERROR] Error загрузки ee8d9159:MBTCPMaster1: TypeError: Failed to fetch
    at fetchObjectData (http://localhost:8000/static/js/app.js:12407:28)
    at loadObjectData (http://localhost:8000/static/js/app.js:14067:28)
    at http://localhost:8000/static/js/app.js:1235:23 @ http://localhost:8000/static/js/app.js:14078
[ 3182420ms] [ERROR] Failed to load resource: net::ERR_CONNECTION_REFUSED @ http://localhost:8000/api/objects/MBTCPMaster1/modbus/status?server=ee8d9159:0
[ 3183069ms] [ERROR] Failed to load resource: net::ERR_CONNECTION_REFUSED @ http://localhost:8000/api/objects/MBTCPMaster1?server=ee8d9159:0
[ 3183069ms] [ERROR] Error загрузки ee8d9159:MBTCPMaster1: TypeError: Failed to fetch
    at fetchObjectData (http://localhost:8000/static/js/app.js:12407:28)
    at loadObjectData (http://localhost:8000/static/js/app.js:14067:28)
    at http://localhost:8000/static/js/app.js:1235:23 @ http://localhost:8000/static/js/app.js:14078
[ 3183420ms] [ERROR] Failed to load resource: net::ERR_CONNECTION_REFUSED @ http://localhost:8000/api/objects/MBTCPMaster1/modbus/status?server=ee8d9159:0
[ 3184070ms] [ERROR] Failed to load resource: net::ERR_CONNECTION_REFUSED @ http://localhost:8000/api/servers:0
[ 3184070ms] [ERROR] Error обновления списка объектов: TypeError: Failed to fetch
    at fetchServers (http://localhost:8000/static/js/app.js:12333:28)
    at fetchObjects (http://localhost:8000/static/js/app.js:12340:31)
    at refreshObjectsList (http://localhost:8000/static/js/app.js:12388:28)
    at http://localhost:8000/static/js/app.js:1228:9 @ http://localhost:8000/static/js/app.js:12391
[ 3184071ms] [ERROR] Failed to load resource: net::ERR_CONNECTION_REFUSED @ http://localhost:8000/api/objects/MBTCPMaster1?server=ee8d9159:0
[ 3184071ms] [ERROR] Error загрузки ee8d9159:MBTCPMaster1: TypeError: Failed to fetch
    at fetchObjectData (http://localhost:8000/static/js/app.js:12407:28)
    at loadObjectData (http://localhost:8000/static/js/app.js:14067:28)
    at http://localhost:8000/static/js/app.js:1235:23 @ http://localhost:8000/static/js/app.js:14078
[ 3184420ms] [ERROR] Failed to load resource: net::ERR_CONNECTION_REFUSED @ http://localhost:8000/api/objects/MBTCPMaster1/modbus/status?server=ee8d9159:0
[ 3185068ms] [ERROR] Failed to load resource: net::ERR_CONNECTION_REFUSED @ http://localhost:8000/api/recording/status:0
[ 3185068ms] [ERROR] Failed to load resource: net::ERR_CONNECTION_REFUSED @ http://localhost:8000/api/objects/MBTCPMaster1?server=ee8d9159:0
[ 3185068ms] [ERROR] Error загрузки ee8d9159:MBTCPMaster1: TypeError: Failed to fetch
    at fetchObjectData (http://localhost:8000/static/js/app.js:12407:28)
    at loadObjectData (http://localhost:8000/static/js/app.js:14067:28)
    at http://localhost:8000/static/js/app.js:1235:23 @ http://localhost:8000/static/js/app.js:14078
[ 3185419ms] [ERROR] Failed to load resource: net::ERR_CONNECTION_REFUSED @ http://localhost:8000/api/objects/MBTCPMaster1/modbus/status?server=ee8d9159:0
[ 3186071ms] [ERROR] Failed to load resource: net::ERR_CONNECTION_REFUSED @ http://localhost:8000/api/objects/MBTCPMaster1?server=ee8d9159:0
[ 3186071ms] [ERROR] Error загрузки ee8d9159:MBTCPMaster1: TypeError: Failed to fetch
    at fetchObjectData (http://localhost:8000/static/js/app.js:12407:28)
    at loadObjectData (http://localhost:8000/static/js/app.js:14067:28)
    at http://localhost:8000/static/js/app.js:1235:23 @ http://localhost:8000/static/js/app.js:14078
[ 3186421ms] [ERROR] Failed to load resource: net::ERR_CONNECTION_REFUSED @ http://localhost:8000/api/objects/MBTCPMaster1/modbus/status?server=ee8d9159:0
[ 3187071ms] [ERROR] Failed to load resource: net::ERR_CONNECTION_REFUSED @ http://localhost:8000/api/objects/MBTCPMaster1?server=ee8d9159:0
[ 3187071ms] [ERROR] Error загрузки ee8d9159:MBTCPMaster1: TypeError: Failed to fetch
    at fetchObjectData (http://localhost:8000/static/js/app.js:12407:28)
    at loadObjectData (http://localhost:8000/static/js/app.js:14067:28)
    at http://localhost:8000/static/js/app.js:1235:23 @ http://localhost:8000/static/js/app.js:14078
[ 3187421ms] [ERROR] Failed to load resource: net::ERR_CONNECTION_REFUSED @ http://localhost:8000/api/objects/MBTCPMaster1/modbus/status?server=ee8d9159:0
[ 3188070ms] [ERROR] Failed to load resource: net::ERR_CONNECTION_REFUSED @ http://localhost:8000/api/objects/MBTCPMaster1?server=ee8d9159:0
[ 3188070ms] [ERROR] Error загрузки ee8d9159:MBTCPMaster1: TypeError: Failed to fetch
    at fetchObjectData (http://localhost:8000/static/js/app.js:12407:28)
    at loadObjectData (http://localhost:8000/static/js/app.js:14067:28)
    at http://localhost:8000/static/js/app.js:1235:23 @ http://localhost:8000/static/js/app.js:14078
[ 3188420ms] [ERROR] Failed to load resource: net::ERR_CONNECTION_REFUSED @ http://localhost:8000/api/objects/MBTCPMaster1/modbus/status?server=ee8d9159:0
[ 3189069ms] [ERROR] Failed to load resource: net::ERR_CONNECTION_REFUSED @ http://localhost:8000/api/objects/MBTCPMaster1?server=ee8d9159:0
[ 3189069ms] [ERROR] Error загрузки ee8d9159:MBTCPMaster1: TypeError: Failed to fetch
    at fetchObjectData (http://localhost:8000/static/js/app.js:12407:28)
    at loadObjectData (http://localhost:8000/static/js/app.js:14067:28)
    at http://localhost:8000/static/js/app.js:1235:23 @ http://localhost:8000/static/js/app.js:14078
[ 3189419ms] [ERROR] Failed to load resource: net::ERR_CONNECTION_REFUSED @ http://localhost:8000/api/objects/MBTCPMaster1/modbus/status?server=ee8d9159:0
[ 3190071ms] [ERROR] Failed to load resource: net::ERR_CONNECTION_REFUSED @ http://localhost:8000/api/recording/status:0
[ 3190071ms] [ERROR] Failed to load resource: net::ERR_CONNECTION_REFUSED @ http://localhost:8000/api/servers:0
[ 3190071ms] [ERROR] Error обновления списка объектов: TypeError: Failed to fetch
    at fetchServers (http://localhost:8000/static/js/app.js:12333:28)
    at fetchObjects (http://localhost:8000/static/js/app.js:12340:31)
    at refreshObjectsList (http://localhost:8000/static/js/app.js:12388:28)
    at http://localhost:8000/static/js/app.js:1228:9 @ http://localhost:8000/static/js/app.js:12391
[ 3190071ms] [ERROR] Failed to load resource: net::ERR_CONNECTION_REFUSED @ http://localhost:8000/api/objects/MBTCPMaster1?server=ee8d9159:0
[ 3190071ms] [ERROR] Error загрузки ee8d9159:MBTCPMaster1: TypeError: Failed to fetch
    at fetchObjectData (http://localhost:8000/static/js/app.js:12407:28)
    at loadObjectData (http://localhost:8000/static/js/app.js:14067:28)
    at http://localhost:8000/static/js/app.js:1235:23 @ http://localhost:8000/static/js/app.js:14078
[ 3190419ms] [ERROR] Failed to load resource: net::ERR_CONNECTION_REFUSED @ http://localhost:8000/api/objects/MBTCPMaster1/modbus/status?server=ee8d9159:0
[ 3191070ms] [ERROR] Failed to load resource: net::ERR_CONNECTION_REFUSED @ http://localhost:8000/api/objects/MBTCPMaster1?server=ee8d9159:0
[ 3191070ms] [ERROR] Error загрузки ee8d9159:MBTCPMaster1: TypeError: Failed to fetch
    at fetchObjectData (http://localhost:8000/static/js/app.js:12407:28)
    at loadObjectData (http://localhost:8000/static/js/app.js:14067:28)
    at http://localhost:8000/static/js/app.js:1235:23 @ http://localhost:8000/static/js/app.js:14078
[ 3191420ms] [ERROR] Failed to load resource: net::ERR_CONNECTION_REFUSED @ http://localhost:8000/api/objects/MBTCPMaster1/modbus/status?server=ee8d9159:0
[ 3192068ms] [ERROR] Failed to load resource: net::ERR_CONNECTION_REFUSED @ http://localhost:8000/api/objects/MBTCPMaster1?server=ee8d9159:0
[ 3192068ms] [ERROR] Error загрузки ee8d9159:MBTCPMaster1: TypeError: Failed to fetch
    at fetchObjectData (http://localhost:8000/static/js/app.js:12407:28)
    at loadObjectData (http://localhost:8000/static/js/app.js:14067:28)
    at http://localhost:8000/static/js/app.js:1235:23 @ http://localhost:8000/static/js/app.js:14078
[ 3192419ms] [ERROR] Failed to load resource: net::ERR_CONNECTION_REFUSED @ http://localhost:8000/api/objects/MBTCPMaster1/modbus/status?server=ee8d9159:0
[ 3193071ms] [ERROR] Failed to load resource: net::ERR_CONNECTION_REFUSED @ http://localhost:8000/api/objects/MBTCPMaster1?server=ee8d9159:0
[ 3193071ms] [ERROR] Error загрузки ee8d9159:MBTCPMaster1: TypeError: Failed to fetch
    at fetchObjectData (http://localhost:8000/static/js/app.js:12407:28)
    at loadObjectData (http://localhost:8000/static/js/app.js:14067:28)
    at http://localhost:8000/static/js/app.js:1235:23 @ http://localhost:8000/static/js/app.js:14078
[ 3193418ms] [ERROR] Failed to load resource: net::ERR_CONNECTION_REFUSED @ http://localhost:8000/api/objects/MBTCPMaster1/modbus/status?server=ee8d9159:0
[ 3194069ms] [ERROR] Failed to load resource: net::ERR_CONNECTION_REFUSED @ http://localhost:8000/api/objects/MBTCPMaster1?server=ee8d9159:0
[ 3194069ms] [ERROR] Error загрузки ee8d9159:MBTCPMaster1: TypeError: Failed to fetch
    at fetchObjectData (http://localhost:8000/static/js/app.js:12407:28)
    at loadObjectData (http://localhost:8000/static/js/app.js:14067:28)
    at http://localhost:8000/static/js/app.js:1235:23 @ http://localhost:8000/static/js/app.js:14078
[ 3194419ms] [ERROR] Failed to load resource: net::ERR_CONNECTION_REFUSED @ http://localhost:8000/api/objects/MBTCPMaster1/modbus/status?server=ee8d9159:0
[ 3195069ms] [ERROR] Failed to load resource: net::ERR_CONNECTION_REFUSED @ http://localhost:8000/api/recording/status:0
[ 3195069ms] [ERROR] Failed to load resource: net::ERR_CONNECTION_REFUSED @ http://localhost:8000/api/objects/MBTCPMaster1?server=ee8d9159:0
[ 3195069ms] [ERROR] Error загрузки ee8d9159:MBTCPMaster1: TypeError: Failed to fetch
    at fetchObjectData (http://localhost:8000/static/js/app.js:12407:28)
    at loadObjectData (http://localhost:8000/static/js/app.js:14067:28)
    at http://localhost:8000/static/js/app.js:1235:23 @ http://localhost:8000/static/js/app.js:14078
[ 3195418ms] [ERROR] Failed to load resource: net::ERR_CONNECTION_REFUSED @ http://localhost:8000/api/objects/MBTCPMaster1/modbus/status?server=ee8d9159:0
[ 3196069ms] [ERROR] Failed to load resource: net::ERR_CONNECTION_REFUSED @ http://localhost:8000/api/servers:0
[ 3196070ms] [ERROR] Error обновления списка объектов: TypeError: Failed to fetch
    at fetchServers (http://localhost:8000/static/js/app.js:12333:28)
    at fetchObjects (http://localhost:8000/static/js/app.js:12340:31)
    at refreshObjectsList (http://localhost:8000/static/js/app.js:12388:28)
    at http://localhost:8000/static/js/app.js:1228:9 @ http://localhost:8000/static/js/app.js:12391
[ 3196070ms] [ERROR] Failed to load resource: net::ERR_CONNECTION_REFUSED @ http://localhost:8000/api/objects/MBTCPMaster1?server=ee8d9159:0
[ 3196070ms] [ERROR] Error загрузки ee8d9159:MBTCPMaster1: TypeError: Failed to fetch
    at fetchObjectData (http://localhost:8000/static/js/app.js:12407:28)
    at loadObjectData (http://localhost:8000/static/js/app.js:14067:28)
    at http://localhost:8000/static/js/app.js:1235:23 @ http://localhost:8000/static/js/app.js:14078
[ 3196420ms] [ERROR] Failed to load resource: net::ERR_CONNECTION_REFUSED @ http://localhost:8000/api/objects/MBTCPMaster1/modbus/status?server=ee8d9159:0
[ 3197070ms] [ERROR] Failed to load resource: net::ERR_CONNECTION_REFUSED @ http://localhost:8000/api/objects/MBTCPMaster1?server=ee8d9159:0
[ 3197070ms] [ERROR] Error загрузки ee8d9159:MBTCPMaster1: TypeError: Failed to fetch
    at fetchObjectData (http://localhost:8000/static/js/app.js:12407:28)
    at loadObjectData (http://localhost:8000/static/js/app.js:14067:28)
    at http://localhost:8000/static/js/app.js:1235:23 @ http://localhost:8000/static/js/app.js:14078
[ 3197420ms] [ERROR] Failed to load resource: net::ERR_CONNECTION_REFUSED @ http://localhost:8000/api/objects/MBTCPMaster1/modbus/status?server=ee8d9159:0
[ 3198070ms] [ERROR] Failed to load resource: net::ERR_CONNECTION_REFUSED @ http://localhost:8000/api/objects/MBTCPMaster1?server=ee8d9159:0
[ 3198070ms] [ERROR] Error загрузки ee8d9159:MBTCPMaster1: TypeError: Failed to fetch
    at fetchObjectData (http://localhost:8000/static/js/app.js:12407:28)
    at loadObjectData (http://localhost:8000/static/js/app.js:14067:28)
    at http://localhost:8000/static/js/app.js:1235:23 @ http://localhost:8000/static/js/app.js:14078
[ 3198420ms] [ERROR] Failed to load resource: net::ERR_CONNECTION_REFUSED @ http://localhost:8000/api/objects/MBTCPMaster1/modbus/status?server=ee8d9159:0
[ 3199070ms] [ERROR] Failed to load resource: net::ERR_CONNECTION_REFUSED @ http://localhost:8000/api/objects/MBTCPMaster1?server=ee8d9159:0
[ 3199070ms] [ERROR] Error загрузки ee8d9159:MBTCPMaster1: TypeError: Failed to fetch
    at fetchObjectData (http://localhost:8000/static/js/app.js:12407:28)
    at loadObjectData (http://localhost:8000/static/js/app.js:14067:28)
    at http://localhost:8000/static/js/app.js:1235:23 @ http://localhost:8000/static/js/app.js:14078
[ 3199419ms] [ERROR] Failed to load resource: net::ERR_CONNECTION_REFUSED @ http://localhost:8000/api/objects/MBTCPMaster1/modbus/status?server=ee8d9159:0
[ 3200069ms] [ERROR] Failed to load resource: net::ERR_CONNECTION_REFUSED @ http://localhost:8000/api/recording/status:0
[ 3200069ms] [ERROR] Failed to load resource: net::ERR_CONNECTION_REFUSED @ http://localhost:8000/api/objects/MBTCPMaster1?server=ee8d9159:0
[ 3200069ms] [ERROR] Error загрузки ee8d9159:MBTCPMaster1: TypeError: Failed to fetch
    at fetchObjectData (http://localhost:8000/static/js/app.js:12407:28)
    at loadObjectData (http://localhost:8000/static/js/app.js:14067:28)
    at http://localhost:8000/static/js/app.js:1235:23 @ http://localhost:8000/static/js/app.js:14078
[ 3200419ms] [ERROR] Failed to load resource: net::ERR_CONNECTION_REFUSED @ http://localhost:8000/api/objects/MBTCPMaster1/modbus/status?server=ee8d9159:0
[ 3201070ms] [ERROR] Failed to load resource: net::ERR_CONNECTION_REFUSED @ http://localhost:8000/api/objects/MBTCPMaster1?server=ee8d9159:0
[ 3201070ms] [ERROR] Error загрузки ee8d9159:MBTCPMaster1: TypeError: Failed to fetch
    at fetchObjectData (http://localhost:8000/static/js/app.js:12407:28)
    at loadObjectData (http://localhost:8000/static/js/app.js:14067:28)
    at http://localhost:8000/static/js/app.js:1235:23 @ http://localhost:8000/static/js/app.js:14078
[ 3201420ms] [ERROR] Failed to load resource: net::ERR_CONNECTION_REFUSED @ http://localhost:8000/api/objects/MBTCPMaster1/modbus/status?server=ee8d9159:0
[ 3202071ms] [ERROR] Failed to load resource: net::ERR_CONNECTION_REFUSED @ http://localhost:8000/api/servers:0
[ 3202071ms] [ERROR] Error обновления списка объектов: TypeError: Failed to fetch
    at fetchServers (http://localhost:8000/static/js/app.js:12333:28)
    at fetchObjects (http://localhost:8000/static/js/app.js:12340:31)
    at refreshObjectsList (http://localhost:8000/static/js/app.js:12388:28)
    at http://localhost:8000/static/js/app.js:1228:9 @ http://localhost:8000/static/js/app.js:12391
[ 3202072ms] [ERROR] Failed to load resource: net::ERR_CONNECTION_REFUSED @ http://localhost:8000/api/objects/MBTCPMaster1?server=ee8d9159:0
[ 3202072ms] [ERROR] Error загрузки ee8d9159:MBTCPMaster1: TypeError: Failed to fetch
    at fetchObjectData (http://localhost:8000/static/js/app.js:12407:28)
    at loadObjectData (http://localhost:8000/static/js/app.js:14067:28)
    at http://localhost:8000/static/js/app.js:1235:23 @ http://localhost:8000/static/js/app.js:14078
[ 3202421ms] [ERROR] Failed to load resource: net::ERR_CONNECTION_REFUSED @ http://localhost:8000/api/objects/MBTCPMaster1/modbus/status?server=ee8d9159:0
[ 3203070ms] [ERROR] Failed to load resource: net::ERR_CONNECTION_REFUSED @ http://localhost:8000/api/objects/MBTCPMaster1?server=ee8d9159:0
[ 3203070ms] [ERROR] Error загрузки ee8d9159:MBTCPMaster1: TypeError: Failed to fetch
    at fetchObjectData (http://localhost:8000/static/js/app.js:12407:28)
    at loadObjectData (http://localhost:8000/static/js/app.js:14067:28)
    at http://localhost:8000/static/js/app.js:1235:23 @ http://localhost:8000/static/js/app.js:14078
[ 3203420ms] [ERROR] Failed to load resource: net::ERR_CONNECTION_REFUSED @ http://localhost:8000/api/objects/MBTCPMaster1/modbus/status?server=ee8d9159:0
[ 3204070ms] [ERROR] Failed to load resource: net::ERR_CONNECTION_REFUSED @ http://localhost:8000/api/objects/MBTCPMaster1?server=ee8d9159:0
[ 3204070ms] [ERROR] Error загрузки ee8d9159:MBTCPMaster1: TypeError: Failed to fetch
    at fetchObjectData (http://localhost:8000/static/js/app.js:12407:28)
    at loadObjectData (http://localhost:8000/static/js/app.js:14067:28)
    at http://localhost:8000/static/js/app.js:1235:23 @ http://localhost:8000/static/js/app.js:14078
[ 3204420ms] [ERROR] Failed to load resource: net::ERR_CONNECTION_REFUSED @ http://localhost:8000/api/objects/MBTCPMaster1/modbus/status?server=ee8d9159:0
[ 3205069ms] [ERROR] Failed to load resource: net::ERR_CONNECTION_REFUSED @ http://localhost:8000/api/recording/status:0
[ 3205070ms] [ERROR] Failed to load resource: net::ERR_CONNECTION_REFUSED @ http://localhost:8000/api/objects/MBTCPMaster1?server=ee8d9159:0
[ 3205070ms] [ERROR] Error загрузки ee8d9159:MBTCPMaster1: TypeError: Failed to fetch
    at fetchObjectData (http://localhost:8000/static/js/app.js:12407:28)
    at loadObjectData (http://localhost:8000/static/js/app.js:14067:28)
    at http://localhost:8000/static/js/app.js:1235:23 @ http://localhost:8000/static/js/app.js:14078
[ 3205419ms] [ERROR] Failed to load resource: net::ERR_CONNECTION_REFUSED @ http://localhost:8000/api/objects/MBTCPMaster1/modbus/status?server=ee8d9159:0
[ 3206070ms] [ERROR] Failed to load resource: net::ERR_CONNECTION_REFUSED @ http://localhost:8000/api/objects/MBTCPMaster1?server=ee8d9159:0
[ 3206070ms] [ERROR] Error загрузки ee8d9159:MBTCPMaster1: TypeError: Failed to fetch
    at fetchObjectData (http://localhost:8000/static/js/app.js:12407:28)
    at loadObjectData (http://localhost:8000/static/js/app.js:14067:28)
    at http://localhost:8000/static/js/app.js:1235:23 @ http://localhost:8000/static/js/app.js:14078
[ 3206420ms] [ERROR] Failed to load resource: net::ERR_CONNECTION_REFUSED @ http://localhost:8000/api/objects/MBTCPMaster1/modbus/status?server=ee8d9159:0
[ 3207070ms] [ERROR] Failed to load resource: net::ERR_CONNECTION_REFUSED @ http://localhost:8000/api/objects/MBTCPMaster1?server=ee8d9159:0
[ 3207070ms] [ERROR] Error загрузки ee8d9159:MBTCPMaster1: TypeError: Failed to fetch
    at fetchObjectData (http://localhost:8000/static/js/app.js:12407:28)
    at loadObjectData (http://localhost:8000/static/js/app.js:14067:28)
    at http://localhost:8000/static/js/app.js:1235:23 @ http://localhost:8000/static/js/app.js:14078
[ 3207421ms] [ERROR] Failed to load resource: net::ERR_CONNECTION_REFUSED @ http://localhost:8000/api/objects/MBTCPMaster1/modbus/status?server=ee8d9159:0
[ 3208070ms] [ERROR] Failed to load resource: net::ERR_CONNECTION_REFUSED @ http://localhost:8000/api/servers:0
[ 3208070ms] [ERROR] Error обновления списка объектов: TypeError: Failed to fetch
    at fetchServers (http://localhost:8000/static/js/app.js:12333:28)
    at fetchObjects (http://localhost:8000/static/js/app.js:12340:31)
    at refreshObjectsList (http://localhost:8000/static/js/app.js:12388:28)
    at http://localhost:8000/static/js/app.js:1228:9 @ http://localhost:8000/static/js/app.js:12391
[ 3208071ms] [ERROR] Failed to load resource: net::ERR_CONNECTION_REFUSED @ http://localhost:8000/api/objects/MBTCPMaster1?server=ee8d9159:0
[ 3208071ms] [ERROR] Error загрузки ee8d9159:MBTCPMaster1: TypeError: Failed to fetch
    at fetchObjectData (http://localhost:8000/static/js/app.js:12407:28)
    at loadObjectData (http://localhost:8000/static/js/app.js:14067:28)
    at http://localhost:8000/static/js/app.js:1235:23 @ http://localhost:8000/static/js/app.js:14078
[ 3208071ms] [ERROR] Failed to load resource: net::ERR_CONNECTION_REFUSED @ http://localhost:8000/api/version:0
[ 3208420ms] [ERROR] Failed to load resource: net::ERR_CONNECTION_REFUSED @ http://localhost:8000/api/objects/MBTCPMaster1/modbus/status?server=ee8d9159:0
[ 3209070ms] [ERROR] Failed to load resource: net::ERR_CONNECTION_REFUSED @ http://localhost:8000/api/objects/MBTCPMaster1?server=ee8d9159:0
[ 3209070ms] [ERROR] Error загрузки ee8d9159:MBTCPMaster1: TypeError: Failed to fetch
    at fetchObjectData (http://localhost:8000/static/js/app.js:12407:28)
    at loadObjectData (http://localhost:8000/static/js/app.js:14067:28)
    at http://localhost:8000/static/js/app.js:1235:23 @ http://localhost:8000/static/js/app.js:14078
[ 3209420ms] [ERROR] Failed to load resource: net::ERR_CONNECTION_REFUSED @ http://localhost:8000/api/objects/MBTCPMaster1/modbus/status?server=ee8d9159:0
[ 3210067ms] [ERROR] Failed to load resource: net::ERR_CONNECTION_REFUSED @ http://localhost:8000/api/recording/status:0
[ 3210068ms] [ERROR] Failed to load resource: net::ERR_CONNECTION_REFUSED @ http://localhost:8000/api/objects/MBTCPMaster1?server=ee8d9159:0
[ 3210068ms] [ERROR] Error загрузки ee8d9159:MBTCPMaster1: TypeError: Failed to fetch
    at fetchObjectData (http://localhost:8000/static/js/app.js:12407:28)
    at loadObjectData (http://localhost:8000/static/js/app.js:14067:28)
    at http://localhost:8000/static/js/app.js:1235:23 @ http://localhost:8000/static/js/app.js:14078
[ 3210419ms] [ERROR] Failed to load resource: net::ERR_CONNECTION_REFUSED @ http://localhost:8000/api/objects/MBTCPMaster1/modbus/status?server=ee8d9159:0
[ 3211070ms] [ERROR] Failed to load resource: net::ERR_CONNECTION_REFUSED @ http://localhost:8000/api/objects/MBTCPMaster1?server=ee8d9159:0
[ 3211070ms] [ERROR] Error загрузки ee8d9159:MBTCPMaster1: TypeError: Failed to fetch
    at fetchObjectData (http://localhost:8000/static/js/app.js:12407:28)
    at loadObjectData (http://localhost:8000/static/js/app.js:14067:28)
    at http://localhost:8000/static/js/app.js:1235:23 @ http://localhost:8000/static/js/app.js:14078
[ 3211420ms] [ERROR] Failed to load resource: net::ERR_CONNECTION_REFUSED @ http://localhost:8000/api/objects/MBTCPMaster1/modbus/status?server=ee8d9159:0
[ 3212069ms] [ERROR] Failed to load resource: net::ERR_CONNECTION_REFUSED @ http://localhost:8000/api/objects/MBTCPMaster1?server=ee8d9159:0
[ 3212069ms] [ERROR] Error загрузки ee8d9159:MBTCPMaster1: TypeError: Failed to fetch
    at fetchObjectData (http://localhost:8000/static/js/app.js:12407:28)
    at loadObjectData (http://localhost:8000/static/js/app.js:14067:28)
    at http://localhost:8000/static/js/app.js:1235:23 @ http://localhost:8000/static/js/app.js:14078
[ 3212419ms] [ERROR] Failed to load resource: net::ERR_CONNECTION_REFUSED @ http://localhost:8000/api/objects/MBTCPMaster1/modbus/status?server=ee8d9159:0
[ 3213070ms] [ERROR] Failed to load resource: net::ERR_CONNECTION_REFUSED @ http://localhost:8000/api/objects/MBTCPMaster1?server=ee8d9159:0
[ 3213070ms] [ERROR] Error загрузки ee8d9159:MBTCPMaster1: TypeError: Failed to fetch
    at fetchObjectData (http://localhost:8000/static/js/app.js:12407:28)
    at loadObjectData (http://localhost:8000/static/js/app.js:14067:28)
    at http://localhost:8000/static/js/app.js:1235:23 @ http://localhost:8000/static/js/app.js:14078
[ 3213419ms] [ERROR] Failed to load resource: net::ERR_CONNECTION_REFUSED @ http://localhost:8000/api/objects/MBTCPMaster1/modbus/status?server=ee8d9159:0
[ 3214071ms] [ERROR] Failed to load resource: net::ERR_CONNECTION_REFUSED @ http://localhost:8000/api/servers:0
[ 3214071ms] [ERROR] Error обновления списка объектов: TypeError: Failed to fetch
    at fetchServers (http://localhost:8000/static/js/app.js:12333:28)
    at fetchObjects (http://localhost:8000/static/js/app.js:12340:31)
    at refreshObjectsList (http://localhost:8000/static/js/app.js:12388:28)
    at http://localhost:8000/static/js/app.js:1228:9 @ http://localhost:8000/static/js/app.js:12391
[ 3214071ms] [ERROR] Failed to load resource: net::ERR_CONNECTION_REFUSED @ http://localhost:8000/api/objects/MBTCPMaster1?server=ee8d9159:0
[ 3214071ms] [ERROR] Error загрузки ee8d9159:MBTCPMaster1: TypeError: Failed to fetch
    at fetchObjectData (http://localhost:8000/static/js/app.js:12407:28)
    at loadObjectData (http://localhost:8000/static/js/app.js:14067:28)
    at http://localhost:8000/static/js/app.js:1235:23 @ http://localhost:8000/static/js/app.js:14078
[ 3214420ms] [ERROR] Failed to load resource: net::ERR_CONNECTION_REFUSED @ http://localhost:8000/api/objects/MBTCPMaster1/modbus/status?server=ee8d9159:0
[ 3215069ms] [ERROR] Failed to load resource: net::ERR_CONNECTION_REFUSED @ http://localhost:8000/api/recording/status:0
[ 3215069ms] [ERROR] Failed to load resource: net::ERR_CONNECTION_REFUSED @ http://localhost:8000/api/objects/MBTCPMaster1?server=ee8d9159:0
[ 3215069ms] [ERROR] Error загрузки ee8d9159:MBTCPMaster1: TypeError: Failed to fetch
    at fetchObjectData (http://localhost:8000/static/js/app.js:12407:28)
    at loadObjectData (http://localhost:8000/static/js/app.js:14067:28)
    at http://localhost:8000/static/js/app.js:1235:23 @ http://localhost:8000/static/js/app.js:14078
[ 3215419ms] [ERROR] Failed to load resource: net::ERR_CONNECTION_REFUSED @ http://localhost:8000/api/objects/MBTCPMaster1/modbus/status?server=ee8d9159:0
[ 3216070ms] [ERROR] Failed to load resource: net::ERR_CONNECTION_REFUSED @ http://localhost:8000/api/objects/MBTCPMaster1?server=ee8d9159:0
[ 3216070ms] [ERROR] Error загрузки ee8d9159:MBTCPMaster1: TypeError: Failed to fetch
    at fetchObjectData (http://localhost:8000/static/js/app.js:12407:28)
    at loadObjectData (http://localhost:8000/static/js/app.js:14067:28)
    at http://localhost:8000/static/js/app.js:1235:23 @ http://localhost:8000/static/js/app.js:14078
[ 3216419ms] [ERROR] Failed to load resource: net::ERR_CONNECTION_REFUSED @ http://localhost:8000/api/objects/MBTCPMaster1/modbus/status?server=ee8d9159:0
[ 3217069ms] [ERROR] Failed to load resource: net::ERR_CONNECTION_REFUSED @ http://localhost:8000/api/objects/MBTCPMaster1?server=ee8d9159:0
[ 3217069ms] [ERROR] Error загрузки ee8d9159:MBTCPMaster1: TypeError: Failed to fetch
    at fetchObjectData (http://localhost:8000/static/js/app.js:12407:28)
    at loadObjectData (http://localhost:8000/static/js/app.js:14067:28)
    at http://localhost:8000/static/js/app.js:1235:23 @ http://localhost:8000/static/js/app.js:14078
[ 3217420ms] [ERROR] Failed to load resource: net::ERR_CONNECTION_REFUSED @ http://localhost:8000/api/objects/MBTCPMaster1/modbus/status?server=ee8d9159:0
[ 3218070ms] [ERROR] Failed to load resource: net::ERR_CONNECTION_REFUSED @ http://localhost:8000/api/objects/MBTCPMaster1?server=ee8d9159:0
[ 3218070ms] [ERROR] Error загрузки ee8d9159:MBTCPMaster1: TypeError: Failed to fetch
    at fetchObjectData (http://localhost:8000/static/js/app.js:12407:28)
    at loadObjectData (http://localhost:8000/static/js/app.js:14067:28)
    at http://localhost:8000/static/js/app.js:1235:23 @ http://localhost:8000/static/js/app.js:14078
[ 3218420ms] [ERROR] Failed to load resource: net::ERR_CONNECTION_REFUSED @ http://localhost:8000/api/objects/MBTCPMaster1/modbus/status?server=ee8d9159:0
[ 3219070ms] [ERROR] Failed to load resource: net::ERR_CONNECTION_REFUSED @ http://localhost:8000/api/objects/MBTCPMaster1?server=ee8d9159:0
[ 3219070ms] [ERROR] Error загрузки ee8d9159:MBTCPMaster1: TypeError: Failed to fetch
    at fetchObjectData (http://localhost:8000/static/js/app.js:12407:28)
    at loadObjectData (http://localhost:8000/static/js/app.js:14067:28)
    at http://localhost:8000/static/js/app.js:1235:23 @ http://localhost:8000/static/js/app.js:14078
[ 3219421ms] [ERROR] Failed to load resource: net::ERR_CONNECTION_REFUSED @ http://localhost:8000/api/objects/MBTCPMaster1/modbus/status?server=ee8d9159:0
[ 3220070ms] [ERROR] Failed to load resource: net::ERR_CONNECTION_REFUSED @ http://localhost:8000/api/recording/status:0
[ 3220070ms] [ERROR] Failed to load resource: net::ERR_CONNECTION_REFUSED @ http://localhost:8000/api/servers:0
[ 3220070ms] [ERROR] Error обновления списка объектов: TypeError: Failed to fetch
    at fetchServers (http://localhost:8000/static/js/app.js:12333:28)
    at fetchObjects (http://localhost:8000/static/js/app.js:12340:31)
    at refreshObjectsList (http://localhost:8000/static/js/app.js:12388:28)
    at http://localhost:8000/static/js/app.js:1228:9 @ http://localhost:8000/static/js/app.js:12391
[ 3220070ms] [ERROR] Failed to load resource: net::ERR_CONNECTION_REFUSED @ http://localhost:8000/api/objects/MBTCPMaster1?server=ee8d9159:0
[ 3220070ms] [ERROR] Error загрузки ee8d9159:MBTCPMaster1: TypeError: Failed to fetch
    at fetchObjectData (http://localhost:8000/static/js/app.js:12407:28)
    at loadObjectData (http://localhost:8000/static/js/app.js:14067:28)
    at http://localhost:8000/static/js/app.js:1235:23 @ http://localhost:8000/static/js/app.js:14078
[ 3220419ms] [ERROR] Failed to load resource: net::ERR_CONNECTION_REFUSED @ http://localhost:8000/api/objects/MBTCPMaster1/modbus/status?server=ee8d9159:0
[ 3221070ms] [ERROR] Failed to load resource: net::ERR_CONNECTION_REFUSED @ http://localhost:8000/api/objects/MBTCPMaster1?server=ee8d9159:0
[ 3221070ms] [ERROR] Error загрузки ee8d9159:MBTCPMaster1: TypeError: Failed to fetch
    at fetchObjectData (http://localhost:8000/static/js/app.js:12407:28)
    at loadObjectData (http://localhost:8000/static/js/app.js:14067:28)
    at http://localhost:8000/static/js/app.js:1235:23 @ http://localhost:8000/static/js/app.js:14078
[ 3221421ms] [ERROR] Failed to load resource: net::ERR_CONNECTION_REFUSED @ http://localhost:8000/api/objects/MBTCPMaster1/modbus/status?server=ee8d9159:0
[ 3222070ms] [ERROR] Failed to load resource: net::ERR_CONNECTION_REFUSED @ http://localhost:8000/api/objects/MBTCPMaster1?server=ee8d9159:0
[ 3222070ms] [ERROR] Error загрузки ee8d9159:MBTCPMaster1: TypeError: Failed to fetch
    at fetchObjectData (http://localhost:8000/static/js/app.js:12407:28)
    at loadObjectData (http://localhost:8000/static/js/app.js:14067:28)
    at http://localhost:8000/static/js/app.js:1235:23 @ http://localhost:8000/static/js/app.js:14078
[ 3222420ms] [ERROR] Failed to load resource: net::ERR_CONNECTION_REFUSED @ http://localhost:8000/api/objects/MBTCPMaster1/modbus/status?server=ee8d9159:0
[ 3223069ms] [ERROR] Failed to load resource: net::ERR_CONNECTION_REFUSED @ http://localhost:8000/api/objects/MBTCPMaster1?server=ee8d9159:0
[ 3223070ms] [ERROR] Error загрузки ee8d9159:MBTCPMaster1: TypeError: Failed to fetch
    at fetchObjectData (http://localhost:8000/static/js/app.js:12407:28)
    at loadObjectData (http://localhost:8000/static/js/app.js:14067:28)
    at http://localhost:8000/static/js/app.js:1235:23 @ http://localhost:8000/static/js/app.js:14078
[ 3223420ms] [ERROR] Failed to load resource: net::ERR_CONNECTION_REFUSED @ http://localhost:8000/api/objects/MBTCPMaster1/modbus/status?server=ee8d9159:0
[ 3224070ms] [ERROR] Failed to load resource: net::ERR_CONNECTION_REFUSED @ http://localhost:8000/api/objects/MBTCPMaster1?server=ee8d9159:0
[ 3224070ms] [ERROR] Error загрузки ee8d9159:MBTCPMaster1: TypeError: Failed to fetch
    at fetchObjectData (http://localhost:8000/static/js/app.js:12407:28)
    at loadObjectData (http://localhost:8000/static/js/app.js:14067:28)
    at http://localhost:8000/static/js/app.js:1235:23 @ http://localhost:8000/static/js/app.js:14078
[ 3224420ms] [ERROR] Failed to load resource: net::ERR_CONNECTION_REFUSED @ http://localhost:8000/api/objects/MBTCPMaster1/modbus/status?server=ee8d9159:0
[ 3225070ms] [ERROR] Failed to load resource: net::ERR_CONNECTION_REFUSED @ http://localhost:8000/api/recording/status:0
[ 3225070ms] [ERROR] Failed to load resource: net::ERR_CONNECTION_REFUSED @ http://localhost:8000/api/objects/MBTCPMaster1?server=ee8d9159:0
[ 3225070ms] [ERROR] Error загрузки ee8d9159:MBTCPMaster1: TypeError: Failed to fetch
    at fetchObjectData (http://localhost:8000/static/js/app.js:12407:28)
    at loadObjectData (http://localhost:8000/static/js/app.js:14067:28)
    at http://localhost:8000/static/js/app.js:1235:23 @ http://localhost:8000/static/js/app.js:14078
[ 3225419ms] [ERROR] Failed to load resource: net::ERR_CONNECTION_REFUSED @ http://localhost:8000/api/objects/MBTCPMaster1/modbus/status?server=ee8d9159:0
[ 3226070ms] [ERROR] Failed to load resource: net::ERR_CONNECTION_REFUSED @ http://localhost:8000/api/servers:0
[ 3226070ms] [ERROR] Error обновления списка объектов: TypeError: Failed to fetch
    at fetchServers (http://localhost:8000/static/js/app.js:12333:28)
    at fetchObjects (http://localhost:8000/static/js/app.js:12340:31)
    at refreshObjectsList (http://localhost:8000/static/js/app.js:12388:28)
    at http://localhost:8000/static/js/app.js:1228:9 @ http://localhost:8000/static/js/app.js:12391
[ 3226070ms] [ERROR] Failed to load resource: net::ERR_CONNECTION_REFUSED @ http://localhost:8000/api/objects/MBTCPMaster1?server=ee8d9159:0
[ 3226070ms] [ERROR] Error загрузки ee8d9159:MBTCPMaster1: TypeError: Failed to fetch
    at fetchObjectData (http://localhost:8000/static/js/app.js:12407:28)
    at loadObjectData (http://localhost:8000/static/js/app.js:14067:28)
    at http://localhost:8000/static/js/app.js:1235:23 @ http://localhost:8000/static/js/app.js:14078
[ 3226420ms] [ERROR] Failed to load resource: net::ERR_CONNECTION_REFUSED @ http://localhost:8000/api/objects/MBTCPMaster1/modbus/status?server=ee8d9159:0
[ 3227070ms] [ERROR] Failed to load resource: net::ERR_CONNECTION_REFUSED @ http://localhost:8000/api/objects/MBTCPMaster1?server=ee8d9159:0
[ 3227070ms] [ERROR] Error загрузки ee8d9159:MBTCPMaster1: TypeError: Failed to fetch
    at fetchObjectData (http://localhost:8000/static/js/app.js:12407:28)
    at loadObjectData (http://localhost:8000/static/js/app.js:14067:28)
    at http://localhost:8000/static/js/app.js:1235:23 @ http://localhost:8000/static/js/app.js:14078
[ 3227419ms] [ERROR] Failed to load resource: net::ERR_CONNECTION_REFUSED @ http://localhost:8000/api/objects/MBTCPMaster1/modbus/status?server=ee8d9159:0
[ 3228070ms] [ERROR] Failed to load resource: net::ERR_CONNECTION_REFUSED @ http://localhost:8000/api/objects/MBTCPMaster1?server=ee8d9159:0
[ 3228070ms] [ERROR] Error загрузки ee8d9159:MBTCPMaster1: TypeError: Failed to fetch
    at fetchObjectData (http://localhost:8000/static/js/app.js:12407:28)
    at loadObjectData (http://localhost:8000/static/js/app.js:14067:28)
    at http://localhost:8000/static/js/app.js:1235:23 @ http://localhost:8000/static/js/app.js:14078
[ 3228420ms] [ERROR] Failed to load resource: net::ERR_CONNECTION_REFUSED @ http://localhost:8000/api/objects/MBTCPMaster1/modbus/status?server=ee8d9159:0
[ 3229069ms] [ERROR] Failed to load resource: net::ERR_CONNECTION_REFUSED @ http://localhost:8000/api/objects/MBTCPMaster1?server=ee8d9159:0
[ 3229069ms] [ERROR] Error загрузки ee8d9159:MBTCPMaster1: TypeError: Failed to fetch
    at fetchObjectData (http://localhost:8000/static/js/app.js:12407:28)
    at loadObjectData (http://localhost:8000/static/js/app.js:14067:28)
    at http://localhost:8000/static/js/app.js:1235:23 @ http://localhost:8000/static/js/app.js:14078
[ 3229420ms] [ERROR] Failed to load resource: net::ERR_CONNECTION_REFUSED @ http://localhost:8000/api/objects/MBTCPMaster1/modbus/status?server=ee8d9159:0
[ 3230067ms] [ERROR] Failed to load resource: net::ERR_CONNECTION_REFUSED @ http://localhost:8000/api/recording/status:0
[ 3230067ms] [ERROR] Failed to load resource: net::ERR_CONNECTION_REFUSED @ http://localhost:8000/api/objects/MBTCPMaster1?server=ee8d9159:0
[ 3230067ms] [ERROR] Error загрузки ee8d9159:MBTCPMaster1: TypeError: Failed to fetch
    at fetchObjectData (http://localhost:8000/static/js/app.js:12407:28)
    at loadObjectData (http://localhost:8000/static/js/app.js:14067:28)
    at http://localhost:8000/static/js/app.js:1235:23 @ http://localhost:8000/static/js/app.js:14078
[ 3230419ms] [ERROR] Failed to load resource: net::ERR_CONNECTION_REFUSED @ http://localhost:8000/api/objects/MBTCPMaster1/modbus/status?server=ee8d9159:0
[ 3231069ms] [ERROR] Failed to load resource: net::ERR_CONNECTION_REFUSED @ http://localhost:8000/api/objects/MBTCPMaster1?server=ee8d9159:0
[ 3231069ms] [ERROR] Error загрузки ee8d9159:MBTCPMaster1: TypeError: Failed to fetch
    at fetchObjectData (http://localhost:8000/static/js/app.js:12407:28)
    at loadObjectData (http://localhost:8000/static/js/app.js:14067:28)
    at http://localhost:8000/static/js/app.js:1235:23 @ http://localhost:8000/static/js/app.js:14078
[ 3231420ms] [ERROR] Failed to load resource: net::ERR_CONNECTION_REFUSED @ http://localhost:8000/api/objects/MBTCPMaster1/modbus/status?server=ee8d9159:0
[ 3232070ms] [ERROR] Failed to load resource: net::ERR_CONNECTION_REFUSED @ http://localhost:8000/api/servers:0
[ 3232070ms] [ERROR] Error обновления списка объектов: TypeError: Failed to fetch
    at fetchServers (http://localhost:8000/static/js/app.js:12333:28)
    at fetchObjects (http://localhost:8000/static/js/app.js:12340:31)
    at refreshObjectsList (http://localhost:8000/static/js/app.js:12388:28)
    at http://localhost:8000/static/js/app.js:1228:9 @ http://localhost:8000/static/js/app.js:12391
[ 3232070ms] [ERROR] Failed to load resource: net::ERR_CONNECTION_REFUSED @ http://localhost:8000/api/objects/MBTCPMaster1?server=ee8d9159:0
[ 3232071ms] [ERROR] Error загрузки ee8d9159:MBTCPMaster1: TypeError: Failed to fetch
    at fetchObjectData (http://localhost:8000/static/js/app.js:12407:28)
    at loadObjectData (http://localhost:8000/static/js/app.js:14067:28)
    at http://localhost:8000/static/js/app.js:1235:23 @ http://localhost:8000/static/js/app.js:14078
[ 3232420ms] [ERROR] Failed to load resource: net::ERR_CONNECTION_REFUSED @ http://localhost:8000/api/objects/MBTCPMaster1/modbus/status?server=ee8d9159:0
[ 3233069ms] [ERROR] Failed to load resource: net::ERR_CONNECTION_REFUSED @ http://localhost:8000/api/objects/MBTCPMaster1?server=ee8d9159:0
[ 3233069ms] [ERROR] Error загрузки ee8d9159:MBTCPMaster1: TypeError: Failed to fetch
    at fetchObjectData (http://localhost:8000/static/js/app.js:12407:28)
    at loadObjectData (http://localhost:8000/static/js/app.js:14067:28)
    at http://localhost:8000/static/js/app.js:1235:23 @ http://localhost:8000/static/js/app.js:14078
[ 3233430ms] [ERROR] Failed to load resource: net::ERR_CONNECTION_REFUSED @ http://localhost:8000/api/objects/MBTCPMaster1/modbus/status?server=ee8d9159:0
[ 3234070ms] [ERROR] Failed to load resource: net::ERR_CONNECTION_REFUSED @ http://localhost:8000/api/objects/MBTCPMaster1?server=ee8d9159:0
[ 3234070ms] [ERROR] Error загрузки ee8d9159:MBTCPMaster1: TypeError: Failed to fetch
    at fetchObjectData (http://localhost:8000/static/js/app.js:12407:28)
    at loadObjectData (http://localhost:8000/static/js/app.js:14067:28)
    at http://localhost:8000/static/js/app.js:1235:23 @ http://localhost:8000/static/js/app.js:14078
[ 3234420ms] [ERROR] Failed to load resource: net::ERR_CONNECTION_REFUSED @ http://localhost:8000/api/objects/MBTCPMaster1/modbus/status?server=ee8d9159:0
[ 3235070ms] [ERROR] Failed to load resource: net::ERR_CONNECTION_REFUSED @ http://localhost:8000/api/recording/status:0
[ 3235070ms] [ERROR] Failed to load resource: net::ERR_CONNECTION_REFUSED @ http://localhost:8000/api/objects/MBTCPMaster1?server=ee8d9159:0
[ 3235070ms] [ERROR] Error загрузки ee8d9159:MBTCPMaster1: TypeError: Failed to fetch
    at fetchObjectData (http://localhost:8000/static/js/app.js:12407:28)
    at loadObjectData (http://localhost:8000/static/js/app.js:14067:28)
    at http://localhost:8000/static/js/app.js:1235:23 @ http://localhost:8000/static/js/app.js:14078
[ 3235419ms] [ERROR] Failed to load resource: net::ERR_CONNECTION_REFUSED @ http://localhost:8000/api/objects/MBTCPMaster1/modbus/status?server=ee8d9159:0
[ 3236070ms] [ERROR] Failed to load resource: net::ERR_CONNECTION_REFUSED @ http://localhost:8000/api/objects/MBTCPMaster1?server=ee8d9159:0
[ 3236070ms] [ERROR] Error загрузки ee8d9159:MBTCPMaster1: TypeError: Failed to fetch
    at fetchObjectData (http://localhost:8000/static/js/app.js:12407:28)
    at loadObjectData (http://localhost:8000/static/js/app.js:14067:28)
    at http://localhost:8000/static/js/app.js:1235:23 @ http://localhost:8000/static/js/app.js:14078
[ 3236420ms] [ERROR] Failed to load resource: net::ERR_CONNECTION_REFUSED @ http://localhost:8000/api/objects/MBTCPMaster1/modbus/status?server=ee8d9159:0
[ 3237070ms] [ERROR] Failed to load resource: net::ERR_CONNECTION_REFUSED @ http://localhost:8000/api/objects/MBTCPMaster1?server=ee8d9159:0
[ 3237070ms] [ERROR] Error загрузки ee8d9159:MBTCPMaster1: TypeError: Failed to fetch
    at fetchObjectData (http://localhost:8000/static/js/app.js:12407:28)
    at loadObjectData (http://localhost:8000/static/js/app.js:14067:28)
    at http://localhost:8000/static/js/app.js:1235:23 @ http://localhost:8000/static/js/app.js:14078
[ 3237420ms] [ERROR] Failed to load resource: net::ERR_CONNECTION_REFUSED @ http://localhost:8000/api/objects/MBTCPMaster1/modbus/status?server=ee8d9159:0
[ 3238071ms] [ERROR] Failed to load resource: net::ERR_CONNECTION_REFUSED @ http://localhost:8000/api/servers:0
[ 3238071ms] [ERROR] Error обновления списка объектов: TypeError: Failed to fetch
    at fetchServers (http://localhost:8000/static/js/app.js:12333:28)
    at fetchObjects (http://localhost:8000/static/js/app.js:12340:31)
    at refreshObjectsList (http://localhost:8000/static/js/app.js:12388:28)
    at http://localhost:8000/static/js/app.js:1228:9 @ http://localhost:8000/static/js/app.js:12391
[ 3238072ms] [ERROR] Failed to load resource: net::ERR_CONNECTION_REFUSED @ http://localhost:8000/api/objects/MBTCPMaster1?server=ee8d9159:0
[ 3238072ms] [ERROR] Error загрузки ee8d9159:MBTCPMaster1: TypeError: Failed to fetch
    at fetchObjectData (http://localhost:8000/static/js/app.js:12407:28)
    at loadObjectData (http://localhost:8000/static/js/app.js:14067:28)
    at http://localhost:8000/static/js/app.js:1235:23 @ http://localhost:8000/static/js/app.js:14078
[ 3238072ms] [ERROR] Failed to load resource: net::ERR_CONNECTION_REFUSED @ http://localhost:8000/api/version:0
[ 3238420ms] [ERROR] Failed to load resource: net::ERR_CONNECTION_REFUSED @ http://localhost:8000/api/objects/MBTCPMaster1/modbus/status?server=ee8d9159:0
[ 3239070ms] [ERROR] Failed to load resource: net::ERR_CONNECTION_REFUSED @ http://localhost:8000/api/objects/MBTCPMaster1?server=ee8d9159:0
[ 3239070ms] [ERROR] Error загрузки ee8d9159:MBTCPMaster1: TypeError: Failed to fetch
    at fetchObjectData (http://localhost:8000/static/js/app.js:12407:28)
    at loadObjectData (http://localhost:8000/static/js/app.js:14067:28)
    at http://localhost:8000/static/js/app.js:1235:23 @ http://localhost:8000/static/js/app.js:14078
[ 3239420ms] [ERROR] Failed to load resource: net::ERR_CONNECTION_REFUSED @ http://localhost:8000/api/objects/MBTCPMaster1/modbus/status?server=ee8d9159:0
[ 3240069ms] [ERROR] Failed to load resource: net::ERR_CONNECTION_REFUSED @ http://localhost:8000/api/recording/status:0
[ 3240069ms] [ERROR] Failed to load resource: net::ERR_CONNECTION_REFUSED @ http://localhost:8000/api/objects/MBTCPMaster1?server=ee8d9159:0
[ 3240069ms] [ERROR] Error загрузки ee8d9159:MBTCPMaster1: TypeError: Failed to fetch
    at fetchObjectData (http://localhost:8000/static/js/app.js:12407:28)
    at loadObjectData (http://localhost:8000/static/js/app.js:14067:28)
    at http://localhost:8000/static/js/app.js:1235:23 @ http://localhost:8000/static/js/app.js:14078
[ 3240419ms] [ERROR] Failed to load resource: net::ERR_CONNECTION_REFUSED @ http://localhost:8000/api/objects/MBTCPMaster1/modbus/status?server=ee8d9159:0
[ 3241070ms] [ERROR] Failed to load resource: net::ERR_CONNECTION_REFUSED @ http://localhost:8000/api/objects/MBTCPMaster1?server=ee8d9159:0
[ 3241070ms] [ERROR] Error загрузки ee8d9159:MBTCPMaster1: TypeError: Failed to fetch
    at fetchObjectData (http://localhost:8000/static/js/app.js:12407:28)
    at loadObjectData (http://localhost:8000/static/js/app.js:14067:28)
    at http://localhost:8000/static/js/app.js:1235:23 @ http://localhost:8000/static/js/app.js:14078
[ 3241420ms] [ERROR] Failed to load resource: net::ERR_CONNECTION_REFUSED @ http://localhost:8000/api/objects/MBTCPMaster1/modbus/status?server=ee8d9159:0
[ 3242070ms] [ERROR] Failed to load resource: net::ERR_CONNECTION_REFUSED @ http://localhost:8000/api/objects/MBTCPMaster1?server=ee8d9159:0
[ 3242070ms] [ERROR] Error загрузки ee8d9159:MBTCPMaster1: TypeError: Failed to fetch
    at fetchObjectData (http://localhost:8000/static/js/app.js:12407:28)
    at loadObjectData (http://localhost:8000/static/js/app.js:14067:28)
    at http://localhost:8000/static/js/app.js:1235:23 @ http://localhost:8000/static/js/app.js:14078
[ 3242420ms] [ERROR] Failed to load resource: net::ERR_CONNECTION_REFUSED @ http://localhost:8000/api/objects/MBTCPMaster1/modbus/status?server=ee8d9159:0
[ 3243070ms] [ERROR] Failed to load resource: net::ERR_CONNECTION_REFUSED @ http://localhost:8000/api/objects/MBTCPMaster1?server=ee8d9159:0
[ 3243070ms] [ERROR] Error загрузки ee8d9159:MBTCPMaster1: TypeError: Failed to fetch
    at fetchObjectData (http://localhost:8000/static/js/app.js:12407:28)
    at loadObjectData (http://localhost:8000/static/js/app.js:14067:28)
    at http://localhost:8000/static/js/app.js:1235:23 @ http://localhost:8000/static/js/app.js:14078
[ 3243420ms] [ERROR] Failed to load resource: net::ERR_CONNECTION_REFUSED @ http://localhost:8000/api/objects/MBTCPMaster1/modbus/status?server=ee8d9159:0
[ 3244070ms] [ERROR] Failed to load resource: net::ERR_CONNECTION_REFUSED @ http://localhost:8000/api/servers:0
[ 3244071ms] [ERROR] Error обновления списка объектов: TypeError: Failed to fetch
    at fetchServers (http://localhost:8000/static/js/app.js:12333:28)
    at fetchObjects (http://localhost:8000/static/js/app.js:12340:31)
    at refreshObjectsList (http://localhost:8000/static/js/app.js:12388:28)
    at http://localhost:8000/static/js/app.js:1228:9 @ http://localhost:8000/static/js/app.js:12391
[ 3244071ms] [ERROR] Failed to load resource: net::ERR_CONNECTION_REFUSED @ http://localhost:8000/api/objects/MBTCPMaster1?server=ee8d9159:0
[ 3244071ms] [ERROR] Error загрузки ee8d9159:MBTCPMaster1: TypeError: Failed to fetch
    at fetchObjectData (http://localhost:8000/static/js/app.js:12407:28)
    at loadObjectData (http://localhost:8000/static/js/app.js:14067:28)
    at http://localhost:8000/static/js/app.js:1235:23 @ http://localhost:8000/static/js/app.js:14078
[ 3244421ms] [ERROR] Failed to load resource: net::ERR_CONNECTION_REFUSED @ http://localhost:8000/api/objects/MBTCPMaster1/modbus/status?server=ee8d9159:0
[ 3245069ms] [ERROR] Failed to load resource: net::ERR_CONNECTION_REFUSED @ http://localhost:8000/api/recording/status:0
[ 3245069ms] [ERROR] Failed to load resource: net::ERR_CONNECTION_REFUSED @ http://localhost:8000/api/objects/MBTCPMaster1?server=ee8d9159:0
[ 3245069ms] [ERROR] Error загрузки ee8d9159:MBTCPMaster1: TypeError: Failed to fetch
    at fetchObjectData (http://localhost:8000/static/js/app.js:12407:28)
    at loadObjectData (http://localhost:8000/static/js/app.js:14067:28)
    at http://localhost:8000/static/js/app.js:1235:23 @ http://localhost:8000/static/js/app.js:14078
[ 3245419ms] [ERROR] Failed to load resource: net::ERR_CONNECTION_REFUSED @ http://localhost:8000/api/objects/MBTCPMaster1/modbus/status?server=ee8d9159:0
[ 3246068ms] [ERROR] Failed to load resource: net::ERR_CONNECTION_REFUSED @ http://localhost:8000/api/objects/MBTCPMaster1?server=ee8d9159:0
[ 3246068ms] [ERROR] Error загрузки ee8d9159:MBTCPMaster1: TypeError: Failed to fetch
    at fetchObjectData (http://localhost:8000/static/js/app.js:12407:28)
    at loadObjectData (http://localhost:8000/static/js/app.js:14067:28)
    at http://localhost:8000/static/js/app.js:1235:23 @ http://localhost:8000/static/js/app.js:14078
[ 3246419ms] [ERROR] Failed to load resource: net::ERR_CONNECTION_REFUSED @ http://localhost:8000/api/objects/MBTCPMaster1/modbus/status?server=ee8d9159:0
[ 3247070ms] [ERROR] Failed to load resource: net::ERR_CONNECTION_REFUSED @ http://localhost:8000/api/objects/MBTCPMaster1?server=ee8d9159:0
[ 3247070ms] [ERROR] Error загрузки ee8d9159:MBTCPMaster1: TypeError: Failed to fetch
    at fetchObjectData (http://localhost:8000/static/js/app.js:12407:28)
    at loadObjectData (http://localhost:8000/static/js/app.js:14067:28)
    at http://localhost:8000/static/js/app.js:1235:23 @ http://localhost:8000/static/js/app.js:14078
[ 3247420ms] [ERROR] Failed to load resource: net::ERR_CONNECTION_REFUSED @ http://localhost:8000/api/objects/MBTCPMaster1/modbus/status?server=ee8d9159:0
[ 3248069ms] [ERROR] Failed to load resource: net::ERR_CONNECTION_REFUSED @ http://localhost:8000/api/objects/MBTCPMaster1?server=ee8d9159:0
[ 3248070ms] [ERROR] Error загрузки ee8d9159:MBTCPMaster1: TypeError: Failed to fetch
    at fetchObjectData (http://localhost:8000/static/js/app.js:12407:28)
    at loadObjectData (http://localhost:8000/static/js/app.js:14067:28)
    at http://localhost:8000/static/js/app.js:1235:23 @ http://localhost:8000/static/js/app.js:14078
[ 3248420ms] [ERROR] Failed to load resource: net::ERR_CONNECTION_REFUSED @ http://localhost:8000/api/objects/MBTCPMaster1/modbus/status?server=ee8d9159:0
[ 3249070ms] [ERROR] Failed to load resource: net::ERR_CONNECTION_REFUSED @ http://localhost:8000/api/objects/MBTCPMaster1?server=ee8d9159:0
[ 3249070ms] [ERROR] Error загрузки ee8d9159:MBTCPMaster1: TypeError: Failed to fetch
    at fetchObjectData (http://localhost:8000/static/js/app.js:12407:28)
    at loadObjectData (http://localhost:8000/static/js/app.js:14067:28)
    at http://localhost:8000/static/js/app.js:1235:23 @ http://localhost:8000/static/js/app.js:14078
[ 3249420ms] [ERROR] Failed to load resource: net::ERR_CONNECTION_REFUSED @ http://localhost:8000/api/objects/MBTCPMaster1/modbus/status?server=ee8d9159:0
[ 3250067ms] [ERROR] Failed to load resource: net::ERR_CONNECTION_REFUSED @ http://localhost:8000/api/recording/status:0
[ 3250067ms] [ERROR] Failed to load resource: net::ERR_CONNECTION_REFUSED @ http://localhost:8000/api/servers:0
[ 3250067ms] [ERROR] Error обновления списка объектов: TypeError: Failed to fetch
    at fetchServers (http://localhost:8000/static/js/app.js:12333:28)
    at fetchObjects (http://localhost:8000/static/js/app.js:12340:31)
    at refreshObjectsList (http://localhost:8000/static/js/app.js:12388:28)
    at http://localhost:8000/static/js/app.js:1228:9 @ http://localhost:8000/static/js/app.js:12391
[ 3250068ms] [ERROR] Failed to load resource: net::ERR_CONNECTION_REFUSED @ http://localhost:8000/api/objects/MBTCPMaster1?server=ee8d9159:0
[ 3250068ms] [ERROR] Error загрузки ee8d9159:MBTCPMaster1: TypeError: Failed to fetch
    at fetchObjectData (http://localhost:8000/static/js/app.js:12407:28)
    at loadObjectData (http://localhost:8000/static/js/app.js:14067:28)
    at http://localhost:8000/static/js/app.js:1235:23 @ http://localhost:8000/static/js/app.js:14078
[ 3250419ms] [ERROR] Failed to load resource: net::ERR_CONNECTION_REFUSED @ http://localhost:8000/api/objects/MBTCPMaster1/modbus/status?server=ee8d9159:0
[ 3251070ms] [ERROR] Failed to load resource: net::ERR_CONNECTION_REFUSED @ http://localhost:8000/api/objects/MBTCPMaster1?server=ee8d9159:0
[ 3251070ms] [ERROR] Error загрузки ee8d9159:MBTCPMaster1: TypeError: Failed to fetch
    at fetchObjectData (http://localhost:8000/static/js/app.js:12407:28)
    at loadObjectData (http://localhost:8000/static/js/app.js:14067:28)
    at http://localhost:8000/static/js/app.js:1235:23 @ http://localhost:8000/static/js/app.js:14078
[ 3251420ms] [ERROR] Failed to load resource: net::ERR_CONNECTION_REFUSED @ http://localhost:8000/api/objects/MBTCPMaster1/modbus/status?server=ee8d9159:0
[ 3252068ms] [ERROR] Failed to load resource: net::ERR_CONNECTION_REFUSED @ http://localhost:8000/api/objects/MBTCPMaster1?server=ee8d9159:0
[ 3252068ms] [ERROR] Error загрузки ee8d9159:MBTCPMaster1: TypeError: Failed to fetch
    at fetchObjectData (http://localhost:8000/static/js/app.js:12407:28)
    at loadObjectData (http://localhost:8000/static/js/app.js:14067:28)
    at http://localhost:8000/static/js/app.js:1235:23 @ http://localhost:8000/static/js/app.js:14078
[ 3252418ms] [ERROR] Failed to load resource: net::ERR_CONNECTION_REFUSED @ http://localhost:8000/api/objects/MBTCPMaster1/modbus/status?server=ee8d9159:0
[ 3253068ms] [ERROR] Failed to load resource: net::ERR_CONNECTION_REFUSED @ http://localhost:8000/api/objects/MBTCPMaster1?server=ee8d9159:0
[ 3253068ms] [ERROR] Error загрузки ee8d9159:MBTCPMaster1: TypeError: Failed to fetch
    at fetchObjectData (http://localhost:8000/static/js/app.js:12407:28)
    at loadObjectData (http://localhost:8000/static/js/app.js:14067:28)
    at http://localhost:8000/static/js/app.js:1235:23 @ http://localhost:8000/static/js/app.js:14078
[ 3253421ms] [ERROR] Failed to load resource: net::ERR_CONNECTION_REFUSED @ http://localhost:8000/api/objects/MBTCPMaster1/modbus/status?server=ee8d9159:0
[ 3254070ms] [ERROR] Failed to load resource: net::ERR_CONNECTION_REFUSED @ http://localhost:8000/api/objects/MBTCPMaster1?server=ee8d9159:0
[ 3254070ms] [ERROR] Error загрузки ee8d9159:MBTCPMaster1: TypeError: Failed to fetch
    at fetchObjectData (http://localhost:8000/static/js/app.js:12407:28)
    at loadObjectData (http://localhost:8000/static/js/app.js:14067:28)
    at http://localhost:8000/static/js/app.js:1235:23 @ http://localhost:8000/static/js/app.js:14078
[ 3254420ms] [ERROR] Failed to load resource: net::ERR_CONNECTION_REFUSED @ http://localhost:8000/api/objects/MBTCPMaster1/modbus/status?server=ee8d9159:0
[ 3255069ms] [ERROR] Failed to load resource: net::ERR_CONNECTION_REFUSED @ http://localhost:8000/api/recording/status:0
[ 3255069ms] [ERROR] Failed to load resource: net::ERR_CONNECTION_REFUSED @ http://localhost:8000/api/objects/MBTCPMaster1?server=ee8d9159:0
[ 3255069ms] [ERROR] Error загрузки ee8d9159:MBTCPMaster1: TypeError: Failed to fetch
    at fetchObjectData (http://localhost:8000/static/js/app.js:12407:28)
    at loadObjectData (http://localhost:8000/static/js/app.js:14067:28)
    at http://localhost:8000/static/js/app.js:1235:23 @ http://localhost:8000/static/js/app.js:14078
[ 3255419ms] [ERROR] Failed to load resource: net::ERR_CONNECTION_REFUSED @ http://localhost:8000/api/objects/MBTCPMaster1/modbus/status?server=ee8d9159:0
[ 3256070ms] [ERROR] Failed to load resource: net::ERR_CONNECTION_REFUSED @ http://localhost:8000/api/servers:0
[ 3256070ms] [ERROR] Error обновления списка объектов: TypeError: Failed to fetch
    at fetchServers (http://localhost:8000/static/js/app.js:12333:28)
    at fetchObjects (http://localhost:8000/static/js/app.js:12340:31)
    at refreshObjectsList (http://localhost:8000/static/js/app.js:12388:28)
    at http://localhost:8000/static/js/app.js:1228:9 @ http://localhost:8000/static/js/app.js:12391
[ 3256071ms] [ERROR] Failed to load resource: net::ERR_CONNECTION_REFUSED @ http://localhost:8000/api/objects/MBTCPMaster1?server=ee8d9159:0
[ 3256071ms] [ERROR] Error загрузки ee8d9159:MBTCPMaster1: TypeError: Failed to fetch
    at fetchObjectData (http://localhost:8000/static/js/app.js:12407:28)
    at loadObjectData (http://localhost:8000/static/js/app.js:14067:28)
    at http://localhost:8000/static/js/app.js:1235:23 @ http://localhost:8000/static/js/app.js:14078
[ 3256419ms] [ERROR] Failed to load resource: net::ERR_CONNECTION_REFUSED @ http://localhost:8000/api/objects/MBTCPMaster1/modbus/status?server=ee8d9159:0
[ 3257071ms] [ERROR] Failed to load resource: net::ERR_CONNECTION_REFUSED @ http://localhost:8000/api/objects/MBTCPMaster1?server=ee8d9159:0
[ 3257071ms] [ERROR] Error загрузки ee8d9159:MBTCPMaster1: TypeError: Failed to fetch
    at fetchObjectData (http://localhost:8000/static/js/app.js:12407:28)
    at loadObjectData (http://localhost:8000/static/js/app.js:14067:28)
    at http://localhost:8000/static/js/app.js:1235:23 @ http://localhost:8000/static/js/app.js:14078
[ 3257419ms] [ERROR] Failed to load resource: net::ERR_CONNECTION_REFUSED @ http://localhost:8000/api/objects/MBTCPMaster1/modbus/status?server=ee8d9159:0
[ 3258069ms] [ERROR] Failed to load resource: net::ERR_CONNECTION_REFUSED @ http://localhost:8000/api/objects/MBTCPMaster1?server=ee8d9159:0
[ 3258069ms] [ERROR] Error загрузки ee8d9159:MBTCPMaster1: TypeError: Failed to fetch
    at fetchObjectData (http://localhost:8000/static/js/app.js:12407:28)
    at loadObjectData (http://localhost:8000/static/js/app.js:14067:28)
    at http://localhost:8000/static/js/app.js:1235:23 @ http://localhost:8000/static/js/app.js:14078
[ 3258420ms] [ERROR] Failed to load resource: net::ERR_CONNECTION_REFUSED @ http://localhost:8000/api/objects/MBTCPMaster1/modbus/status?server=ee8d9159:0
[ 3259069ms] [ERROR] Failed to load resource: net::ERR_CONNECTION_REFUSED @ http://localhost:8000/api/objects/MBTCPMaster1?server=ee8d9159:0
[ 3259069ms] [ERROR] Error загрузки ee8d9159:MBTCPMaster1: TypeError: Failed to fetch
    at fetchObjectData (http://localhost:8000/static/js/app.js:12407:28)
    at loadObjectData (http://localhost:8000/static/js/app.js:14067:28)
    at http://localhost:8000/static/js/app.js:1235:23 @ http://localhost:8000/static/js/app.js:14078
[ 3259420ms] [ERROR] Failed to load resource: net::ERR_CONNECTION_REFUSED @ http://localhost:8000/api/objects/MBTCPMaster1/modbus/status?server=ee8d9159:0
[ 3260069ms] [ERROR] Failed to load resource: net::ERR_CONNECTION_REFUSED @ http://localhost:8000/api/recording/status:0
[ 3260070ms] [ERROR] Failed to load resource: net::ERR_CONNECTION_REFUSED @ http://localhost:8000/api/objects/MBTCPMaster1?server=ee8d9159:0
[ 3260070ms] [ERROR] Error загрузки ee8d9159:MBTCPMaster1: TypeError: Failed to fetch
    at fetchObjectData (http://localhost:8000/static/js/app.js:12407:28)
    at loadObjectData (http://localhost:8000/static/js/app.js:14067:28)
    at http://localhost:8000/static/js/app.js:1235:23 @ http://localhost:8000/static/js/app.js:14078
[ 3260419ms] [ERROR] Failed to load resource: net::ERR_CONNECTION_REFUSED @ http://localhost:8000/api/objects/MBTCPMaster1/modbus/status?server=ee8d9159:0
[ 3261070ms] [ERROR] Failed to load resource: net::ERR_CONNECTION_REFUSED @ http://localhost:8000/api/objects/MBTCPMaster1?server=ee8d9159:0
[ 3261070ms] [ERROR] Error загрузки ee8d9159:MBTCPMaster1: TypeError: Failed to fetch
    at fetchObjectData (http://localhost:8000/static/js/app.js:12407:28)
    at loadObjectData (http://localhost:8000/static/js/app.js:14067:28)
    at http://localhost:8000/static/js/app.js:1235:23 @ http://localhost:8000/static/js/app.js:14078
[ 3261420ms] [ERROR] Failed to load resource: net::ERR_CONNECTION_REFUSED @ http://localhost:8000/api/objects/MBTCPMaster1/modbus/status?server=ee8d9159:0
[ 3262071ms] [ERROR] Failed to load resource: net::ERR_CONNECTION_REFUSED @ http://localhost:8000/api/servers:0
[ 3262071ms] [ERROR] Error обновления списка объектов: TypeError: Failed to fetch
    at fetchServers (http://localhost:8000/static/js/app.js:12333:28)
    at fetchObjects (http://localhost:8000/static/js/app.js:12340:31)
    at refreshObjectsList (http://localhost:8000/static/js/app.js:12388:28)
    at http://localhost:8000/static/js/app.js:1228:9 @ http://localhost:8000/static/js/app.js:12391
[ 3262072ms] [ERROR] Failed to load resource: net::ERR_CONNECTION_REFUSED @ http://localhost:8000/api/objects/MBTCPMaster1?server=ee8d9159:0
[ 3262072ms] [ERROR] Error загрузки ee8d9159:MBTCPMaster1: TypeError: Failed to fetch
    at fetchObjectData (http://localhost:8000/static/js/app.js:12407:28)
    at loadObjectData (http://localhost:8000/static/js/app.js:14067:28)
    at http://localhost:8000/static/js/app.js:1235:23 @ http://localhost:8000/static/js/app.js:14078
[ 3262420ms] [ERROR] Failed to load resource: net::ERR_CONNECTION_REFUSED @ http://localhost:8000/api/objects/MBTCPMaster1/modbus/status?server=ee8d9159:0
[ 3263070ms] [ERROR] Failed to load resource: net::ERR_CONNECTION_REFUSED @ http://localhost:8000/api/objects/MBTCPMaster1?server=ee8d9159:0
[ 3263070ms] [ERROR] Error загрузки ee8d9159:MBTCPMaster1: TypeError: Failed to fetch
    at fetchObjectData (http://localhost:8000/static/js/app.js:12407:28)
    at loadObjectData (http://localhost:8000/static/js/app.js:14067:28)
    at http://localhost:8000/static/js/app.js:1235:23 @ http://localhost:8000/static/js/app.js:14078
[ 3263420ms] [ERROR] Failed to load resource: net::ERR_CONNECTION_REFUSED @ http://localhost:8000/api/objects/MBTCPMaster1/modbus/status?server=ee8d9159:0
[ 3264069ms] [ERROR] Failed to load resource: net::ERR_CONNECTION_REFUSED @ http://localhost:8000/api/objects/MBTCPMaster1?server=ee8d9159:0
[ 3264069ms] [ERROR] Error загрузки ee8d9159:MBTCPMaster1: TypeError: Failed to fetch
    at fetchObjectData (http://localhost:8000/static/js/app.js:12407:28)
    at loadObjectData (http://localhost:8000/static/js/app.js:14067:28)
    at http://localhost:8000/static/js/app.js:1235:23 @ http://localhost:8000/static/js/app.js:14078
[ 3264420ms] [ERROR] Failed to load resource: net::ERR_CONNECTION_REFUSED @ http://localhost:8000/api/objects/MBTCPMaster1/modbus/status?server=ee8d9159:0
[ 3265069ms] [ERROR] Failed to load resource: net::ERR_CONNECTION_REFUSED @ http://localhost:8000/api/recording/status:0
[ 3265070ms] [ERROR] Failed to load resource: net::ERR_CONNECTION_REFUSED @ http://localhost:8000/api/objects/MBTCPMaster1?server=ee8d9159:0
[ 3265070ms] [ERROR] Error загрузки ee8d9159:MBTCPMaster1: TypeError: Failed to fetch
    at fetchObjectData (http://localhost:8000/static/js/app.js:12407:28)
    at loadObjectData (http://localhost:8000/static/js/app.js:14067:28)
    at http://localhost:8000/static/js/app.js:1235:23 @ http://localhost:8000/static/js/app.js:14078
[ 3265419ms] [ERROR] Failed to load resource: net::ERR_CONNECTION_REFUSED @ http://localhost:8000/api/objects/MBTCPMaster1/modbus/status?server=ee8d9159:0
[ 3266070ms] [ERROR] Failed to load resource: net::ERR_CONNECTION_REFUSED @ http://localhost:8000/api/objects/MBTCPMaster1?server=ee8d9159:0
[ 3266070ms] [ERROR] Error загрузки ee8d9159:MBTCPMaster1: TypeError: Failed to fetch
    at fetchObjectData (http://localhost:8000/static/js/app.js:12407:28)
    at loadObjectData (http://localhost:8000/static/js/app.js:14067:28)
    at http://localhost:8000/static/js/app.js:1235:23 @ http://localhost:8000/static/js/app.js:14078
[ 3266419ms] [ERROR] Failed to load resource: net::ERR_CONNECTION_REFUSED @ http://localhost:8000/api/objects/MBTCPMaster1/modbus/status?server=ee8d9159:0
[ 3267068ms] [ERROR] Failed to load resource: net::ERR_CONNECTION_REFUSED @ http://localhost:8000/api/objects/MBTCPMaster1?server=ee8d9159:0
[ 3267068ms] [ERROR] Error загрузки ee8d9159:MBTCPMaster1: TypeError: Failed to fetch
    at fetchObjectData (http://localhost:8000/static/js/app.js:12407:28)
    at loadObjectData (http://localhost:8000/static/js/app.js:14067:28)
    at http://localhost:8000/static/js/app.js:1235:23 @ http://localhost:8000/static/js/app.js:14078
[ 3267418ms] [ERROR] Failed to load resource: net::ERR_CONNECTION_REFUSED @ http://localhost:8000/api/objects/MBTCPMaster1/modbus/status?server=ee8d9159:0
[ 3268071ms] [ERROR] Failed to load resource: net::ERR_CONNECTION_REFUSED @ http://localhost:8000/api/servers:0
[ 3268071ms] [ERROR] Error обновления списка объектов: TypeError: Failed to fetch
    at fetchServers (http://localhost:8000/static/js/app.js:12333:28)
    at fetchObjects (http://localhost:8000/static/js/app.js:12340:31)
    at refreshObjectsList (http://localhost:8000/static/js/app.js:12388:28)
    at http://localhost:8000/static/js/app.js:1228:9 @ http://localhost:8000/static/js/app.js:12391
[ 3268072ms] [ERROR] Failed to load resource: net::ERR_CONNECTION_REFUSED @ http://localhost:8000/api/objects/MBTCPMaster1?server=ee8d9159:0
[ 3268072ms] [ERROR] Error загрузки ee8d9159:MBTCPMaster1: TypeError: Failed to fetch
    at fetchObjectData (http://localhost:8000/static/js/app.js:12407:28)
    at loadObjectData (http://localhost:8000/static/js/app.js:14067:28)
    at http://localhost:8000/static/js/app.js:1235:23 @ http://localhost:8000/static/js/app.js:14078
[ 3268072ms] [ERROR] Failed to load resource: net::ERR_CONNECTION_REFUSED @ http://localhost:8000/api/version:0
[ 3268420ms] [ERROR] Failed to load resource: net::ERR_CONNECTION_REFUSED @ http://localhost:8000/api/objects/MBTCPMaster1/modbus/status?server=ee8d9159:0
[ 3269070ms] [ERROR] Failed to load resource: net::ERR_CONNECTION_REFUSED @ http://localhost:8000/api/objects/MBTCPMaster1?server=ee8d9159:0
[ 3269070ms] [ERROR] Error загрузки ee8d9159:MBTCPMaster1: TypeError: Failed to fetch
    at fetchObjectData (http://localhost:8000/static/js/app.js:12407:28)
    at loadObjectData (http://localhost:8000/static/js/app.js:14067:28)
    at http://localhost:8000/static/js/app.js:1235:23 @ http://localhost:8000/static/js/app.js:14078
[ 3269420ms] [ERROR] Failed to load resource: net::ERR_CONNECTION_REFUSED @ http://localhost:8000/api/objects/MBTCPMaster1/modbus/status?server=ee8d9159:0
[ 3270068ms] [ERROR] Failed to load resource: net::ERR_CONNECTION_REFUSED @ http://localhost:8000/api/recording/status:0
[ 3270068ms] [ERROR] Failed to load resource: net::ERR_CONNECTION_REFUSED @ http://localhost:8000/api/objects/MBTCPMaster1?server=ee8d9159:0
[ 3270068ms] [ERROR] Error загрузки ee8d9159:MBTCPMaster1: TypeError: Failed to fetch
    at fetchObjectData (http://localhost:8000/static/js/app.js:12407:28)
    at loadObjectData (http://localhost:8000/static/js/app.js:14067:28)
    at http://localhost:8000/static/js/app.js:1235:23 @ http://localhost:8000/static/js/app.js:14078
[ 3270419ms] [ERROR] Failed to load resource: net::ERR_CONNECTION_REFUSED @ http://localhost:8000/api/objects/MBTCPMaster1/modbus/status?server=ee8d9159:0
[ 3271068ms] [ERROR] Failed to load resource: net::ERR_CONNECTION_REFUSED @ http://localhost:8000/api/objects/MBTCPMaster1?server=ee8d9159:0
[ 3271068ms] [ERROR] Error загрузки ee8d9159:MBTCPMaster1: TypeError: Failed to fetch
    at fetchObjectData (http://localhost:8000/static/js/app.js:12407:28)
    at loadObjectData (http://localhost:8000/static/js/app.js:14067:28)
    at http://localhost:8000/static/js/app.js:1235:23 @ http://localhost:8000/static/js/app.js:14078
[ 3271420ms] [ERROR] Failed to load resource: net::ERR_CONNECTION_REFUSED @ http://localhost:8000/api/objects/MBTCPMaster1/modbus/status?server=ee8d9159:0
[ 3272070ms] [ERROR] Failed to load resource: net::ERR_CONNECTION_REFUSED @ http://localhost:8000/api/objects/MBTCPMaster1?server=ee8d9159:0
[ 3272070ms] [ERROR] Error загрузки ee8d9159:MBTCPMaster1: TypeError: Failed to fetch
    at fetchObjectData (http://localhost:8000/static/js/app.js:12407:28)
    at loadObjectData (http://localhost:8000/static/js/app.js:14067:28)
    at http://localhost:8000/static/js/app.js:1235:23 @ http://localhost:8000/static/js/app.js:14078
[ 3272420ms] [ERROR] Failed to load resource: net::ERR_CONNECTION_REFUSED @ http://localhost:8000/api/objects/MBTCPMaster1/modbus/status?server=ee8d9159:0
[ 3273069ms] [ERROR] Failed to load resource: net::ERR_CONNECTION_REFUSED @ http://localhost:8000/api/objects/MBTCPMaster1?server=ee8d9159:0
[ 3273069ms] [ERROR] Error загрузки ee8d9159:MBTCPMaster1: TypeError: Failed to fetch
    at fetchObjectData (http://localhost:8000/static/js/app.js:12407:28)
    at loadObjectData (http://localhost:8000/static/js/app.js:14067:28)
    at http://localhost:8000/static/js/app.js:1235:23 @ http://localhost:8000/static/js/app.js:14078
[ 3273420ms] [ERROR] Failed to load resource: net::ERR_CONNECTION_REFUSED @ http://localhost:8000/api/objects/MBTCPMaster1/modbus/status?server=ee8d9159:0
[ 3274070ms] [ERROR] Failed to load resource: net::ERR_CONNECTION_REFUSED @ http://localhost:8000/api/servers:0
[ 3274070ms] [ERROR] Error обновления списка объектов: TypeError: Failed to fetch
    at fetchServers (http://localhost:8000/static/js/app.js:12333:28)
    at fetchObjects (http://localhost:8000/static/js/app.js:12340:31)
    at refreshObjectsList (http://localhost:8000/static/js/app.js:12388:28)
    at http://localhost:8000/static/js/app.js:1228:9 @ http://localhost:8000/static/js/app.js:12391
[ 3274071ms] [ERROR] Failed to load resource: net::ERR_CONNECTION_REFUSED @ http://localhost:8000/api/objects/MBTCPMaster1?server=ee8d9159:0
[ 3274071ms] [ERROR] Error загрузки ee8d9159:MBTCPMaster1: TypeError: Failed to fetch
    at fetchObjectData (http://localhost:8000/static/js/app.js:12407:28)
    at loadObjectData (http://localhost:8000/static/js/app.js:14067:28)
    at http://localhost:8000/static/js/app.js:1235:23 @ http://localhost:8000/static/js/app.js:14078
[ 3274419ms] [ERROR] Failed to load resource: net::ERR_CONNECTION_REFUSED @ http://localhost:8000/api/objects/MBTCPMaster1/modbus/status?server=ee8d9159:0
[ 3275068ms] [ERROR] Failed to load resource: net::ERR_CONNECTION_REFUSED @ http://localhost:8000/api/recording/status:0
[ 3275068ms] [ERROR] Failed to load resource: net::ERR_CONNECTION_REFUSED @ http://localhost:8000/api/objects/MBTCPMaster1?server=ee8d9159:0
[ 3275068ms] [ERROR] Error загрузки ee8d9159:MBTCPMaster1: TypeError: Failed to fetch
    at fetchObjectData (http://localhost:8000/static/js/app.js:12407:28)
    at loadObjectData (http://localhost:8000/static/js/app.js:14067:28)
    at http://localhost:8000/static/js/app.js:1235:23 @ http://localhost:8000/static/js/app.js:14078
[ 3275419ms] [ERROR] Failed to load resource: net::ERR_CONNECTION_REFUSED @ http://localhost:8000/api/objects/MBTCPMaster1/modbus/status?server=ee8d9159:0
[ 3276070ms] [ERROR] Failed to load resource: net::ERR_CONNECTION_REFUSED @ http://localhost:8000/api/objects/MBTCPMaster1?server=ee8d9159:0
[ 3276070ms] [ERROR] Error загрузки ee8d9159:MBTCPMaster1: TypeError: Failed to fetch
    at fetchObjectData (http://localhost:8000/static/js/app.js:12407:28)
    at loadObjectData (http://localhost:8000/static/js/app.js:14067:28)
    at http://localhost:8000/static/js/app.js:1235:23 @ http://localhost:8000/static/js/app.js:14078
[ 3276420ms] [ERROR] Failed to load resource: net::ERR_CONNECTION_REFUSED @ http://localhost:8000/api/objects/MBTCPMaster1/modbus/status?server=ee8d9159:0
[ 3277069ms] [ERROR] Failed to load resource: net::ERR_CONNECTION_REFUSED @ http://localhost:8000/api/objects/MBTCPMaster1?server=ee8d9159:0
[ 3277069ms] [ERROR] Error загрузки ee8d9159:MBTCPMaster1: TypeError: Failed to fetch
    at fetchObjectData (http://localhost:8000/static/js/app.js:12407:28)
    at loadObjectData (http://localhost:8000/static/js/app.js:14067:28)
    at http://localhost:8000/static/js/app.js:1235:23 @ http://localhost:8000/static/js/app.js:14078
[ 3277418ms] [ERROR] Failed to load resource: net::ERR_CONNECTION_REFUSED @ http://localhost:8000/api/objects/MBTCPMaster1/modbus/status?server=ee8d9159:0
[ 3278070ms] [ERROR] Failed to load resource: net::ERR_CONNECTION_REFUSED @ http://localhost:8000/api/objects/MBTCPMaster1?server=ee8d9159:0
[ 3278070ms] [ERROR] Error загрузки ee8d9159:MBTCPMaster1: TypeError: Failed to fetch
    at fetchObjectData (http://localhost:8000/static/js/app.js:12407:28)
    at loadObjectData (http://localhost:8000/static/js/app.js:14067:28)
    at http://localhost:8000/static/js/app.js:1235:23 @ http://localhost:8000/static/js/app.js:14078
[ 3278420ms] [ERROR] Failed to load resource: net::ERR_CONNECTION_REFUSED @ http://localhost:8000/api/objects/MBTCPMaster1/modbus/status?server=ee8d9159:0
[ 3279070ms] [ERROR] Failed to load resource: net::ERR_CONNECTION_REFUSED @ http://localhost:8000/api/objects/MBTCPMaster1?server=ee8d9159:0
[ 3279070ms] [ERROR] Error загрузки ee8d9159:MBTCPMaster1: TypeError: Failed to fetch
    at fetchObjectData (http://localhost:8000/static/js/app.js:12407:28)
    at loadObjectData (http://localhost:8000/static/js/app.js:14067:28)
    at http://localhost:8000/static/js/app.js:1235:23 @ http://localhost:8000/static/js/app.js:14078
[ 3279419ms] [ERROR] Failed to load resource: net::ERR_CONNECTION_REFUSED @ http://localhost:8000/api/objects/MBTCPMaster1/modbus/status?server=ee8d9159:0
[ 3280069ms] [ERROR] Failed to load resource: net::ERR_CONNECTION_REFUSED @ http://localhost:8000/api/recording/status:0
[ 3280069ms] [ERROR] Failed to load resource: net::ERR_CONNECTION_REFUSED @ http://localhost:8000/api/servers:0
[ 3280069ms] [ERROR] Error обновления списка объектов: TypeError: Failed to fetch
    at fetchServers (http://localhost:8000/static/js/app.js:12333:28)
    at fetchObjects (http://localhost:8000/static/js/app.js:12340:31)
    at refreshObjectsList (http://localhost:8000/static/js/app.js:12388:28)
    at http://localhost:8000/static/js/app.js:1228:9 @ http://localhost:8000/static/js/app.js:12391
[ 3280069ms] [ERROR] Failed to load resource: net::ERR_CONNECTION_REFUSED @ http://localhost:8000/api/objects/MBTCPMaster1?server=ee8d9159:0
[ 3280069ms] [ERROR] Error загрузки ee8d9159:MBTCPMaster1: TypeError: Failed to fetch
    at fetchObjectData (http://localhost:8000/static/js/app.js:12407:28)
    at loadObjectData (http://localhost:8000/static/js/app.js:14067:28)
    at http://localhost:8000/static/js/app.js:1235:23 @ http://localhost:8000/static/js/app.js:14078
[ 3280419ms] [ERROR] Failed to load resource: net::ERR_CONNECTION_REFUSED @ http://localhost:8000/api/objects/MBTCPMaster1/modbus/status?server=ee8d9159:0
[ 3281069ms] [ERROR] Failed to load resource: net::ERR_CONNECTION_REFUSED @ http://localhost:8000/api/objects/MBTCPMaster1?server=ee8d9159:0
[ 3281069ms] [ERROR] Error загрузки ee8d9159:MBTCPMaster1: TypeError: Failed to fetch
    at fetchObjectData (http://localhost:8000/static/js/app.js:12407:28)
    at loadObjectData (http://localhost:8000/static/js/app.js:14067:28)
    at http://localhost:8000/static/js/app.js:1235:23 @ http://localhost:8000/static/js/app.js:14078
[ 3281420ms] [ERROR] Failed to load resource: net::ERR_CONNECTION_REFUSED @ http://localhost:8000/api/objects/MBTCPMaster1/modbus/status?server=ee8d9159:0
[ 3282070ms] [ERROR] Failed to load resource: net::ERR_CONNECTION_REFUSED @ http://localhost:8000/api/objects/MBTCPMaster1?server=ee8d9159:0
[ 3282070ms] [ERROR] Error загрузки ee8d9159:MBTCPMaster1: TypeError: Failed to fetch
    at fetchObjectData (http://localhost:8000/static/js/app.js:12407:28)
    at loadObjectData (http://localhost:8000/static/js/app.js:14067:28)
    at http://localhost:8000/static/js/app.js:1235:23 @ http://localhost:8000/static/js/app.js:14078
[ 3282420ms] [ERROR] Failed to load resource: net::ERR_CONNECTION_REFUSED @ http://localhost:8000/api/objects/MBTCPMaster1/modbus/status?server=ee8d9159:0
[ 3283068ms] [ERROR] Failed to load resource: net::ERR_CONNECTION_REFUSED @ http://localhost:8000/api/objects/MBTCPMaster1?server=ee8d9159:0
[ 3283068ms] [ERROR] Error загрузки ee8d9159:MBTCPMaster1: TypeError: Failed to fetch
    at fetchObjectData (http://localhost:8000/static/js/app.js:12407:28)
    at loadObjectData (http://localhost:8000/static/js/app.js:14067:28)
    at http://localhost:8000/static/js/app.js:1235:23 @ http://localhost:8000/static/js/app.js:14078
[ 3283422ms] [ERROR] Failed to load resource: net::ERR_CONNECTION_REFUSED @ http://localhost:8000/api/objects/MBTCPMaster1/modbus/status?server=ee8d9159:0
[ 3284069ms] [ERROR] Failed to load resource: net::ERR_CONNECTION_REFUSED @ http://localhost:8000/api/objects/MBTCPMaster1?server=ee8d9159:0
[ 3284069ms] [ERROR] Error загрузки ee8d9159:MBTCPMaster1: TypeError: Failed to fetch
    at fetchObjectData (http://localhost:8000/static/js/app.js:12407:28)
    at loadObjectData (http://localhost:8000/static/js/app.js:14067:28)
    at http://localhost:8000/static/js/app.js:1235:23 @ http://localhost:8000/static/js/app.js:14078
[ 3284419ms] [ERROR] Failed to load resource: net::ERR_CONNECTION_REFUSED @ http://localhost:8000/api/objects/MBTCPMaster1/modbus/status?server=ee8d9159:0
[ 3285068ms] [ERROR] Failed to load resource: net::ERR_CONNECTION_REFUSED @ http://localhost:8000/api/recording/status:0
[ 3285068ms] [ERROR] Failed to load resource: net::ERR_CONNECTION_REFUSED @ http://localhost:8000/api/objects/MBTCPMaster1?server=ee8d9159:0
[ 3285068ms] [ERROR] Error загрузки ee8d9159:MBTCPMaster1: TypeError: Failed to fetch
    at fetchObjectData (http://localhost:8000/static/js/app.js:12407:28)
    at loadObjectData (http://localhost:8000/static/js/app.js:14067:28)
    at http://localhost:8000/static/js/app.js:1235:23 @ http://localhost:8000/static/js/app.js:14078
[ 3285419ms] [ERROR] Failed to load resource: net::ERR_CONNECTION_REFUSED @ http://localhost:8000/api/objects/MBTCPMaster1/modbus/status?server=ee8d9159:0
[ 3286071ms] [ERROR] Failed to load resource: net::ERR_CONNECTION_REFUSED @ http://localhost:8000/api/servers:0
[ 3286071ms] [ERROR] Error обновления списка объектов: TypeError: Failed to fetch
    at fetchServers (http://localhost:8000/static/js/app.js:12333:28)
    at fetchObjects (http://localhost:8000/static/js/app.js:12340:31)
    at refreshObjectsList (http://localhost:8000/static/js/app.js:12388:28)
    at http://localhost:8000/static/js/app.js:1228:9 @ http://localhost:8000/static/js/app.js:12391
[ 3286071ms] [ERROR] Failed to load resource: net::ERR_CONNECTION_REFUSED @ http://localhost:8000/api/objects/MBTCPMaster1?server=ee8d9159:0
[ 3286071ms] [ERROR] Error загрузки ee8d9159:MBTCPMaster1: TypeError: Failed to fetch
    at fetchObjectData (http://localhost:8000/static/js/app.js:12407:28)
    at loadObjectData (http://localhost:8000/static/js/app.js:14067:28)
    at http://localhost:8000/static/js/app.js:1235:23 @ http://localhost:8000/static/js/app.js:14078
[ 3286419ms] [ERROR] Failed to load resource: net::ERR_CONNECTION_REFUSED @ http://localhost:8000/api/objects/MBTCPMaster1/modbus/status?server=ee8d9159:0
[ 3287069ms] [ERROR] Failed to load resource: net::ERR_CONNECTION_REFUSED @ http://localhost:8000/api/objects/MBTCPMaster1?server=ee8d9159:0
[ 3287069ms] [ERROR] Error загрузки ee8d9159:MBTCPMaster1: TypeError: Failed to fetch
    at fetchObjectData (http://localhost:8000/static/js/app.js:12407:28)
    at loadObjectData (http://localhost:8000/static/js/app.js:14067:28)
    at http://localhost:8000/static/js/app.js:1235:23 @ http://localhost:8000/static/js/app.js:14078
[ 3287419ms] [ERROR] Failed to load resource: net::ERR_CONNECTION_REFUSED @ http://localhost:8000/api/objects/MBTCPMaster1/modbus/status?server=ee8d9159:0
[ 3288069ms] [ERROR] Failed to load resource: net::ERR_CONNECTION_REFUSED @ http://localhost:8000/api/objects/MBTCPMaster1?server=ee8d9159:0
[ 3288069ms] [ERROR] Error загрузки ee8d9159:MBTCPMaster1: TypeError: Failed to fetch
    at fetchObjectData (http://localhost:8000/static/js/app.js:12407:28)
    at loadObjectData (http://localhost:8000/static/js/app.js:14067:28)
    at http://localhost:8000/static/js/app.js:1235:23 @ http://localhost:8000/static/js/app.js:14078
[ 3288419ms] [ERROR] Failed to load resource: net::ERR_CONNECTION_REFUSED @ http://localhost:8000/api/objects/MBTCPMaster1/modbus/status?server=ee8d9159:0
[ 3289070ms] [ERROR] Failed to load resource: net::ERR_CONNECTION_REFUSED @ http://localhost:8000/api/objects/MBTCPMaster1?server=ee8d9159:0
[ 3289070ms] [ERROR] Error загрузки ee8d9159:MBTCPMaster1: TypeError: Failed to fetch
    at fetchObjectData (http://localhost:8000/static/js/app.js:12407:28)
    at loadObjectData (http://localhost:8000/static/js/app.js:14067:28)
    at http://localhost:8000/static/js/app.js:1235:23 @ http://localhost:8000/static/js/app.js:14078
[ 3289419ms] [ERROR] Failed to load resource: net::ERR_CONNECTION_REFUSED @ http://localhost:8000/api/objects/MBTCPMaster1/modbus/status?server=ee8d9159:0
[ 3290067ms] [ERROR] Failed to load resource: net::ERR_CONNECTION_REFUSED @ http://localhost:8000/api/recording/status:0
[ 3290068ms] [ERROR] Failed to load resource: net::ERR_CONNECTION_REFUSED @ http://localhost:8000/api/objects/MBTCPMaster1?server=ee8d9159:0
[ 3290068ms] [ERROR] Error загрузки ee8d9159:MBTCPMaster1: TypeError: Failed to fetch
    at fetchObjectData (http://localhost:8000/static/js/app.js:12407:28)
    at loadObjectData (http://localhost:8000/static/js/app.js:14067:28)
    at http://localhost:8000/static/js/app.js:1235:23 @ http://localhost:8000/static/js/app.js:14078
[ 3290419ms] [ERROR] Failed to load resource: net::ERR_CONNECTION_REFUSED @ http://localhost:8000/api/objects/MBTCPMaster1/modbus/status?server=ee8d9159:0
[ 3291069ms] [ERROR] Failed to load resource: net::ERR_CONNECTION_REFUSED @ http://localhost:8000/api/objects/MBTCPMaster1?server=ee8d9159:0
[ 3291069ms] [ERROR] Error загрузки ee8d9159:MBTCPMaster1: TypeError: Failed to fetch
    at fetchObjectData (http://localhost:8000/static/js/app.js:12407:28)
    at loadObjectData (http://localhost:8000/static/js/app.js:14067:28)
    at http://localhost:8000/static/js/app.js:1235:23 @ http://localhost:8000/static/js/app.js:14078
[ 3291420ms] [ERROR] Failed to load resource: net::ERR_CONNECTION_REFUSED @ http://localhost:8000/api/objects/MBTCPMaster1/modbus/status?server=ee8d9159:0
[ 3292071ms] [ERROR] Failed to load resource: net::ERR_CONNECTION_REFUSED @ http://localhost:8000/api/servers:0
[ 3292071ms] [ERROR] Error обновления списка объектов: TypeError: Failed to fetch
    at fetchServers (http://localhost:8000/static/js/app.js:12333:28)
    at fetchObjects (http://localhost:8000/static/js/app.js:12340:31)
    at refreshObjectsList (http://localhost:8000/static/js/app.js:12388:28)
    at http://localhost:8000/static/js/app.js:1228:9 @ http://localhost:8000/static/js/app.js:12391
[ 3292071ms] [ERROR] Failed to load resource: net::ERR_CONNECTION_REFUSED @ http://localhost:8000/api/objects/MBTCPMaster1?server=ee8d9159:0
[ 3292071ms] [ERROR] Error загрузки ee8d9159:MBTCPMaster1: TypeError: Failed to fetch
    at fetchObjectData (http://localhost:8000/static/js/app.js:12407:28)
    at loadObjectData (http://localhost:8000/static/js/app.js:14067:28)
    at http://localhost:8000/static/js/app.js:1235:23 @ http://localhost:8000/static/js/app.js:14078
[ 3292420ms] [ERROR] Failed to load resource: net::ERR_CONNECTION_REFUSED @ http://localhost:8000/api/objects/MBTCPMaster1/modbus/status?server=ee8d9159:0
[ 3293071ms] [ERROR] Failed to load resource: net::ERR_CONNECTION_REFUSED @ http://localhost:8000/api/objects/MBTCPMaster1?server=ee8d9159:0
[ 3293071ms] [ERROR] Error загрузки ee8d9159:MBTCPMaster1: TypeError: Failed to fetch
    at fetchObjectData (http://localhost:8000/static/js/app.js:12407:28)
    at loadObjectData (http://localhost:8000/static/js/app.js:14067:28)
    at http://localhost:8000/static/js/app.js:1235:23 @ http://localhost:8000/static/js/app.js:14078
[ 3293431ms] [ERROR] Failed to load resource: net::ERR_CONNECTION_REFUSED @ http://localhost:8000/api/objects/MBTCPMaster1/modbus/status?server=ee8d9159:0
[ 3294071ms] [ERROR] Failed to load resource: net::ERR_CONNECTION_REFUSED @ http://localhost:8000/api/objects/MBTCPMaster1?server=ee8d9159:0
[ 3294071ms] [ERROR] Error загрузки ee8d9159:MBTCPMaster1: TypeError: Failed to fetch
    at fetchObjectData (http://localhost:8000/static/js/app.js:12407:28)
    at loadObjectData (http://localhost:8000/static/js/app.js:14067:28)
    at http://localhost:8000/static/js/app.js:1235:23 @ http://localhost:8000/static/js/app.js:14078
[ 3294420ms] [ERROR] Failed to load resource: net::ERR_CONNECTION_REFUSED @ http://localhost:8000/api/objects/MBTCPMaster1/modbus/status?server=ee8d9159:0
[ 3295068ms] [ERROR] Failed to load resource: net::ERR_CONNECTION_REFUSED @ http://localhost:8000/api/recording/status:0
[ 3295068ms] [ERROR] Failed to load resource: net::ERR_CONNECTION_REFUSED @ http://localhost:8000/api/objects/MBTCPMaster1?server=ee8d9159:0
[ 3295068ms] [ERROR] Error загрузки ee8d9159:MBTCPMaster1: TypeError: Failed to fetch
    at fetchObjectData (http://localhost:8000/static/js/app.js:12407:28)
    at loadObjectData (http://localhost:8000/static/js/app.js:14067:28)
    at http://localhost:8000/static/js/app.js:1235:23 @ http://localhost:8000/static/js/app.js:14078
[ 3295419ms] [ERROR] Failed to load resource: net::ERR_CONNECTION_REFUSED @ http://localhost:8000/api/objects/MBTCPMaster1/modbus/status?server=ee8d9159:0
[ 3296069ms] [ERROR] Failed to load resource: net::ERR_CONNECTION_REFUSED @ http://localhost:8000/api/objects/MBTCPMaster1?server=ee8d9159:0
[ 3296069ms] [ERROR] Error загрузки ee8d9159:MBTCPMaster1: TypeError: Failed to fetch
    at fetchObjectData (http://localhost:8000/static/js/app.js:12407:28)
    at loadObjectData (http://localhost:8000/static/js/app.js:14067:28)
    at http://localhost:8000/static/js/app.js:1235:23 @ http://localhost:8000/static/js/app.js:14078
[ 3296421ms] [ERROR] Failed to load resource: net::ERR_CONNECTION_REFUSED @ http://localhost:8000/api/objects/MBTCPMaster1/modbus/status?server=ee8d9159:0
[ 3297069ms] [ERROR] Failed to load resource: net::ERR_CONNECTION_REFUSED @ http://localhost:8000/api/objects/MBTCPMaster1?server=ee8d9159:0
[ 3297069ms] [ERROR] Error загрузки ee8d9159:MBTCPMaster1: TypeError: Failed to fetch
    at fetchObjectData (http://localhost:8000/static/js/app.js:12407:28)
    at loadObjectData (http://localhost:8000/static/js/app.js:14067:28)
    at http://localhost:8000/static/js/app.js:1235:23 @ http://localhost:8000/static/js/app.js:14078
[ 3297420ms] [ERROR] Failed to load resource: net::ERR_CONNECTION_REFUSED @ http://localhost:8000/api/objects/MBTCPMaster1/modbus/status?server=ee8d9159:0
[ 3298071ms] [ERROR] Failed to load resource: net::ERR_CONNECTION_REFUSED @ http://localhost:8000/api/servers:0
[ 3298071ms] [ERROR] Error обновления списка объектов: TypeError: Failed to fetch
    at fetchServers (http://localhost:8000/static/js/app.js:12333:28)
    at fetchObjects (http://localhost:8000/static/js/app.js:12340:31)
    at refreshObjectsList (http://localhost:8000/static/js/app.js:12388:28)
    at http://localhost:8000/static/js/app.js:1228:9 @ http://localhost:8000/static/js/app.js:12391
[ 3298071ms] [ERROR] Failed to load resource: net::ERR_CONNECTION_REFUSED @ http://localhost:8000/api/objects/MBTCPMaster1?server=ee8d9159:0
[ 3298072ms] [ERROR] Error загрузки ee8d9159:MBTCPMaster1: TypeError: Failed to fetch
    at fetchObjectData (http://localhost:8000/static/js/app.js:12407:28)
    at loadObjectData (http://localhost:8000/static/js/app.js:14067:28)
    at http://localhost:8000/static/js/app.js:1235:23 @ http://localhost:8000/static/js/app.js:14078
[ 3298072ms] [ERROR] Failed to load resource: net::ERR_CONNECTION_REFUSED @ http://localhost:8000/api/version:0
[ 3298420ms] [ERROR] Failed to load resource: net::ERR_CONNECTION_REFUSED @ http://localhost:8000/api/objects/MBTCPMaster1/modbus/status?server=ee8d9159:0
[ 3299069ms] [ERROR] Failed to load resource: net::ERR_CONNECTION_REFUSED @ http://localhost:8000/api/objects/MBTCPMaster1?server=ee8d9159:0
[ 3299069ms] [ERROR] Error загрузки ee8d9159:MBTCPMaster1: TypeError: Failed to fetch
    at fetchObjectData (http://localhost:8000/static/js/app.js:12407:28)
    at loadObjectData (http://localhost:8000/static/js/app.js:14067:28)
    at http://localhost:8000/static/js/app.js:1235:23 @ http://localhost:8000/static/js/app.js:14078
[ 3299419ms] [ERROR] Failed to load resource: net::ERR_CONNECTION_REFUSED @ http://localhost:8000/api/objects/MBTCPMaster1/modbus/status?server=ee8d9159:0
[ 3300069ms] [ERROR] Failed to load resource: net::ERR_CONNECTION_REFUSED @ http://localhost:8000/api/recording/status:0
[ 3300069ms] [ERROR] Failed to load resource: net::ERR_CONNECTION_REFUSED @ http://localhost:8000/api/objects/MBTCPMaster1?server=ee8d9159:0
[ 3300069ms] [ERROR] Error загрузки ee8d9159:MBTCPMaster1: TypeError: Failed to fetch
    at fetchObjectData (http://localhost:8000/static/js/app.js:12407:28)
    at loadObjectData (http://localhost:8000/static/js/app.js:14067:28)
    at http://localhost:8000/static/js/app.js:1235:23 @ http://localhost:8000/static/js/app.js:14078
[ 3300419ms] [ERROR] Failed to load resource: net::ERR_CONNECTION_REFUSED @ http://localhost:8000/api/objects/MBTCPMaster1/modbus/status?server=ee8d9159:0
[ 3301070ms] [ERROR] Failed to load resource: net::ERR_CONNECTION_REFUSED @ http://localhost:8000/api/objects/MBTCPMaster1?server=ee8d9159:0
[ 3301070ms] [ERROR] Error загрузки ee8d9159:MBTCPMaster1: TypeError: Failed to fetch
    at fetchObjectData (http://localhost:8000/static/js/app.js:12407:28)
    at loadObjectData (http://localhost:8000/static/js/app.js:14067:28)
    at http://localhost:8000/static/js/app.js:1235:23 @ http://localhost:8000/static/js/app.js:14078
[ 3301419ms] [ERROR] Failed to load resource: net::ERR_CONNECTION_REFUSED @ http://localhost:8000/api/objects/MBTCPMaster1/modbus/status?server=ee8d9159:0
[ 3302069ms] [ERROR] Failed to load resource: net::ERR_CONNECTION_REFUSED @ http://localhost:8000/api/objects/MBTCPMaster1?server=ee8d9159:0
[ 3302069ms] [ERROR] Error загрузки ee8d9159:MBTCPMaster1: TypeError: Failed to fetch
    at fetchObjectData (http://localhost:8000/static/js/app.js:12407:28)
    at loadObjectData (http://localhost:8000/static/js/app.js:14067:28)
    at http://localhost:8000/static/js/app.js:1235:23 @ http://localhost:8000/static/js/app.js:14078
[ 3302419ms] [ERROR] Failed to load resource: net::ERR_CONNECTION_REFUSED @ http://localhost:8000/api/objects/MBTCPMaster1/modbus/status?server=ee8d9159:0
[ 3303069ms] [ERROR] Failed to load resource: net::ERR_CONNECTION_REFUSED @ http://localhost:8000/api/objects/MBTCPMaster1?server=ee8d9159:0
[ 3303069ms] [ERROR] Error загрузки ee8d9159:MBTCPMaster1: TypeError: Failed to fetch
    at fetchObjectData (http://localhost:8000/static/js/app.js:12407:28)
    at loadObjectData (http://localhost:8000/static/js/app.js:14067:28)
    at http://localhost:8000/static/js/app.js:1235:23 @ http://localhost:8000/static/js/app.js:14078
[ 3303418ms] [ERROR] Failed to load resource: net::ERR_CONNECTION_REFUSED @ http://localhost:8000/api/objects/MBTCPMaster1/modbus/status?server=ee8d9159:0
[ 3304068ms] [ERROR] Failed to load resource: net::ERR_CONNECTION_REFUSED @ http://localhost:8000/api/servers:0
[ 3304068ms] [ERROR] Error обновления списка объектов: TypeError: Failed to fetch
    at fetchServers (http://localhost:8000/static/js/app.js:12333:28)
    at fetchObjects (http://localhost:8000/static/js/app.js:12340:31)
    at refreshObjectsList (http://localhost:8000/static/js/app.js:12388:28)
    at http://localhost:8000/static/js/app.js:1228:9 @ http://localhost:8000/static/js/app.js:12391
[ 3304069ms] [ERROR] Failed to load resource: net::ERR_CONNECTION_REFUSED @ http://localhost:8000/api/objects/MBTCPMaster1?server=ee8d9159:0
[ 3304069ms] [ERROR] Error загрузки ee8d9159:MBTCPMaster1: TypeError: Failed to fetch
    at fetchObjectData (http://localhost:8000/static/js/app.js:12407:28)
    at loadObjectData (http://localhost:8000/static/js/app.js:14067:28)
    at http://localhost:8000/static/js/app.js:1235:23 @ http://localhost:8000/static/js/app.js:14078
[ 3304419ms] [ERROR] Failed to load resource: net::ERR_CONNECTION_REFUSED @ http://localhost:8000/api/objects/MBTCPMaster1/modbus/status?server=ee8d9159:0
[ 3305068ms] [ERROR] Failed to load resource: net::ERR_CONNECTION_REFUSED @ http://localhost:8000/api/recording/status:0
[ 3305068ms] [ERROR] Failed to load resource: net::ERR_CONNECTION_REFUSED @ http://localhost:8000/api/objects/MBTCPMaster1?server=ee8d9159:0
[ 3305068ms] [ERROR] Error загрузки ee8d9159:MBTCPMaster1: TypeError: Failed to fetch
    at fetchObjectData (http://localhost:8000/static/js/app.js:12407:28)
    at loadObjectData (http://localhost:8000/static/js/app.js:14067:28)
    at http://localhost:8000/static/js/app.js:1235:23 @ http://localhost:8000/static/js/app.js:14078
[ 3305419ms] [ERROR] Failed to load resource: net::ERR_CONNECTION_REFUSED @ http://localhost:8000/api/objects/MBTCPMaster1/modbus/status?server=ee8d9159:0
[ 3306069ms] [ERROR] Failed to load resource: net::ERR_CONNECTION_REFUSED @ http://localhost:8000/api/objects/MBTCPMaster1?server=ee8d9159:0
[ 3306069ms] [ERROR] Error загрузки ee8d9159:MBTCPMaster1: TypeError: Failed to fetch
    at fetchObjectData (http://localhost:8000/static/js/app.js:12407:28)
    at loadObjectData (http://localhost:8000/static/js/app.js:14067:28)
    at http://localhost:8000/static/js/app.js:1235:23 @ http://localhost:8000/static/js/app.js:14078
[ 3306418ms] [ERROR] Failed to load resource: net::ERR_CONNECTION_REFUSED @ http://localhost:8000/api/objects/MBTCPMaster1/modbus/status?server=ee8d9159:0
[ 3307068ms] [ERROR] Failed to load resource: net::ERR_CONNECTION_REFUSED @ http://localhost:8000/api/objects/MBTCPMaster1?server=ee8d9159:0
[ 3307068ms] [ERROR] Error загрузки ee8d9159:MBTCPMaster1: TypeError: Failed to fetch
    at fetchObjectData (http://localhost:8000/static/js/app.js:12407:28)
    at loadObjectData (http://localhost:8000/static/js/app.js:14067:28)
    at http://localhost:8000/static/js/app.js:1235:23 @ http://localhost:8000/static/js/app.js:14078
[ 3307419ms] [ERROR] Failed to load resource: net::ERR_CONNECTION_REFUSED @ http://localhost:8000/api/objects/MBTCPMaster1/modbus/status?server=ee8d9159:0
[ 3308069ms] [ERROR] Failed to load resource: net::ERR_CONNECTION_REFUSED @ http://localhost:8000/api/objects/MBTCPMaster1?server=ee8d9159:0
[ 3308069ms] [ERROR] Error загрузки ee8d9159:MBTCPMaster1: TypeError: Failed to fetch
    at fetchObjectData (http://localhost:8000/static/js/app.js:12407:28)
    at loadObjectData (http://localhost:8000/static/js/app.js:14067:28)
    at http://localhost:8000/static/js/app.js:1235:23 @ http://localhost:8000/static/js/app.js:14078
[ 3308419ms] [ERROR] Failed to load resource: net::ERR_CONNECTION_REFUSED @ http://localhost:8000/api/objects/MBTCPMaster1/modbus/status?server=ee8d9159:0
[ 3309069ms] [ERROR] Failed to load resource: net::ERR_CONNECTION_REFUSED @ http://localhost:8000/api/objects/MBTCPMaster1?server=ee8d9159:0
[ 3309069ms] [ERROR] Error загрузки ee8d9159:MBTCPMaster1: TypeError: Failed to fetch
    at fetchObjectData (http://localhost:8000/static/js/app.js:12407:28)
    at loadObjectData (http://localhost:8000/static/js/app.js:14067:28)
    at http://localhost:8000/static/js/app.js:1235:23 @ http://localhost:8000/static/js/app.js:14078
[ 3309419ms] [ERROR] Failed to load resource: net::ERR_CONNECTION_REFUSED @ http://localhost:8000/api/objects/MBTCPMaster1/modbus/status?server=ee8d9159:0
[ 3310069ms] [ERROR] Failed to load resource: net::ERR_CONNECTION_REFUSED @ http://localhost:8000/api/recording/status:0
[ 3310069ms] [ERROR] Failed to load resource: net::ERR_CONNECTION_REFUSED @ http://localhost:8000/api/servers:0
[ 3310069ms] [ERROR] Error обновления списка объектов: TypeError: Failed to fetch
    at fetchServers (http://localhost:8000/static/js/app.js:12333:28)
    at fetchObjects (http://localhost:8000/static/js/app.js:12340:31)
    at refreshObjectsList (http://localhost:8000/static/js/app.js:12388:28)
    at http://localhost:8000/static/js/app.js:1228:9 @ http://localhost:8000/static/js/app.js:12391
[ 3310069ms] [ERROR] Failed to load resource: net::ERR_CONNECTION_REFUSED @ http://localhost:8000/api/objects/MBTCPMaster1?server=ee8d9159:0
[ 3310069ms] [ERROR] Error загрузки ee8d9159:MBTCPMaster1: TypeError: Failed to fetch
    at fetchObjectData (http://localhost:8000/static/js/app.js:12407:28)
    at loadObjectData (http://localhost:8000/static/js/app.js:14067:28)
    at http://localhost:8000/static/js/app.js:1235:23 @ http://localhost:8000/static/js/app.js:14078
[ 3310418ms] [ERROR] Failed to load resource: net::ERR_CONNECTION_REFUSED @ http://localhost:8000/api/objects/MBTCPMaster1/modbus/status?server=ee8d9159:0
[ 3311068ms] [ERROR] Failed to load resource: net::ERR_CONNECTION_REFUSED @ http://localhost:8000/api/objects/MBTCPMaster1?server=ee8d9159:0
[ 3311068ms] [ERROR] Error загрузки ee8d9159:MBTCPMaster1: TypeError: Failed to fetch
    at fetchObjectData (http://localhost:8000/static/js/app.js:12407:28)
    at loadObjectData (http://localhost:8000/static/js/app.js:14067:28)
    at http://localhost:8000/static/js/app.js:1235:23 @ http://localhost:8000/static/js/app.js:14078
[ 3311418ms] [ERROR] Failed to load resource: net::ERR_CONNECTION_REFUSED @ http://localhost:8000/api/objects/MBTCPMaster1/modbus/status?server=ee8d9159:0
[ 3312068ms] [ERROR] Failed to load resource: net::ERR_CONNECTION_REFUSED @ http://localhost:8000/api/objects/MBTCPMaster1?server=ee8d9159:0
[ 3312068ms] [ERROR] Error загрузки ee8d9159:MBTCPMaster1: TypeError: Failed to fetch
    at fetchObjectData (http://localhost:8000/static/js/app.js:12407:28)
    at loadObjectData (http://localhost:8000/static/js/app.js:14067:28)
    at http://localhost:8000/static/js/app.js:1235:23 @ http://localhost:8000/static/js/app.js:14078
[ 3312418ms] [ERROR] Failed to load resource: net::ERR_CONNECTION_REFUSED @ http://localhost:8000/api/objects/MBTCPMaster1/modbus/status?server=ee8d9159:0
[ 3313069ms] [ERROR] Failed to load resource: net::ERR_CONNECTION_REFUSED @ http://localhost:8000/api/objects/MBTCPMaster1?server=ee8d9159:0
[ 3313069ms] [ERROR] Error загрузки ee8d9159:MBTCPMaster1: TypeError: Failed to fetch
    at fetchObjectData (http://localhost:8000/static/js/app.js:12407:28)
    at loadObjectData (http://localhost:8000/static/js/app.js:14067:28)
    at http://localhost:8000/static/js/app.js:1235:23 @ http://localhost:8000/static/js/app.js:14078
[ 3313419ms] [ERROR] Failed to load resource: net::ERR_CONNECTION_REFUSED @ http://localhost:8000/api/objects/MBTCPMaster1/modbus/status?server=ee8d9159:0
[ 3314069ms] [ERROR] Failed to load resource: net::ERR_CONNECTION_REFUSED @ http://localhost:8000/api/objects/MBTCPMaster1?server=ee8d9159:0
[ 3314069ms] [ERROR] Error загрузки ee8d9159:MBTCPMaster1: TypeError: Failed to fetch
    at fetchObjectData (http://localhost:8000/static/js/app.js:12407:28)
    at loadObjectData (http://localhost:8000/static/js/app.js:14067:28)
    at http://localhost:8000/static/js/app.js:1235:23 @ http://localhost:8000/static/js/app.js:14078
[ 3314418ms] [ERROR] Failed to load resource: net::ERR_CONNECTION_REFUSED @ http://localhost:8000/api/objects/MBTCPMaster1/modbus/status?server=ee8d9159:0
[ 3315068ms] [ERROR] Failed to load resource: net::ERR_CONNECTION_REFUSED @ http://localhost:8000/api/recording/status:0
[ 3315069ms] [ERROR] Failed to load resource: net::ERR_CONNECTION_REFUSED @ http://localhost:8000/api/objects/MBTCPMaster1?server=ee8d9159:0
[ 3315069ms] [ERROR] Error загрузки ee8d9159:MBTCPMaster1: TypeError: Failed to fetch
    at fetchObjectData (http://localhost:8000/static/js/app.js:12407:28)
    at loadObjectData (http://localhost:8000/static/js/app.js:14067:28)
    at http://localhost:8000/static/js/app.js:1235:23 @ http://localhost:8000/static/js/app.js:14078
[ 3315419ms] [ERROR] Failed to load resource: net::ERR_CONNECTION_REFUSED @ http://localhost:8000/api/objects/MBTCPMaster1/modbus/status?server=ee8d9159:0
[ 3316070ms] [ERROR] Failed to load resource: net::ERR_CONNECTION_REFUSED @ http://localhost:8000/api/servers:0
[ 3316070ms] [ERROR] Error обновления списка объектов: TypeError: Failed to fetch
    at fetchServers (http://localhost:8000/static/js/app.js:12333:28)
    at fetchObjects (http://localhost:8000/static/js/app.js:12340:31)
    at refreshObjectsList (http://localhost:8000/static/js/app.js:12388:28)
    at http://localhost:8000/static/js/app.js:1228:9 @ http://localhost:8000/static/js/app.js:12391
[ 3316071ms] [ERROR] Failed to load resource: net::ERR_CONNECTION_REFUSED @ http://localhost:8000/api/objects/MBTCPMaster1?server=ee8d9159:0
[ 3316071ms] [ERROR] Error загрузки ee8d9159:MBTCPMaster1: TypeError: Failed to fetch
    at fetchObjectData (http://localhost:8000/static/js/app.js:12407:28)
    at loadObjectData (http://localhost:8000/static/js/app.js:14067:28)
    at http://localhost:8000/static/js/app.js:1235:23 @ http://localhost:8000/static/js/app.js:14078
[ 3316419ms] [ERROR] Failed to load resource: net::ERR_CONNECTION_REFUSED @ http://localhost:8000/api/objects/MBTCPMaster1/modbus/status?server=ee8d9159:0
[ 3317069ms] [ERROR] Failed to load resource: net::ERR_CONNECTION_REFUSED @ http://localhost:8000/api/objects/MBTCPMaster1?server=ee8d9159:0
[ 3317069ms] [ERROR] Error загрузки ee8d9159:MBTCPMaster1: TypeError: Failed to fetch
    at fetchObjectData (http://localhost:8000/static/js/app.js:12407:28)
    at loadObjectData (http://localhost:8000/static/js/app.js:14067:28)
    at http://localhost:8000/static/js/app.js:1235:23 @ http://localhost:8000/static/js/app.js:14078
[ 3317420ms] [ERROR] Failed to load resource: net::ERR_CONNECTION_REFUSED @ http://localhost:8000/api/objects/MBTCPMaster1/modbus/status?server=ee8d9159:0
[ 3318069ms] [ERROR] Failed to load resource: net::ERR_CONNECTION_REFUSED @ http://localhost:8000/api/objects/MBTCPMaster1?server=ee8d9159:0
[ 3318069ms] [ERROR] Error загрузки ee8d9159:MBTCPMaster1: TypeError: Failed to fetch
    at fetchObjectData (http://localhost:8000/static/js/app.js:12407:28)
    at loadObjectData (http://localhost:8000/static/js/app.js:14067:28)
    at http://localhost:8000/static/js/app.js:1235:23 @ http://localhost:8000/static/js/app.js:14078
[ 3318419ms] [ERROR] Failed to load resource: net::ERR_CONNECTION_REFUSED @ http://localhost:8000/api/objects/MBTCPMaster1/modbus/status?server=ee8d9159:0
[ 3319069ms] [ERROR] Failed to load resource: net::ERR_CONNECTION_REFUSED @ http://localhost:8000/api/objects/MBTCPMaster1?server=ee8d9159:0
[ 3319069ms] [ERROR] Error загрузки ee8d9159:MBTCPMaster1: TypeError: Failed to fetch
    at fetchObjectData (http://localhost:8000/static/js/app.js:12407:28)
    at loadObjectData (http://localhost:8000/static/js/app.js:14067:28)
    at http://localhost:8000/static/js/app.js:1235:23 @ http://localhost:8000/static/js/app.js:14078
[ 3319418ms] [ERROR] Failed to load resource: net::ERR_CONNECTION_REFUSED @ http://localhost:8000/api/objects/MBTCPMaster1/modbus/status?server=ee8d9159:0
[ 3320069ms] [ERROR] Failed to load resource: net::ERR_CONNECTION_REFUSED @ http://localhost:8000/api/recording/status:0
[ 3320069ms] [ERROR] Failed to load resource: net::ERR_CONNECTION_REFUSED @ http://localhost:8000/api/objects/MBTCPMaster1?server=ee8d9159:0
[ 3320069ms] [ERROR] Error загрузки ee8d9159:MBTCPMaster1: TypeError: Failed to fetch
    at fetchObjectData (http://localhost:8000/static/js/app.js:12407:28)
    at loadObjectData (http://localhost:8000/static/js/app.js:14067:28)
    at http://localhost:8000/static/js/app.js:1235:23 @ http://localhost:8000/static/js/app.js:14078
[ 3320419ms] [ERROR] Failed to load resource: net::ERR_CONNECTION_REFUSED @ http://localhost:8000/api/objects/MBTCPMaster1/modbus/status?server=ee8d9159:0
[ 3321068ms] [ERROR] Failed to load resource: net::ERR_CONNECTION_REFUSED @ http://localhost:8000/api/objects/MBTCPMaster1?server=ee8d9159:0
[ 3321068ms] [ERROR] Error загрузки ee8d9159:MBTCPMaster1: TypeError: Failed to fetch
    at fetchObjectData (http://localhost:8000/static/js/app.js:12407:28)
    at loadObjectData (http://localhost:8000/static/js/app.js:14067:28)
    at http://localhost:8000/static/js/app.js:1235:23 @ http://localhost:8000/static/js/app.js:14078
[ 3321419ms] [ERROR] Failed to load resource: net::ERR_CONNECTION_REFUSED @ http://localhost:8000/api/objects/MBTCPMaster1/modbus/status?server=ee8d9159:0
[ 3322068ms] [ERROR] Failed to load resource: net::ERR_CONNECTION_REFUSED @ http://localhost:8000/api/servers:0
[ 3322068ms] [ERROR] Error обновления списка объектов: TypeError: Failed to fetch
    at fetchServers (http://localhost:8000/static/js/app.js:12333:28)
    at fetchObjects (http://localhost:8000/static/js/app.js:12340:31)
    at refreshObjectsList (http://localhost:8000/static/js/app.js:12388:28)
    at http://localhost:8000/static/js/app.js:1228:9 @ http://localhost:8000/static/js/app.js:12391
[ 3322068ms] [ERROR] Failed to load resource: net::ERR_CONNECTION_REFUSED @ http://localhost:8000/api/objects/MBTCPMaster1?server=ee8d9159:0
[ 3322068ms] [ERROR] Error загрузки ee8d9159:MBTCPMaster1: TypeError: Failed to fetch
    at fetchObjectData (http://localhost:8000/static/js/app.js:12407:28)
    at loadObjectData (http://localhost:8000/static/js/app.js:14067:28)
    at http://localhost:8000/static/js/app.js:1235:23 @ http://localhost:8000/static/js/app.js:14078
[ 3322419ms] [ERROR] Failed to load resource: net::ERR_CONNECTION_REFUSED @ http://localhost:8000/api/objects/MBTCPMaster1/modbus/status?server=ee8d9159:0
[ 3323068ms] [ERROR] Failed to load resource: net::ERR_CONNECTION_REFUSED @ http://localhost:8000/api/objects/MBTCPMaster1?server=ee8d9159:0
[ 3323068ms] [ERROR] Error загрузки ee8d9159:MBTCPMaster1: TypeError: Failed to fetch
    at fetchObjectData (http://localhost:8000/static/js/app.js:12407:28)
    at loadObjectData (http://localhost:8000/static/js/app.js:14067:28)
    at http://localhost:8000/static/js/app.js:1235:23 @ http://localhost:8000/static/js/app.js:14078
[ 3323420ms] [ERROR] Failed to load resource: net::ERR_CONNECTION_REFUSED @ http://localhost:8000/api/objects/MBTCPMaster1/modbus/status?server=ee8d9159:0
[ 3324070ms] [ERROR] Failed to load resource: net::ERR_CONNECTION_REFUSED @ http://localhost:8000/api/objects/MBTCPMaster1?server=ee8d9159:0
[ 3324070ms] [ERROR] Error загрузки ee8d9159:MBTCPMaster1: TypeError: Failed to fetch
    at fetchObjectData (http://localhost:8000/static/js/app.js:12407:28)
    at loadObjectData (http://localhost:8000/static/js/app.js:14067:28)
    at http://localhost:8000/static/js/app.js:1235:23 @ http://localhost:8000/static/js/app.js:14078
[ 3324420ms] [ERROR] Failed to load resource: net::ERR_CONNECTION_REFUSED @ http://localhost:8000/api/objects/MBTCPMaster1/modbus/status?server=ee8d9159:0
[ 3325068ms] [ERROR] Failed to load resource: net::ERR_CONNECTION_REFUSED @ http://localhost:8000/api/recording/status:0
[ 3325069ms] [ERROR] Failed to load resource: net::ERR_CONNECTION_REFUSED @ http://localhost:8000/api/objects/MBTCPMaster1?server=ee8d9159:0
[ 3325069ms] [ERROR] Error загрузки ee8d9159:MBTCPMaster1: TypeError: Failed to fetch
    at fetchObjectData (http://localhost:8000/static/js/app.js:12407:28)
    at loadObjectData (http://localhost:8000/static/js/app.js:14067:28)
    at http://localhost:8000/static/js/app.js:1235:23 @ http://localhost:8000/static/js/app.js:14078
[ 3325418ms] [ERROR] Failed to load resource: net::ERR_CONNECTION_REFUSED @ http://localhost:8000/api/objects/MBTCPMaster1/modbus/status?server=ee8d9159:0
[ 3326069ms] [ERROR] Failed to load resource: net::ERR_CONNECTION_REFUSED @ http://localhost:8000/api/objects/MBTCPMaster1?server=ee8d9159:0
[ 3326069ms] [ERROR] Error загрузки ee8d9159:MBTCPMaster1: TypeError: Failed to fetch
    at fetchObjectData (http://localhost:8000/static/js/app.js:12407:28)
    at loadObjectData (http://localhost:8000/static/js/app.js:14067:28)
    at http://localhost:8000/static/js/app.js:1235:23 @ http://localhost:8000/static/js/app.js:14078
[ 3326419ms] [ERROR] Failed to load resource: net::ERR_CONNECTION_REFUSED @ http://localhost:8000/api/objects/MBTCPMaster1/modbus/status?server=ee8d9159:0
[ 3327069ms] [ERROR] Failed to load resource: net::ERR_CONNECTION_REFUSED @ http://localhost:8000/api/objects/MBTCPMaster1?server=ee8d9159:0
[ 3327069ms] [ERROR] Error загрузки ee8d9159:MBTCPMaster1: TypeError: Failed to fetch
    at fetchObjectData (http://localhost:8000/static/js/app.js:12407:28)
    at loadObjectData (http://localhost:8000/static/js/app.js:14067:28)
    at http://localhost:8000/static/js/app.js:1235:23 @ http://localhost:8000/static/js/app.js:14078
[ 3327421ms] [ERROR] Failed to load resource: net::ERR_CONNECTION_REFUSED @ http://localhost:8000/api/objects/MBTCPMaster1/modbus/status?server=ee8d9159:0
[ 3328071ms] [ERROR] Failed to load resource: net::ERR_CONNECTION_REFUSED @ http://localhost:8000/api/servers:0
[ 3328071ms] [ERROR] Error обновления списка объектов: TypeError: Failed to fetch
    at fetchServers (http://localhost:8000/static/js/app.js:12333:28)
    at fetchObjects (http://localhost:8000/static/js/app.js:12340:31)
    at refreshObjectsList (http://localhost:8000/static/js/app.js:12388:28)
    at http://localhost:8000/static/js/app.js:1228:9 @ http://localhost:8000/static/js/app.js:12391
[ 3328071ms] [ERROR] Failed to load resource: net::ERR_CONNECTION_REFUSED @ http://localhost:8000/api/objects/MBTCPMaster1?server=ee8d9159:0
[ 3328071ms] [ERROR] Error загрузки ee8d9159:MBTCPMaster1: TypeError: Failed to fetch
    at fetchObjectData (http://localhost:8000/static/js/app.js:12407:28)
    at loadObjectData (http://localhost:8000/static/js/app.js:14067:28)
    at http://localhost:8000/static/js/app.js:1235:23 @ http://localhost:8000/static/js/app.js:14078
[ 3328072ms] [ERROR] Failed to load resource: net::ERR_CONNECTION_REFUSED @ http://localhost:8000/api/version:0
[ 3328419ms] [ERROR] Failed to load resource: net::ERR_CONNECTION_REFUSED @ http://localhost:8000/api/objects/MBTCPMaster1/modbus/status?server=ee8d9159:0
[ 3329070ms] [ERROR] Failed to load resource: net::ERR_CONNECTION_REFUSED @ http://localhost:8000/api/objects/MBTCPMaster1?server=ee8d9159:0
[ 3329070ms] [ERROR] Error загрузки ee8d9159:MBTCPMaster1: TypeError: Failed to fetch
    at fetchObjectData (http://localhost:8000/static/js/app.js:12407:28)
    at loadObjectData (http://localhost:8000/static/js/app.js:14067:28)
    at http://localhost:8000/static/js/app.js:1235:23 @ http://localhost:8000/static/js/app.js:14078
[ 3329420ms] [ERROR] Failed to load resource: net::ERR_CONNECTION_REFUSED @ http://localhost:8000/api/objects/MBTCPMaster1/modbus/status?server=ee8d9159:0
[ 3330068ms] [ERROR] Failed to load resource: net::ERR_CONNECTION_REFUSED @ http://localhost:8000/api/recording/status:0
[ 3330068ms] [ERROR] Failed to load resource: net::ERR_CONNECTION_REFUSED @ http://localhost:8000/api/objects/MBTCPMaster1?server=ee8d9159:0
[ 3330069ms] [ERROR] Error загрузки ee8d9159:MBTCPMaster1: TypeError: Failed to fetch
    at fetchObjectData (http://localhost:8000/static/js/app.js:12407:28)
    at loadObjectData (http://localhost:8000/static/js/app.js:14067:28)
    at http://localhost:8000/static/js/app.js:1235:23 @ http://localhost:8000/static/js/app.js:14078
[ 3330419ms] [ERROR] Failed to load resource: net::ERR_CONNECTION_REFUSED @ http://localhost:8000/api/objects/MBTCPMaster1/modbus/status?server=ee8d9159:0
[ 3331069ms] [ERROR] Failed to load resource: net::ERR_CONNECTION_REFUSED @ http://localhost:8000/api/objects/MBTCPMaster1?server=ee8d9159:0
[ 3331069ms] [ERROR] Error загрузки ee8d9159:MBTCPMaster1: TypeError: Failed to fetch
    at fetchObjectData (http://localhost:8000/static/js/app.js:12407:28)
    at loadObjectData (http://localhost:8000/static/js/app.js:14067:28)
    at http://localhost:8000/static/js/app.js:1235:23 @ http://localhost:8000/static/js/app.js:14078
[ 3331420ms] [ERROR] Failed to load resource: net::ERR_CONNECTION_REFUSED @ http://localhost:8000/api/objects/MBTCPMaster1/modbus/status?server=ee8d9159:0
[ 3332069ms] [ERROR] Failed to load resource: net::ERR_CONNECTION_REFUSED @ http://localhost:8000/api/objects/MBTCPMaster1?server=ee8d9159:0
[ 3332069ms] [ERROR] Error загрузки ee8d9159:MBTCPMaster1: TypeError: Failed to fetch
    at fetchObjectData (http://localhost:8000/static/js/app.js:12407:28)
    at loadObjectData (http://localhost:8000/static/js/app.js:14067:28)
    at http://localhost:8000/static/js/app.js:1235:23 @ http://localhost:8000/static/js/app.js:14078
[ 3332419ms] [ERROR] Failed to load resource: net::ERR_CONNECTION_REFUSED @ http://localhost:8000/api/objects/MBTCPMaster1/modbus/status?server=ee8d9159:0
[ 3333068ms] [ERROR] Failed to load resource: net::ERR_CONNECTION_REFUSED @ http://localhost:8000/api/objects/MBTCPMaster1?server=ee8d9159:0
[ 3333068ms] [ERROR] Error загрузки ee8d9159:MBTCPMaster1: TypeError: Failed to fetch
    at fetchObjectData (http://localhost:8000/static/js/app.js:12407:28)
    at loadObjectData (http://localhost:8000/static/js/app.js:14067:28)
    at http://localhost:8000/static/js/app.js:1235:23 @ http://localhost:8000/static/js/app.js:14078
[ 3333419ms] [ERROR] Failed to load resource: net::ERR_CONNECTION_REFUSED @ http://localhost:8000/api/objects/MBTCPMaster1/modbus/status?server=ee8d9159:0
[ 3334069ms] [ERROR] Failed to load resource: net::ERR_CONNECTION_REFUSED @ http://localhost:8000/api/servers:0
[ 3334069ms] [ERROR] Error обновления списка объектов: TypeError: Failed to fetch
    at fetchServers (http://localhost:8000/static/js/app.js:12333:28)
    at fetchObjects (http://localhost:8000/static/js/app.js:12340:31)
    at refreshObjectsList (http://localhost:8000/static/js/app.js:12388:28)
    at http://localhost:8000/static/js/app.js:1228:9 @ http://localhost:8000/static/js/app.js:12391
[ 3334070ms] [ERROR] Failed to load resource: net::ERR_CONNECTION_REFUSED @ http://localhost:8000/api/objects/MBTCPMaster1?server=ee8d9159:0
[ 3334070ms] [ERROR] Error загрузки ee8d9159:MBTCPMaster1: TypeError: Failed to fetch
    at fetchObjectData (http://localhost:8000/static/js/app.js:12407:28)
    at loadObjectData (http://localhost:8000/static/js/app.js:14067:28)
    at http://localhost:8000/static/js/app.js:1235:23 @ http://localhost:8000/static/js/app.js:14078
[ 3334420ms] [ERROR] Failed to load resource: net::ERR_CONNECTION_REFUSED @ http://localhost:8000/api/objects/MBTCPMaster1/modbus/status?server=ee8d9159:0
[ 3335067ms] [ERROR] Failed to load resource: net::ERR_CONNECTION_REFUSED @ http://localhost:8000/api/recording/status:0
[ 3335068ms] [ERROR] Failed to load resource: net::ERR_CONNECTION_REFUSED @ http://localhost:8000/api/objects/MBTCPMaster1?server=ee8d9159:0
[ 3335068ms] [ERROR] Error загрузки ee8d9159:MBTCPMaster1: TypeError: Failed to fetch
    at fetchObjectData (http://localhost:8000/static/js/app.js:12407:28)
    at loadObjectData (http://localhost:8000/static/js/app.js:14067:28)
    at http://localhost:8000/static/js/app.js:1235:23 @ http://localhost:8000/static/js/app.js:14078
[ 3335419ms] [ERROR] Failed to load resource: net::ERR_CONNECTION_REFUSED @ http://localhost:8000/api/objects/MBTCPMaster1/modbus/status?server=ee8d9159:0
[ 3336069ms] [ERROR] Failed to load resource: net::ERR_CONNECTION_REFUSED @ http://localhost:8000/api/objects/MBTCPMaster1?server=ee8d9159:0
[ 3336069ms] [ERROR] Error загрузки ee8d9159:MBTCPMaster1: TypeError: Failed to fetch
    at fetchObjectData (http://localhost:8000/static/js/app.js:12407:28)
    at loadObjectData (http://localhost:8000/static/js/app.js:14067:28)
    at http://localhost:8000/static/js/app.js:1235:23 @ http://localhost:8000/static/js/app.js:14078
[ 3336419ms] [ERROR] Failed to load resource: net::ERR_CONNECTION_REFUSED @ http://localhost:8000/api/objects/MBTCPMaster1/modbus/status?server=ee8d9159:0
[ 3337070ms] [ERROR] Failed to load resource: net::ERR_CONNECTION_REFUSED @ http://localhost:8000/api/objects/MBTCPMaster1?server=ee8d9159:0
[ 3337070ms] [ERROR] Error загрузки ee8d9159:MBTCPMaster1: TypeError: Failed to fetch
    at fetchObjectData (http://localhost:8000/static/js/app.js:12407:28)
    at loadObjectData (http://localhost:8000/static/js/app.js:14067:28)
    at http://localhost:8000/static/js/app.js:1235:23 @ http://localhost:8000/static/js/app.js:14078
[ 3337419ms] [ERROR] Failed to load resource: net::ERR_CONNECTION_REFUSED @ http://localhost:8000/api/objects/MBTCPMaster1/modbus/status?server=ee8d9159:0
[ 3338070ms] [ERROR] Failed to load resource: net::ERR_CONNECTION_REFUSED @ http://localhost:8000/api/objects/MBTCPMaster1?server=ee8d9159:0
[ 3338070ms] [ERROR] Error загрузки ee8d9159:MBTCPMaster1: TypeError: Failed to fetch
    at fetchObjectData (http://localhost:8000/static/js/app.js:12407:28)
    at loadObjectData (http://localhost:8000/static/js/app.js:14067:28)
    at http://localhost:8000/static/js/app.js:1235:23 @ http://localhost:8000/static/js/app.js:14078
[ 3338420ms] [ERROR] Failed to load resource: net::ERR_CONNECTION_REFUSED @ http://localhost:8000/api/objects/MBTCPMaster1/modbus/status?server=ee8d9159:0
[ 3339068ms] [ERROR] Failed to load resource: net::ERR_CONNECTION_REFUSED @ http://localhost:8000/api/objects/MBTCPMaster1?server=ee8d9159:0
[ 3339069ms] [ERROR] Error загрузки ee8d9159:MBTCPMaster1: TypeError: Failed to fetch
    at fetchObjectData (http://localhost:8000/static/js/app.js:12407:28)
    at loadObjectData (http://localhost:8000/static/js/app.js:14067:28)
    at http://localhost:8000/static/js/app.js:1235:23 @ http://localhost:8000/static/js/app.js:14078
[ 3339418ms] [ERROR] Failed to load resource: net::ERR_CONNECTION_REFUSED @ http://localhost:8000/api/objects/MBTCPMaster1/modbus/status?server=ee8d9159:0
[ 3340068ms] [ERROR] Failed to load resource: net::ERR_CONNECTION_REFUSED @ http://localhost:8000/api/recording/status:0
[ 3340069ms] [ERROR] Failed to load resource: net::ERR_CONNECTION_REFUSED @ http://localhost:8000/api/servers:0
[ 3340069ms] [ERROR] Error обновления списка объектов: TypeError: Failed to fetch
    at fetchServers (http://localhost:8000/static/js/app.js:12333:28)
    at fetchObjects (http://localhost:8000/static/js/app.js:12340:31)
    at refreshObjectsList (http://localhost:8000/static/js/app.js:12388:28)
    at http://localhost:8000/static/js/app.js:1228:9 @ http://localhost:8000/static/js/app.js:12391
[ 3340069ms] [ERROR] Failed to load resource: net::ERR_CONNECTION_REFUSED @ http://localhost:8000/api/objects/MBTCPMaster1?server=ee8d9159:0
[ 3340069ms] [ERROR] Error загрузки ee8d9159:MBTCPMaster1: TypeError: Failed to fetch
    at fetchObjectData (http://localhost:8000/static/js/app.js:12407:28)
    at loadObjectData (http://localhost:8000/static/js/app.js:14067:28)
    at http://localhost:8000/static/js/app.js:1235:23 @ http://localhost:8000/static/js/app.js:14078
[ 3340418ms] [ERROR] Failed to load resource: net::ERR_CONNECTION_REFUSED @ http://localhost:8000/api/objects/MBTCPMaster1/modbus/status?server=ee8d9159:0
[ 3341070ms] [ERROR] Failed to load resource: net::ERR_CONNECTION_REFUSED @ http://localhost:8000/api/objects/MBTCPMaster1?server=ee8d9159:0
[ 3341070ms] [ERROR] Error загрузки ee8d9159:MBTCPMaster1: TypeError: Failed to fetch
    at fetchObjectData (http://localhost:8000/static/js/app.js:12407:28)
    at loadObjectData (http://localhost:8000/static/js/app.js:14067:28)
    at http://localhost:8000/static/js/app.js:1235:23 @ http://localhost:8000/static/js/app.js:14078
[ 3341419ms] [ERROR] Failed to load resource: net::ERR_CONNECTION_REFUSED @ http://localhost:8000/api/objects/MBTCPMaster1/modbus/status?server=ee8d9159:0
[ 3342069ms] [ERROR] Failed to load resource: net::ERR_CONNECTION_REFUSED @ http://localhost:8000/api/objects/MBTCPMaster1?server=ee8d9159:0
[ 3342069ms] [ERROR] Error загрузки ee8d9159:MBTCPMaster1: TypeError: Failed to fetch
    at fetchObjectData (http://localhost:8000/static/js/app.js:12407:28)
    at loadObjectData (http://localhost:8000/static/js/app.js:14067:28)
    at http://localhost:8000/static/js/app.js:1235:23 @ http://localhost:8000/static/js/app.js:14078
[ 3342419ms] [ERROR] Failed to load resource: net::ERR_CONNECTION_REFUSED @ http://localhost:8000/api/objects/MBTCPMaster1/modbus/status?server=ee8d9159:0
[ 3343070ms] [ERROR] Failed to load resource: net::ERR_CONNECTION_REFUSED @ http://localhost:8000/api/objects/MBTCPMaster1?server=ee8d9159:0
[ 3343070ms] [ERROR] Error загрузки ee8d9159:MBTCPMaster1: TypeError: Failed to fetch
    at fetchObjectData (http://localhost:8000/static/js/app.js:12407:28)
    at loadObjectData (http://localhost:8000/static/js/app.js:14067:28)
    at http://localhost:8000/static/js/app.js:1235:23 @ http://localhost:8000/static/js/app.js:14078
[ 3343419ms] [ERROR] Failed to load resource: net::ERR_CONNECTION_REFUSED @ http://localhost:8000/api/objects/MBTCPMaster1/modbus/status?server=ee8d9159:0
[ 3344068ms] [ERROR] Failed to load resource: net::ERR_CONNECTION_REFUSED @ http://localhost:8000/api/objects/MBTCPMaster1?server=ee8d9159:0
[ 3344069ms] [ERROR] Error загрузки ee8d9159:MBTCPMaster1: TypeError: Failed to fetch
    at fetchObjectData (http://localhost:8000/static/js/app.js:12407:28)
    at loadObjectData (http://localhost:8000/static/js/app.js:14067:28)
    at http://localhost:8000/static/js/app.js:1235:23 @ http://localhost:8000/static/js/app.js:14078
[ 3344419ms] [ERROR] Failed to load resource: net::ERR_CONNECTION_REFUSED @ http://localhost:8000/api/objects/MBTCPMaster1/modbus/status?server=ee8d9159:0
[ 3345068ms] [ERROR] Failed to load resource: net::ERR_CONNECTION_REFUSED @ http://localhost:8000/api/recording/status:0
[ 3345068ms] [ERROR] Failed to load resource: net::ERR_CONNECTION_REFUSED @ http://localhost:8000/api/objects/MBTCPMaster1?server=ee8d9159:0
[ 3345069ms] [ERROR] Error загрузки ee8d9159:MBTCPMaster1: TypeError: Failed to fetch
    at fetchObjectData (http://localhost:8000/static/js/app.js:12407:28)
    at loadObjectData (http://localhost:8000/static/js/app.js:14067:28)
    at http://localhost:8000/static/js/app.js:1235:23 @ http://localhost:8000/static/js/app.js:14078
[ 3345420ms] [ERROR] Failed to load resource: net::ERR_CONNECTION_REFUSED @ http://localhost:8000/api/objects/MBTCPMaster1/modbus/status?server=ee8d9159:0
[ 3346069ms] [ERROR] Failed to load resource: net::ERR_CONNECTION_REFUSED @ http://localhost:8000/api/servers:0
[ 3346070ms] [ERROR] Error обновления списка объектов: TypeError: Failed to fetch
    at fetchServers (http://localhost:8000/static/js/app.js:12333:28)
    at fetchObjects (http://localhost:8000/static/js/app.js:12340:31)
    at refreshObjectsList (http://localhost:8000/static/js/app.js:12388:28)
    at http://localhost:8000/static/js/app.js:1228:9 @ http://localhost:8000/static/js/app.js:12391
[ 3346070ms] [ERROR] Failed to load resource: net::ERR_CONNECTION_REFUSED @ http://localhost:8000/api/objects/MBTCPMaster1?server=ee8d9159:0
[ 3346070ms] [ERROR] Error загрузки ee8d9159:MBTCPMaster1: TypeError: Failed to fetch
    at fetchObjectData (http://localhost:8000/static/js/app.js:12407:28)
    at loadObjectData (http://localhost:8000/static/js/app.js:14067:28)
    at http://localhost:8000/static/js/app.js:1235:23 @ http://localhost:8000/static/js/app.js:14078
[ 3346421ms] [ERROR] Failed to load resource: net::ERR_CONNECTION_REFUSED @ http://localhost:8000/api/objects/MBTCPMaster1/modbus/status?server=ee8d9159:0
[ 3347069ms] [ERROR] Failed to load resource: net::ERR_CONNECTION_REFUSED @ http://localhost:8000/api/objects/MBTCPMaster1?server=ee8d9159:0
[ 3347069ms] [ERROR] Error загрузки ee8d9159:MBTCPMaster1: TypeError: Failed to fetch
    at fetchObjectData (http://localhost:8000/static/js/app.js:12407:28)
    at loadObjectData (http://localhost:8000/static/js/app.js:14067:28)
    at http://localhost:8000/static/js/app.js:1235:23 @ http://localhost:8000/static/js/app.js:14078
[ 3347419ms] [ERROR] Failed to load resource: net::ERR_CONNECTION_REFUSED @ http://localhost:8000/api/objects/MBTCPMaster1/modbus/status?server=ee8d9159:0
[ 3348069ms] [ERROR] Failed to load resource: net::ERR_CONNECTION_REFUSED @ http://localhost:8000/api/objects/MBTCPMaster1?server=ee8d9159:0
[ 3348069ms] [ERROR] Error загрузки ee8d9159:MBTCPMaster1: TypeError: Failed to fetch
    at fetchObjectData (http://localhost:8000/static/js/app.js:12407:28)
    at loadObjectData (http://localhost:8000/static/js/app.js:14067:28)
    at http://localhost:8000/static/js/app.js:1235:23 @ http://localhost:8000/static/js/app.js:14078
[ 3348419ms] [ERROR] Failed to load resource: net::ERR_CONNECTION_REFUSED @ http://localhost:8000/api/objects/MBTCPMaster1/modbus/status?server=ee8d9159:0
[ 3349069ms] [ERROR] Failed to load resource: net::ERR_CONNECTION_REFUSED @ http://localhost:8000/api/objects/MBTCPMaster1?server=ee8d9159:0
[ 3349069ms] [ERROR] Error загрузки ee8d9159:MBTCPMaster1: TypeError: Failed to fetch
    at fetchObjectData (http://localhost:8000/static/js/app.js:12407:28)
    at loadObjectData (http://localhost:8000/static/js/app.js:14067:28)
    at http://localhost:8000/static/js/app.js:1235:23 @ http://localhost:8000/static/js/app.js:14078
[ 3349420ms] [ERROR] Failed to load resource: net::ERR_CONNECTION_REFUSED @ http://localhost:8000/api/objects/MBTCPMaster1/modbus/status?server=ee8d9159:0
[ 3350067ms] [ERROR] Failed to load resource: net::ERR_CONNECTION_REFUSED @ http://localhost:8000/api/recording/status:0
[ 3350068ms] [ERROR] Failed to load resource: net::ERR_CONNECTION_REFUSED @ http://localhost:8000/api/objects/MBTCPMaster1?server=ee8d9159:0
[ 3350068ms] [ERROR] Error загрузки ee8d9159:MBTCPMaster1: TypeError: Failed to fetch
    at fetchObjectData (http://localhost:8000/static/js/app.js:12407:28)
    at loadObjectData (http://localhost:8000/static/js/app.js:14067:28)
    at http://localhost:8000/static/js/app.js:1235:23 @ http://localhost:8000/static/js/app.js:14078
[ 3350419ms] [ERROR] Failed to load resource: net::ERR_CONNECTION_REFUSED @ http://localhost:8000/api/objects/MBTCPMaster1/modbus/status?server=ee8d9159:0
[ 3351069ms] [ERROR] Failed to load resource: net::ERR_CONNECTION_REFUSED @ http://localhost:8000/api/objects/MBTCPMaster1?server=ee8d9159:0
[ 3351069ms] [ERROR] Error загрузки ee8d9159:MBTCPMaster1: TypeError: Failed to fetch
    at fetchObjectData (http://localhost:8000/static/js/app.js:12407:28)
    at loadObjectData (http://localhost:8000/static/js/app.js:14067:28)
    at http://localhost:8000/static/js/app.js:1235:23 @ http://localhost:8000/static/js/app.js:14078
[ 3351420ms] [ERROR] Failed to load resource: net::ERR_CONNECTION_REFUSED @ http://localhost:8000/api/objects/MBTCPMaster1/modbus/status?server=ee8d9159:0
[ 3352069ms] [ERROR] Failed to load resource: net::ERR_CONNECTION_REFUSED @ http://localhost:8000/api/servers:0
[ 3352069ms] [ERROR] Error обновления списка объектов: TypeError: Failed to fetch
    at fetchServers (http://localhost:8000/static/js/app.js:12333:28)
    at fetchObjects (http://localhost:8000/static/js/app.js:12340:31)
    at refreshObjectsList (http://localhost:8000/static/js/app.js:12388:28)
    at http://localhost:8000/static/js/app.js:1228:9 @ http://localhost:8000/static/js/app.js:12391
[ 3352070ms] [ERROR] Failed to load resource: net::ERR_CONNECTION_REFUSED @ http://localhost:8000/api/objects/MBTCPMaster1?server=ee8d9159:0
[ 3352070ms] [ERROR] Error загрузки ee8d9159:MBTCPMaster1: TypeError: Failed to fetch
    at fetchObjectData (http://localhost:8000/static/js/app.js:12407:28)
    at loadObjectData (http://localhost:8000/static/js/app.js:14067:28)
    at http://localhost:8000/static/js/app.js:1235:23 @ http://localhost:8000/static/js/app.js:14078
[ 3352419ms] [ERROR] Failed to load resource: net::ERR_CONNECTION_REFUSED @ http://localhost:8000/api/objects/MBTCPMaster1/modbus/status?server=ee8d9159:0
[ 3353068ms] [ERROR] Failed to load resource: net::ERR_CONNECTION_REFUSED @ http://localhost:8000/api/objects/MBTCPMaster1?server=ee8d9159:0
[ 3353068ms] [ERROR] Error загрузки ee8d9159:MBTCPMaster1: TypeError: Failed to fetch
    at fetchObjectData (http://localhost:8000/static/js/app.js:12407:28)
    at loadObjectData (http://localhost:8000/static/js/app.js:14067:28)
    at http://localhost:8000/static/js/app.js:1235:23 @ http://localhost:8000/static/js/app.js:14078
[ 3353418ms] [ERROR] Failed to load resource: net::ERR_CONNECTION_REFUSED @ http://localhost:8000/api/objects/MBTCPMaster1/modbus/status?server=ee8d9159:0
[ 3354069ms] [ERROR] Failed to load resource: net::ERR_CONNECTION_REFUSED @ http://localhost:8000/api/objects/MBTCPMaster1?server=ee8d9159:0
[ 3354070ms] [ERROR] Error загрузки ee8d9159:MBTCPMaster1: TypeError: Failed to fetch
    at fetchObjectData (http://localhost:8000/static/js/app.js:12407:28)
    at loadObjectData (http://localhost:8000/static/js/app.js:14067:28)
    at http://localhost:8000/static/js/app.js:1235:23 @ http://localhost:8000/static/js/app.js:14078
[ 3354420ms] [ERROR] Failed to load resource: net::ERR_CONNECTION_REFUSED @ http://localhost:8000/api/objects/MBTCPMaster1/modbus/status?server=ee8d9159:0
[ 3355069ms] [ERROR] Failed to load resource: net::ERR_CONNECTION_REFUSED @ http://localhost:8000/api/recording/status:0
[ 3355069ms] [ERROR] Failed to load resource: net::ERR_CONNECTION_REFUSED @ http://localhost:8000/api/objects/MBTCPMaster1?server=ee8d9159:0
[ 3355069ms] [ERROR] Error загрузки ee8d9159:MBTCPMaster1: TypeError: Failed to fetch
    at fetchObjectData (http://localhost:8000/static/js/app.js:12407:28)
    at loadObjectData (http://localhost:8000/static/js/app.js:14067:28)
    at http://localhost:8000/static/js/app.js:1235:23 @ http://localhost:8000/static/js/app.js:14078
[ 3355419ms] [ERROR] Failed to load resource: net::ERR_CONNECTION_REFUSED @ http://localhost:8000/api/objects/MBTCPMaster1/modbus/status?server=ee8d9159:0
[ 3356069ms] [ERROR] Failed to load resource: net::ERR_CONNECTION_REFUSED @ http://localhost:8000/api/objects/MBTCPMaster1?server=ee8d9159:0
[ 3356069ms] [ERROR] Error загрузки ee8d9159:MBTCPMaster1: TypeError: Failed to fetch
    at fetchObjectData (http://localhost:8000/static/js/app.js:12407:28)
    at loadObjectData (http://localhost:8000/static/js/app.js:14067:28)
    at http://localhost:8000/static/js/app.js:1235:23 @ http://localhost:8000/static/js/app.js:14078
[ 3356419ms] [ERROR] Failed to load resource: net::ERR_CONNECTION_REFUSED @ http://localhost:8000/api/objects/MBTCPMaster1/modbus/status?server=ee8d9159:0
[ 3357068ms] [ERROR] Failed to load resource: net::ERR_CONNECTION_REFUSED @ http://localhost:8000/api/objects/MBTCPMaster1?server=ee8d9159:0
[ 3357068ms] [ERROR] Error загрузки ee8d9159:MBTCPMaster1: TypeError: Failed to fetch
    at fetchObjectData (http://localhost:8000/static/js/app.js:12407:28)
    at loadObjectData (http://localhost:8000/static/js/app.js:14067:28)
    at http://localhost:8000/static/js/app.js:1235:23 @ http://localhost:8000/static/js/app.js:14078
[ 3357419ms] [ERROR] Failed to load resource: net::ERR_CONNECTION_REFUSED @ http://localhost:8000/api/objects/MBTCPMaster1/modbus/status?server=ee8d9159:0
[ 3358068ms] [ERROR] Failed to load resource: net::ERR_CONNECTION_REFUSED @ http://localhost:8000/api/servers:0
[ 3358069ms] [ERROR] Error обновления списка объектов: TypeError: Failed to fetch
    at fetchServers (http://localhost:8000/static/js/app.js:12333:28)
    at fetchObjects (http://localhost:8000/static/js/app.js:12340:31)
    at refreshObjectsList (http://localhost:8000/static/js/app.js:12388:28)
    at http://localhost:8000/static/js/app.js:1228:9 @ http://localhost:8000/static/js/app.js:12391
[ 3358069ms] [ERROR] Failed to load resource: net::ERR_CONNECTION_REFUSED @ http://localhost:8000/api/objects/MBTCPMaster1?server=ee8d9159:0
[ 3358069ms] [ERROR] Error загрузки ee8d9159:MBTCPMaster1: TypeError: Failed to fetch
    at fetchObjectData (http://localhost:8000/static/js/app.js:12407:28)
    at loadObjectData (http://localhost:8000/static/js/app.js:14067:28)
    at http://localhost:8000/static/js/app.js:1235:23 @ http://localhost:8000/static/js/app.js:14078
[ 3358069ms] [ERROR] Failed to load resource: net::ERR_CONNECTION_REFUSED @ http://localhost:8000/api/version:0
[ 3358420ms] [ERROR] Failed to load resource: net::ERR_CONNECTION_REFUSED @ http://localhost:8000/api/objects/MBTCPMaster1/modbus/status?server=ee8d9159:0
[ 3359068ms] [ERROR] Failed to load resource: net::ERR_CONNECTION_REFUSED @ http://localhost:8000/api/objects/MBTCPMaster1?server=ee8d9159:0
[ 3359068ms] [ERROR] Error загрузки ee8d9159:MBTCPMaster1: TypeError: Failed to fetch
    at fetchObjectData (http://localhost:8000/static/js/app.js:12407:28)
    at loadObjectData (http://localhost:8000/static/js/app.js:14067:28)
    at http://localhost:8000/static/js/app.js:1235:23 @ http://localhost:8000/static/js/app.js:14078
[ 3359418ms] [ERROR] Failed to load resource: net::ERR_CONNECTION_REFUSED @ http://localhost:8000/api/objects/MBTCPMaster1/modbus/status?server=ee8d9159:0
[ 3360068ms] [ERROR] Failed to load resource: net::ERR_CONNECTION_REFUSED @ http://localhost:8000/api/recording/status:0
[ 3360069ms] [ERROR] Failed to load resource: net::ERR_CONNECTION_REFUSED @ http://localhost:8000/api/objects/MBTCPMaster1?server=ee8d9159:0
[ 3360069ms] [ERROR] Error загрузки ee8d9159:MBTCPMaster1: TypeError: Failed to fetch
    at fetchObjectData (http://localhost:8000/static/js/app.js:12407:28)
    at loadObjectData (http://localhost:8000/static/js/app.js:14067:28)
    at http://localhost:8000/static/js/app.js:1235:23 @ http://localhost:8000/static/js/app.js:14078
[ 3360418ms] [ERROR] Failed to load resource: net::ERR_CONNECTION_REFUSED @ http://localhost:8000/api/objects/MBTCPMaster1/modbus/status?server=ee8d9159:0
[ 3361068ms] [ERROR] Failed to load resource: net::ERR_CONNECTION_REFUSED @ http://localhost:8000/api/objects/MBTCPMaster1?server=ee8d9159:0
[ 3361068ms] [ERROR] Error загрузки ee8d9159:MBTCPMaster1: TypeError: Failed to fetch
    at fetchObjectData (http://localhost:8000/static/js/app.js:12407:28)
    at loadObjectData (http://localhost:8000/static/js/app.js:14067:28)
    at http://localhost:8000/static/js/app.js:1235:23 @ http://localhost:8000/static/js/app.js:14078
[ 3361418ms] [ERROR] Failed to load resource: net::ERR_CONNECTION_REFUSED @ http://localhost:8000/api/objects/MBTCPMaster1/modbus/status?server=ee8d9159:0
[ 3362069ms] [ERROR] Failed to load resource: net::ERR_CONNECTION_REFUSED @ http://localhost:8000/api/objects/MBTCPMaster1?server=ee8d9159:0
[ 3362069ms] [ERROR] Error загрузки ee8d9159:MBTCPMaster1: TypeError: Failed to fetch
    at fetchObjectData (http://localhost:8000/static/js/app.js:12407:28)
    at loadObjectData (http://localhost:8000/static/js/app.js:14067:28)
    at http://localhost:8000/static/js/app.js:1235:23 @ http://localhost:8000/static/js/app.js:14078
[ 3362420ms] [ERROR] Failed to load resource: net::ERR_CONNECTION_REFUSED @ http://localhost:8000/api/objects/MBTCPMaster1/modbus/status?server=ee8d9159:0
[ 3363069ms] [ERROR] Failed to load resource: net::ERR_CONNECTION_REFUSED @ http://localhost:8000/api/objects/MBTCPMaster1?server=ee8d9159:0
[ 3363069ms] [ERROR] Error загрузки ee8d9159:MBTCPMaster1: TypeError: Failed to fetch
    at fetchObjectData (http://localhost:8000/static/js/app.js:12407:28)
    at loadObjectData (http://localhost:8000/static/js/app.js:14067:28)
    at http://localhost:8000/static/js/app.js:1235:23 @ http://localhost:8000/static/js/app.js:14078
[ 3363419ms] [ERROR] Failed to load resource: net::ERR_CONNECTION_REFUSED @ http://localhost:8000/api/objects/MBTCPMaster1/modbus/status?server=ee8d9159:0
[ 3364070ms] [ERROR] Failed to load resource: net::ERR_CONNECTION_REFUSED @ http://localhost:8000/api/servers:0
[ 3364070ms] [ERROR] Error обновления списка объектов: TypeError: Failed to fetch
    at fetchServers (http://localhost:8000/static/js/app.js:12333:28)
    at fetchObjects (http://localhost:8000/static/js/app.js:12340:31)
    at refreshObjectsList (http://localhost:8000/static/js/app.js:12388:28)
    at http://localhost:8000/static/js/app.js:1228:9 @ http://localhost:8000/static/js/app.js:12391
[ 3364070ms] [ERROR] Failed to load resource: net::ERR_CONNECTION_REFUSED @ http://localhost:8000/api/objects/MBTCPMaster1?server=ee8d9159:0
[ 3364070ms] [ERROR] Error загрузки ee8d9159:MBTCPMaster1: TypeError: Failed to fetch
    at fetchObjectData (http://localhost:8000/static/js/app.js:12407:28)
    at loadObjectData (http://localhost:8000/static/js/app.js:14067:28)
    at http://localhost:8000/static/js/app.js:1235:23 @ http://localhost:8000/static/js/app.js:14078
[ 3364420ms] [ERROR] Failed to load resource: net::ERR_CONNECTION_REFUSED @ http://localhost:8000/api/objects/MBTCPMaster1/modbus/status?server=ee8d9159:0
[ 3365068ms] [ERROR] Failed to load resource: net::ERR_CONNECTION_REFUSED @ http://localhost:8000/api/recording/status:0
[ 3365068ms] [ERROR] Failed to load resource: net::ERR_CONNECTION_REFUSED @ http://localhost:8000/api/objects/MBTCPMaster1?server=ee8d9159:0
[ 3365068ms] [ERROR] Error загрузки ee8d9159:MBTCPMaster1: TypeError: Failed to fetch
    at fetchObjectData (http://localhost:8000/static/js/app.js:12407:28)
    at loadObjectData (http://localhost:8000/static/js/app.js:14067:28)
    at http://localhost:8000/static/js/app.js:1235:23 @ http://localhost:8000/static/js/app.js:14078
[ 3365419ms] [ERROR] Failed to load resource: net::ERR_CONNECTION_REFUSED @ http://localhost:8000/api/objects/MBTCPMaster1/modbus/status?server=ee8d9159:0
[ 3366069ms] [ERROR] Failed to load resource: net::ERR_CONNECTION_REFUSED @ http://localhost:8000/api/objects/MBTCPMaster1?server=ee8d9159:0
[ 3366070ms] [ERROR] Error загрузки ee8d9159:MBTCPMaster1: TypeError: Failed to fetch
    at fetchObjectData (http://localhost:8000/static/js/app.js:12407:28)
    at loadObjectData (http://localhost:8000/static/js/app.js:14067:28)
    at http://localhost:8000/static/js/app.js:1235:23 @ http://localhost:8000/static/js/app.js:14078
[ 3366419ms] [ERROR] Failed to load resource: net::ERR_CONNECTION_REFUSED @ http://localhost:8000/api/objects/MBTCPMaster1/modbus/status?server=ee8d9159:0
[ 3367070ms] [ERROR] Failed to load resource: net::ERR_CONNECTION_REFUSED @ http://localhost:8000/api/objects/MBTCPMaster1?server=ee8d9159:0
[ 3367070ms] [ERROR] Error загрузки ee8d9159:MBTCPMaster1: TypeError: Failed to fetch
    at fetchObjectData (http://localhost:8000/static/js/app.js:12407:28)
    at loadObjectData (http://localhost:8000/static/js/app.js:14067:28)
    at http://localhost:8000/static/js/app.js:1235:23 @ http://localhost:8000/static/js/app.js:14078
[ 3367418ms] [ERROR] Failed to load resource: net::ERR_CONNECTION_REFUSED @ http://localhost:8000/api/objects/MBTCPMaster1/modbus/status?server=ee8d9159:0
[ 3368068ms] [ERROR] Failed to load resource: net::ERR_CONNECTION_REFUSED @ http://localhost:8000/api/objects/MBTCPMaster1?server=ee8d9159:0
[ 3368068ms] [ERROR] Error загрузки ee8d9159:MBTCPMaster1: TypeError: Failed to fetch
    at fetchObjectData (http://localhost:8000/static/js/app.js:12407:28)
    at loadObjectData (http://localhost:8000/static/js/app.js:14067:28)
    at http://localhost:8000/static/js/app.js:1235:23 @ http://localhost:8000/static/js/app.js:14078
[ 3368419ms] [ERROR] Failed to load resource: net::ERR_CONNECTION_REFUSED @ http://localhost:8000/api/objects/MBTCPMaster1/modbus/status?server=ee8d9159:0
[ 3369069ms] [ERROR] Failed to load resource: net::ERR_CONNECTION_REFUSED @ http://localhost:8000/api/objects/MBTCPMaster1?server=ee8d9159:0
[ 3369069ms] [ERROR] Error загрузки ee8d9159:MBTCPMaster1: TypeError: Failed to fetch
    at fetchObjectData (http://localhost:8000/static/js/app.js:12407:28)
    at loadObjectData (http://localhost:8000/static/js/app.js:14067:28)
    at http://localhost:8000/static/js/app.js:1235:23 @ http://localhost:8000/static/js/app.js:14078
[ 3369420ms] [ERROR] Failed to load resource: net::ERR_CONNECTION_REFUSED @ http://localhost:8000/api/objects/MBTCPMaster1/modbus/status?server=ee8d9159:0
[ 3370069ms] [ERROR] Failed to load resource: net::ERR_CONNECTION_REFUSED @ http://localhost:8000/api/recording/status:0
[ 3370070ms] [ERROR] Failed to load resource: net::ERR_CONNECTION_REFUSED @ http://localhost:8000/api/servers:0
[ 3370070ms] [ERROR] Error обновления списка объектов: TypeError: Failed to fetch
    at fetchServers (http://localhost:8000/static/js/app.js:12333:28)
    at fetchObjects (http://localhost:8000/static/js/app.js:12340:31)
    at refreshObjectsList (http://localhost:8000/static/js/app.js:12388:28)
    at http://localhost:8000/static/js/app.js:1228:9 @ http://localhost:8000/static/js/app.js:12391
[ 3370070ms] [ERROR] Failed to load resource: net::ERR_CONNECTION_REFUSED @ http://localhost:8000/api/objects/MBTCPMaster1?server=ee8d9159:0
[ 3370070ms] [ERROR] Error загрузки ee8d9159:MBTCPMaster1: TypeError: Failed to fetch
    at fetchObjectData (http://localhost:8000/static/js/app.js:12407:28)
    at loadObjectData (http://localhost:8000/static/js/app.js:14067:28)
    at http://localhost:8000/static/js/app.js:1235:23 @ http://localhost:8000/static/js/app.js:14078
[ 3370419ms] [ERROR] Failed to load resource: net::ERR_CONNECTION_REFUSED @ http://localhost:8000/api/objects/MBTCPMaster1/modbus/status?server=ee8d9159:0
[ 3371071ms] [ERROR] Failed to load resource: net::ERR_CONNECTION_REFUSED @ http://localhost:8000/api/objects/MBTCPMaster1?server=ee8d9159:0
[ 3371071ms] [ERROR] Error загрузки ee8d9159:MBTCPMaster1: TypeError: Failed to fetch
    at fetchObjectData (http://localhost:8000/static/js/app.js:12407:28)
    at loadObjectData (http://localhost:8000/static/js/app.js:14067:28)
    at http://localhost:8000/static/js/app.js:1235:23 @ http://localhost:8000/static/js/app.js:14078
[ 3371420ms] [ERROR] Failed to load resource: net::ERR_CONNECTION_REFUSED @ http://localhost:8000/api/objects/MBTCPMaster1/modbus/status?server=ee8d9159:0
[ 3372068ms] [ERROR] Failed to load resource: net::ERR_CONNECTION_REFUSED @ http://localhost:8000/api/objects/MBTCPMaster1?server=ee8d9159:0
[ 3372068ms] [ERROR] Error загрузки ee8d9159:MBTCPMaster1: TypeError: Failed to fetch
    at fetchObjectData (http://localhost:8000/static/js/app.js:12407:28)
    at loadObjectData (http://localhost:8000/static/js/app.js:14067:28)
    at http://localhost:8000/static/js/app.js:1235:23 @ http://localhost:8000/static/js/app.js:14078
[ 3372419ms] [ERROR] Failed to load resource: net::ERR_CONNECTION_REFUSED @ http://localhost:8000/api/objects/MBTCPMaster1/modbus/status?server=ee8d9159:0
[ 3373069ms] [ERROR] Failed to load resource: net::ERR_CONNECTION_REFUSED @ http://localhost:8000/api/objects/MBTCPMaster1?server=ee8d9159:0
[ 3373069ms] [ERROR] Error загрузки ee8d9159:MBTCPMaster1: TypeError: Failed to fetch
    at fetchObjectData (http://localhost:8000/static/js/app.js:12407:28)
    at loadObjectData (http://localhost:8000/static/js/app.js:14067:28)
    at http://localhost:8000/static/js/app.js:1235:23 @ http://localhost:8000/static/js/app.js:14078
[ 3373419ms] [ERROR] Failed to load resource: net::ERR_CONNECTION_REFUSED @ http://localhost:8000/api/objects/MBTCPMaster1/modbus/status?server=ee8d9159:0
[ 3374069ms] [ERROR] Failed to load resource: net::ERR_CONNECTION_REFUSED @ http://localhost:8000/api/objects/MBTCPMaster1?server=ee8d9159:0
[ 3374069ms] [ERROR] Error загрузки ee8d9159:MBTCPMaster1: TypeError: Failed to fetch
    at fetchObjectData (http://localhost:8000/static/js/app.js:12407:28)
    at loadObjectData (http://localhost:8000/static/js/app.js:14067:28)
    at http://localhost:8000/static/js/app.js:1235:23 @ http://localhost:8000/static/js/app.js:14078
[ 3374418ms] [ERROR] Failed to load resource: net::ERR_CONNECTION_REFUSED @ http://localhost:8000/api/objects/MBTCPMaster1/modbus/status?server=ee8d9159:0
[ 3375067ms] [ERROR] Failed to load resource: net::ERR_CONNECTION_REFUSED @ http://localhost:8000/api/recording/status:0
[ 3375067ms] [ERROR] Failed to load resource: net::ERR_CONNECTION_REFUSED @ http://localhost:8000/api/objects/MBTCPMaster1?server=ee8d9159:0
[ 3375067ms] [ERROR] Error загрузки ee8d9159:MBTCPMaster1: TypeError: Failed to fetch
    at fetchObjectData (http://localhost:8000/static/js/app.js:12407:28)
    at loadObjectData (http://localhost:8000/static/js/app.js:14067:28)
    at http://localhost:8000/static/js/app.js:1235:23 @ http://localhost:8000/static/js/app.js:14078
[ 3375419ms] [ERROR] Failed to load resource: net::ERR_CONNECTION_REFUSED @ http://localhost:8000/api/objects/MBTCPMaster1/modbus/status?server=ee8d9159:0
[ 3376069ms] [ERROR] Failed to load resource: net::ERR_CONNECTION_REFUSED @ http://localhost:8000/api/servers:0
[ 3376069ms] [ERROR] Error обновления списка объектов: TypeError: Failed to fetch
    at fetchServers (http://localhost:8000/static/js/app.js:12333:28)
    at fetchObjects (http://localhost:8000/static/js/app.js:12340:31)
    at refreshObjectsList (http://localhost:8000/static/js/app.js:12388:28)
    at http://localhost:8000/static/js/app.js:1228:9 @ http://localhost:8000/static/js/app.js:12391
[ 3376069ms] [ERROR] Failed to load resource: net::ERR_CONNECTION_REFUSED @ http://localhost:8000/api/objects/MBTCPMaster1?server=ee8d9159:0
[ 3376069ms] [ERROR] Error загрузки ee8d9159:MBTCPMaster1: TypeError: Failed to fetch
    at fetchObjectData (http://localhost:8000/static/js/app.js:12407:28)
    at loadObjectData (http://localhost:8000/static/js/app.js:14067:28)
    at http://localhost:8000/static/js/app.js:1235:23 @ http://localhost:8000/static/js/app.js:14078
[ 3376420ms] [ERROR] Failed to load resource: net::ERR_CONNECTION_REFUSED @ http://localhost:8000/api/objects/MBTCPMaster1/modbus/status?server=ee8d9159:0
[ 3377070ms] [ERROR] Failed to load resource: net::ERR_CONNECTION_REFUSED @ http://localhost:8000/api/objects/MBTCPMaster1?server=ee8d9159:0
[ 3377070ms] [ERROR] Error загрузки ee8d9159:MBTCPMaster1: TypeError: Failed to fetch
    at fetchObjectData (http://localhost:8000/static/js/app.js:12407:28)
    at loadObjectData (http://localhost:8000/static/js/app.js:14067:28)
    at http://localhost:8000/static/js/app.js:1235:23 @ http://localhost:8000/static/js/app.js:14078
[ 3377420ms] [ERROR] Failed to load resource: net::ERR_CONNECTION_REFUSED @ http://localhost:8000/api/objects/MBTCPMaster1/modbus/status?server=ee8d9159:0
[ 3378069ms] [ERROR] Failed to load resource: net::ERR_CONNECTION_REFUSED @ http://localhost:8000/api/objects/MBTCPMaster1?server=ee8d9159:0
[ 3378070ms] [ERROR] Error загрузки ee8d9159:MBTCPMaster1: TypeError: Failed to fetch
    at fetchObjectData (http://localhost:8000/static/js/app.js:12407:28)
    at loadObjectData (http://localhost:8000/static/js/app.js:14067:28)
    at http://localhost:8000/static/js/app.js:1235:23 @ http://localhost:8000/static/js/app.js:14078
[ 3378420ms] [ERROR] Failed to load resource: net::ERR_CONNECTION_REFUSED @ http://localhost:8000/api/objects/MBTCPMaster1/modbus/status?server=ee8d9159:0
[ 3379069ms] [ERROR] Failed to load resource: net::ERR_CONNECTION_REFUSED @ http://localhost:8000/api/objects/MBTCPMaster1?server=ee8d9159:0
[ 3379069ms] [ERROR] Error загрузки ee8d9159:MBTCPMaster1: TypeError: Failed to fetch
    at fetchObjectData (http://localhost:8000/static/js/app.js:12407:28)
    at loadObjectData (http://localhost:8000/static/js/app.js:14067:28)
    at http://localhost:8000/static/js/app.js:1235:23 @ http://localhost:8000/static/js/app.js:14078
[ 3379419ms] [ERROR] Failed to load resource: net::ERR_CONNECTION_REFUSED @ http://localhost:8000/api/objects/MBTCPMaster1/modbus/status?server=ee8d9159:0
[ 3380069ms] [ERROR] Failed to load resource: net::ERR_CONNECTION_REFUSED @ http://localhost:8000/api/recording/status:0
[ 3380069ms] [ERROR] Failed to load resource: net::ERR_CONNECTION_REFUSED @ http://localhost:8000/api/objects/MBTCPMaster1?server=ee8d9159:0
[ 3380069ms] [ERROR] Error загрузки ee8d9159:MBTCPMaster1: TypeError: Failed to fetch
    at fetchObjectData (http://localhost:8000/static/js/app.js:12407:28)
    at loadObjectData (http://localhost:8000/static/js/app.js:14067:28)
    at http://localhost:8000/static/js/app.js:1235:23 @ http://localhost:8000/static/js/app.js:14078
[ 3380419ms] [ERROR] Failed to load resource: net::ERR_CONNECTION_REFUSED @ http://localhost:8000/api/objects/MBTCPMaster1/modbus/status?server=ee8d9159:0
[ 3381068ms] [ERROR] Failed to load resource: net::ERR_CONNECTION_REFUSED @ http://localhost:8000/api/objects/MBTCPMaster1?server=ee8d9159:0
[ 3381068ms] [ERROR] Error загрузки ee8d9159:MBTCPMaster1: TypeError: Failed to fetch
    at fetchObjectData (http://localhost:8000/static/js/app.js:12407:28)
    at loadObjectData (http://localhost:8000/static/js/app.js:14067:28)
    at http://localhost:8000/static/js/app.js:1235:23 @ http://localhost:8000/static/js/app.js:14078
[ 3381419ms] [ERROR] Failed to load resource: net::ERR_CONNECTION_REFUSED @ http://localhost:8000/api/objects/MBTCPMaster1/modbus/status?server=ee8d9159:0
[ 3382071ms] [ERROR] Failed to load resource: net::ERR_CONNECTION_REFUSED @ http://localhost:8000/api/servers:0
[ 3382071ms] [ERROR] Error обновления списка объектов: TypeError: Failed to fetch
    at fetchServers (http://localhost:8000/static/js/app.js:12333:28)
    at fetchObjects (http://localhost:8000/static/js/app.js:12340:31)
    at refreshObjectsList (http://localhost:8000/static/js/app.js:12388:28)
    at http://localhost:8000/static/js/app.js:1228:9 @ http://localhost:8000/static/js/app.js:12391
[ 3382072ms] [ERROR] Failed to load resource: net::ERR_CONNECTION_REFUSED @ http://localhost:8000/api/objects/MBTCPMaster1?server=ee8d9159:0
[ 3382072ms] [ERROR] Error загрузки ee8d9159:MBTCPMaster1: TypeError: Failed to fetch
    at fetchObjectData (http://localhost:8000/static/js/app.js:12407:28)
    at loadObjectData (http://localhost:8000/static/js/app.js:14067:28)
    at http://localhost:8000/static/js/app.js:1235:23 @ http://localhost:8000/static/js/app.js:14078
[ 3382420ms] [ERROR] Failed to load resource: net::ERR_CONNECTION_REFUSED @ http://localhost:8000/api/objects/MBTCPMaster1/modbus/status?server=ee8d9159:0
[ 3383069ms] [ERROR] Failed to load resource: net::ERR_CONNECTION_REFUSED @ http://localhost:8000/api/objects/MBTCPMaster1?server=ee8d9159:0
[ 3383069ms] [ERROR] Error загрузки ee8d9159:MBTCPMaster1: TypeError: Failed to fetch
    at fetchObjectData (http://localhost:8000/static/js/app.js:12407:28)
    at loadObjectData (http://localhost:8000/static/js/app.js:14067:28)
    at http://localhost:8000/static/js/app.js:1235:23 @ http://localhost:8000/static/js/app.js:14078
[ 3383420ms] [ERROR] Failed to load resource: net::ERR_CONNECTION_REFUSED @ http://localhost:8000/api/objects/MBTCPMaster1/modbus/status?server=ee8d9159:0
[ 3384069ms] [ERROR] Failed to load resource: net::ERR_CONNECTION_REFUSED @ http://localhost:8000/api/objects/MBTCPMaster1?server=ee8d9159:0
[ 3384069ms] [ERROR] Error загрузки ee8d9159:MBTCPMaster1: TypeError: Failed to fetch
    at fetchObjectData (http://localhost:8000/static/js/app.js:12407:28)
    at loadObjectData (http://localhost:8000/static/js/app.js:14067:28)
    at http://localhost:8000/static/js/app.js:1235:23 @ http://localhost:8000/static/js/app.js:14078
[ 3384420ms] [ERROR] Failed to load resource: net::ERR_CONNECTION_REFUSED @ http://localhost:8000/api/objects/MBTCPMaster1/modbus/status?server=ee8d9159:0
[ 3385069ms] [ERROR] Failed to load resource: net::ERR_CONNECTION_REFUSED @ http://localhost:8000/api/recording/status:0
[ 3385069ms] [ERROR] Failed to load resource: net::ERR_CONNECTION_REFUSED @ http://localhost:8000/api/objects/MBTCPMaster1?server=ee8d9159:0
[ 3385070ms] [ERROR] Error загрузки ee8d9159:MBTCPMaster1: TypeError: Failed to fetch
    at fetchObjectData (http://localhost:8000/static/js/app.js:12407:28)
    at loadObjectData (http://localhost:8000/static/js/app.js:14067:28)
    at http://localhost:8000/static/js/app.js:1235:23 @ http://localhost:8000/static/js/app.js:14078
[ 3385419ms] [ERROR] Failed to load resource: net::ERR_CONNECTION_REFUSED @ http://localhost:8000/api/objects/MBTCPMaster1/modbus/status?server=ee8d9159:0
[ 3386070ms] [ERROR] Failed to load resource: net::ERR_CONNECTION_REFUSED @ http://localhost:8000/api/objects/MBTCPMaster1?server=ee8d9159:0
[ 3386070ms] [ERROR] Error загрузки ee8d9159:MBTCPMaster1: TypeError: Failed to fetch
    at fetchObjectData (http://localhost:8000/static/js/app.js:12407:28)
    at loadObjectData (http://localhost:8000/static/js/app.js:14067:28)
    at http://localhost:8000/static/js/app.js:1235:23 @ http://localhost:8000/static/js/app.js:14078
[ 3386419ms] [ERROR] Failed to load resource: net::ERR_CONNECTION_REFUSED @ http://localhost:8000/api/objects/MBTCPMaster1/modbus/status?server=ee8d9159:0
[ 3387069ms] [ERROR] Failed to load resource: net::ERR_CONNECTION_REFUSED @ http://localhost:8000/api/objects/MBTCPMaster1?server=ee8d9159:0
[ 3387070ms] [ERROR] Error загрузки ee8d9159:MBTCPMaster1: TypeError: Failed to fetch
    at fetchObjectData (http://localhost:8000/static/js/app.js:12407:28)
    at loadObjectData (http://localhost:8000/static/js/app.js:14067:28)
    at http://localhost:8000/static/js/app.js:1235:23 @ http://localhost:8000/static/js/app.js:14078
[ 3387420ms] [ERROR] Failed to load resource: net::ERR_CONNECTION_REFUSED @ http://localhost:8000/api/objects/MBTCPMaster1/modbus/status?server=ee8d9159:0
[ 3388069ms] [ERROR] Failed to load resource: net::ERR_CONNECTION_REFUSED @ http://localhost:8000/api/servers:0
[ 3388069ms] [ERROR] Error обновления списка объектов: TypeError: Failed to fetch
    at fetchServers (http://localhost:8000/static/js/app.js:12333:28)
    at fetchObjects (http://localhost:8000/static/js/app.js:12340:31)
    at refreshObjectsList (http://localhost:8000/static/js/app.js:12388:28)
    at http://localhost:8000/static/js/app.js:1228:9 @ http://localhost:8000/static/js/app.js:12391
[ 3388069ms] [ERROR] Failed to load resource: net::ERR_CONNECTION_REFUSED @ http://localhost:8000/api/objects/MBTCPMaster1?server=ee8d9159:0
[ 3388069ms] [ERROR] Error загрузки ee8d9159:MBTCPMaster1: TypeError: Failed to fetch
    at fetchObjectData (http://localhost:8000/static/js/app.js:12407:28)
    at loadObjectData (http://localhost:8000/static/js/app.js:14067:28)
    at http://localhost:8000/static/js/app.js:1235:23 @ http://localhost:8000/static/js/app.js:14078
[ 3388069ms] [ERROR] Failed to load resource: net::ERR_CONNECTION_REFUSED @ http://localhost:8000/api/version:0
[ 3388419ms] [ERROR] Failed to load resource: net::ERR_CONNECTION_REFUSED @ http://localhost:8000/api/objects/MBTCPMaster1/modbus/status?server=ee8d9159:0
[ 3389068ms] [ERROR] Failed to load resource: net::ERR_CONNECTION_REFUSED @ http://localhost:8000/api/objects/MBTCPMaster1?server=ee8d9159:0
[ 3389068ms] [ERROR] Error загрузки ee8d9159:MBTCPMaster1: TypeError: Failed to fetch
    at fetchObjectData (http://localhost:8000/static/js/app.js:12407:28)
    at loadObjectData (http://localhost:8000/static/js/app.js:14067:28)
    at http://localhost:8000/static/js/app.js:1235:23 @ http://localhost:8000/static/js/app.js:14078
[ 3389419ms] [ERROR] Failed to load resource: net::ERR_CONNECTION_REFUSED @ http://localhost:8000/api/objects/MBTCPMaster1/modbus/status?server=ee8d9159:0
[ 3390068ms] [ERROR] Failed to load resource: net::ERR_CONNECTION_REFUSED @ http://localhost:8000/api/recording/status:0
[ 3390068ms] [ERROR] Failed to load resource: net::ERR_CONNECTION_REFUSED @ http://localhost:8000/api/objects/MBTCPMaster1?server=ee8d9159:0
[ 3390068ms] [ERROR] Error загрузки ee8d9159:MBTCPMaster1: TypeError: Failed to fetch
    at fetchObjectData (http://localhost:8000/static/js/app.js:12407:28)
    at loadObjectData (http://localhost:8000/static/js/app.js:14067:28)
    at http://localhost:8000/static/js/app.js:1235:23 @ http://localhost:8000/static/js/app.js:14078
[ 3390419ms] [ERROR] Failed to load resource: net::ERR_CONNECTION_REFUSED @ http://localhost:8000/api/objects/MBTCPMaster1/modbus/status?server=ee8d9159:0
[ 3391070ms] [ERROR] Failed to load resource: net::ERR_CONNECTION_REFUSED @ http://localhost:8000/api/objects/MBTCPMaster1?server=ee8d9159:0
[ 3391070ms] [ERROR] Error загрузки ee8d9159:MBTCPMaster1: TypeError: Failed to fetch
    at fetchObjectData (http://localhost:8000/static/js/app.js:12407:28)
    at loadObjectData (http://localhost:8000/static/js/app.js:14067:28)
    at http://localhost:8000/static/js/app.js:1235:23 @ http://localhost:8000/static/js/app.js:14078
[ 3391419ms] [ERROR] Failed to load resource: net::ERR_CONNECTION_REFUSED @ http://localhost:8000/api/objects/MBTCPMaster1/modbus/status?server=ee8d9159:0
[ 3392069ms] [ERROR] Failed to load resource: net::ERR_CONNECTION_REFUSED @ http://localhost:8000/api/objects/MBTCPMaster1?server=ee8d9159:0
[ 3392069ms] [ERROR] Error загрузки ee8d9159:MBTCPMaster1: TypeError: Failed to fetch
    at fetchObjectData (http://localhost:8000/static/js/app.js:12407:28)
    at loadObjectData (http://localhost:8000/static/js/app.js:14067:28)
    at http://localhost:8000/static/js/app.js:1235:23 @ http://localhost:8000/static/js/app.js:14078
[ 3392419ms] [ERROR] Failed to load resource: net::ERR_CONNECTION_REFUSED @ http://localhost:8000/api/objects/MBTCPMaster1/modbus/status?server=ee8d9159:0
[ 3393069ms] [ERROR] Failed to load resource: net::ERR_CONNECTION_REFUSED @ http://localhost:8000/api/objects/MBTCPMaster1?server=ee8d9159:0
[ 3393069ms] [ERROR] Error загрузки ee8d9159:MBTCPMaster1: TypeError: Failed to fetch
    at fetchObjectData (http://localhost:8000/static/js/app.js:12407:28)
    at loadObjectData (http://localhost:8000/static/js/app.js:14067:28)
    at http://localhost:8000/static/js/app.js:1235:23 @ http://localhost:8000/static/js/app.js:14078
[ 3393419ms] [ERROR] Failed to load resource: net::ERR_CONNECTION_REFUSED @ http://localhost:8000/api/objects/MBTCPMaster1/modbus/status?server=ee8d9159:0
[ 3394069ms] [ERROR] Failed to load resource: net::ERR_CONNECTION_REFUSED @ http://localhost:8000/api/servers:0
[ 3394069ms] [ERROR] Error обновления списка объектов: TypeError: Failed to fetch
    at fetchServers (http://localhost:8000/static/js/app.js:12333:28)
    at fetchObjects (http://localhost:8000/static/js/app.js:12340:31)
    at refreshObjectsList (http://localhost:8000/static/js/app.js:12388:28)
    at http://localhost:8000/static/js/app.js:1228:9 @ http://localhost:8000/static/js/app.js:12391
[ 3394069ms] [ERROR] Failed to load resource: net::ERR_CONNECTION_REFUSED @ http://localhost:8000/api/objects/MBTCPMaster1?server=ee8d9159:0
[ 3394069ms] [ERROR] Error загрузки ee8d9159:MBTCPMaster1: TypeError: Failed to fetch
    at fetchObjectData (http://localhost:8000/static/js/app.js:12407:28)
    at loadObjectData (http://localhost:8000/static/js/app.js:14067:28)
    at http://localhost:8000/static/js/app.js:1235:23 @ http://localhost:8000/static/js/app.js:14078
[ 3394419ms] [ERROR] Failed to load resource: net::ERR_CONNECTION_REFUSED @ http://localhost:8000/api/objects/MBTCPMaster1/modbus/status?server=ee8d9159:0
[ 3395068ms] [ERROR] Failed to load resource: net::ERR_CONNECTION_REFUSED @ http://localhost:8000/api/recording/status:0
[ 3395068ms] [ERROR] Failed to load resource: net::ERR_CONNECTION_REFUSED @ http://localhost:8000/api/objects/MBTCPMaster1?server=ee8d9159:0
[ 3395068ms] [ERROR] Error загрузки ee8d9159:MBTCPMaster1: TypeError: Failed to fetch
    at fetchObjectData (http://localhost:8000/static/js/app.js:12407:28)
    at loadObjectData (http://localhost:8000/static/js/app.js:14067:28)
    at http://localhost:8000/static/js/app.js:1235:23 @ http://localhost:8000/static/js/app.js:14078
[ 3395419ms] [ERROR] Failed to load resource: net::ERR_CONNECTION_REFUSED @ http://localhost:8000/api/objects/MBTCPMaster1/modbus/status?server=ee8d9159:0
[ 3396068ms] [ERROR] Failed to load resource: net::ERR_CONNECTION_REFUSED @ http://localhost:8000/api/objects/MBTCPMaster1?server=ee8d9159:0
[ 3396068ms] [ERROR] Error загрузки ee8d9159:MBTCPMaster1: TypeError: Failed to fetch
    at fetchObjectData (http://localhost:8000/static/js/app.js:12407:28)
    at loadObjectData (http://localhost:8000/static/js/app.js:14067:28)
    at http://localhost:8000/static/js/app.js:1235:23 @ http://localhost:8000/static/js/app.js:14078
[ 3396418ms] [ERROR] Failed to load resource: net::ERR_CONNECTION_REFUSED @ http://localhost:8000/api/objects/MBTCPMaster1/modbus/status?server=ee8d9159:0
[ 3397069ms] [ERROR] Failed to load resource: net::ERR_CONNECTION_REFUSED @ http://localhost:8000/api/objects/MBTCPMaster1?server=ee8d9159:0
[ 3397069ms] [ERROR] Error загрузки ee8d9159:MBTCPMaster1: TypeError: Failed to fetch
    at fetchObjectData (http://localhost:8000/static/js/app.js:12407:28)
    at loadObjectData (http://localhost:8000/static/js/app.js:14067:28)
    at http://localhost:8000/static/js/app.js:1235:23 @ http://localhost:8000/static/js/app.js:14078
[ 3397420ms] [ERROR] Failed to load resource: net::ERR_CONNECTION_REFUSED @ http://localhost:8000/api/objects/MBTCPMaster1/modbus/status?server=ee8d9159:0
[ 3398070ms] [ERROR] Failed to load resource: net::ERR_CONNECTION_REFUSED @ http://localhost:8000/api/objects/MBTCPMaster1?server=ee8d9159:0
[ 3398070ms] [ERROR] Error загрузки ee8d9159:MBTCPMaster1: TypeError: Failed to fetch
    at fetchObjectData (http://localhost:8000/static/js/app.js:12407:28)
    at loadObjectData (http://localhost:8000/static/js/app.js:14067:28)
    at http://localhost:8000/static/js/app.js:1235:23 @ http://localhost:8000/static/js/app.js:14078
[ 3398419ms] [ERROR] Failed to load resource: net::ERR_CONNECTION_REFUSED @ http://localhost:8000/api/objects/MBTCPMaster1/modbus/status?server=ee8d9159:0
[ 3399070ms] [ERROR] Failed to load resource: net::ERR_CONNECTION_REFUSED @ http://localhost:8000/api/objects/MBTCPMaster1?server=ee8d9159:0
[ 3399070ms] [ERROR] Error загрузки ee8d9159:MBTCPMaster1: TypeError: Failed to fetch
    at fetchObjectData (http://localhost:8000/static/js/app.js:12407:28)
    at loadObjectData (http://localhost:8000/static/js/app.js:14067:28)
    at http://localhost:8000/static/js/app.js:1235:23 @ http://localhost:8000/static/js/app.js:14078
[ 3399419ms] [ERROR] Failed to load resource: net::ERR_CONNECTION_REFUSED @ http://localhost:8000/api/objects/MBTCPMaster1/modbus/status?server=ee8d9159:0
[ 3400069ms] [ERROR] Failed to load resource: net::ERR_CONNECTION_REFUSED @ http://localhost:8000/api/recording/status:0
[ 3400070ms] [ERROR] Failed to load resource: net::ERR_CONNECTION_REFUSED @ http://localhost:8000/api/servers:0
[ 3400070ms] [ERROR] Error обновления списка объектов: TypeError: Failed to fetch
    at fetchServers (http://localhost:8000/static/js/app.js:12333:28)
    at fetchObjects (http://localhost:8000/static/js/app.js:12340:31)
    at refreshObjectsList (http://localhost:8000/static/js/app.js:12388:28)
    at http://localhost:8000/static/js/app.js:1228:9 @ http://localhost:8000/static/js/app.js:12391
[ 3400070ms] [ERROR] Failed to load resource: net::ERR_CONNECTION_REFUSED @ http://localhost:8000/api/objects/MBTCPMaster1?server=ee8d9159:0
[ 3400070ms] [ERROR] Error загрузки ee8d9159:MBTCPMaster1: TypeError: Failed to fetch
    at fetchObjectData (http://localhost:8000/static/js/app.js:12407:28)
    at loadObjectData (http://localhost:8000/static/js/app.js:14067:28)
    at http://localhost:8000/static/js/app.js:1235:23 @ http://localhost:8000/static/js/app.js:14078
[ 3400419ms] [ERROR] Failed to load resource: net::ERR_CONNECTION_REFUSED @ http://localhost:8000/api/objects/MBTCPMaster1/modbus/status?server=ee8d9159:0
[ 3401068ms] [ERROR] Failed to load resource: net::ERR_CONNECTION_REFUSED @ http://localhost:8000/api/objects/MBTCPMaster1?server=ee8d9159:0
[ 3401068ms] [ERROR] Error загрузки ee8d9159:MBTCPMaster1: TypeError: Failed to fetch
    at fetchObjectData (http://localhost:8000/static/js/app.js:12407:28)
    at loadObjectData (http://localhost:8000/static/js/app.js:14067:28)
    at http://localhost:8000/static/js/app.js:1235:23 @ http://localhost:8000/static/js/app.js:14078
[ 3401419ms] [ERROR] Failed to load resource: net::ERR_CONNECTION_REFUSED @ http://localhost:8000/api/objects/MBTCPMaster1/modbus/status?server=ee8d9159:0
[ 3402069ms] [ERROR] Failed to load resource: net::ERR_CONNECTION_REFUSED @ http://localhost:8000/api/objects/MBTCPMaster1?server=ee8d9159:0
[ 3402069ms] [ERROR] Error загрузки ee8d9159:MBTCPMaster1: TypeError: Failed to fetch
    at fetchObjectData (http://localhost:8000/static/js/app.js:12407:28)
    at loadObjectData (http://localhost:8000/static/js/app.js:14067:28)
    at http://localhost:8000/static/js/app.js:1235:23 @ http://localhost:8000/static/js/app.js:14078
[ 3402419ms] [ERROR] Failed to load resource: net::ERR_CONNECTION_REFUSED @ http://localhost:8000/api/objects/MBTCPMaster1/modbus/status?server=ee8d9159:0
[ 3403069ms] [ERROR] Failed to load resource: net::ERR_CONNECTION_REFUSED @ http://localhost:8000/api/objects/MBTCPMaster1?server=ee8d9159:0
[ 3403069ms] [ERROR] Error загрузки ee8d9159:MBTCPMaster1: TypeError: Failed to fetch
    at fetchObjectData (http://localhost:8000/static/js/app.js:12407:28)
    at loadObjectData (http://localhost:8000/static/js/app.js:14067:28)
    at http://localhost:8000/static/js/app.js:1235:23 @ http://localhost:8000/static/js/app.js:14078
[ 3403419ms] [ERROR] Failed to load resource: net::ERR_CONNECTION_REFUSED @ http://localhost:8000/api/objects/MBTCPMaster1/modbus/status?server=ee8d9159:0
[ 3404068ms] [ERROR] Failed to load resource: net::ERR_CONNECTION_REFUSED @ http://localhost:8000/api/objects/MBTCPMaster1?server=ee8d9159:0
[ 3404069ms] [ERROR] Error загрузки ee8d9159:MBTCPMaster1: TypeError: Failed to fetch
    at fetchObjectData (http://localhost:8000/static/js/app.js:12407:28)
    at loadObjectData (http://localhost:8000/static/js/app.js:14067:28)
    at http://localhost:8000/static/js/app.js:1235:23 @ http://localhost:8000/static/js/app.js:14078
[ 3404419ms] [ERROR] Failed to load resource: net::ERR_CONNECTION_REFUSED @ http://localhost:8000/api/objects/MBTCPMaster1/modbus/status?server=ee8d9159:0
[ 3405068ms] [ERROR] Failed to load resource: net::ERR_CONNECTION_REFUSED @ http://localhost:8000/api/recording/status:0
[ 3405068ms] [ERROR] Failed to load resource: net::ERR_CONNECTION_REFUSED @ http://localhost:8000/api/objects/MBTCPMaster1?server=ee8d9159:0
[ 3405068ms] [ERROR] Error загрузки ee8d9159:MBTCPMaster1: TypeError: Failed to fetch
    at fetchObjectData (http://localhost:8000/static/js/app.js:12407:28)
    at loadObjectData (http://localhost:8000/static/js/app.js:14067:28)
    at http://localhost:8000/static/js/app.js:1235:23 @ http://localhost:8000/static/js/app.js:14078
[ 3405419ms] [ERROR] Failed to load resource: net::ERR_CONNECTION_REFUSED @ http://localhost:8000/api/objects/MBTCPMaster1/modbus/status?server=ee8d9159:0
[ 3406068ms] [ERROR] Failed to load resource: net::ERR_CONNECTION_REFUSED @ http://localhost:8000/api/servers:0
[ 3406068ms] [ERROR] Error обновления списка объектов: TypeError: Failed to fetch
    at fetchServers (http://localhost:8000/static/js/app.js:12333:28)
    at fetchObjects (http://localhost:8000/static/js/app.js:12340:31)
    at refreshObjectsList (http://localhost:8000/static/js/app.js:12388:28)
    at http://localhost:8000/static/js/app.js:1228:9 @ http://localhost:8000/static/js/app.js:12391
[ 3406069ms] [ERROR] Failed to load resource: net::ERR_CONNECTION_REFUSED @ http://localhost:8000/api/objects/MBTCPMaster1?server=ee8d9159:0
[ 3406069ms] [ERROR] Error загрузки ee8d9159:MBTCPMaster1: TypeError: Failed to fetch
    at fetchObjectData (http://localhost:8000/static/js/app.js:12407:28)
    at loadObjectData (http://localhost:8000/static/js/app.js:14067:28)
    at http://localhost:8000/static/js/app.js:1235:23 @ http://localhost:8000/static/js/app.js:14078
[ 3406419ms] [ERROR] Failed to load resource: net::ERR_CONNECTION_REFUSED @ http://localhost:8000/api/objects/MBTCPMaster1/modbus/status?server=ee8d9159:0
[ 3407068ms] [ERROR] Failed to load resource: net::ERR_CONNECTION_REFUSED @ http://localhost:8000/api/objects/MBTCPMaster1?server=ee8d9159:0
[ 3407068ms] [ERROR] Error загрузки ee8d9159:MBTCPMaster1: TypeError: Failed to fetch
    at fetchObjectData (http://localhost:8000/static/js/app.js:12407:28)
    at loadObjectData (http://localhost:8000/static/js/app.js:14067:28)
    at http://localhost:8000/static/js/app.js:1235:23 @ http://localhost:8000/static/js/app.js:14078
[ 3407419ms] [ERROR] Failed to load resource: net::ERR_CONNECTION_REFUSED @ http://localhost:8000/api/objects/MBTCPMaster1/modbus/status?server=ee8d9159:0
[ 3408069ms] [ERROR] Failed to load resource: net::ERR_CONNECTION_REFUSED @ http://localhost:8000/api/objects/MBTCPMaster1?server=ee8d9159:0
[ 3408069ms] [ERROR] Error загрузки ee8d9159:MBTCPMaster1: TypeError: Failed to fetch
    at fetchObjectData (http://localhost:8000/static/js/app.js:12407:28)
    at loadObjectData (http://localhost:8000/static/js/app.js:14067:28)
    at http://localhost:8000/static/js/app.js:1235:23 @ http://localhost:8000/static/js/app.js:14078
[ 3408419ms] [ERROR] Failed to load resource: net::ERR_CONNECTION_REFUSED @ http://localhost:8000/api/objects/MBTCPMaster1/modbus/status?server=ee8d9159:0
[ 3409068ms] [ERROR] Failed to load resource: net::ERR_CONNECTION_REFUSED @ http://localhost:8000/api/objects/MBTCPMaster1?server=ee8d9159:0
[ 3409068ms] [ERROR] Error загрузки ee8d9159:MBTCPMaster1: TypeError: Failed to fetch
    at fetchObjectData (http://localhost:8000/static/js/app.js:12407:28)
    at loadObjectData (http://localhost:8000/static/js/app.js:14067:28)
    at http://localhost:8000/static/js/app.js:1235:23 @ http://localhost:8000/static/js/app.js:14078
[ 3409418ms] [ERROR] Failed to load resource: net::ERR_CONNECTION_REFUSED @ http://localhost:8000/api/objects/MBTCPMaster1/modbus/status?server=ee8d9159:0
[ 3410067ms] [ERROR] Failed to load resource: net::ERR_CONNECTION_REFUSED @ http://localhost:8000/api/recording/status:0
[ 3410068ms] [ERROR] Failed to load resource: net::ERR_CONNECTION_REFUSED @ http://localhost:8000/api/objects/MBTCPMaster1?server=ee8d9159:0
[ 3410068ms] [ERROR] Error загрузки ee8d9159:MBTCPMaster1: TypeError: Failed to fetch
    at fetchObjectData (http://localhost:8000/static/js/app.js:12407:28)
    at loadObjectData (http://localhost:8000/static/js/app.js:14067:28)
    at http://localhost:8000/static/js/app.js:1235:23 @ http://localhost:8000/static/js/app.js:14078
[ 3410418ms] [ERROR] Failed to load resource: net::ERR_CONNECTION_REFUSED @ http://localhost:8000/api/objects/MBTCPMaster1/modbus/status?server=ee8d9159:0
[ 3411070ms] [ERROR] Failed to load resource: net::ERR_CONNECTION_REFUSED @ http://localhost:8000/api/objects/MBTCPMaster1?server=ee8d9159:0
[ 3411070ms] [ERROR] Error загрузки ee8d9159:MBTCPMaster1: TypeError: Failed to fetch
    at fetchObjectData (http://localhost:8000/static/js/app.js:12407:28)
    at loadObjectData (http://localhost:8000/static/js/app.js:14067:28)
    at http://localhost:8000/static/js/app.js:1235:23 @ http://localhost:8000/static/js/app.js:14078
[ 3411420ms] [ERROR] Failed to load resource: net::ERR_CONNECTION_REFUSED @ http://localhost:8000/api/objects/MBTCPMaster1/modbus/status?server=ee8d9159:0
[ 3412069ms] [ERROR] Failed to load resource: net::ERR_CONNECTION_REFUSED @ http://localhost:8000/api/servers:0
[ 3412069ms] [ERROR] Error обновления списка объектов: TypeError: Failed to fetch
    at fetchServers (http://localhost:8000/static/js/app.js:12333:28)
    at fetchObjects (http://localhost:8000/static/js/app.js:12340:31)
    at refreshObjectsList (http://localhost:8000/static/js/app.js:12388:28)
    at http://localhost:8000/static/js/app.js:1228:9 @ http://localhost:8000/static/js/app.js:12391
[ 3412069ms] [ERROR] Failed to load resource: net::ERR_CONNECTION_REFUSED @ http://localhost:8000/api/objects/MBTCPMaster1?server=ee8d9159:0
[ 3412070ms] [ERROR] Error загрузки ee8d9159:MBTCPMaster1: TypeError: Failed to fetch
    at fetchObjectData (http://localhost:8000/static/js/app.js:12407:28)
    at loadObjectData (http://localhost:8000/static/js/app.js:14067:28)
    at http://localhost:8000/static/js/app.js:1235:23 @ http://localhost:8000/static/js/app.js:14078
[ 3412420ms] [ERROR] Failed to load resource: net::ERR_CONNECTION_REFUSED @ http://localhost:8000/api/objects/MBTCPMaster1/modbus/status?server=ee8d9159:0
[ 3413069ms] [ERROR] Failed to load resource: net::ERR_CONNECTION_REFUSED @ http://localhost:8000/api/objects/MBTCPMaster1?server=ee8d9159:0
[ 3413069ms] [ERROR] Error загрузки ee8d9159:MBTCPMaster1: TypeError: Failed to fetch
    at fetchObjectData (http://localhost:8000/static/js/app.js:12407:28)
    at loadObjectData (http://localhost:8000/static/js/app.js:14067:28)
    at http://localhost:8000/static/js/app.js:1235:23 @ http://localhost:8000/static/js/app.js:14078
[ 3413433ms] [ERROR] Failed to load resource: net::ERR_CONNECTION_REFUSED @ http://localhost:8000/api/objects/MBTCPMaster1/modbus/status?server=ee8d9159:0
[ 3414068ms] [ERROR] Failed to load resource: net::ERR_CONNECTION_REFUSED @ http://localhost:8000/api/objects/MBTCPMaster1?server=ee8d9159:0
[ 3414068ms] [ERROR] Error загрузки ee8d9159:MBTCPMaster1: TypeError: Failed to fetch
    at fetchObjectData (http://localhost:8000/static/js/app.js:12407:28)
    at loadObjectData (http://localhost:8000/static/js/app.js:14067:28)
    at http://localhost:8000/static/js/app.js:1235:23 @ http://localhost:8000/static/js/app.js:14078
[ 3414419ms] [ERROR] Failed to load resource: net::ERR_CONNECTION_REFUSED @ http://localhost:8000/api/objects/MBTCPMaster1/modbus/status?server=ee8d9159:0
[ 3415067ms] [ERROR] Failed to load resource: net::ERR_CONNECTION_REFUSED @ http://localhost:8000/api/recording/status:0
[ 3415068ms] [ERROR] Failed to load resource: net::ERR_CONNECTION_REFUSED @ http://localhost:8000/api/objects/MBTCPMaster1?server=ee8d9159:0
[ 3415068ms] [ERROR] Error загрузки ee8d9159:MBTCPMaster1: TypeError: Failed to fetch
    at fetchObjectData (http://localhost:8000/static/js/app.js:12407:28)
    at loadObjectData (http://localhost:8000/static/js/app.js:14067:28)
    at http://localhost:8000/static/js/app.js:1235:23 @ http://localhost:8000/static/js/app.js:14078
[ 3415419ms] [ERROR] Failed to load resource: net::ERR_CONNECTION_REFUSED @ http://localhost:8000/api/objects/MBTCPMaster1/modbus/status?server=ee8d9159:0
[ 3416069ms] [ERROR] Failed to load resource: net::ERR_CONNECTION_REFUSED @ http://localhost:8000/api/objects/MBTCPMaster1?server=ee8d9159:0
[ 3416069ms] [ERROR] Error загрузки ee8d9159:MBTCPMaster1: TypeError: Failed to fetch
    at fetchObjectData (http://localhost:8000/static/js/app.js:12407:28)
    at loadObjectData (http://localhost:8000/static/js/app.js:14067:28)
    at http://localhost:8000/static/js/app.js:1235:23 @ http://localhost:8000/static/js/app.js:14078
[ 3416419ms] [ERROR] Failed to load resource: net::ERR_CONNECTION_REFUSED @ http://localhost:8000/api/objects/MBTCPMaster1/modbus/status?server=ee8d9159:0
[ 3417069ms] [ERROR] Failed to load resource: net::ERR_CONNECTION_REFUSED @ http://localhost:8000/api/objects/MBTCPMaster1?server=ee8d9159:0
[ 3417069ms] [ERROR] Error загрузки ee8d9159:MBTCPMaster1: TypeError: Failed to fetch
    at fetchObjectData (http://localhost:8000/static/js/app.js:12407:28)
    at loadObjectData (http://localhost:8000/static/js/app.js:14067:28)
    at http://localhost:8000/static/js/app.js:1235:23 @ http://localhost:8000/static/js/app.js:14078
[ 3417420ms] [ERROR] Failed to load resource: net::ERR_CONNECTION_REFUSED @ http://localhost:8000/api/objects/MBTCPMaster1/modbus/status?server=ee8d9159:0
[ 3418070ms] [ERROR] Failed to load resource: net::ERR_CONNECTION_REFUSED @ http://localhost:8000/api/servers:0
[ 3418070ms] [ERROR] Error обновления списка объектов: TypeError: Failed to fetch
    at fetchServers (http://localhost:8000/static/js/app.js:12333:28)
    at fetchObjects (http://localhost:8000/static/js/app.js:12340:31)
    at refreshObjectsList (http://localhost:8000/static/js/app.js:12388:28)
    at http://localhost:8000/static/js/app.js:1228:9 @ http://localhost:8000/static/js/app.js:12391
[ 3418070ms] [ERROR] Failed to load resource: net::ERR_CONNECTION_REFUSED @ http://localhost:8000/api/objects/MBTCPMaster1?server=ee8d9159:0
[ 3418070ms] [ERROR] Error загрузки ee8d9159:MBTCPMaster1: TypeError: Failed to fetch
    at fetchObjectData (http://localhost:8000/static/js/app.js:12407:28)
    at loadObjectData (http://localhost:8000/static/js/app.js:14067:28)
    at http://localhost:8000/static/js/app.js:1235:23 @ http://localhost:8000/static/js/app.js:14078
[ 3418070ms] [ERROR] Failed to load resource: net::ERR_CONNECTION_REFUSED @ http://localhost:8000/api/version:0
[ 3418419ms] [ERROR] Failed to load resource: net::ERR_CONNECTION_REFUSED @ http://localhost:8000/api/objects/MBTCPMaster1/modbus/status?server=ee8d9159:0
[ 3419068ms] [ERROR] Failed to load resource: net::ERR_CONNECTION_REFUSED @ http://localhost:8000/api/objects/MBTCPMaster1?server=ee8d9159:0
[ 3419069ms] [ERROR] Error загрузки ee8d9159:MBTCPMaster1: TypeError: Failed to fetch
    at fetchObjectData (http://localhost:8000/static/js/app.js:12407:28)
    at loadObjectData (http://localhost:8000/static/js/app.js:14067:28)
    at http://localhost:8000/static/js/app.js:1235:23 @ http://localhost:8000/static/js/app.js:14078
[ 3419419ms] [ERROR] Failed to load resource: net::ERR_CONNECTION_REFUSED @ http://localhost:8000/api/objects/MBTCPMaster1/modbus/status?server=ee8d9159:0
[ 3420069ms] [ERROR] Failed to load resource: net::ERR_CONNECTION_REFUSED @ http://localhost:8000/api/recording/status:0
[ 3420069ms] [ERROR] Failed to load resource: net::ERR_CONNECTION_REFUSED @ http://localhost:8000/api/objects/MBTCPMaster1?server=ee8d9159:0
[ 3420069ms] [ERROR] Error загрузки ee8d9159:MBTCPMaster1: TypeError: Failed to fetch
    at fetchObjectData (http://localhost:8000/static/js/app.js:12407:28)
    at loadObjectData (http://localhost:8000/static/js/app.js:14067:28)
    at http://localhost:8000/static/js/app.js:1235:23 @ http://localhost:8000/static/js/app.js:14078
[ 3420419ms] [ERROR] Failed to load resource: net::ERR_CONNECTION_REFUSED @ http://localhost:8000/api/objects/MBTCPMaster1/modbus/status?server=ee8d9159:0
[ 3421070ms] [ERROR] Failed to load resource: net::ERR_CONNECTION_REFUSED @ http://localhost:8000/api/objects/MBTCPMaster1?server=ee8d9159:0
[ 3421070ms] [ERROR] Error загрузки ee8d9159:MBTCPMaster1: TypeError: Failed to fetch
    at fetchObjectData (http://localhost:8000/static/js/app.js:12407:28)
    at loadObjectData (http://localhost:8000/static/js/app.js:14067:28)
    at http://localhost:8000/static/js/app.js:1235:23 @ http://localhost:8000/static/js/app.js:14078
[ 3421419ms] [ERROR] Failed to load resource: net::ERR_CONNECTION_REFUSED @ http://localhost:8000/api/objects/MBTCPMaster1/modbus/status?server=ee8d9159:0
[ 3422069ms] [ERROR] Failed to load resource: net::ERR_CONNECTION_REFUSED @ http://localhost:8000/api/objects/MBTCPMaster1?server=ee8d9159:0
[ 3422070ms] [ERROR] Error загрузки ee8d9159:MBTCPMaster1: TypeError: Failed to fetch
    at fetchObjectData (http://localhost:8000/static/js/app.js:12407:28)
    at loadObjectData (http://localhost:8000/static/js/app.js:14067:28)
    at http://localhost:8000/static/js/app.js:1235:23 @ http://localhost:8000/static/js/app.js:14078
[ 3422419ms] [ERROR] Failed to load resource: net::ERR_CONNECTION_REFUSED @ http://localhost:8000/api/objects/MBTCPMaster1/modbus/status?server=ee8d9159:0
[ 3423069ms] [ERROR] Failed to load resource: net::ERR_CONNECTION_REFUSED @ http://localhost:8000/api/objects/MBTCPMaster1?server=ee8d9159:0
[ 3423070ms] [ERROR] Error загрузки ee8d9159:MBTCPMaster1: TypeError: Failed to fetch
    at fetchObjectData (http://localhost:8000/static/js/app.js:12407:28)
    at loadObjectData (http://localhost:8000/static/js/app.js:14067:28)
    at http://localhost:8000/static/js/app.js:1235:23 @ http://localhost:8000/static/js/app.js:14078
[ 3423418ms] [ERROR] Failed to load resource: net::ERR_CONNECTION_REFUSED @ http://localhost:8000/api/objects/MBTCPMaster1/modbus/status?server=ee8d9159:0
[ 3424069ms] [ERROR] Failed to load resource: net::ERR_CONNECTION_REFUSED @ http://localhost:8000/api/servers:0
[ 3424069ms] [ERROR] Error обновления списка объектов: TypeError: Failed to fetch
    at fetchServers (http://localhost:8000/static/js/app.js:12333:28)
    at fetchObjects (http://localhost:8000/static/js/app.js:12340:31)
    at refreshObjectsList (http://localhost:8000/static/js/app.js:12388:28)
    at http://localhost:8000/static/js/app.js:1228:9 @ http://localhost:8000/static/js/app.js:12391
[ 3424069ms] [ERROR] Failed to load resource: net::ERR_CONNECTION_REFUSED @ http://localhost:8000/api/objects/MBTCPMaster1?server=ee8d9159:0
[ 3424069ms] [ERROR] Error загрузки ee8d9159:MBTCPMaster1: TypeError: Failed to fetch
    at fetchObjectData (http://localhost:8000/static/js/app.js:12407:28)
    at loadObjectData (http://localhost:8000/static/js/app.js:14067:28)
    at http://localhost:8000/static/js/app.js:1235:23 @ http://localhost:8000/static/js/app.js:14078
[ 3424420ms] [ERROR] Failed to load resource: net::ERR_CONNECTION_REFUSED @ http://localhost:8000/api/objects/MBTCPMaster1/modbus/status?server=ee8d9159:0
[ 3425068ms] [ERROR] Failed to load resource: net::ERR_CONNECTION_REFUSED @ http://localhost:8000/api/recording/status:0
[ 3425069ms] [ERROR] Failed to load resource: net::ERR_CONNECTION_REFUSED @ http://localhost:8000/api/objects/MBTCPMaster1?server=ee8d9159:0
[ 3425069ms] [ERROR] Error загрузки ee8d9159:MBTCPMaster1: TypeError: Failed to fetch
    at fetchObjectData (http://localhost:8000/static/js/app.js:12407:28)
    at loadObjectData (http://localhost:8000/static/js/app.js:14067:28)
    at http://localhost:8000/static/js/app.js:1235:23 @ http://localhost:8000/static/js/app.js:14078
[ 3425419ms] [ERROR] Failed to load resource: net::ERR_CONNECTION_REFUSED @ http://localhost:8000/api/objects/MBTCPMaster1/modbus/status?server=ee8d9159:0
[ 3426068ms] [ERROR] Failed to load resource: net::ERR_CONNECTION_REFUSED @ http://localhost:8000/api/objects/MBTCPMaster1?server=ee8d9159:0
[ 3426069ms] [ERROR] Error загрузки ee8d9159:MBTCPMaster1: TypeError: Failed to fetch
    at fetchObjectData (http://localhost:8000/static/js/app.js:12407:28)
    at loadObjectData (http://localhost:8000/static/js/app.js:14067:28)
    at http://localhost:8000/static/js/app.js:1235:23 @ http://localhost:8000/static/js/app.js:14078
[ 3426421ms] [ERROR] Failed to load resource: net::ERR_CONNECTION_REFUSED @ http://localhost:8000/api/objects/MBTCPMaster1/modbus/status?server=ee8d9159:0
[ 3427069ms] [ERROR] Failed to load resource: net::ERR_CONNECTION_REFUSED @ http://localhost:8000/api/objects/MBTCPMaster1?server=ee8d9159:0
[ 3427069ms] [ERROR] Error загрузки ee8d9159:MBTCPMaster1: TypeError: Failed to fetch
    at fetchObjectData (http://localhost:8000/static/js/app.js:12407:28)
    at loadObjectData (http://localhost:8000/static/js/app.js:14067:28)
    at http://localhost:8000/static/js/app.js:1235:23 @ http://localhost:8000/static/js/app.js:14078
[ 3427421ms] [ERROR] Failed to load resource: net::ERR_CONNECTION_REFUSED @ http://localhost:8000/api/objects/MBTCPMaster1/modbus/status?server=ee8d9159:0
[ 3428070ms] [ERROR] Failed to load resource: net::ERR_CONNECTION_REFUSED @ http://localhost:8000/api/objects/MBTCPMaster1?server=ee8d9159:0
[ 3428070ms] [ERROR] Error загрузки ee8d9159:MBTCPMaster1: TypeError: Failed to fetch
    at fetchObjectData (http://localhost:8000/static/js/app.js:12407:28)
    at loadObjectData (http://localhost:8000/static/js/app.js:14067:28)
    at http://localhost:8000/static/js/app.js:1235:23 @ http://localhost:8000/static/js/app.js:14078
[ 3428421ms] [ERROR] Failed to load resource: net::ERR_CONNECTION_REFUSED @ http://localhost:8000/api/objects/MBTCPMaster1/modbus/status?server=ee8d9159:0
[ 3429070ms] [ERROR] Failed to load resource: net::ERR_CONNECTION_REFUSED @ http://localhost:8000/api/objects/MBTCPMaster1?server=ee8d9159:0
[ 3429070ms] [ERROR] Error загрузки ee8d9159:MBTCPMaster1: TypeError: Failed to fetch
    at fetchObjectData (http://localhost:8000/static/js/app.js:12407:28)
    at loadObjectData (http://localhost:8000/static/js/app.js:14067:28)
    at http://localhost:8000/static/js/app.js:1235:23 @ http://localhost:8000/static/js/app.js:14078
[ 3429420ms] [ERROR] Failed to load resource: net::ERR_CONNECTION_REFUSED @ http://localhost:8000/api/objects/MBTCPMaster1/modbus/status?server=ee8d9159:0
[ 3430071ms] [ERROR] Failed to load resource: net::ERR_CONNECTION_REFUSED @ http://localhost:8000/api/recording/status:0
[ 3430071ms] [ERROR] Failed to load resource: net::ERR_CONNECTION_REFUSED @ http://localhost:8000/api/servers:0
[ 3430071ms] [ERROR] Error обновления списка объектов: TypeError: Failed to fetch
    at fetchServers (http://localhost:8000/static/js/app.js:12333:28)
    at fetchObjects (http://localhost:8000/static/js/app.js:12340:31)
    at refreshObjectsList (http://localhost:8000/static/js/app.js:12388:28)
    at http://localhost:8000/static/js/app.js:1228:9 @ http://localhost:8000/static/js/app.js:12391
[ 3430072ms] [ERROR] Failed to load resource: net::ERR_CONNECTION_REFUSED @ http://localhost:8000/api/objects/MBTCPMaster1?server=ee8d9159:0
[ 3430072ms] [ERROR] Error загрузки ee8d9159:MBTCPMaster1: TypeError: Failed to fetch
    at fetchObjectData (http://localhost:8000/static/js/app.js:12407:28)
    at loadObjectData (http://localhost:8000/static/js/app.js:14067:28)
    at http://localhost:8000/static/js/app.js:1235:23 @ http://localhost:8000/static/js/app.js:14078
[ 3430419ms] [ERROR] Failed to load resource: net::ERR_CONNECTION_REFUSED @ http://localhost:8000/api/objects/MBTCPMaster1/modbus/status?server=ee8d9159:0
[ 3431070ms] [ERROR] Failed to load resource: net::ERR_CONNECTION_REFUSED @ http://localhost:8000/api/objects/MBTCPMaster1?server=ee8d9159:0
[ 3431070ms] [ERROR] Error загрузки ee8d9159:MBTCPMaster1: TypeError: Failed to fetch
    at fetchObjectData (http://localhost:8000/static/js/app.js:12407:28)
    at loadObjectData (http://localhost:8000/static/js/app.js:14067:28)
    at http://localhost:8000/static/js/app.js:1235:23 @ http://localhost:8000/static/js/app.js:14078
[ 3431420ms] [ERROR] Failed to load resource: net::ERR_CONNECTION_REFUSED @ http://localhost:8000/api/objects/MBTCPMaster1/modbus/status?server=ee8d9159:0
[ 3432069ms] [ERROR] Failed to load resource: net::ERR_CONNECTION_REFUSED @ http://localhost:8000/api/objects/MBTCPMaster1?server=ee8d9159:0
[ 3432069ms] [ERROR] Error загрузки ee8d9159:MBTCPMaster1: TypeError: Failed to fetch
    at fetchObjectData (http://localhost:8000/static/js/app.js:12407:28)
    at loadObjectData (http://localhost:8000/static/js/app.js:14067:28)
    at http://localhost:8000/static/js/app.js:1235:23 @ http://localhost:8000/static/js/app.js:14078
[ 3432418ms] [ERROR] Failed to load resource: net::ERR_CONNECTION_REFUSED @ http://localhost:8000/api/objects/MBTCPMaster1/modbus/status?server=ee8d9159:0
[ 3433068ms] [ERROR] Failed to load resource: net::ERR_CONNECTION_REFUSED @ http://localhost:8000/api/objects/MBTCPMaster1?server=ee8d9159:0
[ 3433068ms] [ERROR] Error загрузки ee8d9159:MBTCPMaster1: TypeError: Failed to fetch
    at fetchObjectData (http://localhost:8000/static/js/app.js:12407:28)
    at loadObjectData (http://localhost:8000/static/js/app.js:14067:28)
    at http://localhost:8000/static/js/app.js:1235:23 @ http://localhost:8000/static/js/app.js:14078
[ 3433420ms] [ERROR] Failed to load resource: net::ERR_CONNECTION_REFUSED @ http://localhost:8000/api/objects/MBTCPMaster1/modbus/status?server=ee8d9159:0
[ 3434070ms] [ERROR] Failed to load resource: net::ERR_CONNECTION_REFUSED @ http://localhost:8000/api/objects/MBTCPMaster1?server=ee8d9159:0
[ 3434070ms] [ERROR] Error загрузки ee8d9159:MBTCPMaster1: TypeError: Failed to fetch
    at fetchObjectData (http://localhost:8000/static/js/app.js:12407:28)
    at loadObjectData (http://localhost:8000/static/js/app.js:14067:28)
    at http://localhost:8000/static/js/app.js:1235:23 @ http://localhost:8000/static/js/app.js:14078
[ 3434421ms] [ERROR] Failed to load resource: net::ERR_CONNECTION_REFUSED @ http://localhost:8000/api/objects/MBTCPMaster1/modbus/status?server=ee8d9159:0
[ 3435069ms] [ERROR] Failed to load resource: net::ERR_CONNECTION_REFUSED @ http://localhost:8000/api/recording/status:0
[ 3435069ms] [ERROR] Failed to load resource: net::ERR_CONNECTION_REFUSED @ http://localhost:8000/api/objects/MBTCPMaster1?server=ee8d9159:0
[ 3435069ms] [ERROR] Error загрузки ee8d9159:MBTCPMaster1: TypeError: Failed to fetch
    at fetchObjectData (http://localhost:8000/static/js/app.js:12407:28)
    at loadObjectData (http://localhost:8000/static/js/app.js:14067:28)
    at http://localhost:8000/static/js/app.js:1235:23 @ http://localhost:8000/static/js/app.js:14078
[ 3435419ms] [ERROR] Failed to load resource: net::ERR_CONNECTION_REFUSED @ http://localhost:8000/api/objects/MBTCPMaster1/modbus/status?server=ee8d9159:0
[ 3436070ms] [ERROR] Failed to load resource: net::ERR_CONNECTION_REFUSED @ http://localhost:8000/api/servers:0
[ 3436070ms] [ERROR] Error обновления списка объектов: TypeError: Failed to fetch
    at fetchServers (http://localhost:8000/static/js/app.js:12333:28)
    at fetchObjects (http://localhost:8000/static/js/app.js:12340:31)
    at refreshObjectsList (http://localhost:8000/static/js/app.js:12388:28)
    at http://localhost:8000/static/js/app.js:1228:9 @ http://localhost:8000/static/js/app.js:12391
[ 3436070ms] [ERROR] Failed to load resource: net::ERR_CONNECTION_REFUSED @ http://localhost:8000/api/objects/MBTCPMaster1?server=ee8d9159:0
[ 3436070ms] [ERROR] Error загрузки ee8d9159:MBTCPMaster1: TypeError: Failed to fetch
    at fetchObjectData (http://localhost:8000/static/js/app.js:12407:28)
    at loadObjectData (http://localhost:8000/static/js/app.js:14067:28)
    at http://localhost:8000/static/js/app.js:1235:23 @ http://localhost:8000/static/js/app.js:14078
[ 3436420ms] [ERROR] Failed to load resource: net::ERR_CONNECTION_REFUSED @ http://localhost:8000/api/objects/MBTCPMaster1/modbus/status?server=ee8d9159:0
[ 3437070ms] [ERROR] Failed to load resource: net::ERR_CONNECTION_REFUSED @ http://localhost:8000/api/objects/MBTCPMaster1?server=ee8d9159:0
[ 3437070ms] [ERROR] Error загрузки ee8d9159:MBTCPMaster1: TypeError: Failed to fetch
    at fetchObjectData (http://localhost:8000/static/js/app.js:12407:28)
    at loadObjectData (http://localhost:8000/static/js/app.js:14067:28)
    at http://localhost:8000/static/js/app.js:1235:23 @ http://localhost:8000/static/js/app.js:14078
[ 3437421ms] [ERROR] Failed to load resource: net::ERR_CONNECTION_REFUSED @ http://localhost:8000/api/objects/MBTCPMaster1/modbus/status?server=ee8d9159:0
[ 3438069ms] [ERROR] Failed to load resource: net::ERR_CONNECTION_REFUSED @ http://localhost:8000/api/objects/MBTCPMaster1?server=ee8d9159:0
[ 3438069ms] [ERROR] Error загрузки ee8d9159:MBTCPMaster1: TypeError: Failed to fetch
    at fetchObjectData (http://localhost:8000/static/js/app.js:12407:28)
    at loadObjectData (http://localhost:8000/static/js/app.js:14067:28)
    at http://localhost:8000/static/js/app.js:1235:23 @ http://localhost:8000/static/js/app.js:14078
[ 3438420ms] [ERROR] Failed to load resource: net::ERR_CONNECTION_REFUSED @ http://localhost:8000/api/objects/MBTCPMaster1/modbus/status?server=ee8d9159:0
[ 3439069ms] [ERROR] Failed to load resource: net::ERR_CONNECTION_REFUSED @ http://localhost:8000/api/objects/MBTCPMaster1?server=ee8d9159:0
[ 3439069ms] [ERROR] Error загрузки ee8d9159:MBTCPMaster1: TypeError: Failed to fetch
    at fetchObjectData (http://localhost:8000/static/js/app.js:12407:28)
    at loadObjectData (http://localhost:8000/static/js/app.js:14067:28)
    at http://localhost:8000/static/js/app.js:1235:23 @ http://localhost:8000/static/js/app.js:14078
[ 3439421ms] [ERROR] Failed to load resource: net::ERR_CONNECTION_REFUSED @ http://localhost:8000/api/objects/MBTCPMaster1/modbus/status?server=ee8d9159:0
[ 3440067ms] [ERROR] Failed to load resource: net::ERR_CONNECTION_REFUSED @ http://localhost:8000/api/recording/status:0
[ 3440068ms] [ERROR] Failed to load resource: net::ERR_CONNECTION_REFUSED @ http://localhost:8000/api/objects/MBTCPMaster1?server=ee8d9159:0
[ 3440068ms] [ERROR] Error загрузки ee8d9159:MBTCPMaster1: TypeError: Failed to fetch
    at fetchObjectData (http://localhost:8000/static/js/app.js:12407:28)
    at loadObjectData (http://localhost:8000/static/js/app.js:14067:28)
    at http://localhost:8000/static/js/app.js:1235:23 @ http://localhost:8000/static/js/app.js:14078
[ 3440419ms] [ERROR] Failed to load resource: net::ERR_CONNECTION_REFUSED @ http://localhost:8000/api/objects/MBTCPMaster1/modbus/status?server=ee8d9159:0
[ 3441069ms] [ERROR] Failed to load resource: net::ERR_CONNECTION_REFUSED @ http://localhost:8000/api/objects/MBTCPMaster1?server=ee8d9159:0
[ 3441069ms] [ERROR] Error загрузки ee8d9159:MBTCPMaster1: TypeError: Failed to fetch
    at fetchObjectData (http://localhost:8000/static/js/app.js:12407:28)
    at loadObjectData (http://localhost:8000/static/js/app.js:14067:28)
    at http://localhost:8000/static/js/app.js:1235:23 @ http://localhost:8000/static/js/app.js:14078
[ 3441420ms] [ERROR] Failed to load resource: net::ERR_CONNECTION_REFUSED @ http://localhost:8000/api/objects/MBTCPMaster1/modbus/status?server=ee8d9159:0
[ 3442069ms] [ERROR] Failed to load resource: net::ERR_CONNECTION_REFUSED @ http://localhost:8000/api/servers:0
[ 3442070ms] [ERROR] Error обновления списка объектов: TypeError: Failed to fetch
    at fetchServers (http://localhost:8000/static/js/app.js:12333:28)
    at fetchObjects (http://localhost:8000/static/js/app.js:12340:31)
    at refreshObjectsList (http://localhost:8000/static/js/app.js:12388:28)
    at http://localhost:8000/static/js/app.js:1228:9 @ http://localhost:8000/static/js/app.js:12391
[ 3442070ms] [ERROR] Failed to load resource: net::ERR_CONNECTION_REFUSED @ http://localhost:8000/api/objects/MBTCPMaster1?server=ee8d9159:0
[ 3442070ms] [ERROR] Error загрузки ee8d9159:MBTCPMaster1: TypeError: Failed to fetch
    at fetchObjectData (http://localhost:8000/static/js/app.js:12407:28)
    at loadObjectData (http://localhost:8000/static/js/app.js:14067:28)
    at http://localhost:8000/static/js/app.js:1235:23 @ http://localhost:8000/static/js/app.js:14078
[ 3442420ms] [ERROR] Failed to load resource: net::ERR_CONNECTION_REFUSED @ http://localhost:8000/api/objects/MBTCPMaster1/modbus/status?server=ee8d9159:0
[ 3443069ms] [ERROR] Failed to load resource: net::ERR_CONNECTION_REFUSED @ http://localhost:8000/api/objects/MBTCPMaster1?server=ee8d9159:0
[ 3443069ms] [ERROR] Error загрузки ee8d9159:MBTCPMaster1: TypeError: Failed to fetch
    at fetchObjectData (http://localhost:8000/static/js/app.js:12407:28)
    at loadObjectData (http://localhost:8000/static/js/app.js:14067:28)
    at http://localhost:8000/static/js/app.js:1235:23 @ http://localhost:8000/static/js/app.js:14078
[ 3443421ms] [ERROR] Failed to load resource: net::ERR_CONNECTION_REFUSED @ http://localhost:8000/api/objects/MBTCPMaster1/modbus/status?server=ee8d9159:0
[ 3444070ms] [ERROR] Failed to load resource: net::ERR_CONNECTION_REFUSED @ http://localhost:8000/api/objects/MBTCPMaster1?server=ee8d9159:0
[ 3444070ms] [ERROR] Error загрузки ee8d9159:MBTCPMaster1: TypeError: Failed to fetch
    at fetchObjectData (http://localhost:8000/static/js/app.js:12407:28)
    at loadObjectData (http://localhost:8000/static/js/app.js:14067:28)
    at http://localhost:8000/static/js/app.js:1235:23 @ http://localhost:8000/static/js/app.js:14078
[ 3444421ms] [ERROR] Failed to load resource: net::ERR_CONNECTION_REFUSED @ http://localhost:8000/api/objects/MBTCPMaster1/modbus/status?server=ee8d9159:0
[ 3445068ms] [ERROR] Failed to load resource: net::ERR_CONNECTION_REFUSED @ http://localhost:8000/api/recording/status:0
[ 3445068ms] [ERROR] Failed to load resource: net::ERR_CONNECTION_REFUSED @ http://localhost:8000/api/objects/MBTCPMaster1?server=ee8d9159:0
[ 3445068ms] [ERROR] Error загрузки ee8d9159:MBTCPMaster1: TypeError: Failed to fetch
    at fetchObjectData (http://localhost:8000/static/js/app.js:12407:28)
    at loadObjectData (http://localhost:8000/static/js/app.js:14067:28)
    at http://localhost:8000/static/js/app.js:1235:23 @ http://localhost:8000/static/js/app.js:14078
[ 3445419ms] [ERROR] Failed to load resource: net::ERR_CONNECTION_REFUSED @ http://localhost:8000/api/objects/MBTCPMaster1/modbus/status?server=ee8d9159:0
[ 3446070ms] [ERROR] Failed to load resource: net::ERR_CONNECTION_REFUSED @ http://localhost:8000/api/objects/MBTCPMaster1?server=ee8d9159:0
[ 3446070ms] [ERROR] Error загрузки ee8d9159:MBTCPMaster1: TypeError: Failed to fetch
    at fetchObjectData (http://localhost:8000/static/js/app.js:12407:28)
    at loadObjectData (http://localhost:8000/static/js/app.js:14067:28)
    at http://localhost:8000/static/js/app.js:1235:23 @ http://localhost:8000/static/js/app.js:14078
[ 3446420ms] [ERROR] Failed to load resource: net::ERR_CONNECTION_REFUSED @ http://localhost:8000/api/objects/MBTCPMaster1/modbus/status?server=ee8d9159:0
[ 3447068ms] [ERROR] Failed to load resource: net::ERR_CONNECTION_REFUSED @ http://localhost:8000/api/objects/MBTCPMaster1?server=ee8d9159:0
[ 3447068ms] [ERROR] Error загрузки ee8d9159:MBTCPMaster1: TypeError: Failed to fetch
    at fetchObjectData (http://localhost:8000/static/js/app.js:12407:28)
    at loadObjectData (http://localhost:8000/static/js/app.js:14067:28)
    at http://localhost:8000/static/js/app.js:1235:23 @ http://localhost:8000/static/js/app.js:14078
[ 3447421ms] [ERROR] Failed to load resource: net::ERR_CONNECTION_REFUSED @ http://localhost:8000/api/objects/MBTCPMaster1/modbus/status?server=ee8d9159:0
[ 3448071ms] [ERROR] Failed to load resource: net::ERR_CONNECTION_REFUSED @ http://localhost:8000/api/servers:0
[ 3448072ms] [ERROR] Error обновления списка объектов: TypeError: Failed to fetch
    at fetchServers (http://localhost:8000/static/js/app.js:12333:28)
    at fetchObjects (http://localhost:8000/static/js/app.js:12340:31)
    at refreshObjectsList (http://localhost:8000/static/js/app.js:12388:28)
    at http://localhost:8000/static/js/app.js:1228:9 @ http://localhost:8000/static/js/app.js:12391
[ 3448072ms] [ERROR] Failed to load resource: net::ERR_CONNECTION_REFUSED @ http://localhost:8000/api/objects/MBTCPMaster1?server=ee8d9159:0
[ 3448072ms] [ERROR] Error загрузки ee8d9159:MBTCPMaster1: TypeError: Failed to fetch
    at fetchObjectData (http://localhost:8000/static/js/app.js:12407:28)
    at loadObjectData (http://localhost:8000/static/js/app.js:14067:28)
    at http://localhost:8000/static/js/app.js:1235:23 @ http://localhost:8000/static/js/app.js:14078
[ 3448073ms] [ERROR] Failed to load resource: net::ERR_CONNECTION_REFUSED @ http://localhost:8000/api/version:0
[ 3448420ms] [ERROR] Failed to load resource: net::ERR_CONNECTION_REFUSED @ http://localhost:8000/api/objects/MBTCPMaster1/modbus/status?server=ee8d9159:0
[ 3449068ms] [ERROR] Failed to load resource: net::ERR_CONNECTION_REFUSED @ http://localhost:8000/api/objects/MBTCPMaster1?server=ee8d9159:0
[ 3449068ms] [ERROR] Error загрузки ee8d9159:MBTCPMaster1: TypeError: Failed to fetch
    at fetchObjectData (http://localhost:8000/static/js/app.js:12407:28)
    at loadObjectData (http://localhost:8000/static/js/app.js:14067:28)
    at http://localhost:8000/static/js/app.js:1235:23 @ http://localhost:8000/static/js/app.js:14078
[ 3449419ms] [ERROR] Failed to load resource: net::ERR_CONNECTION_REFUSED @ http://localhost:8000/api/objects/MBTCPMaster1/modbus/status?server=ee8d9159:0
[ 3450069ms] [ERROR] Failed to load resource: net::ERR_CONNECTION_REFUSED @ http://localhost:8000/api/recording/status:0
[ 3450069ms] [ERROR] Failed to load resource: net::ERR_CONNECTION_REFUSED @ http://localhost:8000/api/objects/MBTCPMaster1?server=ee8d9159:0
[ 3450069ms] [ERROR] Error загрузки ee8d9159:MBTCPMaster1: TypeError: Failed to fetch
    at fetchObjectData (http://localhost:8000/static/js/app.js:12407:28)
    at loadObjectData (http://localhost:8000/static/js/app.js:14067:28)
    at http://localhost:8000/static/js/app.js:1235:23 @ http://localhost:8000/static/js/app.js:14078
[ 3450419ms] [ERROR] Failed to load resource: net::ERR_CONNECTION_REFUSED @ http://localhost:8000/api/objects/MBTCPMaster1/modbus/status?server=ee8d9159:0
[ 3451069ms] [ERROR] Failed to load resource: net::ERR_CONNECTION_REFUSED @ http://localhost:8000/api/objects/MBTCPMaster1?server=ee8d9159:0
[ 3451069ms] [ERROR] Error загрузки ee8d9159:MBTCPMaster1: TypeError: Failed to fetch
    at fetchObjectData (http://localhost:8000/static/js/app.js:12407:28)
    at loadObjectData (http://localhost:8000/static/js/app.js:14067:28)
    at http://localhost:8000/static/js/app.js:1235:23 @ http://localhost:8000/static/js/app.js:14078
[ 3451419ms] [ERROR] Failed to load resource: net::ERR_CONNECTION_REFUSED @ http://localhost:8000/api/objects/MBTCPMaster1/modbus/status?server=ee8d9159:0
[ 3452069ms] [ERROR] Failed to load resource: net::ERR_CONNECTION_REFUSED @ http://localhost:8000/api/objects/MBTCPMaster1?server=ee8d9159:0
[ 3452069ms] [ERROR] Error загрузки ee8d9159:MBTCPMaster1: TypeError: Failed to fetch
    at fetchObjectData (http://localhost:8000/static/js/app.js:12407:28)
    at loadObjectData (http://localhost:8000/static/js/app.js:14067:28)
    at http://localhost:8000/static/js/app.js:1235:23 @ http://localhost:8000/static/js/app.js:14078
[ 3452419ms] [ERROR] Failed to load resource: net::ERR_CONNECTION_REFUSED @ http://localhost:8000/api/objects/MBTCPMaster1/modbus/status?server=ee8d9159:0
[ 3453068ms] [ERROR] Failed to load resource: net::ERR_CONNECTION_REFUSED @ http://localhost:8000/api/objects/MBTCPMaster1?server=ee8d9159:0
[ 3453069ms] [ERROR] Error загрузки ee8d9159:MBTCPMaster1: TypeError: Failed to fetch
    at fetchObjectData (http://localhost:8000/static/js/app.js:12407:28)
    at loadObjectData (http://localhost:8000/static/js/app.js:14067:28)
    at http://localhost:8000/static/js/app.js:1235:23 @ http://localhost:8000/static/js/app.js:14078
[ 3453418ms] [ERROR] Failed to load resource: net::ERR_CONNECTION_REFUSED @ http://localhost:8000/api/objects/MBTCPMaster1/modbus/status?server=ee8d9159:0
[ 3454069ms] [ERROR] Failed to load resource: net::ERR_CONNECTION_REFUSED @ http://localhost:8000/api/servers:0
[ 3454069ms] [ERROR] Error обновления списка объектов: TypeError: Failed to fetch
    at fetchServers (http://localhost:8000/static/js/app.js:12333:28)
    at fetchObjects (http://localhost:8000/static/js/app.js:12340:31)
    at refreshObjectsList (http://localhost:8000/static/js/app.js:12388:28)
    at http://localhost:8000/static/js/app.js:1228:9 @ http://localhost:8000/static/js/app.js:12391
[ 3454069ms] [ERROR] Failed to load resource: net::ERR_CONNECTION_REFUSED @ http://localhost:8000/api/objects/MBTCPMaster1?server=ee8d9159:0
[ 3454069ms] [ERROR] Error загрузки ee8d9159:MBTCPMaster1: TypeError: Failed to fetch
    at fetchObjectData (http://localhost:8000/static/js/app.js:12407:28)
    at loadObjectData (http://localhost:8000/static/js/app.js:14067:28)
    at http://localhost:8000/static/js/app.js:1235:23 @ http://localhost:8000/static/js/app.js:14078
[ 3454419ms] [ERROR] Failed to load resource: net::ERR_CONNECTION_REFUSED @ http://localhost:8000/api/objects/MBTCPMaster1/modbus/status?server=ee8d9159:0
[ 3455067ms] [ERROR] Failed to load resource: net::ERR_CONNECTION_REFUSED @ http://localhost:8000/api/recording/status:0
[ 3455068ms] [ERROR] Failed to load resource: net::ERR_CONNECTION_REFUSED @ http://localhost:8000/api/objects/MBTCPMaster1?server=ee8d9159:0
[ 3455068ms] [ERROR] Error загрузки ee8d9159:MBTCPMaster1: TypeError: Failed to fetch
    at fetchObjectData (http://localhost:8000/static/js/app.js:12407:28)
    at loadObjectData (http://localhost:8000/static/js/app.js:14067:28)
    at http://localhost:8000/static/js/app.js:1235:23 @ http://localhost:8000/static/js/app.js:14078
[ 3455420ms] [ERROR] Failed to load resource: net::ERR_CONNECTION_REFUSED @ http://localhost:8000/api/objects/MBTCPMaster1/modbus/status?server=ee8d9159:0
[ 3456068ms] [ERROR] Failed to load resource: net::ERR_CONNECTION_REFUSED @ http://localhost:8000/api/objects/MBTCPMaster1?server=ee8d9159:0
[ 3456068ms] [ERROR] Error загрузки ee8d9159:MBTCPMaster1: TypeError: Failed to fetch
    at fetchObjectData (http://localhost:8000/static/js/app.js:12407:28)
    at loadObjectData (http://localhost:8000/static/js/app.js:14067:28)
    at http://localhost:8000/static/js/app.js:1235:23 @ http://localhost:8000/static/js/app.js:14078
[ 3456419ms] [ERROR] Failed to load resource: net::ERR_CONNECTION_REFUSED @ http://localhost:8000/api/objects/MBTCPMaster1/modbus/status?server=ee8d9159:0
[ 3457068ms] [ERROR] Failed to load resource: net::ERR_CONNECTION_REFUSED @ http://localhost:8000/api/objects/MBTCPMaster1?server=ee8d9159:0
[ 3457068ms] [ERROR] Error загрузки ee8d9159:MBTCPMaster1: TypeError: Failed to fetch
    at fetchObjectData (http://localhost:8000/static/js/app.js:12407:28)
    at loadObjectData (http://localhost:8000/static/js/app.js:14067:28)
    at http://localhost:8000/static/js/app.js:1235:23 @ http://localhost:8000/static/js/app.js:14078
[ 3457419ms] [ERROR] Failed to load resource: net::ERR_CONNECTION_REFUSED @ http://localhost:8000/api/objects/MBTCPMaster1/modbus/status?server=ee8d9159:0
[ 3458068ms] [ERROR] Failed to load resource: net::ERR_CONNECTION_REFUSED @ http://localhost:8000/api/objects/MBTCPMaster1?server=ee8d9159:0
[ 3458068ms] [ERROR] Error загрузки ee8d9159:MBTCPMaster1: TypeError: Failed to fetch
    at fetchObjectData (http://localhost:8000/static/js/app.js:12407:28)
    at loadObjectData (http://localhost:8000/static/js/app.js:14067:28)
    at http://localhost:8000/static/js/app.js:1235:23 @ http://localhost:8000/static/js/app.js:14078
[ 3458418ms] [ERROR] Failed to load resource: net::ERR_CONNECTION_REFUSED @ http://localhost:8000/api/objects/MBTCPMaster1/modbus/status?server=ee8d9159:0
[ 3459071ms] [ERROR] Failed to load resource: net::ERR_CONNECTION_REFUSED @ http://localhost:8000/api/objects/MBTCPMaster1?server=ee8d9159:0
[ 3459071ms] [ERROR] Error загрузки ee8d9159:MBTCPMaster1: TypeError: Failed to fetch
    at fetchObjectData (http://localhost:8000/static/js/app.js:12407:28)
    at loadObjectData (http://localhost:8000/static/js/app.js:14067:28)
    at http://localhost:8000/static/js/app.js:1235:23 @ http://localhost:8000/static/js/app.js:14078
[ 3459419ms] [ERROR] Failed to load resource: net::ERR_CONNECTION_REFUSED @ http://localhost:8000/api/objects/MBTCPMaster1/modbus/status?server=ee8d9159:0
[ 3460067ms] [ERROR] Failed to load resource: net::ERR_CONNECTION_REFUSED @ http://localhost:8000/api/recording/status:0
[ 3460068ms] [ERROR] Failed to load resource: net::ERR_CONNECTION_REFUSED @ http://localhost:8000/api/servers:0
[ 3460068ms] [ERROR] Error обновления списка объектов: TypeError: Failed to fetch
    at fetchServers (http://localhost:8000/static/js/app.js:12333:28)
    at fetchObjects (http://localhost:8000/static/js/app.js:12340:31)
    at refreshObjectsList (http://localhost:8000/static/js/app.js:12388:28)
    at http://localhost:8000/static/js/app.js:1228:9 @ http://localhost:8000/static/js/app.js:12391
[ 3460068ms] [ERROR] Failed to load resource: net::ERR_CONNECTION_REFUSED @ http://localhost:8000/api/objects/MBTCPMaster1?server=ee8d9159:0
[ 3460068ms] [ERROR] Error загрузки ee8d9159:MBTCPMaster1: TypeError: Failed to fetch
    at fetchObjectData (http://localhost:8000/static/js/app.js:12407:28)
    at loadObjectData (http://localhost:8000/static/js/app.js:14067:28)
    at http://localhost:8000/static/js/app.js:1235:23 @ http://localhost:8000/static/js/app.js:14078
[ 3460418ms] [ERROR] Failed to load resource: net::ERR_CONNECTION_REFUSED @ http://localhost:8000/api/objects/MBTCPMaster1/modbus/status?server=ee8d9159:0
[ 3461069ms] [ERROR] Failed to load resource: net::ERR_CONNECTION_REFUSED @ http://localhost:8000/api/objects/MBTCPMaster1?server=ee8d9159:0
[ 3461069ms] [ERROR] Error загрузки ee8d9159:MBTCPMaster1: TypeError: Failed to fetch
    at fetchObjectData (http://localhost:8000/static/js/app.js:12407:28)
    at loadObjectData (http://localhost:8000/static/js/app.js:14067:28)
    at http://localhost:8000/static/js/app.js:1235:23 @ http://localhost:8000/static/js/app.js:14078
[ 3461419ms] [ERROR] Failed to load resource: net::ERR_CONNECTION_REFUSED @ http://localhost:8000/api/objects/MBTCPMaster1/modbus/status?server=ee8d9159:0
[ 3462068ms] [ERROR] Failed to load resource: net::ERR_CONNECTION_REFUSED @ http://localhost:8000/api/objects/MBTCPMaster1?server=ee8d9159:0
[ 3462068ms] [ERROR] Error загрузки ee8d9159:MBTCPMaster1: TypeError: Failed to fetch
    at fetchObjectData (http://localhost:8000/static/js/app.js:12407:28)
    at loadObjectData (http://localhost:8000/static/js/app.js:14067:28)
    at http://localhost:8000/static/js/app.js:1235:23 @ http://localhost:8000/static/js/app.js:14078
[ 3462419ms] [ERROR] Failed to load resource: net::ERR_CONNECTION_REFUSED @ http://localhost:8000/api/objects/MBTCPMaster1/modbus/status?server=ee8d9159:0
[ 3463068ms] [ERROR] Failed to load resource: net::ERR_CONNECTION_REFUSED @ http://localhost:8000/api/objects/MBTCPMaster1?server=ee8d9159:0
[ 3463068ms] [ERROR] Error загрузки ee8d9159:MBTCPMaster1: TypeError: Failed to fetch
    at fetchObjectData (http://localhost:8000/static/js/app.js:12407:28)
    at loadObjectData (http://localhost:8000/static/js/app.js:14067:28)
    at http://localhost:8000/static/js/app.js:1235:23 @ http://localhost:8000/static/js/app.js:14078
[ 3463419ms] [ERROR] Failed to load resource: net::ERR_CONNECTION_REFUSED @ http://localhost:8000/api/objects/MBTCPMaster1/modbus/status?server=ee8d9159:0
[ 3464068ms] [ERROR] Failed to load resource: net::ERR_CONNECTION_REFUSED @ http://localhost:8000/api/objects/MBTCPMaster1?server=ee8d9159:0
[ 3464068ms] [ERROR] Error загрузки ee8d9159:MBTCPMaster1: TypeError: Failed to fetch
    at fetchObjectData (http://localhost:8000/static/js/app.js:12407:28)
    at loadObjectData (http://localhost:8000/static/js/app.js:14067:28)
    at http://localhost:8000/static/js/app.js:1235:23 @ http://localhost:8000/static/js/app.js:14078
[ 3464419ms] [ERROR] Failed to load resource: net::ERR_CONNECTION_REFUSED @ http://localhost:8000/api/objects/MBTCPMaster1/modbus/status?server=ee8d9159:0
[ 3465067ms] [ERROR] Failed to load resource: net::ERR_CONNECTION_REFUSED @ http://localhost:8000/api/recording/status:0
[ 3465068ms] [ERROR] Failed to load resource: net::ERR_CONNECTION_REFUSED @ http://localhost:8000/api/objects/MBTCPMaster1?server=ee8d9159:0
[ 3465068ms] [ERROR] Error загрузки ee8d9159:MBTCPMaster1: TypeError: Failed to fetch
    at fetchObjectData (http://localhost:8000/static/js/app.js:12407:28)
    at loadObjectData (http://localhost:8000/static/js/app.js:14067:28)
    at http://localhost:8000/static/js/app.js:1235:23 @ http://localhost:8000/static/js/app.js:14078
[ 3465419ms] [ERROR] Failed to load resource: net::ERR_CONNECTION_REFUSED @ http://localhost:8000/api/objects/MBTCPMaster1/modbus/status?server=ee8d9159:0
[ 3466069ms] [ERROR] Failed to load resource: net::ERR_CONNECTION_REFUSED @ http://localhost:8000/api/servers:0
[ 3466069ms] [ERROR] Error обновления списка объектов: TypeError: Failed to fetch
    at fetchServers (http://localhost:8000/static/js/app.js:12333:28)
    at fetchObjects (http://localhost:8000/static/js/app.js:12340:31)
    at refreshObjectsList (http://localhost:8000/static/js/app.js:12388:28)
    at http://localhost:8000/static/js/app.js:1228:9 @ http://localhost:8000/static/js/app.js:12391
[ 3466069ms] [ERROR] Failed to load resource: net::ERR_CONNECTION_REFUSED @ http://localhost:8000/api/objects/MBTCPMaster1?server=ee8d9159:0
[ 3466069ms] [ERROR] Error загрузки ee8d9159:MBTCPMaster1: TypeError: Failed to fetch
    at fetchObjectData (http://localhost:8000/static/js/app.js:12407:28)
    at loadObjectData (http://localhost:8000/static/js/app.js:14067:28)
    at http://localhost:8000/static/js/app.js:1235:23 @ http://localhost:8000/static/js/app.js:14078
[ 3466418ms] [ERROR] Failed to load resource: net::ERR_CONNECTION_REFUSED @ http://localhost:8000/api/objects/MBTCPMaster1/modbus/status?server=ee8d9159:0
[ 3467068ms] [ERROR] Failed to load resource: net::ERR_CONNECTION_REFUSED @ http://localhost:8000/api/objects/MBTCPMaster1?server=ee8d9159:0
[ 3467068ms] [ERROR] Error загрузки ee8d9159:MBTCPMaster1: TypeError: Failed to fetch
    at fetchObjectData (http://localhost:8000/static/js/app.js:12407:28)
    at loadObjectData (http://localhost:8000/static/js/app.js:14067:28)
    at http://localhost:8000/static/js/app.js:1235:23 @ http://localhost:8000/static/js/app.js:14078
[ 3467418ms] [ERROR] Failed to load resource: net::ERR_CONNECTION_REFUSED @ http://localhost:8000/api/objects/MBTCPMaster1/modbus/status?server=ee8d9159:0
[ 3468068ms] [ERROR] Failed to load resource: net::ERR_CONNECTION_REFUSED @ http://localhost:8000/api/objects/MBTCPMaster1?server=ee8d9159:0
[ 3468068ms] [ERROR] Error загрузки ee8d9159:MBTCPMaster1: TypeError: Failed to fetch
    at fetchObjectData (http://localhost:8000/static/js/app.js:12407:28)
    at loadObjectData (http://localhost:8000/static/js/app.js:14067:28)
    at http://localhost:8000/static/js/app.js:1235:23 @ http://localhost:8000/static/js/app.js:14078
[ 3468418ms] [ERROR] Failed to load resource: net::ERR_CONNECTION_REFUSED @ http://localhost:8000/api/objects/MBTCPMaster1/modbus/status?server=ee8d9159:0
[ 3469068ms] [ERROR] Failed to load resource: net::ERR_CONNECTION_REFUSED @ http://localhost:8000/api/objects/MBTCPMaster1?server=ee8d9159:0
[ 3469068ms] [ERROR] Error загрузки ee8d9159:MBTCPMaster1: TypeError: Failed to fetch
    at fetchObjectData (http://localhost:8000/static/js/app.js:12407:28)
    at loadObjectData (http://localhost:8000/static/js/app.js:14067:28)
    at http://localhost:8000/static/js/app.js:1235:23 @ http://localhost:8000/static/js/app.js:14078
[ 3469419ms] [ERROR] Failed to load resource: net::ERR_CONNECTION_REFUSED @ http://localhost:8000/api/objects/MBTCPMaster1/modbus/status?server=ee8d9159:0
[ 3470067ms] [ERROR] Failed to load resource: net::ERR_CONNECTION_REFUSED @ http://localhost:8000/api/recording/status:0
[ 3470067ms] [ERROR] Failed to load resource: net::ERR_CONNECTION_REFUSED @ http://localhost:8000/api/objects/MBTCPMaster1?server=ee8d9159:0
[ 3470067ms] [ERROR] Error загрузки ee8d9159:MBTCPMaster1: TypeError: Failed to fetch
    at fetchObjectData (http://localhost:8000/static/js/app.js:12407:28)
    at loadObjectData (http://localhost:8000/static/js/app.js:14067:28)
    at http://localhost:8000/static/js/app.js:1235:23 @ http://localhost:8000/static/js/app.js:14078
[ 3470419ms] [ERROR] Failed to load resource: net::ERR_CONNECTION_REFUSED @ http://localhost:8000/api/objects/MBTCPMaster1/modbus/status?server=ee8d9159:0
[ 3471072ms] [ERROR] Failed to load resource: net::ERR_CONNECTION_REFUSED @ http://localhost:8000/api/objects/MBTCPMaster1?server=ee8d9159:0
[ 3471072ms] [ERROR] Error загрузки ee8d9159:MBTCPMaster1: TypeError: Failed to fetch
    at fetchObjectData (http://localhost:8000/static/js/app.js:12407:28)
    at loadObjectData (http://localhost:8000/static/js/app.js:14067:28)
    at http://localhost:8000/static/js/app.js:1235:23 @ http://localhost:8000/static/js/app.js:14078
[ 3471420ms] [ERROR] Failed to load resource: net::ERR_CONNECTION_REFUSED @ http://localhost:8000/api/objects/MBTCPMaster1/modbus/status?server=ee8d9159:0
[ 3472069ms] [ERROR] Failed to load resource: net::ERR_CONNECTION_REFUSED @ http://localhost:8000/api/servers:0
[ 3472069ms] [ERROR] Error обновления списка объектов: TypeError: Failed to fetch
    at fetchServers (http://localhost:8000/static/js/app.js:12333:28)
    at fetchObjects (http://localhost:8000/static/js/app.js:12340:31)
    at refreshObjectsList (http://localhost:8000/static/js/app.js:12388:28)
    at http://localhost:8000/static/js/app.js:1228:9 @ http://localhost:8000/static/js/app.js:12391
[ 3472070ms] [ERROR] Failed to load resource: net::ERR_CONNECTION_REFUSED @ http://localhost:8000/api/objects/MBTCPMaster1?server=ee8d9159:0
[ 3472070ms] [ERROR] Error загрузки ee8d9159:MBTCPMaster1: TypeError: Failed to fetch
    at fetchObjectData (http://localhost:8000/static/js/app.js:12407:28)
    at loadObjectData (http://localhost:8000/static/js/app.js:14067:28)
    at http://localhost:8000/static/js/app.js:1235:23 @ http://localhost:8000/static/js/app.js:14078
[ 3472419ms] [ERROR] Failed to load resource: net::ERR_CONNECTION_REFUSED @ http://localhost:8000/api/objects/MBTCPMaster1/modbus/status?server=ee8d9159:0
[ 3473069ms] [ERROR] Failed to load resource: net::ERR_CONNECTION_REFUSED @ http://localhost:8000/api/objects/MBTCPMaster1?server=ee8d9159:0
[ 3473069ms] [ERROR] Error загрузки ee8d9159:MBTCPMaster1: TypeError: Failed to fetch
    at fetchObjectData (http://localhost:8000/static/js/app.js:12407:28)
    at loadObjectData (http://localhost:8000/static/js/app.js:14067:28)
    at http://localhost:8000/static/js/app.js:1235:23 @ http://localhost:8000/static/js/app.js:14078
[ 3473431ms] [ERROR] Failed to load resource: net::ERR_CONNECTION_REFUSED @ http://localhost:8000/api/objects/MBTCPMaster1/modbus/status?server=ee8d9159:0
[ 3474068ms] [ERROR] Failed to load resource: net::ERR_CONNECTION_REFUSED @ http://localhost:8000/api/objects/MBTCPMaster1?server=ee8d9159:0
[ 3474068ms] [ERROR] Error загрузки ee8d9159:MBTCPMaster1: TypeError: Failed to fetch
    at fetchObjectData (http://localhost:8000/static/js/app.js:12407:28)
    at loadObjectData (http://localhost:8000/static/js/app.js:14067:28)
    at http://localhost:8000/static/js/app.js:1235:23 @ http://localhost:8000/static/js/app.js:14078
[ 3474419ms] [ERROR] Failed to load resource: net::ERR_CONNECTION_REFUSED @ http://localhost:8000/api/objects/MBTCPMaster1/modbus/status?server=ee8d9159:0
[ 3571420ms] [ERROR] Failed to load resource: the server responded with a status of 502 (Bad Gateway) @ http://localhost:8000/api/objects/MBTCPMaster1/modbus/status?server=ee8d9159:0
[ 3573472ms] [WARNING] SSE: Error соединения @ http://localhost:8000/static/js/app.js:1187
[ 3574418ms] [ERROR] Failed to load resource: net::ERR_CONNECTION_REFUSED @ http://localhost:8000/api/objects/MBTCPMaster1/modbus/status?server=ee8d9159:0
[ 3574494ms] [WARNING] SSE: Error соединения @ http://localhost:8000/static/js/app.js:1187
[ 3574495ms] [ERROR] Failed to load resource: net::ERR_CONNECTION_REFUSED @ http://localhost:8000/api/events:0
[ 3575069ms] [ERROR] Failed to load resource: net::ERR_CONNECTION_REFUSED @ http://localhost:8000/api/recording/status:0
[ 3575419ms] [ERROR] Failed to load resource: net::ERR_CONNECTION_REFUSED @ http://localhost:8000/api/objects/MBTCPMaster1/modbus/status?server=ee8d9159:0
[ 3576419ms] [ERROR] Failed to load resource: net::ERR_CONNECTION_REFUSED @ http://localhost:8000/api/objects/MBTCPMaster1/modbus/status?server=ee8d9159:0
[ 3576642ms] [WARNING] SSE: Error соединения @ http://localhost:8000/static/js/app.js:1187
[ 3576643ms] [ERROR] Failed to load resource: net::ERR_CONNECTION_REFUSED @ http://localhost:8000/api/events:0
[ 3577418ms] [ERROR] Failed to load resource: net::ERR_CONNECTION_REFUSED @ http://localhost:8000/api/objects/MBTCPMaster1/modbus/status?server=ee8d9159:0
[ 3578418ms] [ERROR] Failed to load resource: net::ERR_CONNECTION_REFUSED @ http://localhost:8000/api/objects/MBTCPMaster1/modbus/status?server=ee8d9159:0
[ 3579418ms] [ERROR] Failed to load resource: net::ERR_CONNECTION_REFUSED @ http://localhost:8000/api/objects/MBTCPMaster1/modbus/status?server=ee8d9159:0
[ 3580068ms] [ERROR] Failed to load resource: net::ERR_CONNECTION_REFUSED @ http://localhost:8000/api/recording/status:0
[ 3580419ms] [ERROR] Failed to load resource: net::ERR_CONNECTION_REFUSED @ http://localhost:8000/api/objects/MBTCPMaster1/modbus/status?server=ee8d9159:0
[ 3580552ms] [WARNING] SSE: Error соединения @ http://localhost:8000/static/js/app.js:1187
[ 3580553ms] [ERROR] Failed to load resource: net::ERR_CONNECTION_REFUSED @ http://localhost:8000/api/events:0
[ 3581419ms] [ERROR] Failed to load resource: net::ERR_CONNECTION_REFUSED @ http://localhost:8000/api/objects/MBTCPMaster1/modbus/status?server=ee8d9159:0
[ 3582419ms] [ERROR] Failed to load resource: net::ERR_CONNECTION_REFUSED @ http://localhost:8000/api/objects/MBTCPMaster1/modbus/status?server=ee8d9159:0
[ 3583419ms] [ERROR] Failed to load resource: net::ERR_CONNECTION_REFUSED @ http://localhost:8000/api/objects/MBTCPMaster1/modbus/status?server=ee8d9159:0
[ 3584419ms] [ERROR] Failed to load resource: net::ERR_CONNECTION_REFUSED @ http://localhost:8000/api/objects/MBTCPMaster1/modbus/status?server=ee8d9159:0
[ 3585068ms] [ERROR] Failed to load resource: net::ERR_CONNECTION_REFUSED @ http://localhost:8000/api/recording/status:0
[ 3585418ms] [ERROR] Failed to load resource: net::ERR_CONNECTION_REFUSED @ http://localhost:8000/api/objects/MBTCPMaster1/modbus/status?server=ee8d9159:0
[ 3586418ms] [ERROR] Failed to load resource: net::ERR_CONNECTION_REFUSED @ http://localhost:8000/api/objects/MBTCPMaster1/modbus/status?server=ee8d9159:0
[ 3587419ms] [ERROR] Failed to load resource: net::ERR_CONNECTION_REFUSED @ http://localhost:8000/api/objects/MBTCPMaster1/modbus/status?server=ee8d9159:0
[ 3588418ms] [ERROR] Failed to load resource: net::ERR_CONNECTION_REFUSED @ http://localhost:8000/api/objects/MBTCPMaster1/modbus/status?server=ee8d9159:0
[ 3589179ms] [WARNING] SSE: Error соединения @ http://localhost:8000/static/js/app.js:1187
[ 3589179ms] [ERROR] Failed to load resource: net::ERR_CONNECTION_REFUSED @ http://localhost:8000/api/events:0
[ 3589421ms] [ERROR] Failed to load resource: net::ERR_CONNECTION_REFUSED @ http://localhost:8000/api/objects/MBTCPMaster1/modbus/status?server=ee8d9159:0
[ 3590067ms] [ERROR] Failed to load resource: net::ERR_CONNECTION_REFUSED @ http://localhost:8000/api/recording/status:0
[ 3590419ms] [ERROR] Failed to load resource: net::ERR_CONNECTION_REFUSED @ http://localhost:8000/api/objects/MBTCPMaster1/modbus/status?server=ee8d9159:0
[ 3591420ms] [ERROR] Failed to load resource: net::ERR_CONNECTION_REFUSED @ http://localhost:8000/api/objects/MBTCPMaster1/modbus/status?server=ee8d9159:0
[ 3592419ms] [ERROR] Failed to load resource: net::ERR_CONNECTION_REFUSED @ http://localhost:8000/api/objects/MBTCPMaster1/modbus/status?server=ee8d9159:0
[ 3593419ms] [ERROR] Failed to load resource: net::ERR_CONNECTION_REFUSED @ http://localhost:8000/api/objects/MBTCPMaster1/modbus/status?server=ee8d9159:0
[ 3594419ms] [ERROR] Failed to load resource: net::ERR_CONNECTION_REFUSED @ http://localhost:8000/api/objects/MBTCPMaster1/modbus/status?server=ee8d9159:0
[ 3595068ms] [ERROR] Failed to load resource: net::ERR_CONNECTION_REFUSED @ http://localhost:8000/api/recording/status:0
[ 3595419ms] [ERROR] Failed to load resource: net::ERR_CONNECTION_REFUSED @ http://localhost:8000/api/objects/MBTCPMaster1/modbus/status?server=ee8d9159:0
[ 3596419ms] [ERROR] Failed to load resource: net::ERR_CONNECTION_REFUSED @ http://localhost:8000/api/objects/MBTCPMaster1/modbus/status?server=ee8d9159:0
[ 3597421ms] [ERROR] Failed to load resource: net::ERR_CONNECTION_REFUSED @ http://localhost:8000/api/objects/MBTCPMaster1/modbus/status?server=ee8d9159:0
[ 3598418ms] [ERROR] Failed to load resource: net::ERR_CONNECTION_REFUSED @ http://localhost:8000/api/objects/MBTCPMaster1/modbus/status?server=ee8d9159:0
[ 3599419ms] [ERROR] Failed to load resource: net::ERR_CONNECTION_REFUSED @ http://localhost:8000/api/objects/MBTCPMaster1/modbus/status?server=ee8d9159:0
[ 3600067ms] [ERROR] Failed to load resource: net::ERR_CONNECTION_REFUSED @ http://localhost:8000/api/recording/status:0
[ 3600419ms] [ERROR] Failed to load resource: net::ERR_CONNECTION_REFUSED @ http://localhost:8000/api/objects/MBTCPMaster1/modbus/status?server=ee8d9159:0
[ 3601419ms] [ERROR] Failed to load resource: net::ERR_CONNECTION_REFUSED @ http://localhost:8000/api/objects/MBTCPMaster1/modbus/status?server=ee8d9159:0
[ 3602419ms] [ERROR] Failed to load resource: net::ERR_CONNECTION_REFUSED @ http://localhost:8000/api/objects/MBTCPMaster1/modbus/status?server=ee8d9159:0
[ 3603419ms] [ERROR] Failed to load resource: net::ERR_CONNECTION_REFUSED @ http://localhost:8000/api/objects/MBTCPMaster1/modbus/status?server=ee8d9159:0
[ 3604418ms] [ERROR] Failed to load resource: net::ERR_CONNECTION_REFUSED @ http://localhost:8000/api/objects/MBTCPMaster1/modbus/status?server=ee8d9159:0
[ 3604514ms] [WARNING] SSE: Error соединения @ http://localhost:8000/static/js/app.js:1187
[ 3604515ms] [ERROR] Failed to load resource: net::ERR_CONNECTION_REFUSED @ http://localhost:8000/api/events:0
[ 3605068ms] [ERROR] Failed to load resource: net::ERR_CONNECTION_REFUSED @ http://localhost:8000/api/recording/status:0
[ 3605419ms] [ERROR] Failed to load resource: net::ERR_CONNECTION_REFUSED @ http://localhost:8000/api/objects/MBTCPMaster1/modbus/status?server=ee8d9159:0
[ 3606419ms] [ERROR] Failed to load resource: net::ERR_CONNECTION_REFUSED @ http://localhost:8000/api/objects/MBTCPMaster1/modbus/status?server=ee8d9159:0
[ 3607419ms] [ERROR] Failed to load resource: net::ERR_CONNECTION_REFUSED @ http://localhost:8000/api/objects/MBTCPMaster1/modbus/status?server=ee8d9159:0
[ 3608420ms] [ERROR] Failed to load resource: net::ERR_CONNECTION_REFUSED @ http://localhost:8000/api/objects/MBTCPMaster1/modbus/status?server=ee8d9159:0
[ 3609420ms] [ERROR] Failed to load resource: the server responded with a status of 404 (Not Found) @ http://localhost:8000/api/objects/MBTCPMaster1/modbus/status?server=ee8d9159:0
[ 3610419ms] [ERROR] Failed to load resource: the server responded with a status of 404 (Not Found) @ http://localhost:8000/api/objects/MBTCPMaster1/modbus/status?server=ee8d9159:0
[ 3611419ms] [ERROR] Failed to load resource: the server responded with a status of 404 (Not Found) @ http://localhost:8000/api/objects/MBTCPMaster1/modbus/status?server=ee8d9159:0
[ 3612419ms] [ERROR] Failed to load resource: the server responded with a status of 404 (Not Found) @ http://localhost:8000/api/objects/MBTCPMaster1/modbus/status?server=ee8d9159:0
[ 3613419ms] [ERROR] Failed to load resource: the server responded with a status of 404 (Not Found) @ http://localhost:8000/api/objects/MBTCPMaster1/modbus/status?server=ee8d9159:0
[ 3614419ms] [ERROR] Failed to load resource: the server responded with a status of 404 (Not Found) @ http://localhost:8000/api/objects/MBTCPMaster1/modbus/status?server=ee8d9159:0
[ 3615419ms] [ERROR] Failed to load resource: the server responded with a status of 404 (Not Found) @ http://localhost:8000/api/objects/MBTCPMaster1/modbus/status?server=ee8d9159:0
[ 3616420ms] [ERROR] Failed to load resource: the server responded with a status of 404 (Not Found) @ http://localhost:8000/api/objects/MBTCPMaster1/modbus/status?server=ee8d9159:0
[ 3617421ms] [ERROR] Failed to load resource: the server responded with a status of 404 (Not Found) @ http://localhost:8000/api/objects/MBTCPMaster1/modbus/status?server=ee8d9159:0
[ 3618419ms] [ERROR] Failed to load resource: the server responded with a status of 404 (Not Found) @ http://localhost:8000/api/objects/MBTCPMaster1/modbus/status?server=ee8d9159:0
[ 3619420ms] [ERROR] Failed to load resource: the server responded with a status of 404 (Not Found) @ http://localhost:8000/api/objects/MBTCPMaster1/modbus/status?server=ee8d9159:0
[ 3620421ms] [ERROR] Failed to load resource: the server responded with a status of 404 (Not Found) @ http://localhost:8000/api/objects/MBTCPMaster1/modbus/status?server=ee8d9159:0
[ 3621419ms] [ERROR] Failed to load resource: the server responded with a status of 404 (Not Found) @ http://localhost:8000/api/objects/MBTCPMaster1/modbus/status?server=ee8d9159:0
[ 3622419ms] [ERROR] Failed to load resource: the server responded with a status of 404 (Not Found) @ http://localhost:8000/api/objects/MBTCPMaster1/modbus/status?server=ee8d9159:0
[ 3623419ms] [ERROR] Failed to load resource: net::ERR_CONNECTION_REFUSED @ http://localhost:8000/api/objects/MBTCPMaster1/modbus/status?server=ee8d9159:0
[ 3624418ms] [ERROR] Failed to load resource: net::ERR_CONNECTION_REFUSED @ http://localhost:8000/api/objects/MBTCPMaster1/modbus/status?server=ee8d9159:0
[ 3625068ms] [ERROR] Failed to load resource: net::ERR_CONNECTION_REFUSED @ http://localhost:8000/api/recording/status:0
[ 3625418ms] [ERROR] Failed to load resource: net::ERR_CONNECTION_REFUSED @ http://localhost:8000/api/objects/MBTCPMaster1/modbus/status?server=ee8d9159:0
[ 3626418ms] [ERROR] Failed to load resource: net::ERR_CONNECTION_REFUSED @ http://localhost:8000/api/objects/MBTCPMaster1/modbus/status?server=ee8d9159:0
[ 3627419ms] [ERROR] Failed to load resource: net::ERR_CONNECTION_REFUSED @ http://localhost:8000/api/objects/MBTCPMaster1/modbus/status?server=ee8d9159:0
[ 3628419ms] [ERROR] Failed to load resource: net::ERR_CONNECTION_REFUSED @ http://localhost:8000/api/objects/MBTCPMaster1/modbus/status?server=ee8d9159:0
[ 3629419ms] [ERROR] Failed to load resource: net::ERR_CONNECTION_REFUSED @ http://localhost:8000/api/objects/MBTCPMaster1/modbus/status?server=ee8d9159:0
[ 3630068ms] [ERROR] Failed to load resource: net::ERR_CONNECTION_REFUSED @ http://localhost:8000/api/recording/status:0
[ 3630418ms] [ERROR] Failed to load resource: net::ERR_CONNECTION_REFUSED @ http://localhost:8000/api/objects/MBTCPMaster1/modbus/status?server=ee8d9159:0
[ 3631419ms] [ERROR] Failed to load resource: net::ERR_CONNECTION_REFUSED @ http://localhost:8000/api/objects/MBTCPMaster1/modbus/status?server=ee8d9159:0
[ 3632419ms] [ERROR] Failed to load resource: net::ERR_CONNECTION_REFUSED @ http://localhost:8000/api/objects/MBTCPMaster1/modbus/status?server=ee8d9159:0
[ 3633419ms] [ERROR] Failed to load resource: net::ERR_CONNECTION_REFUSED @ http://localhost:8000/api/objects/MBTCPMaster1/modbus/status?server=ee8d9159:0
[ 3633596ms] [WARNING] SSE: Error соединения @ http://localhost:8000/static/js/app.js:1187
[ 3633597ms] [ERROR] Failed to load resource: net::ERR_CONNECTION_REFUSED @ http://localhost:8000/api/events:0
[ 3634420ms] [ERROR] Failed to load resource: net::ERR_CONNECTION_REFUSED @ http://localhost:8000/api/objects/MBTCPMaster1/modbus/status?server=ee8d9159:0
[ 3635068ms] [ERROR] Failed to load resource: net::ERR_CONNECTION_REFUSED @ http://localhost:8000/api/recording/status:0
[ 3635420ms] [ERROR] Failed to load resource: net::ERR_CONNECTION_REFUSED @ http://localhost:8000/api/objects/MBTCPMaster1/modbus/status?server=ee8d9159:0
[ 3636420ms] [ERROR] Failed to load resource: net::ERR_CONNECTION_REFUSED @ http://localhost:8000/api/objects/MBTCPMaster1/modbus/status?server=ee8d9159:0
[ 3637420ms] [ERROR] Failed to load resource: net::ERR_CONNECTION_REFUSED @ http://localhost:8000/api/objects/MBTCPMaster1/modbus/status?server=ee8d9159:0
[ 3638420ms] [ERROR] Failed to load resource: net::ERR_CONNECTION_REFUSED @ http://localhost:8000/api/objects/MBTCPMaster1/modbus/status?server=ee8d9159:0
[ 3639421ms] [ERROR] Failed to load resource: net::ERR_CONNECTION_REFUSED @ http://localhost:8000/api/objects/MBTCPMaster1/modbus/status?server=ee8d9159:0
[ 3640067ms] [ERROR] Failed to load resource: net::ERR_CONNECTION_REFUSED @ http://localhost:8000/api/recording/status:0
[ 3640419ms] [ERROR] Failed to load resource: net::ERR_CONNECTION_REFUSED @ http://localhost:8000/api/objects/MBTCPMaster1/modbus/status?server=ee8d9159:0
[ 3641420ms] [ERROR] Failed to load resource: net::ERR_CONNECTION_REFUSED @ http://localhost:8000/api/objects/MBTCPMaster1/modbus/status?server=ee8d9159:0
[ 3642421ms] [ERROR] Failed to load resource: net::ERR_CONNECTION_REFUSED @ http://localhost:8000/api/objects/MBTCPMaster1/modbus/status?server=ee8d9159:0
[ 3643420ms] [ERROR] Failed to load resource: net::ERR_CONNECTION_REFUSED @ http://localhost:8000/api/objects/MBTCPMaster1/modbus/status?server=ee8d9159:0
[ 3644420ms] [ERROR] Failed to load resource: net::ERR_CONNECTION_REFUSED @ http://localhost:8000/api/objects/MBTCPMaster1/modbus/status?server=ee8d9159:0
[ 3645067ms] [ERROR] Failed to load resource: net::ERR_CONNECTION_REFUSED @ http://localhost:8000/api/recording/status:0
[ 3645420ms] [ERROR] Failed to load resource: net::ERR_CONNECTION_REFUSED @ http://localhost:8000/api/objects/MBTCPMaster1/modbus/status?server=ee8d9159:0
[ 3646418ms] [ERROR] Failed to load resource: net::ERR_CONNECTION_REFUSED @ http://localhost:8000/api/objects/MBTCPMaster1/modbus/status?server=ee8d9159:0
[ 3647421ms] [ERROR] Failed to load resource: net::ERR_CONNECTION_REFUSED @ http://localhost:8000/api/objects/MBTCPMaster1/modbus/status?server=ee8d9159:0
[ 3648419ms] [ERROR] Failed to load resource: net::ERR_CONNECTION_REFUSED @ http://localhost:8000/api/objects/MBTCPMaster1/modbus/status?server=ee8d9159:0
[ 3649419ms] [ERROR] Failed to load resource: net::ERR_CONNECTION_REFUSED @ http://localhost:8000/api/objects/MBTCPMaster1/modbus/status?server=ee8d9159:0
[ 3650068ms] [ERROR] Failed to load resource: net::ERR_CONNECTION_REFUSED @ http://localhost:8000/api/recording/status:0
[ 3650419ms] [ERROR] Failed to load resource: net::ERR_CONNECTION_REFUSED @ http://localhost:8000/api/objects/MBTCPMaster1/modbus/status?server=ee8d9159:0
[ 3651420ms] [ERROR] Failed to load resource: net::ERR_CONNECTION_REFUSED @ http://localhost:8000/api/objects/MBTCPMaster1/modbus/status?server=ee8d9159:0
[ 3652420ms] [ERROR] Failed to load resource: net::ERR_CONNECTION_REFUSED @ http://localhost:8000/api/objects/MBTCPMaster1/modbus/status?server=ee8d9159:0
[ 3653419ms] [ERROR] Failed to load resource: net::ERR_CONNECTION_REFUSED @ http://localhost:8000/api/objects/MBTCPMaster1/modbus/status?server=ee8d9159:0
[ 3654419ms] [ERROR] Failed to load resource: net::ERR_CONNECTION_REFUSED @ http://localhost:8000/api/objects/MBTCPMaster1/modbus/status?server=ee8d9159:0
[ 3655069ms] [ERROR] Failed to load resource: net::ERR_CONNECTION_REFUSED @ http://localhost:8000/api/recording/status:0
[ 3655419ms] [ERROR] Failed to load resource: net::ERR_CONNECTION_REFUSED @ http://localhost:8000/api/objects/MBTCPMaster1/modbus/status?server=ee8d9159:0
[ 3656419ms] [ERROR] Failed to load resource: net::ERR_CONNECTION_REFUSED @ http://localhost:8000/api/objects/MBTCPMaster1/modbus/status?server=ee8d9159:0
[ 3657421ms] [ERROR] Failed to load resource: net::ERR_CONNECTION_REFUSED @ http://localhost:8000/api/objects/MBTCPMaster1/modbus/status?server=ee8d9159:0
[ 3658420ms] [ERROR] Failed to load resource: net::ERR_CONNECTION_REFUSED @ http://localhost:8000/api/objects/MBTCPMaster1/modbus/status?server=ee8d9159:0
[ 3659419ms] [ERROR] Failed to load resource: net::ERR_CONNECTION_REFUSED @ http://localhost:8000/api/objects/MBTCPMaster1/modbus/status?server=ee8d9159:0
[ 3660069ms] [ERROR] Failed to load resource: net::ERR_CONNECTION_REFUSED @ http://localhost:8000/api/recording/status:0
[ 3660420ms] [ERROR] Failed to load resource: net::ERR_CONNECTION_REFUSED @ http://localhost:8000/api/objects/MBTCPMaster1/modbus/status?server=ee8d9159:0
[ 3661271ms] [WARNING] SSE: Error соединения @ http://localhost:8000/static/js/app.js:1187
[ 3661271ms] [ERROR] Failed to load resource: net::ERR_CONNECTION_REFUSED @ http://localhost:8000/api/events:0
[ 3661420ms] [ERROR] Failed to load resource: net::ERR_CONNECTION_REFUSED @ http://localhost:8000/api/objects/MBTCPMaster1/modbus/status?server=ee8d9159:0
[ 3662420ms] [ERROR] Failed to load resource: net::ERR_CONNECTION_REFUSED @ http://localhost:8000/api/objects/MBTCPMaster1/modbus/status?server=ee8d9159:0
[ 3663420ms] [ERROR] Failed to load resource: net::ERR_CONNECTION_REFUSED @ http://localhost:8000/api/objects/MBTCPMaster1/modbus/status?server=ee8d9159:0
[ 3664420ms] [ERROR] Failed to load resource: net::ERR_CONNECTION_REFUSED @ http://localhost:8000/api/objects/MBTCPMaster1/modbus/status?server=ee8d9159:0
[ 3665069ms] [ERROR] Failed to load resource: net::ERR_CONNECTION_REFUSED @ http://localhost:8000/api/recording/status:0
[ 3665419ms] [ERROR] Failed to load resource: net::ERR_CONNECTION_REFUSED @ http://localhost:8000/api/objects/MBTCPMaster1/modbus/status?server=ee8d9159:0
[ 3666420ms] [ERROR] Failed to load resource: net::ERR_CONNECTION_REFUSED @ http://localhost:8000/api/objects/MBTCPMaster1/modbus/status?server=ee8d9159:0
[ 3667420ms] [ERROR] Failed to load resource: net::ERR_CONNECTION_REFUSED @ http://localhost:8000/api/objects/MBTCPMaster1/modbus/status?server=ee8d9159:0
[ 3668419ms] [ERROR] Failed to load resource: net::ERR_CONNECTION_REFUSED @ http://localhost:8000/api/objects/MBTCPMaster1/modbus/status?server=ee8d9159:0
[ 3669420ms] [ERROR] Failed to load resource: net::ERR_CONNECTION_REFUSED @ http://localhost:8000/api/objects/MBTCPMaster1/modbus/status?server=ee8d9159:0
[ 3670068ms] [ERROR] Failed to load resource: net::ERR_CONNECTION_REFUSED @ http://localhost:8000/api/recording/status:0
[ 3670419ms] [ERROR] Failed to load resource: net::ERR_CONNECTION_REFUSED @ http://localhost:8000/api/objects/MBTCPMaster1/modbus/status?server=ee8d9159:0
[ 3671420ms] [ERROR] Failed to load resource: net::ERR_CONNECTION_REFUSED @ http://localhost:8000/api/objects/MBTCPMaster1/modbus/status?server=ee8d9159:0
[ 3672419ms] [ERROR] Failed to load resource: net::ERR_CONNECTION_REFUSED @ http://localhost:8000/api/objects/MBTCPMaster1/modbus/status?server=ee8d9159:0
[ 3673419ms] [ERROR] Failed to load resource: net::ERR_CONNECTION_REFUSED @ http://localhost:8000/api/objects/MBTCPMaster1/modbus/status?server=ee8d9159:0
[ 3674420ms] [ERROR] Failed to load resource: net::ERR_CONNECTION_REFUSED @ http://localhost:8000/api/objects/MBTCPMaster1/modbus/status?server=ee8d9159:0
[ 3675068ms] [ERROR] Failed to load resource: net::ERR_CONNECTION_REFUSED @ http://localhost:8000/api/recording/status:0
[ 3675419ms] [ERROR] Failed to load resource: net::ERR_CONNECTION_REFUSED @ http://localhost:8000/api/objects/MBTCPMaster1/modbus/status?server=ee8d9159:0
[ 3676420ms] [ERROR] Failed to load resource: net::ERR_CONNECTION_REFUSED @ http://localhost:8000/api/objects/MBTCPMaster1/modbus/status?server=ee8d9159:0
[ 3677420ms] [ERROR] Failed to load resource: net::ERR_CONNECTION_REFUSED @ http://localhost:8000/api/objects/MBTCPMaster1/modbus/status?server=ee8d9159:0
[ 3678421ms] [ERROR] Failed to load resource: net::ERR_CONNECTION_REFUSED @ http://localhost:8000/api/objects/MBTCPMaster1/modbus/status?server=ee8d9159:0
[ 3679419ms] [ERROR] Failed to load resource: net::ERR_CONNECTION_REFUSED @ http://localhost:8000/api/objects/MBTCPMaster1/modbus/status?server=ee8d9159:0
[ 3680067ms] [ERROR] Failed to load resource: net::ERR_CONNECTION_REFUSED @ http://localhost:8000/api/recording/status:0
[ 3680419ms] [ERROR] Failed to load resource: net::ERR_CONNECTION_REFUSED @ http://localhost:8000/api/objects/MBTCPMaster1/modbus/status?server=ee8d9159:0
[ 3681420ms] [ERROR] Failed to load resource: net::ERR_CONNECTION_REFUSED @ http://localhost:8000/api/objects/MBTCPMaster1/modbus/status?server=ee8d9159:0
[ 3682420ms] [ERROR] Failed to load resource: net::ERR_CONNECTION_REFUSED @ http://localhost:8000/api/objects/MBTCPMaster1/modbus/status?server=ee8d9159:0
[ 3683420ms] [ERROR] Failed to load resource: net::ERR_CONNECTION_REFUSED @ http://localhost:8000/api/objects/MBTCPMaster1/modbus/status?server=ee8d9159:0
[ 3684419ms] [ERROR] Failed to load resource: net::ERR_CONNECTION_REFUSED @ http://localhost:8000/api/objects/MBTCPMaster1/modbus/status?server=ee8d9159:0
[ 3685068ms] [ERROR] Failed to load resource: net::ERR_CONNECTION_REFUSED @ http://localhost:8000/api/recording/status:0
[ 3685419ms] [ERROR] Failed to load resource: net::ERR_CONNECTION_REFUSED @ http://localhost:8000/api/objects/MBTCPMaster1/modbus/status?server=ee8d9159:0
[ 3686419ms] [ERROR] Failed to load resource: net::ERR_CONNECTION_REFUSED @ http://localhost:8000/api/objects/MBTCPMaster1/modbus/status?server=ee8d9159:0
[ 3687420ms] [ERROR] Failed to load resource: net::ERR_CONNECTION_REFUSED @ http://localhost:8000/api/objects/MBTCPMaster1/modbus/status?server=ee8d9159:0
[ 3688420ms] [ERROR] Failed to load resource: net::ERR_CONNECTION_REFUSED @ http://localhost:8000/api/objects/MBTCPMaster1/modbus/status?server=ee8d9159:0
[ 3689419ms] [ERROR] Failed to load resource: net::ERR_CONNECTION_REFUSED @ http://localhost:8000/api/objects/MBTCPMaster1/modbus/status?server=ee8d9159:0
[ 3690068ms] [ERROR] Failed to load resource: net::ERR_CONNECTION_REFUSED @ http://localhost:8000/api/recording/status:0
[ 3690220ms] [WARNING] SSE: Error соединения @ http://localhost:8000/static/js/app.js:1187
[ 3690220ms] [ERROR] Failed to load resource: net::ERR_CONNECTION_REFUSED @ http://localhost:8000/api/events:0
[ 3690418ms] [ERROR] Failed to load resource: net::ERR_CONNECTION_REFUSED @ http://localhost:8000/api/objects/MBTCPMaster1/modbus/status?server=ee8d9159:0
[ 3691420ms] [ERROR] Failed to load resource: net::ERR_CONNECTION_REFUSED @ http://localhost:8000/api/objects/MBTCPMaster1/modbus/status?server=ee8d9159:0
[ 3692420ms] [ERROR] Failed to load resource: net::ERR_CONNECTION_REFUSED @ http://localhost:8000/api/objects/MBTCPMaster1/modbus/status?server=ee8d9159:0
[ 3693423ms] [ERROR] Failed to load resource: net::ERR_CONNECTION_REFUSED @ http://localhost:8000/api/objects/MBTCPMaster1/modbus/status?server=ee8d9159:0
[ 3694420ms] [ERROR] Failed to load resource: net::ERR_CONNECTION_REFUSED @ http://localhost:8000/api/objects/MBTCPMaster1/modbus/status?server=ee8d9159:0
[ 3695069ms] [ERROR] Failed to load resource: net::ERR_CONNECTION_REFUSED @ http://localhost:8000/api/recording/status:0
[ 3695418ms] [ERROR] Failed to load resource: net::ERR_CONNECTION_REFUSED @ http://localhost:8000/api/objects/MBTCPMaster1/modbus/status?server=ee8d9159:0
[ 3696419ms] [ERROR] Failed to load resource: net::ERR_CONNECTION_REFUSED @ http://localhost:8000/api/objects/MBTCPMaster1/modbus/status?server=ee8d9159:0
[ 3697419ms] [ERROR] Failed to load resource: net::ERR_CONNECTION_REFUSED @ http://localhost:8000/api/objects/MBTCPMaster1/modbus/status?server=ee8d9159:0
[ 3698420ms] [ERROR] Failed to load resource: net::ERR_CONNECTION_REFUSED @ http://localhost:8000/api/objects/MBTCPMaster1/modbus/status?server=ee8d9159:0
[ 3699420ms] [ERROR] Failed to load resource: net::ERR_CONNECTION_REFUSED @ http://localhost:8000/api/objects/MBTCPMaster1/modbus/status?server=ee8d9159:0
[ 3700066ms] [ERROR] Failed to load resource: net::ERR_CONNECTION_REFUSED @ http://localhost:8000/api/recording/status:0
[ 3700418ms] [ERROR] Failed to load resource: net::ERR_CONNECTION_REFUSED @ http://localhost:8000/api/objects/MBTCPMaster1/modbus/status?server=ee8d9159:0
[ 3701419ms] [ERROR] Failed to load resource: net::ERR_CONNECTION_REFUSED @ http://localhost:8000/api/objects/MBTCPMaster1/modbus/status?server=ee8d9159:0
[ 3702419ms] [ERROR] Failed to load resource: net::ERR_CONNECTION_REFUSED @ http://localhost:8000/api/objects/MBTCPMaster1/modbus/status?server=ee8d9159:0
[ 3703420ms] [ERROR] Failed to load resource: net::ERR_CONNECTION_REFUSED @ http://localhost:8000/api/objects/MBTCPMaster1/modbus/status?server=ee8d9159:0
[ 3704419ms] [ERROR] Failed to load resource: net::ERR_CONNECTION_REFUSED @ http://localhost:8000/api/objects/MBTCPMaster1/modbus/status?server=ee8d9159:0
[ 3705067ms] [ERROR] Failed to load resource: net::ERR_CONNECTION_REFUSED @ http://localhost:8000/api/recording/status:0
[ 3705418ms] [ERROR] Failed to load resource: net::ERR_CONNECTION_REFUSED @ http://localhost:8000/api/objects/MBTCPMaster1/modbus/status?server=ee8d9159:0
[ 3706418ms] [ERROR] Failed to load resource: net::ERR_CONNECTION_REFUSED @ http://localhost:8000/api/objects/MBTCPMaster1/modbus/status?server=ee8d9159:0
[ 3707418ms] [ERROR] Failed to load resource: net::ERR_CONNECTION_REFUSED @ http://localhost:8000/api/objects/MBTCPMaster1/modbus/status?server=ee8d9159:0
[ 3708419ms] [ERROR] Failed to load resource: net::ERR_CONNECTION_REFUSED @ http://localhost:8000/api/objects/MBTCPMaster1/modbus/status?server=ee8d9159:0
[ 3709420ms] [ERROR] Failed to load resource: net::ERR_CONNECTION_REFUSED @ http://localhost:8000/api/objects/MBTCPMaster1/modbus/status?server=ee8d9159:0
[ 3710068ms] [ERROR] Failed to load resource: net::ERR_CONNECTION_REFUSED @ http://localhost:8000/api/recording/status:0
[ 3710418ms] [ERROR] Failed to load resource: net::ERR_CONNECTION_REFUSED @ http://localhost:8000/api/objects/MBTCPMaster1/modbus/status?server=ee8d9159:0
[ 3711420ms] [ERROR] Failed to load resource: net::ERR_CONNECTION_REFUSED @ http://localhost:8000/api/objects/MBTCPMaster1/modbus/status?server=ee8d9159:0
[ 3712418ms] [ERROR] Failed to load resource: net::ERR_CONNECTION_REFUSED @ http://localhost:8000/api/objects/MBTCPMaster1/modbus/status?server=ee8d9159:0
[ 3713420ms] [ERROR] Failed to load resource: net::ERR_CONNECTION_REFUSED @ http://localhost:8000/api/objects/MBTCPMaster1/modbus/status?server=ee8d9159:0
[ 3714420ms] [ERROR] Failed to load resource: net::ERR_CONNECTION_REFUSED @ http://localhost:8000/api/objects/MBTCPMaster1/modbus/status?server=ee8d9159:0
[ 3715068ms] [ERROR] Failed to load resource: net::ERR_CONNECTION_REFUSED @ http://localhost:8000/api/recording/status:0
[ 3715418ms] [ERROR] Failed to load resource: net::ERR_CONNECTION_REFUSED @ http://localhost:8000/api/objects/MBTCPMaster1/modbus/status?server=ee8d9159:0
[ 3716420ms] [ERROR] Failed to load resource: net::ERR_CONNECTION_REFUSED @ http://localhost:8000/api/objects/MBTCPMaster1/modbus/status?server=ee8d9159:0
[ 3717420ms] [ERROR] Failed to load resource: net::ERR_CONNECTION_REFUSED @ http://localhost:8000/api/objects/MBTCPMaster1/modbus/status?server=ee8d9159:0
[ 3718420ms] [ERROR] Failed to load resource: net::ERR_CONNECTION_REFUSED @ http://localhost:8000/api/objects/MBTCPMaster1/modbus/status?server=ee8d9159:0
[ 3719421ms] [ERROR] Failed to load resource: net::ERR_CONNECTION_REFUSED @ http://localhost:8000/api/objects/MBTCPMaster1/modbus/status?server=ee8d9159:0
[ 3720068ms] [ERROR] Failed to load resource: net::ERR_CONNECTION_REFUSED @ http://localhost:8000/api/recording/status:0
[ 3720418ms] [ERROR] Failed to load resource: net::ERR_CONNECTION_REFUSED @ http://localhost:8000/api/objects/MBTCPMaster1/modbus/status?server=ee8d9159:0
[ 3721419ms] [ERROR] Failed to load resource: net::ERR_CONNECTION_REFUSED @ http://localhost:8000/api/objects/MBTCPMaster1/modbus/status?server=ee8d9159:0
[ 3722074ms] [WARNING] SSE: Error соединения @ http://localhost:8000/static/js/app.js:1187
[ 3722074ms] [ERROR] Failed to load resource: net::ERR_CONNECTION_REFUSED @ http://localhost:8000/api/events:0
[ 3722419ms] [ERROR] Failed to load resource: net::ERR_CONNECTION_REFUSED @ http://localhost:8000/api/objects/MBTCPMaster1/modbus/status?server=ee8d9159:0
[ 3723420ms] [ERROR] Failed to load resource: net::ERR_CONNECTION_REFUSED @ http://localhost:8000/api/objects/MBTCPMaster1/modbus/status?server=ee8d9159:0
[ 3724418ms] [ERROR] Failed to load resource: net::ERR_CONNECTION_REFUSED @ http://localhost:8000/api/objects/MBTCPMaster1/modbus/status?server=ee8d9159:0
[ 3725067ms] [ERROR] Failed to load resource: net::ERR_CONNECTION_REFUSED @ http://localhost:8000/api/recording/status:0
[ 3725418ms] [ERROR] Failed to load resource: net::ERR_CONNECTION_REFUSED @ http://localhost:8000/api/objects/MBTCPMaster1/modbus/status?server=ee8d9159:0
[ 3726418ms] [ERROR] Failed to load resource: net::ERR_CONNECTION_REFUSED @ http://localhost:8000/api/objects/MBTCPMaster1/modbus/status?server=ee8d9159:0
[ 3727419ms] [ERROR] Failed to load resource: net::ERR_CONNECTION_REFUSED @ http://localhost:8000/api/objects/MBTCPMaster1/modbus/status?server=ee8d9159:0
[ 3728418ms] [ERROR] Failed to load resource: net::ERR_CONNECTION_REFUSED @ http://localhost:8000/api/objects/MBTCPMaster1/modbus/status?server=ee8d9159:0
[ 3729420ms] [ERROR] Failed to load resource: net::ERR_CONNECTION_REFUSED @ http://localhost:8000/api/objects/MBTCPMaster1/modbus/status?server=ee8d9159:0
[ 3730067ms] [ERROR] Failed to load resource: net::ERR_CONNECTION_REFUSED @ http://localhost:8000/api/recording/status:0
[ 3730418ms] [ERROR] Failed to load resource: net::ERR_CONNECTION_REFUSED @ http://localhost:8000/api/objects/MBTCPMaster1/modbus/status?server=ee8d9159:0
[ 3731420ms] [ERROR] Failed to load resource: net::ERR_CONNECTION_REFUSED @ http://localhost:8000/api/objects/MBTCPMaster1/modbus/status?server=ee8d9159:0
[ 3732418ms] [ERROR] Failed to load resource: net::ERR_CONNECTION_REFUSED @ http://localhost:8000/api/objects/MBTCPMaster1/modbus/status?server=ee8d9159:0
[ 3733418ms] [ERROR] Failed to load resource: net::ERR_CONNECTION_REFUSED @ http://localhost:8000/api/objects/MBTCPMaster1/modbus/status?server=ee8d9159:0
[ 3734419ms] [ERROR] Failed to load resource: net::ERR_CONNECTION_REFUSED @ http://localhost:8000/api/objects/MBTCPMaster1/modbus/status?server=ee8d9159:0
[ 3735067ms] [ERROR] Failed to load resource: net::ERR_CONNECTION_REFUSED @ http://localhost:8000/api/recording/status:0
[ 3735418ms] [ERROR] Failed to load resource: net::ERR_CONNECTION_REFUSED @ http://localhost:8000/api/objects/MBTCPMaster1/modbus/status?server=ee8d9159:0
[ 3736419ms] [ERROR] Failed to load resource: net::ERR_CONNECTION_REFUSED @ http://localhost:8000/api/objects/MBTCPMaster1/modbus/status?server=ee8d9159:0
[ 3737420ms] [ERROR] Failed to load resource: net::ERR_CONNECTION_REFUSED @ http://localhost:8000/api/objects/MBTCPMaster1/modbus/status?server=ee8d9159:0
[ 3738418ms] [ERROR] Failed to load resource: net::ERR_CONNECTION_REFUSED @ http://localhost:8000/api/objects/MBTCPMaster1/modbus/status?server=ee8d9159:0
[ 3739421ms] [ERROR] Failed to load resource: net::ERR_CONNECTION_REFUSED @ http://localhost:8000/api/objects/MBTCPMaster1/modbus/status?server=ee8d9159:0
[ 3740068ms] [ERROR] Failed to load resource: net::ERR_CONNECTION_REFUSED @ http://localhost:8000/api/recording/status:0
[ 3740418ms] [ERROR] Failed to load resource: net::ERR_CONNECTION_REFUSED @ http://localhost:8000/api/objects/MBTCPMaster1/modbus/status?server=ee8d9159:0
[ 3741419ms] [ERROR] Failed to load resource: net::ERR_CONNECTION_REFUSED @ http://localhost:8000/api/objects/MBTCPMaster1/modbus/status?server=ee8d9159:0
[ 3742418ms] [ERROR] Failed to load resource: net::ERR_CONNECTION_REFUSED @ http://localhost:8000/api/objects/MBTCPMaster1/modbus/status?server=ee8d9159:0
[ 3743420ms] [ERROR] Failed to load resource: net::ERR_CONNECTION_REFUSED @ http://localhost:8000/api/objects/MBTCPMaster1/modbus/status?server=ee8d9159:0
[ 3744420ms] [ERROR] Failed to load resource: net::ERR_CONNECTION_REFUSED @ http://localhost:8000/api/objects/MBTCPMaster1/modbus/status?server=ee8d9159:0
[ 3745068ms] [ERROR] Failed to load resource: net::ERR_CONNECTION_REFUSED @ http://localhost:8000/api/recording/status:0
[ 3745418ms] [ERROR] Failed to load resource: net::ERR_CONNECTION_REFUSED @ http://localhost:8000/api/objects/MBTCPMaster1/modbus/status?server=ee8d9159:0
[ 3746420ms] [ERROR] Failed to load resource: net::ERR_CONNECTION_REFUSED @ http://localhost:8000/api/objects/MBTCPMaster1/modbus/status?server=ee8d9159:0
[ 3747419ms] [ERROR] Failed to load resource: net::ERR_CONNECTION_REFUSED @ http://localhost:8000/api/objects/MBTCPMaster1/modbus/status?server=ee8d9159:0
[ 3748418ms] [ERROR] Failed to load resource: net::ERR_CONNECTION_REFUSED @ http://localhost:8000/api/objects/MBTCPMaster1/modbus/status?server=ee8d9159:0
[ 3749420ms] [ERROR] Failed to load resource: net::ERR_CONNECTION_REFUSED @ http://localhost:8000/api/objects/MBTCPMaster1/modbus/status?server=ee8d9159:0
[ 3750068ms] [ERROR] Failed to load resource: net::ERR_CONNECTION_REFUSED @ http://localhost:8000/api/recording/status:0
[ 3750418ms] [ERROR] Failed to load resource: net::ERR_CONNECTION_REFUSED @ http://localhost:8000/api/objects/MBTCPMaster1/modbus/status?server=ee8d9159:0
[ 3751420ms] [ERROR] Failed to load resource: net::ERR_CONNECTION_REFUSED @ http://localhost:8000/api/objects/MBTCPMaster1/modbus/status?server=ee8d9159:0
[ 3752418ms] [ERROR] Failed to load resource: net::ERR_CONNECTION_REFUSED @ http://localhost:8000/api/objects/MBTCPMaster1/modbus/status?server=ee8d9159:0
[ 3753419ms] [ERROR] Failed to load resource: net::ERR_CONNECTION_REFUSED @ http://localhost:8000/api/objects/MBTCPMaster1/modbus/status?server=ee8d9159:0
[ 3754265ms] [WARNING] SSE: Error соединения @ http://localhost:8000/static/js/app.js:1187
[ 3754265ms] [WARNING] SSE: Превышено количество попыток, переход на polling @ http://localhost:8000/static/js/app.js:1210
[ 3754266ms] [ERROR] Failed to load resource: net::ERR_CONNECTION_REFUSED @ http://localhost:8000/api/events:0
[ 3754418ms] [ERROR] Failed to load resource: net::ERR_CONNECTION_REFUSED @ http://localhost:8000/api/objects/MBTCPMaster1/modbus/status?server=ee8d9159:0
[ 3755069ms] [ERROR] Failed to load resource: net::ERR_CONNECTION_REFUSED @ http://localhost:8000/api/recording/status:0
[ 3755268ms] [ERROR] Failed to load resource: net::ERR_CONNECTION_REFUSED @ http://localhost:8000/api/objects/MBTCPMaster1?server=ee8d9159:0
[ 3755268ms] [ERROR] Error загрузки ee8d9159:MBTCPMaster1: TypeError: Failed to fetch
    at fetchObjectData (http://localhost:8000/static/js/app.js:12407:28)
    at loadObjectData (http://localhost:8000/static/js/app.js:14067:28)
    at http://localhost:8000/static/js/app.js:1235:23 @ http://localhost:8000/static/js/app.js:14078
[ 3755418ms] [ERROR] Failed to load resource: net::ERR_CONNECTION_REFUSED @ http://localhost:8000/api/objects/MBTCPMaster1/modbus/status?server=ee8d9159:0
[ 3756269ms] [ERROR] Failed to load resource: net::ERR_CONNECTION_REFUSED @ http://localhost:8000/api/objects/MBTCPMaster1?server=ee8d9159:0
[ 3756270ms] [ERROR] Error загрузки ee8d9159:MBTCPMaster1: TypeError: Failed to fetch
    at fetchObjectData (http://localhost:8000/static/js/app.js:12407:28)
    at loadObjectData (http://localhost:8000/static/js/app.js:14067:28)
    at http://localhost:8000/static/js/app.js:1235:23 @ http://localhost:8000/static/js/app.js:14078
[ 3756419ms] [ERROR] Failed to load resource: net::ERR_CONNECTION_REFUSED @ http://localhost:8000/api/objects/MBTCPMaster1/modbus/status?server=ee8d9159:0
[ 3757269ms] [ERROR] Failed to load resource: net::ERR_CONNECTION_REFUSED @ http://localhost:8000/api/objects/MBTCPMaster1?server=ee8d9159:0
[ 3757269ms] [ERROR] Error загрузки ee8d9159:MBTCPMaster1: TypeError: Failed to fetch
    at fetchObjectData (http://localhost:8000/static/js/app.js:12407:28)
    at loadObjectData (http://localhost:8000/static/js/app.js:14067:28)
    at http://localhost:8000/static/js/app.js:1235:23 @ http://localhost:8000/static/js/app.js:14078
[ 3757419ms] [ERROR] Failed to load resource: net::ERR_CONNECTION_REFUSED @ http://localhost:8000/api/objects/MBTCPMaster1/modbus/status?server=ee8d9159:0
[ 3758267ms] [ERROR] Failed to load resource: net::ERR_CONNECTION_REFUSED @ http://localhost:8000/api/objects/MBTCPMaster1?server=ee8d9159:0
[ 3758268ms] [ERROR] Error загрузки ee8d9159:MBTCPMaster1: TypeError: Failed to fetch
    at fetchObjectData (http://localhost:8000/static/js/app.js:12407:28)
    at loadObjectData (http://localhost:8000/static/js/app.js:14067:28)
    at http://localhost:8000/static/js/app.js:1235:23 @ http://localhost:8000/static/js/app.js:14078
[ 3758418ms] [ERROR] Failed to load resource: net::ERR_CONNECTION_REFUSED @ http://localhost:8000/api/objects/MBTCPMaster1/modbus/status?server=ee8d9159:0
[ 3759267ms] [ERROR] Failed to load resource: net::ERR_CONNECTION_REFUSED @ http://localhost:8000/api/objects/MBTCPMaster1?server=ee8d9159:0
[ 3759267ms] [ERROR] Error загрузки ee8d9159:MBTCPMaster1: TypeError: Failed to fetch
    at fetchObjectData (http://localhost:8000/static/js/app.js:12407:28)
    at loadObjectData (http://localhost:8000/static/js/app.js:14067:28)
    at http://localhost:8000/static/js/app.js:1235:23 @ http://localhost:8000/static/js/app.js:14078
[ 3759420ms] [ERROR] Failed to load resource: net::ERR_CONNECTION_REFUSED @ http://localhost:8000/api/objects/MBTCPMaster1/modbus/status?server=ee8d9159:0
[ 3760068ms] [ERROR] Failed to load resource: net::ERR_CONNECTION_REFUSED @ http://localhost:8000/api/recording/status:0
[ 3760268ms] [ERROR] Failed to load resource: net::ERR_CONNECTION_REFUSED @ http://localhost:8000/api/servers:0
[ 3760268ms] [ERROR] Error обновления списка объектов: TypeError: Failed to fetch
    at fetchServers (http://localhost:8000/static/js/app.js:12333:28)
    at fetchObjects (http://localhost:8000/static/js/app.js:12340:31)
    at refreshObjectsList (http://localhost:8000/static/js/app.js:12388:28)
    at http://localhost:8000/static/js/app.js:1228:9 @ http://localhost:8000/static/js/app.js:12391
[ 3760268ms] [ERROR] Failed to load resource: net::ERR_CONNECTION_REFUSED @ http://localhost:8000/api/objects/MBTCPMaster1?server=ee8d9159:0
[ 3760268ms] [ERROR] Error загрузки ee8d9159:MBTCPMaster1: TypeError: Failed to fetch
    at fetchObjectData (http://localhost:8000/static/js/app.js:12407:28)
    at loadObjectData (http://localhost:8000/static/js/app.js:14067:28)
    at http://localhost:8000/static/js/app.js:1235:23 @ http://localhost:8000/static/js/app.js:14078
[ 3760418ms] [ERROR] Failed to load resource: net::ERR_CONNECTION_REFUSED @ http://localhost:8000/api/objects/MBTCPMaster1/modbus/status?server=ee8d9159:0
[ 3761269ms] [ERROR] Failed to load resource: net::ERR_CONNECTION_REFUSED @ http://localhost:8000/api/objects/MBTCPMaster1?server=ee8d9159:0
[ 3761269ms] [ERROR] Error загрузки ee8d9159:MBTCPMaster1: TypeError: Failed to fetch
    at fetchObjectData (http://localhost:8000/static/js/app.js:12407:28)
    at loadObjectData (http://localhost:8000/static/js/app.js:14067:28)
    at http://localhost:8000/static/js/app.js:1235:23 @ http://localhost:8000/static/js/app.js:14078
[ 3761420ms] [ERROR] Failed to load resource: net::ERR_CONNECTION_REFUSED @ http://localhost:8000/api/objects/MBTCPMaster1/modbus/status?server=ee8d9159:0
[ 3762269ms] [ERROR] Failed to load resource: net::ERR_CONNECTION_REFUSED @ http://localhost:8000/api/objects/MBTCPMaster1?server=ee8d9159:0
[ 3762269ms] [ERROR] Error загрузки ee8d9159:MBTCPMaster1: TypeError: Failed to fetch
    at fetchObjectData (http://localhost:8000/static/js/app.js:12407:28)
    at loadObjectData (http://localhost:8000/static/js/app.js:14067:28)
    at http://localhost:8000/static/js/app.js:1235:23 @ http://localhost:8000/static/js/app.js:14078
[ 3762419ms] [ERROR] Failed to load resource: net::ERR_CONNECTION_REFUSED @ http://localhost:8000/api/objects/MBTCPMaster1/modbus/status?server=ee8d9159:0
[ 3763267ms] [ERROR] Failed to load resource: net::ERR_CONNECTION_REFUSED @ http://localhost:8000/api/objects/MBTCPMaster1?server=ee8d9159:0
[ 3763267ms] [ERROR] Error загрузки ee8d9159:MBTCPMaster1: TypeError: Failed to fetch
    at fetchObjectData (http://localhost:8000/static/js/app.js:12407:28)
    at loadObjectData (http://localhost:8000/static/js/app.js:14067:28)
    at http://localhost:8000/static/js/app.js:1235:23 @ http://localhost:8000/static/js/app.js:14078
[ 3763418ms] [ERROR] Failed to load resource: net::ERR_CONNECTION_REFUSED @ http://localhost:8000/api/objects/MBTCPMaster1/modbus/status?server=ee8d9159:0
[ 3764268ms] [ERROR] Failed to load resource: net::ERR_CONNECTION_REFUSED @ http://localhost:8000/api/objects/MBTCPMaster1?server=ee8d9159:0
[ 3764268ms] [ERROR] Error загрузки ee8d9159:MBTCPMaster1: TypeError: Failed to fetch
    at fetchObjectData (http://localhost:8000/static/js/app.js:12407:28)
    at loadObjectData (http://localhost:8000/static/js/app.js:14067:28)
    at http://localhost:8000/static/js/app.js:1235:23 @ http://localhost:8000/static/js/app.js:14078
[ 3764420ms] [ERROR] Failed to load resource: net::ERR_CONNECTION_REFUSED @ http://localhost:8000/api/objects/MBTCPMaster1/modbus/status?server=ee8d9159:0
[ 3765067ms] [ERROR] Failed to load resource: net::ERR_CONNECTION_REFUSED @ http://localhost:8000/api/recording/status:0
[ 3765268ms] [ERROR] Failed to load resource: net::ERR_CONNECTION_REFUSED @ http://localhost:8000/api/objects/MBTCPMaster1?server=ee8d9159:0
[ 3765268ms] [ERROR] Error загрузки ee8d9159:MBTCPMaster1: TypeError: Failed to fetch
    at fetchObjectData (http://localhost:8000/static/js/app.js:12407:28)
    at loadObjectData (http://localhost:8000/static/js/app.js:14067:28)
    at http://localhost:8000/static/js/app.js:1235:23 @ http://localhost:8000/static/js/app.js:14078
[ 3765418ms] [ERROR] Failed to load resource: net::ERR_CONNECTION_REFUSED @ http://localhost:8000/api/objects/MBTCPMaster1/modbus/status?server=ee8d9159:0
[ 3766268ms] [ERROR] Failed to load resource: net::ERR_CONNECTION_REFUSED @ http://localhost:8000/api/servers:0
[ 3766268ms] [ERROR] Error обновления списка объектов: TypeError: Failed to fetch
    at fetchServers (http://localhost:8000/static/js/app.js:12333:28)
    at fetchObjects (http://localhost:8000/static/js/app.js:12340:31)
    at refreshObjectsList (http://localhost:8000/static/js/app.js:12388:28)
    at http://localhost:8000/static/js/app.js:1228:9 @ http://localhost:8000/static/js/app.js:12391
[ 3766268ms] [ERROR] Failed to load resource: net::ERR_CONNECTION_REFUSED @ http://localhost:8000/api/objects/MBTCPMaster1?server=ee8d9159:0
[ 3766268ms] [ERROR] Error загрузки ee8d9159:MBTCPMaster1: TypeError: Failed to fetch
    at fetchObjectData (http://localhost:8000/static/js/app.js:12407:28)
    at loadObjectData (http://localhost:8000/static/js/app.js:14067:28)
    at http://localhost:8000/static/js/app.js:1235:23 @ http://localhost:8000/static/js/app.js:14078
[ 3766418ms] [ERROR] Failed to load resource: net::ERR_CONNECTION_REFUSED @ http://localhost:8000/api/objects/MBTCPMaster1/modbus/status?server=ee8d9159:0
[ 3767269ms] [ERROR] Failed to load resource: net::ERR_CONNECTION_REFUSED @ http://localhost:8000/api/objects/MBTCPMaster1?server=ee8d9159:0
[ 3767269ms] [ERROR] Error загрузки ee8d9159:MBTCPMaster1: TypeError: Failed to fetch
    at fetchObjectData (http://localhost:8000/static/js/app.js:12407:28)
    at loadObjectData (http://localhost:8000/static/js/app.js:14067:28)
    at http://localhost:8000/static/js/app.js:1235:23 @ http://localhost:8000/static/js/app.js:14078
[ 3767418ms] [ERROR] Failed to load resource: net::ERR_CONNECTION_REFUSED @ http://localhost:8000/api/objects/MBTCPMaster1/modbus/status?server=ee8d9159:0
[ 3768268ms] [ERROR] Failed to load resource: net::ERR_CONNECTION_REFUSED @ http://localhost:8000/api/objects/MBTCPMaster1?server=ee8d9159:0
[ 3768268ms] [ERROR] Error загрузки ee8d9159:MBTCPMaster1: TypeError: Failed to fetch
    at fetchObjectData (http://localhost:8000/static/js/app.js:12407:28)
    at loadObjectData (http://localhost:8000/static/js/app.js:14067:28)
    at http://localhost:8000/static/js/app.js:1235:23 @ http://localhost:8000/static/js/app.js:14078
[ 3768418ms] [ERROR] Failed to load resource: net::ERR_CONNECTION_REFUSED @ http://localhost:8000/api/objects/MBTCPMaster1/modbus/status?server=ee8d9159:0
[ 3769267ms] [ERROR] Failed to load resource: net::ERR_CONNECTION_REFUSED @ http://localhost:8000/api/objects/MBTCPMaster1?server=ee8d9159:0
[ 3769267ms] [ERROR] Error загрузки ee8d9159:MBTCPMaster1: TypeError: Failed to fetch
    at fetchObjectData (http://localhost:8000/static/js/app.js:12407:28)
    at loadObjectData (http://localhost:8000/static/js/app.js:14067:28)
    at http://localhost:8000/static/js/app.js:1235:23 @ http://localhost:8000/static/js/app.js:14078
[ 3769420ms] [ERROR] Failed to load resource: net::ERR_CONNECTION_REFUSED @ http://localhost:8000/api/objects/MBTCPMaster1/modbus/status?server=ee8d9159:0
[ 3770068ms] [ERROR] Failed to load resource: net::ERR_CONNECTION_REFUSED @ http://localhost:8000/api/recording/status:0
[ 3770269ms] [ERROR] Failed to load resource: net::ERR_CONNECTION_REFUSED @ http://localhost:8000/api/objects/MBTCPMaster1?server=ee8d9159:0
[ 3770269ms] [ERROR] Error загрузки ee8d9159:MBTCPMaster1: TypeError: Failed to fetch
    at fetchObjectData (http://localhost:8000/static/js/app.js:12407:28)
    at loadObjectData (http://localhost:8000/static/js/app.js:14067:28)
    at http://localhost:8000/static/js/app.js:1235:23 @ http://localhost:8000/static/js/app.js:14078
[ 3770418ms] [ERROR] Failed to load resource: net::ERR_CONNECTION_REFUSED @ http://localhost:8000/api/objects/MBTCPMaster1/modbus/status?server=ee8d9159:0
[ 3771269ms] [ERROR] Failed to load resource: net::ERR_CONNECTION_REFUSED @ http://localhost:8000/api/objects/MBTCPMaster1?server=ee8d9159:0
[ 3771269ms] [ERROR] Error загрузки ee8d9159:MBTCPMaster1: TypeError: Failed to fetch
    at fetchObjectData (http://localhost:8000/static/js/app.js:12407:28)
    at loadObjectData (http://localhost:8000/static/js/app.js:14067:28)
    at http://localhost:8000/static/js/app.js:1235:23 @ http://localhost:8000/static/js/app.js:14078
[ 3771419ms] [ERROR] Failed to load resource: net::ERR_CONNECTION_REFUSED @ http://localhost:8000/api/objects/MBTCPMaster1/modbus/status?server=ee8d9159:0
[ 3772267ms] [ERROR] Failed to load resource: net::ERR_CONNECTION_REFUSED @ http://localhost:8000/api/servers:0
[ 3772267ms] [ERROR] Error обновления списка объектов: TypeError: Failed to fetch
    at fetchServers (http://localhost:8000/static/js/app.js:12333:28)
    at fetchObjects (http://localhost:8000/static/js/app.js:12340:31)
    at refreshObjectsList (http://localhost:8000/static/js/app.js:12388:28)
    at http://localhost:8000/static/js/app.js:1228:9 @ http://localhost:8000/static/js/app.js:12391
[ 3772268ms] [ERROR] Failed to load resource: net::ERR_CONNECTION_REFUSED @ http://localhost:8000/api/objects/MBTCPMaster1?server=ee8d9159:0
[ 3772268ms] [ERROR] Error загрузки ee8d9159:MBTCPMaster1: TypeError: Failed to fetch
    at fetchObjectData (http://localhost:8000/static/js/app.js:12407:28)
    at loadObjectData (http://localhost:8000/static/js/app.js:14067:28)
    at http://localhost:8000/static/js/app.js:1235:23 @ http://localhost:8000/static/js/app.js:14078
[ 3772418ms] [ERROR] Failed to load resource: net::ERR_CONNECTION_REFUSED @ http://localhost:8000/api/objects/MBTCPMaster1/modbus/status?server=ee8d9159:0
[ 3773267ms] [ERROR] Failed to load resource: net::ERR_CONNECTION_REFUSED @ http://localhost:8000/api/objects/MBTCPMaster1?server=ee8d9159:0
[ 3773267ms] [ERROR] Error загрузки ee8d9159:MBTCPMaster1: TypeError: Failed to fetch
    at fetchObjectData (http://localhost:8000/static/js/app.js:12407:28)
    at loadObjectData (http://localhost:8000/static/js/app.js:14067:28)
    at http://localhost:8000/static/js/app.js:1235:23 @ http://localhost:8000/static/js/app.js:14078
[ 3773419ms] [ERROR] Failed to load resource: net::ERR_CONNECTION_REFUSED @ http://localhost:8000/api/objects/MBTCPMaster1/modbus/status?server=ee8d9159:0
[ 3774267ms] [ERROR] Failed to load resource: net::ERR_CONNECTION_REFUSED @ http://localhost:8000/api/objects/MBTCPMaster1?server=ee8d9159:0
[ 3774267ms] [ERROR] Error загрузки ee8d9159:MBTCPMaster1: TypeError: Failed to fetch
    at fetchObjectData (http://localhost:8000/static/js/app.js:12407:28)
    at loadObjectData (http://localhost:8000/static/js/app.js:14067:28)
    at http://localhost:8000/static/js/app.js:1235:23 @ http://localhost:8000/static/js/app.js:14078
[ 3774420ms] [ERROR] Failed to load resource: net::ERR_CONNECTION_REFUSED @ http://localhost:8000/api/objects/MBTCPMaster1/modbus/status?server=ee8d9159:0
[ 3775069ms] [ERROR] Failed to load resource: net::ERR_CONNECTION_REFUSED @ http://localhost:8000/api/recording/status:0
[ 3775269ms] [ERROR] Failed to load resource: net::ERR_CONNECTION_REFUSED @ http://localhost:8000/api/objects/MBTCPMaster1?server=ee8d9159:0
[ 3775269ms] [ERROR] Error загрузки ee8d9159:MBTCPMaster1: TypeError: Failed to fetch
    at fetchObjectData (http://localhost:8000/static/js/app.js:12407:28)
    at loadObjectData (http://localhost:8000/static/js/app.js:14067:28)
    at http://localhost:8000/static/js/app.js:1235:23 @ http://localhost:8000/static/js/app.js:14078
[ 3775418ms] [ERROR] Failed to load resource: net::ERR_CONNECTION_REFUSED @ http://localhost:8000/api/objects/MBTCPMaster1/modbus/status?server=ee8d9159:0
[ 3776269ms] [ERROR] Failed to load resource: net::ERR_CONNECTION_REFUSED @ http://localhost:8000/api/objects/MBTCPMaster1?server=ee8d9159:0
[ 3776269ms] [ERROR] Error загрузки ee8d9159:MBTCPMaster1: TypeError: Failed to fetch
    at fetchObjectData (http://localhost:8000/static/js/app.js:12407:28)
    at loadObjectData (http://localhost:8000/static/js/app.js:14067:28)
    at http://localhost:8000/static/js/app.js:1235:23 @ http://localhost:8000/static/js/app.js:14078
[ 3776420ms] [ERROR] Failed to load resource: net::ERR_CONNECTION_REFUSED @ http://localhost:8000/api/objects/MBTCPMaster1/modbus/status?server=ee8d9159:0
[ 3777269ms] [ERROR] Failed to load resource: net::ERR_CONNECTION_REFUSED @ http://localhost:8000/api/objects/MBTCPMaster1?server=ee8d9159:0
[ 3777269ms] [ERROR] Error загрузки ee8d9159:MBTCPMaster1: TypeError: Failed to fetch
    at fetchObjectData (http://localhost:8000/static/js/app.js:12407:28)
    at loadObjectData (http://localhost:8000/static/js/app.js:14067:28)
    at http://localhost:8000/static/js/app.js:1235:23 @ http://localhost:8000/static/js/app.js:14078
[ 3777421ms] [ERROR] Failed to load resource: net::ERR_CONNECTION_REFUSED @ http://localhost:8000/api/objects/MBTCPMaster1/modbus/status?server=ee8d9159:0
[ 3778268ms] [ERROR] Failed to load resource: net::ERR_CONNECTION_REFUSED @ http://localhost:8000/api/servers:0
[ 3778268ms] [ERROR] Error обновления списка объектов: TypeError: Failed to fetch
    at fetchServers (http://localhost:8000/static/js/app.js:12333:28)
    at fetchObjects (http://localhost:8000/static/js/app.js:12340:31)
    at refreshObjectsList (http://localhost:8000/static/js/app.js:12388:28)
    at http://localhost:8000/static/js/app.js:1228:9 @ http://localhost:8000/static/js/app.js:12391
[ 3778269ms] [ERROR] Failed to load resource: net::ERR_CONNECTION_REFUSED @ http://localhost:8000/api/objects/MBTCPMaster1?server=ee8d9159:0
[ 3778269ms] [ERROR] Error загрузки ee8d9159:MBTCPMaster1: TypeError: Failed to fetch
    at fetchObjectData (http://localhost:8000/static/js/app.js:12407:28)
    at loadObjectData (http://localhost:8000/static/js/app.js:14067:28)
    at http://localhost:8000/static/js/app.js:1235:23 @ http://localhost:8000/static/js/app.js:14078
[ 3778419ms] [ERROR] Failed to load resource: net::ERR_CONNECTION_REFUSED @ http://localhost:8000/api/objects/MBTCPMaster1/modbus/status?server=ee8d9159:0
