[     759ms] [ERROR] Failed to load resource: the server responded with a status of 404 (Not Found) @ http://localhost:8181/favicon.ico:0
[     782ms] [ERROR] Failed to load resource: the server responded with a status of 502 (Bad Gateway) @ http://localhost:8181/api/sm/sensors:0
[   26836ms] [WARNING] SSE: Error соединения @ http://localhost:8181/static/js/app.js:1252
[   27900ms] [WARNING] SSE: Error соединения @ http://localhost:8181/static/js/app.js:1252
[   27901ms] [ERROR] Failed to load resource: net::ERR_CONNECTION_REFUSED @ http://localhost:8181/api/events:0
[   29776ms] [WARNING] SSE: Error соединения @ http://localhost:8181/static/js/app.js:1252
[   29777ms] [ERROR] Failed to load resource: net::ERR_CONNECTION_REFUSED @ http://localhost:8181/api/events:0
[   30691ms] [ERROR] Failed to load resource: net::ERR_CONNECTION_REFUSED @ http://localhost:8181/api/recording/status:0
[   33474ms] [WARNING] SSE: Error соединения @ http://localhost:8181/static/js/app.js:1252
[   33475ms] [ERROR] Failed to load resource: net::ERR_CONNECTION_REFUSED @ http://localhost:8181/api/events:0
[   35688ms] [ERROR] Failed to load resource: net::ERR_CONNECTION_REFUSED @ http://localhost:8181/api/recording/status:0
[   40687ms] [ERROR] Failed to load resource: net::ERR_CONNECTION_REFUSED @ http://localhost:8181/api/recording/status:0
[   41840ms] [WARNING] SSE: Error соединения @ http://localhost:8181/static/js/app.js:1252
[   41840ms] [ERROR] Failed to load resource: net::ERR_CONNECTION_REFUSED @ http://localhost:8181/api/events:0
[   45689ms] [ERROR] Failed to load resource: net::ERR_CONNECTION_REFUSED @ http://localhost:8181/api/recording/status:0
[   50688ms] [ERROR] Failed to load resource: net::ERR_CONNECTION_REFUSED @ http://localhost:8181/api/recording/status:0
[   55687ms] [ERROR] Failed to load resource: net::ERR_CONNECTION_REFUSED @ http://localhost:8181/api/recording/status:0
[   57059ms] [WARNING] SSE: Error соединения @ http://localhost:8181/static/js/app.js:1252
[   57059ms] [ERROR] Failed to load resource: net::ERR_CONNECTION_REFUSED @ http://localhost:8181/api/events:0
[   60687ms] [ERROR] Failed to load resource: net::ERR_CONNECTION_REFUSED @ http://localhost:8181/api/recording/status:0
[   65690ms] [ERROR] Failed to load resource: net::ERR_CONNECTION_REFUSED @ http://localhost:8181/api/recording/status:0
[   70692ms] [ERROR] Failed to load resource: net::ERR_CONNECTION_REFUSED @ http://localhost:8181/api/recording/status:0
[   75693ms] [ERROR] Failed to load resource: net::ERR_CONNECTION_REFUSED @ http://localhost:8181/api/recording/status:0
[   80693ms] [ERROR] Failed to load resource: net::ERR_CONNECTION_REFUSED @ http://localhost:8181/api/recording/status:0
[   85694ms] [ERROR] Failed to load resource: net::ERR_CONNECTION_REFUSED @ http://localhost:8181/api/recording/status:0
[   87345ms] [WARNING] SSE: Error соединения @ http://localhost:8181/static/js/app.js:1252
[   87345ms] [ERROR] Failed to load resource: net::ERR_CONNECTION_REFUSED @ http://localhost:8181/api/events:0
[   90689ms] [ERROR] Failed to load resource: net::ERR_CONNECTION_REFUSED @ http://localhost:8181/api/recording/status:0
[   95692ms] [ERROR] Failed to load resource: net::ERR_CONNECTION_REFUSED @ http://localhost:8181/api/recording/status:0
[  100695ms] [ERROR] Failed to load resource: net::ERR_CONNECTION_REFUSED @ http://localhost:8181/api/recording/status:0
[  105693ms] [ERROR] Failed to load resource: net::ERR_CONNECTION_REFUSED @ http://localhost:8181/api/recording/status:0
[  110689ms] [ERROR] Failed to load resource: net::ERR_CONNECTION_REFUSED @ http://localhost:8181/api/recording/status:0
[  115691ms] [ERROR] Failed to load resource: net::ERR_CONNECTION_REFUSED @ http://localhost:8181/api/recording/status:0
[  118456ms] [WARNING] SSE: Error соединения @ http://localhost:8181/static/js/app.js:1252
[  118456ms] [ERROR] Failed to load resource: net::ERR_CONNECTION_REFUSED @ http://localhost:8181/api/events:0
[  120689ms] [ERROR] Failed to load resource: net::ERR_CONNECTION_REFUSED @ http://localhost:8181/api/recording/status:0
[  125692ms] [ERROR] Failed to load resource: net::ERR_CONNECTION_REFUSED @ http://localhost:8181/api/recording/status:0
[  130694ms] [ERROR] Failed to load resource: net::ERR_CONNECTION_REFUSED @ http://localhost:8181/api/recording/status:0
[  135694ms] [ERROR] Failed to load resource: net::ERR_CONNECTION_REFUSED @ http://localhost:8181/api/recording/status:0
[  140691ms] [ERROR] Failed to load resource: net::ERR_CONNECTION_REFUSED @ http://localhost:8181/api/recording/status:0
[  145694ms] [ERROR] Failed to load resource: net::ERR_CONNECTION_REFUSED @ http://localhost:8181/api/recording/status:0
[  146964ms] [WARNING] SSE: Error соединения @ http://localhost:8181/static/js/app.js:1252
[  146965ms] [ERROR] Failed to load resource: net::ERR_CONNECTION_REFUSED @ http://localhost:8181/api/events:0
[  150693ms] [ERROR] Failed to load resource: net::ERR_CONNECTION_REFUSED @ http://localhost:8181/api/recording/status:0
[  155692ms] [ERROR] Failed to load resource: net::ERR_CONNECTION_REFUSED @ http://localhost:8181/api/recording/status:0
[  160694ms] [ERROR] Failed to load resource: net::ERR_CONNECTION_REFUSED @ http://localhost:8181/api/recording/status:0
[  165693ms] [ERROR] Failed to load resource: net::ERR_CONNECTION_REFUSED @ http://localhost:8181/api/recording/status:0
[  170693ms] [ERROR] Failed to load resource: net::ERR_CONNECTION_REFUSED @ http://localhost:8181/api/recording/status:0
[  174741ms] [WARNING] SSE: Error соединения @ http://localhost:8181/static/js/app.js:1252
[  174741ms] [ERROR] Failed to load resource: net::ERR_CONNECTION_REFUSED @ http://localhost:8181/api/events:0
[  175688ms] [ERROR] Failed to load resource: net::ERR_CONNECTION_REFUSED @ http://localhost:8181/api/recording/status:0
[  180690ms] [ERROR] Failed to load resource: net::ERR_CONNECTION_REFUSED @ http://localhost:8181/api/recording/status:0
[  185690ms] [ERROR] Failed to load resource: net::ERR_CONNECTION_REFUSED @ http://localhost:8181/api/recording/status:0
[  190691ms] [ERROR] Failed to load resource: net::ERR_CONNECTION_REFUSED @ http://localhost:8181/api/recording/status:0
[  195694ms] [ERROR] Failed to load resource: net::ERR_CONNECTION_REFUSED @ http://localhost:8181/api/recording/status:0
[  200692ms] [ERROR] Failed to load resource: net::ERR_CONNECTION_REFUSED @ http://localhost:8181/api/recording/status:0
[  205688ms] [ERROR] Failed to load resource: net::ERR_CONNECTION_REFUSED @ http://localhost:8181/api/recording/status:0
[  206818ms] [WARNING] SSE: Error соединения @ http://localhost:8181/static/js/app.js:1252
[  206819ms] [WARNING] SSE: Превышено количество попыток, переход на polling @ http://localhost:8181/static/js/app.js:1275
[  206820ms] [ERROR] Failed to load resource: net::ERR_CONNECTION_REFUSED @ http://localhost:8181/api/events:0
[  210693ms] [ERROR] Failed to load resource: net::ERR_CONNECTION_REFUSED @ http://localhost:8181/api/recording/status:0
[  212822ms] [ERROR] Failed to load resource: net::ERR_CONNECTION_REFUSED @ http://localhost:8181/api/servers:0
[  212822ms] [ERROR] Error обновления списка объектов: TypeError: Failed to fetch
    at fetchServers (http://localhost:8181/static/js/app.js:12494:28)
    at fetchObjects (http://localhost:8181/static/js/app.js:12501:31)
    at refreshObjectsList (http://localhost:8181/static/js/app.js:12549:28)
    at http://localhost:8181/static/js/app.js:1293:9 @ http://localhost:8181/static/js/app.js:12552
[  215688ms] [ERROR] Failed to load resource: net::ERR_CONNECTION_REFUSED @ http://localhost:8181/api/recording/status:0
[  218826ms] [ERROR] Failed to load resource: net::ERR_CONNECTION_REFUSED @ http://localhost:8181/api/servers:0
[  218826ms] [ERROR] Error обновления списка объектов: TypeError: Failed to fetch
    at fetchServers (http://localhost:8181/static/js/app.js:12494:28)
    at fetchObjects (http://localhost:8181/static/js/app.js:12501:31)
    at refreshObjectsList (http://localhost:8181/static/js/app.js:12549:28)
    at http://localhost:8181/static/js/app.js:1293:9 @ http://localhost:8181/static/js/app.js:12552
[  220688ms] [ERROR] Failed to load resource: net::ERR_CONNECTION_REFUSED @ http://localhost:8181/api/recording/status:0
[  224828ms] [ERROR] Failed to load resource: net::ERR_CONNECTION_REFUSED @ http://localhost:8181/api/servers:0
[  224828ms] [ERROR] Error обновления списка объектов: TypeError: Failed to fetch
    at fetchServers (http://localhost:8181/static/js/app.js:12494:28)
    at fetchObjects (http://localhost:8181/static/js/app.js:12501:31)
    at refreshObjectsList (http://localhost:8181/static/js/app.js:12549:28)
    at http://localhost:8181/static/js/app.js:1293:9 @ http://localhost:8181/static/js/app.js:12552
[  225687ms] [ERROR] Failed to load resource: net::ERR_CONNECTION_REFUSED @ http://localhost:8181/api/recording/status:0
[  230695ms] [ERROR] Failed to load resource: net::ERR_CONNECTION_REFUSED @ http://localhost:8181/api/recording/status:0
[  230821ms] [ERROR] Failed to load resource: net::ERR_CONNECTION_REFUSED @ http://localhost:8181/api/servers:0
[  230822ms] [ERROR] Error обновления списка объектов: TypeError: Failed to fetch
    at fetchServers (http://localhost:8181/static/js/app.js:12494:28)
    at fetchObjects (http://localhost:8181/static/js/app.js:12501:31)
    at refreshObjectsList (http://localhost:8181/static/js/app.js:12549:28)
    at http://localhost:8181/static/js/app.js:1293:9 @ http://localhost:8181/static/js/app.js:12552
[  235693ms] [ERROR] Failed to load resource: net::ERR_CONNECTION_REFUSED @ http://localhost:8181/api/recording/status:0
[  236822ms] [ERROR] Failed to load resource: net::ERR_CONNECTION_REFUSED @ http://localhost:8181/api/servers:0
[  236822ms] [ERROR] Error обновления списка объектов: TypeError: Failed to fetch
    at fetchServers (http://localhost:8181/static/js/app.js:12494:28)
    at fetchObjects (http://localhost:8181/static/js/app.js:12501:31)
    at refreshObjectsList (http://localhost:8181/static/js/app.js:12549:28)
    at http://localhost:8181/static/js/app.js:1293:9 @ http://localhost:8181/static/js/app.js:12552
[  236822ms] [ERROR] Failed to load resource: net::ERR_CONNECTION_REFUSED @ http://localhost:8181/api/version:0
[  240688ms] [ERROR] Failed to load resource: net::ERR_CONNECTION_REFUSED @ http://localhost:8181/api/recording/status:0
[  242821ms] [ERROR] Failed to load resource: net::ERR_CONNECTION_REFUSED @ http://localhost:8181/api/servers:0
[  242822ms] [ERROR] Error обновления списка объектов: TypeError: Failed to fetch
    at fetchServers (http://localhost:8181/static/js/app.js:12494:28)
    at fetchObjects (http://localhost:8181/static/js/app.js:12501:31)
    at refreshObjectsList (http://localhost:8181/static/js/app.js:12549:28)
    at http://localhost:8181/static/js/app.js:1293:9 @ http://localhost:8181/static/js/app.js:12552
[  245688ms] [ERROR] Failed to load resource: net::ERR_CONNECTION_REFUSED @ http://localhost:8181/api/recording/status:0
[  248826ms] [ERROR] Failed to load resource: net::ERR_CONNECTION_REFUSED @ http://localhost:8181/api/servers:0
[  248826ms] [ERROR] Error обновления списка объектов: TypeError: Failed to fetch
    at fetchServers (http://localhost:8181/static/js/app.js:12494:28)
    at fetchObjects (http://localhost:8181/static/js/app.js:12501:31)
    at refreshObjectsList (http://localhost:8181/static/js/app.js:12549:28)
    at http://localhost:8181/static/js/app.js:1293:9 @ http://localhost:8181/static/js/app.js:12552
[  250688ms] [ERROR] Failed to load resource: net::ERR_CONNECTION_REFUSED @ http://localhost:8181/api/recording/status:0
[  254826ms] [ERROR] Failed to load resource: net::ERR_CONNECTION_REFUSED @ http://localhost:8181/api/servers:0
[  254826ms] [ERROR] Error обновления списка объектов: TypeError: Failed to fetch
    at fetchServers (http://localhost:8181/static/js/app.js:12494:28)
    at fetchObjects (http://localhost:8181/static/js/app.js:12501:31)
    at refreshObjectsList (http://localhost:8181/static/js/app.js:12549:28)
    at http://localhost:8181/static/js/app.js:1293:9 @ http://localhost:8181/static/js/app.js:12552
[  255688ms] [ERROR] Failed to load resource: net::ERR_CONNECTION_REFUSED @ http://localhost:8181/api/recording/status:0
[  260692ms] [ERROR] Failed to load resource: net::ERR_CONNECTION_REFUSED @ http://localhost:8181/api/recording/status:0
[  260821ms] [ERROR] Failed to load resource: net::ERR_CONNECTION_REFUSED @ http://localhost:8181/api/servers:0
[  260821ms] [ERROR] Error обновления списка объектов: TypeError: Failed to fetch
    at fetchServers (http://localhost:8181/static/js/app.js:12494:28)
    at fetchObjects (http://localhost:8181/static/js/app.js:12501:31)
    at refreshObjectsList (http://localhost:8181/static/js/app.js:12549:28)
    at http://localhost:8181/static/js/app.js:1293:9 @ http://localhost:8181/static/js/app.js:12552
[  265693ms] [ERROR] Failed to load resource: net::ERR_CONNECTION_REFUSED @ http://localhost:8181/api/recording/status:0
[  266823ms] [ERROR] Failed to load resource: net::ERR_CONNECTION_REFUSED @ http://localhost:8181/api/servers:0
[  266823ms] [ERROR] Error обновления списка объектов: TypeError: Failed to fetch
    at fetchServers (http://localhost:8181/static/js/app.js:12494:28)
    at fetchObjects (http://localhost:8181/static/js/app.js:12501:31)
    at refreshObjectsList (http://localhost:8181/static/js/app.js:12549:28)
    at http://localhost:8181/static/js/app.js:1293:9 @ http://localhost:8181/static/js/app.js:12552
[  266824ms] [ERROR] Failed to load resource: net::ERR_CONNECTION_REFUSED @ http://localhost:8181/api/version:0
[  270693ms] [ERROR] Failed to load resource: net::ERR_CONNECTION_REFUSED @ http://localhost:8181/api/recording/status:0
[  272820ms] [ERROR] Failed to load resource: net::ERR_CONNECTION_REFUSED @ http://localhost:8181/api/servers:0
[  272820ms] [ERROR] Error обновления списка объектов: TypeError: Failed to fetch
    at fetchServers (http://localhost:8181/static/js/app.js:12494:28)
    at fetchObjects (http://localhost:8181/static/js/app.js:12501:31)
    at refreshObjectsList (http://localhost:8181/static/js/app.js:12549:28)
    at http://localhost:8181/static/js/app.js:1293:9 @ http://localhost:8181/static/js/app.js:12552
[  275689ms] [ERROR] Failed to load resource: net::ERR_CONNECTION_REFUSED @ http://localhost:8181/api/recording/status:0
[  278825ms] [ERROR] Failed to load resource: net::ERR_CONNECTION_REFUSED @ http://localhost:8181/api/servers:0
[  278825ms] [ERROR] Error обновления списка объектов: TypeError: Failed to fetch
    at fetchServers (http://localhost:8181/static/js/app.js:12494:28)
    at fetchObjects (http://localhost:8181/static/js/app.js:12501:31)
    at refreshObjectsList (http://localhost:8181/static/js/app.js:12549:28)
    at http://localhost:8181/static/js/app.js:1293:9 @ http://localhost:8181/static/js/app.js:12552
[  280689ms] [ERROR] Failed to load resource: net::ERR_CONNECTION_REFUSED @ http://localhost:8181/api/recording/status:0
[  284826ms] [ERROR] Failed to load resource: net::ERR_CONNECTION_REFUSED @ http://localhost:8181/api/servers:0
[  284826ms] [ERROR] Error обновления списка объектов: TypeError: Failed to fetch
    at fetchServers (http://localhost:8181/static/js/app.js:12494:28)
    at fetchObjects (http://localhost:8181/static/js/app.js:12501:31)
    at refreshObjectsList (http://localhost:8181/static/js/app.js:12549:28)
    at http://localhost:8181/static/js/app.js:1293:9 @ http://localhost:8181/static/js/app.js:12552
[  285689ms] [ERROR] Failed to load resource: net::ERR_CONNECTION_REFUSED @ http://localhost:8181/api/recording/status:0
[  290692ms] [ERROR] Failed to load resource: net::ERR_CONNECTION_REFUSED @ http://localhost:8181/api/recording/status:0
[  290822ms] [ERROR] Failed to load resource: net::ERR_CONNECTION_REFUSED @ http://localhost:8181/api/servers:0
[  290822ms] [ERROR] Error обновления списка объектов: TypeError: Failed to fetch
    at fetchServers (http://localhost:8181/static/js/app.js:12494:28)
    at fetchObjects (http://localhost:8181/static/js/app.js:12501:31)
    at refreshObjectsList (http://localhost:8181/static/js/app.js:12549:28)
    at http://localhost:8181/static/js/app.js:1293:9 @ http://localhost:8181/static/js/app.js:12552
[  295691ms] [ERROR] Failed to load resource: net::ERR_CONNECTION_REFUSED @ http://localhost:8181/api/recording/status:0
[  296823ms] [ERROR] Failed to load resource: net::ERR_CONNECTION_REFUSED @ http://localhost:8181/api/servers:0
[  296823ms] [ERROR] Error обновления списка объектов: TypeError: Failed to fetch
    at fetchServers (http://localhost:8181/static/js/app.js:12494:28)
    at fetchObjects (http://localhost:8181/static/js/app.js:12501:31)
    at refreshObjectsList (http://localhost:8181/static/js/app.js:12549:28)
    at http://localhost:8181/static/js/app.js:1293:9 @ http://localhost:8181/static/js/app.js:12552
[  296823ms] [ERROR] Failed to load resource: net::ERR_CONNECTION_REFUSED @ http://localhost:8181/api/version:0
[  300692ms] [ERROR] Failed to load resource: net::ERR_CONNECTION_REFUSED @ http://localhost:8181/api/recording/status:0
[  302823ms] [ERROR] Failed to load resource: net::ERR_CONNECTION_REFUSED @ http://localhost:8181/api/servers:0
[  302823ms] [ERROR] Error обновления списка объектов: TypeError: Failed to fetch
    at fetchServers (http://localhost:8181/static/js/app.js:12494:28)
    at fetchObjects (http://localhost:8181/static/js/app.js:12501:31)
    at refreshObjectsList (http://localhost:8181/static/js/app.js:12549:28)
    at http://localhost:8181/static/js/app.js:1293:9 @ http://localhost:8181/static/js/app.js:12552
[  305688ms] [ERROR] Failed to load resource: net::ERR_CONNECTION_REFUSED @ http://localhost:8181/api/recording/status:0
[  308824ms] [ERROR] Failed to load resource: net::ERR_CONNECTION_REFUSED @ http://localhost:8181/api/servers:0
[  308824ms] [ERROR] Error обновления списка объектов: TypeError: Failed to fetch
    at fetchServers (http://localhost:8181/static/js/app.js:12494:28)
    at fetchObjects (http://localhost:8181/static/js/app.js:12501:31)
    at refreshObjectsList (http://localhost:8181/static/js/app.js:12549:28)
    at http://localhost:8181/static/js/app.js:1293:9 @ http://localhost:8181/static/js/app.js:12552
[  310687ms] [ERROR] Failed to load resource: net::ERR_CONNECTION_REFUSED @ http://localhost:8181/api/recording/status:0
[  314826ms] [ERROR] Failed to load resource: net::ERR_CONNECTION_REFUSED @ http://localhost:8181/api/servers:0
[  314826ms] [ERROR] Error обновления списка объектов: TypeError: Failed to fetch
    at fetchServers (http://localhost:8181/static/js/app.js:12494:28)
    at fetchObjects (http://localhost:8181/static/js/app.js:12501:31)
    at refreshObjectsList (http://localhost:8181/static/js/app.js:12549:28)
    at http://localhost:8181/static/js/app.js:1293:9 @ http://localhost:8181/static/js/app.js:12552
[  315688ms] [ERROR] Failed to load resource: net::ERR_CONNECTION_REFUSED @ http://localhost:8181/api/recording/status:0
[  320693ms] [ERROR] Failed to load resource: net::ERR_CONNECTION_REFUSED @ http://localhost:8181/api/recording/status:0
[  320820ms] [ERROR] Failed to load resource: net::ERR_CONNECTION_REFUSED @ http://localhost:8181/api/servers:0
[  320820ms] [ERROR] Error обновления списка объектов: TypeError: Failed to fetch
    at fetchServers (http://localhost:8181/static/js/app.js:12494:28)
    at fetchObjects (http://localhost:8181/static/js/app.js:12501:31)
    at refreshObjectsList (http://localhost:8181/static/js/app.js:12549:28)
    at http://localhost:8181/static/js/app.js:1293:9 @ http://localhost:8181/static/js/app.js:12552
[  325692ms] [ERROR] Failed to load resource: net::ERR_CONNECTION_REFUSED @ http://localhost:8181/api/recording/status:0
[  326821ms] [ERROR] Failed to load resource: net::ERR_CONNECTION_REFUSED @ http://localhost:8181/api/servers:0
[  326821ms] [ERROR] Error обновления списка объектов: TypeError: Failed to fetch
    at fetchServers (http://localhost:8181/static/js/app.js:12494:28)
    at fetchObjects (http://localhost:8181/static/js/app.js:12501:31)
    at refreshObjectsList (http://localhost:8181/static/js/app.js:12549:28)
    at http://localhost:8181/static/js/app.js:1293:9 @ http://localhost:8181/static/js/app.js:12552
[  326821ms] [ERROR] Failed to load resource: net::ERR_CONNECTION_REFUSED @ http://localhost:8181/api/version:0
[  330688ms] [ERROR] Failed to load resource: net::ERR_CONNECTION_REFUSED @ http://localhost:8181/api/recording/status:0
[  332822ms] [ERROR] Failed to load resource: net::ERR_CONNECTION_REFUSED @ http://localhost:8181/api/servers:0
[  332822ms] [ERROR] Error обновления списка объектов: TypeError: Failed to fetch
    at fetchServers (http://localhost:8181/static/js/app.js:12494:28)
    at fetchObjects (http://localhost:8181/static/js/app.js:12501:31)
    at refreshObjectsList (http://localhost:8181/static/js/app.js:12549:28)
    at http://localhost:8181/static/js/app.js:1293:9 @ http://localhost:8181/static/js/app.js:12552
[  335687ms] [ERROR] Failed to load resource: net::ERR_CONNECTION_REFUSED @ http://localhost:8181/api/recording/status:0
[  338822ms] [ERROR] Failed to load resource: net::ERR_CONNECTION_REFUSED @ http://localhost:8181/api/servers:0
[  338822ms] [ERROR] Error обновления списка объектов: TypeError: Failed to fetch
    at fetchServers (http://localhost:8181/static/js/app.js:12494:28)
    at fetchObjects (http://localhost:8181/static/js/app.js:12501:31)
    at refreshObjectsList (http://localhost:8181/static/js/app.js:12549:28)
    at http://localhost:8181/static/js/app.js:1293:9 @ http://localhost:8181/static/js/app.js:12552
[  340688ms] [ERROR] Failed to load resource: net::ERR_CONNECTION_REFUSED @ http://localhost:8181/api/recording/status:0
[  344828ms] [ERROR] Failed to load resource: net::ERR_CONNECTION_REFUSED @ http://localhost:8181/api/servers:0
[  344828ms] [ERROR] Error обновления списка объектов: TypeError: Failed to fetch
    at fetchServers (http://localhost:8181/static/js/app.js:12494:28)
    at fetchObjects (http://localhost:8181/static/js/app.js:12501:31)
    at refreshObjectsList (http://localhost:8181/static/js/app.js:12549:28)
    at http://localhost:8181/static/js/app.js:1293:9 @ http://localhost:8181/static/js/app.js:12552
[  345688ms] [ERROR] Failed to load resource: net::ERR_CONNECTION_REFUSED @ http://localhost:8181/api/recording/status:0
[  350688ms] [ERROR] Failed to load resource: net::ERR_CONNECTION_REFUSED @ http://localhost:8181/api/recording/status:0
[  350821ms] [ERROR] Failed to load resource: net::ERR_CONNECTION_REFUSED @ http://localhost:8181/api/servers:0
[  350821ms] [ERROR] Error обновления списка объектов: TypeError: Failed to fetch
    at fetchServers (http://localhost:8181/static/js/app.js:12494:28)
    at fetchObjects (http://localhost:8181/static/js/app.js:12501:31)
    at refreshObjectsList (http://localhost:8181/static/js/app.js:12549:28)
    at http://localhost:8181/static/js/app.js:1293:9 @ http://localhost:8181/static/js/app.js:12552
[  355689ms] [ERROR] Failed to load resource: net::ERR_CONNECTION_REFUSED @ http://localhost:8181/api/recording/status:0
[  356822ms] [ERROR] Failed to load resource: net::ERR_CONNECTION_REFUSED @ http://localhost:8181/api/servers:0
[  356822ms] [ERROR] Error обновления списка объектов: TypeError: Failed to fetch
    at fetchServers (http://localhost:8181/static/js/app.js:12494:28)
    at fetchObjects (http://localhost:8181/static/js/app.js:12501:31)
    at refreshObjectsList (http://localhost:8181/static/js/app.js:12549:28)
    at http://localhost:8181/static/js/app.js:1293:9 @ http://localhost:8181/static/js/app.js:12552
[  356822ms] [ERROR] Failed to load resource: net::ERR_CONNECTION_REFUSED @ http://localhost:8181/api/version:0
[  360692ms] [ERROR] Failed to load resource: net::ERR_CONNECTION_REFUSED @ http://localhost:8181/api/recording/status:0
[  362821ms] [ERROR] Failed to load resource: net::ERR_CONNECTION_REFUSED @ http://localhost:8181/api/servers:0
[  362821ms] [ERROR] Error обновления списка объектов: TypeError: Failed to fetch
    at fetchServers (http://localhost:8181/static/js/app.js:12494:28)
    at fetchObjects (http://localhost:8181/static/js/app.js:12501:31)
    at refreshObjectsList (http://localhost:8181/static/js/app.js:12549:28)
    at http://localhost:8181/static/js/app.js:1293:9 @ http://localhost:8181/static/js/app.js:12552
[  365689ms] [ERROR] Failed to load resource: net::ERR_CONNECTION_REFUSED @ http://localhost:8181/api/recording/status:0
[  368827ms] [ERROR] Failed to load resource: net::ERR_CONNECTION_REFUSED @ http://localhost:8181/api/servers:0
[  368827ms] [ERROR] Error обновления списка объектов: TypeError: Failed to fetch
    at fetchServers (http://localhost:8181/static/js/app.js:12494:28)
    at fetchObjects (http://localhost:8181/static/js/app.js:12501:31)
    at refreshObjectsList (http://localhost:8181/static/js/app.js:12549:28)
    at http://localhost:8181/static/js/app.js:1293:9 @ http://localhost:8181/static/js/app.js:12552
[  370688ms] [ERROR] Failed to load resource: net::ERR_CONNECTION_REFUSED @ http://localhost:8181/api/recording/status:0
[  374827ms] [ERROR] Failed to load resource: net::ERR_CONNECTION_REFUSED @ http://localhost:8181/api/servers:0
[  374827ms] [ERROR] Error обновления списка объектов: TypeError: Failed to fetch
    at fetchServers (http://localhost:8181/static/js/app.js:12494:28)
    at fetchObjects (http://localhost:8181/static/js/app.js:12501:31)
    at refreshObjectsList (http://localhost:8181/static/js/app.js:12549:28)
    at http://localhost:8181/static/js/app.js:1293:9 @ http://localhost:8181/static/js/app.js:12552
[  375689ms] [ERROR] Failed to load resource: net::ERR_CONNECTION_REFUSED @ http://localhost:8181/api/recording/status:0
[  380693ms] [ERROR] Failed to load resource: net::ERR_CONNECTION_REFUSED @ http://localhost:8181/api/recording/status:0
[  380821ms] [ERROR] Failed to load resource: net::ERR_CONNECTION_REFUSED @ http://localhost:8181/api/servers:0
[  380821ms] [ERROR] Error обновления списка объектов: TypeError: Failed to fetch
    at fetchServers (http://localhost:8181/static/js/app.js:12494:28)
    at fetchObjects (http://localhost:8181/static/js/app.js:12501:31)
    at refreshObjectsList (http://localhost:8181/static/js/app.js:12549:28)
    at http://localhost:8181/static/js/app.js:1293:9 @ http://localhost:8181/static/js/app.js:12552
[  385692ms] [ERROR] Failed to load resource: net::ERR_CONNECTION_REFUSED @ http://localhost:8181/api/recording/status:0
[  386822ms] [ERROR] Failed to load resource: net::ERR_CONNECTION_REFUSED @ http://localhost:8181/api/servers:0
[  386822ms] [ERROR] Error обновления списка объектов: TypeError: Failed to fetch
    at fetchServers (http://localhost:8181/static/js/app.js:12494:28)
    at fetchObjects (http://localhost:8181/static/js/app.js:12501:31)
    at refreshObjectsList (http://localhost:8181/static/js/app.js:12549:28)
    at http://localhost:8181/static/js/app.js:1293:9 @ http://localhost:8181/static/js/app.js:12552
[  386823ms] [ERROR] Failed to load resource: net::ERR_CONNECTION_REFUSED @ http://localhost:8181/api/version:0
[  390689ms] [ERROR] Failed to load resource: net::ERR_CONNECTION_REFUSED @ http://localhost:8181/api/recording/status:0
[  392820ms] [ERROR] Failed to load resource: net::ERR_CONNECTION_REFUSED @ http://localhost:8181/api/servers:0
[  392820ms] [ERROR] Error обновления списка объектов: TypeError: Failed to fetch
    at fetchServers (http://localhost:8181/static/js/app.js:12494:28)
    at fetchObjects (http://localhost:8181/static/js/app.js:12501:31)
    at refreshObjectsList (http://localhost:8181/static/js/app.js:12549:28)
    at http://localhost:8181/static/js/app.js:1293:9 @ http://localhost:8181/static/js/app.js:12552
[  395688ms] [ERROR] Failed to load resource: net::ERR_CONNECTION_REFUSED @ http://localhost:8181/api/recording/status:0
[  398826ms] [ERROR] Failed to load resource: net::ERR_CONNECTION_REFUSED @ http://localhost:8181/api/servers:0
[  398826ms] [ERROR] Error обновления списка объектов: TypeError: Failed to fetch
    at fetchServers (http://localhost:8181/static/js/app.js:12494:28)
    at fetchObjects (http://localhost:8181/static/js/app.js:12501:31)
    at refreshObjectsList (http://localhost:8181/static/js/app.js:12549:28)
    at http://localhost:8181/static/js/app.js:1293:9 @ http://localhost:8181/static/js/app.js:12552
[  400689ms] [ERROR] Failed to load resource: net::ERR_CONNECTION_REFUSED @ http://localhost:8181/api/recording/status:0
[  404822ms] [ERROR] Failed to load resource: net::ERR_CONNECTION_REFUSED @ http://localhost:8181/api/servers:0
[  404822ms] [ERROR] Error обновления списка объектов: TypeError: Failed to fetch
    at fetchServers (http://localhost:8181/static/js/app.js:12494:28)
    at fetchObjects (http://localhost:8181/static/js/app.js:12501:31)
    at refreshObjectsList (http://localhost:8181/static/js/app.js:12549:28)
    at http://localhost:8181/static/js/app.js:1293:9 @ http://localhost:8181/static/js/app.js:12552
[  405688ms] [ERROR] Failed to load resource: net::ERR_CONNECTION_REFUSED @ http://localhost:8181/api/recording/status:0
[  410689ms] [ERROR] Failed to load resource: net::ERR_CONNECTION_REFUSED @ http://localhost:8181/api/recording/status:0
[  410822ms] [ERROR] Failed to load resource: net::ERR_CONNECTION_REFUSED @ http://localhost:8181/api/servers:0
[  410822ms] [ERROR] Error обновления списка объектов: TypeError: Failed to fetch
    at fetchServers (http://localhost:8181/static/js/app.js:12494:28)
    at fetchObjects (http://localhost:8181/static/js/app.js:12501:31)
    at refreshObjectsList (http://localhost:8181/static/js/app.js:12549:28)
    at http://localhost:8181/static/js/app.js:1293:9 @ http://localhost:8181/static/js/app.js:12552
[  415691ms] [ERROR] Failed to load resource: net::ERR_CONNECTION_REFUSED @ http://localhost:8181/api/recording/status:0
[  416821ms] [ERROR] Failed to load resource: net::ERR_CONNECTION_REFUSED @ http://localhost:8181/api/servers:0
[  416821ms] [ERROR] Error обновления списка объектов: TypeError: Failed to fetch
    at fetchServers (http://localhost:8181/static/js/app.js:12494:28)
    at fetchObjects (http://localhost:8181/static/js/app.js:12501:31)
    at refreshObjectsList (http://localhost:8181/static/js/app.js:12549:28)
    at http://localhost:8181/static/js/app.js:1293:9 @ http://localhost:8181/static/js/app.js:12552
[  416821ms] [ERROR] Failed to load resource: net::ERR_CONNECTION_REFUSED @ http://localhost:8181/api/version:0
[  420690ms] [ERROR] Failed to load resource: net::ERR_CONNECTION_REFUSED @ http://localhost:8181/api/recording/status:0
[  422823ms] [ERROR] Failed to load resource: net::ERR_CONNECTION_REFUSED @ http://localhost:8181/api/servers:0
[  422823ms] [ERROR] Error обновления списка объектов: TypeError: Failed to fetch
    at fetchServers (http://localhost:8181/static/js/app.js:12494:28)
    at fetchObjects (http://localhost:8181/static/js/app.js:12501:31)
    at refreshObjectsList (http://localhost:8181/static/js/app.js:12549:28)
    at http://localhost:8181/static/js/app.js:1293:9 @ http://localhost:8181/static/js/app.js:12552
[  425688ms] [ERROR] Failed to load resource: net::ERR_CONNECTION_REFUSED @ http://localhost:8181/api/recording/status:0
[  428827ms] [ERROR] Failed to load resource: net::ERR_CONNECTION_REFUSED @ http://localhost:8181/api/servers:0
[  428827ms] [ERROR] Error обновления списка объектов: TypeError: Failed to fetch
    at fetchServers (http://localhost:8181/static/js/app.js:12494:28)
    at fetchObjects (http://localhost:8181/static/js/app.js:12501:31)
    at refreshObjectsList (http://localhost:8181/static/js/app.js:12549:28)
    at http://localhost:8181/static/js/app.js:1293:9 @ http://localhost:8181/static/js/app.js:12552
[  430688ms] [ERROR] Failed to load resource: net::ERR_CONNECTION_REFUSED @ http://localhost:8181/api/recording/status:0
[  434822ms] [ERROR] Failed to load resource: net::ERR_CONNECTION_REFUSED @ http://localhost:8181/api/servers:0
[  434822ms] [ERROR] Error обновления списка объектов: TypeError: Failed to fetch
    at fetchServers (http://localhost:8181/static/js/app.js:12494:28)
    at fetchObjects (http://localhost:8181/static/js/app.js:12501:31)
    at refreshObjectsList (http://localhost:8181/static/js/app.js:12549:28)
    at http://localhost:8181/static/js/app.js:1293:9 @ http://localhost:8181/static/js/app.js:12552
[  435688ms] [ERROR] Failed to load resource: net::ERR_CONNECTION_REFUSED @ http://localhost:8181/api/recording/status:0
[  440690ms] [ERROR] Failed to load resource: net::ERR_CONNECTION_REFUSED @ http://localhost:8181/api/recording/status:0
[  440821ms] [ERROR] Failed to load resource: net::ERR_CONNECTION_REFUSED @ http://localhost:8181/api/servers:0
[  440821ms] [ERROR] Error обновления списка объектов: TypeError: Failed to fetch
    at fetchServers (http://localhost:8181/static/js/app.js:12494:28)
    at fetchObjects (http://localhost:8181/static/js/app.js:12501:31)
    at refreshObjectsList (http://localhost:8181/static/js/app.js:12549:28)
    at http://localhost:8181/static/js/app.js:1293:9 @ http://localhost:8181/static/js/app.js:12552
[  445692ms] [ERROR] Failed to load resource: net::ERR_CONNECTION_REFUSED @ http://localhost:8181/api/recording/status:0
[  446821ms] [ERROR] Failed to load resource: net::ERR_CONNECTION_REFUSED @ http://localhost:8181/api/servers:0
[  446821ms] [ERROR] Error обновления списка объектов: TypeError: Failed to fetch
    at fetchServers (http://localhost:8181/static/js/app.js:12494:28)
    at fetchObjects (http://localhost:8181/static/js/app.js:12501:31)
    at refreshObjectsList (http://localhost:8181/static/js/app.js:12549:28)
    at http://localhost:8181/static/js/app.js:1293:9 @ http://localhost:8181/static/js/app.js:12552
[  446822ms] [ERROR] Failed to load resource: net::ERR_CONNECTION_REFUSED @ http://localhost:8181/api/version:0
[  450688ms] [ERROR] Failed to load resource: net::ERR_CONNECTION_REFUSED @ http://localhost:8181/api/recording/status:0
[  452821ms] [ERROR] Failed to load resource: net::ERR_CONNECTION_REFUSED @ http://localhost:8181/api/servers:0
[  452821ms] [ERROR] Error обновления списка объектов: TypeError: Failed to fetch
    at fetchServers (http://localhost:8181/static/js/app.js:12494:28)
    at fetchObjects (http://localhost:8181/static/js/app.js:12501:31)
    at refreshObjectsList (http://localhost:8181/static/js/app.js:12549:28)
    at http://localhost:8181/static/js/app.js:1293:9 @ http://localhost:8181/static/js/app.js:12552
[  455689ms] [ERROR] Failed to load resource: net::ERR_CONNECTION_REFUSED @ http://localhost:8181/api/recording/status:0
[  458826ms] [ERROR] Failed to load resource: net::ERR_CONNECTION_REFUSED @ http://localhost:8181/api/servers:0
[  458826ms] [ERROR] Error обновления списка объектов: TypeError: Failed to fetch
    at fetchServers (http://localhost:8181/static/js/app.js:12494:28)
    at fetchObjects (http://localhost:8181/static/js/app.js:12501:31)
    at refreshObjectsList (http://localhost:8181/static/js/app.js:12549:28)
    at http://localhost:8181/static/js/app.js:1293:9 @ http://localhost:8181/static/js/app.js:12552
[  460687ms] [ERROR] Failed to load resource: net::ERR_CONNECTION_REFUSED @ http://localhost:8181/api/recording/status:0
[  464826ms] [ERROR] Failed to load resource: net::ERR_CONNECTION_REFUSED @ http://localhost:8181/api/servers:0
[  464826ms] [ERROR] Error обновления списка объектов: TypeError: Failed to fetch
    at fetchServers (http://localhost:8181/static/js/app.js:12494:28)
    at fetchObjects (http://localhost:8181/static/js/app.js:12501:31)
    at refreshObjectsList (http://localhost:8181/static/js/app.js:12549:28)
    at http://localhost:8181/static/js/app.js:1293:9 @ http://localhost:8181/static/js/app.js:12552
[  465688ms] [ERROR] Failed to load resource: net::ERR_CONNECTION_REFUSED @ http://localhost:8181/api/recording/status:0
[  470688ms] [ERROR] Failed to load resource: net::ERR_CONNECTION_REFUSED @ http://localhost:8181/api/recording/status:0
[  470821ms] [ERROR] Failed to load resource: net::ERR_CONNECTION_REFUSED @ http://localhost:8181/api/servers:0
[  470821ms] [ERROR] Error обновления списка объектов: TypeError: Failed to fetch
    at fetchServers (http://localhost:8181/static/js/app.js:12494:28)
    at fetchObjects (http://localhost:8181/static/js/app.js:12501:31)
    at refreshObjectsList (http://localhost:8181/static/js/app.js:12549:28)
    at http://localhost:8181/static/js/app.js:1293:9 @ http://localhost:8181/static/js/app.js:12552
[  475689ms] [ERROR] Failed to load resource: net::ERR_CONNECTION_REFUSED @ http://localhost:8181/api/recording/status:0
[  476822ms] [ERROR] Failed to load resource: net::ERR_CONNECTION_REFUSED @ http://localhost:8181/api/servers:0
[  476823ms] [ERROR] Error обновления списка объектов: TypeError: Failed to fetch
    at fetchServers (http://localhost:8181/static/js/app.js:12494:28)
    at fetchObjects (http://localhost:8181/static/js/app.js:12501:31)
    at refreshObjectsList (http://localhost:8181/static/js/app.js:12549:28)
    at http://localhost:8181/static/js/app.js:1293:9 @ http://localhost:8181/static/js/app.js:12552
[  476823ms] [ERROR] Failed to load resource: net::ERR_CONNECTION_REFUSED @ http://localhost:8181/api/version:0
[  480688ms] [ERROR] Failed to load resource: net::ERR_CONNECTION_REFUSED @ http://localhost:8181/api/recording/status:0
[  482821ms] [ERROR] Failed to load resource: net::ERR_CONNECTION_REFUSED @ http://localhost:8181/api/servers:0
[  482821ms] [ERROR] Error обновления списка объектов: TypeError: Failed to fetch
    at fetchServers (http://localhost:8181/static/js/app.js:12494:28)
    at fetchObjects (http://localhost:8181/static/js/app.js:12501:31)
    at refreshObjectsList (http://localhost:8181/static/js/app.js:12549:28)
    at http://localhost:8181/static/js/app.js:1293:9 @ http://localhost:8181/static/js/app.js:12552
[  485687ms] [ERROR] Failed to load resource: net::ERR_CONNECTION_REFUSED @ http://localhost:8181/api/recording/status:0
[  488824ms] [ERROR] Failed to load resource: net::ERR_CONNECTION_REFUSED @ http://localhost:8181/api/servers:0
[  488824ms] [ERROR] Error обновления списка объектов: TypeError: Failed to fetch
    at fetchServers (http://localhost:8181/static/js/app.js:12494:28)
    at fetchObjects (http://localhost:8181/static/js/app.js:12501:31)
    at refreshObjectsList (http://localhost:8181/static/js/app.js:12549:28)
    at http://localhost:8181/static/js/app.js:1293:9 @ http://localhost:8181/static/js/app.js:12552
[  490687ms] [ERROR] Failed to load resource: net::ERR_CONNECTION_REFUSED @ http://localhost:8181/api/recording/status:0
[  494822ms] [ERROR] Failed to load resource: net::ERR_CONNECTION_REFUSED @ http://localhost:8181/api/servers:0
[  494822ms] [ERROR] Error обновления списка объектов: TypeError: Failed to fetch
    at fetchServers (http://localhost:8181/static/js/app.js:12494:28)
    at fetchObjects (http://localhost:8181/static/js/app.js:12501:31)
    at refreshObjectsList (http://localhost:8181/static/js/app.js:12549:28)
    at http://localhost:8181/static/js/app.js:1293:9 @ http://localhost:8181/static/js/app.js:12552
[  495687ms] [ERROR] Failed to load resource: net::ERR_CONNECTION_REFUSED @ http://localhost:8181/api/recording/status:0
[  500694ms] [ERROR] Failed to load resource: net::ERR_CONNECTION_REFUSED @ http://localhost:8181/api/recording/status:0
[  500820ms] [ERROR] Failed to load resource: net::ERR_CONNECTION_REFUSED @ http://localhost:8181/api/servers:0
[  500820ms] [ERROR] Error обновления списка объектов: TypeError: Failed to fetch
    at fetchServers (http://localhost:8181/static/js/app.js:12494:28)
    at fetchObjects (http://localhost:8181/static/js/app.js:12501:31)
    at refreshObjectsList (http://localhost:8181/static/js/app.js:12549:28)
    at http://localhost:8181/static/js/app.js:1293:9 @ http://localhost:8181/static/js/app.js:12552
[  505691ms] [ERROR] Failed to load resource: net::ERR_CONNECTION_REFUSED @ http://localhost:8181/api/recording/status:0
[  506821ms] [ERROR] Failed to load resource: net::ERR_CONNECTION_REFUSED @ http://localhost:8181/api/servers:0
[  506821ms] [ERROR] Error обновления списка объектов: TypeError: Failed to fetch
    at fetchServers (http://localhost:8181/static/js/app.js:12494:28)
    at fetchObjects (http://localhost:8181/static/js/app.js:12501:31)
    at refreshObjectsList (http://localhost:8181/static/js/app.js:12549:28)
    at http://localhost:8181/static/js/app.js:1293:9 @ http://localhost:8181/static/js/app.js:12552
[  506821ms] [ERROR] Failed to load resource: net::ERR_CONNECTION_REFUSED @ http://localhost:8181/api/version:0
[  510692ms] [ERROR] Failed to load resource: net::ERR_CONNECTION_REFUSED @ http://localhost:8181/api/recording/status:0
[  512821ms] [ERROR] Failed to load resource: net::ERR_CONNECTION_REFUSED @ http://localhost:8181/api/servers:0
[  512821ms] [ERROR] Error обновления списка объектов: TypeError: Failed to fetch
    at fetchServers (http://localhost:8181/static/js/app.js:12494:28)
    at fetchObjects (http://localhost:8181/static/js/app.js:12501:31)
    at refreshObjectsList (http://localhost:8181/static/js/app.js:12549:28)
    at http://localhost:8181/static/js/app.js:1293:9 @ http://localhost:8181/static/js/app.js:12552
[  515688ms] [ERROR] Failed to load resource: net::ERR_CONNECTION_REFUSED @ http://localhost:8181/api/recording/status:0
[  518825ms] [ERROR] Failed to load resource: net::ERR_CONNECTION_REFUSED @ http://localhost:8181/api/servers:0
[  518825ms] [ERROR] Error обновления списка объектов: TypeError: Failed to fetch
    at fetchServers (http://localhost:8181/static/js/app.js:12494:28)
    at fetchObjects (http://localhost:8181/static/js/app.js:12501:31)
    at refreshObjectsList (http://localhost:8181/static/js/app.js:12549:28)
    at http://localhost:8181/static/js/app.js:1293:9 @ http://localhost:8181/static/js/app.js:12552
[  520687ms] [ERROR] Failed to load resource: net::ERR_CONNECTION_REFUSED @ http://localhost:8181/api/recording/status:0
[  524826ms] [ERROR] Failed to load resource: net::ERR_CONNECTION_REFUSED @ http://localhost:8181/api/servers:0
[  524826ms] [ERROR] Error обновления списка объектов: TypeError: Failed to fetch
    at fetchServers (http://localhost:8181/static/js/app.js:12494:28)
    at fetchObjects (http://localhost:8181/static/js/app.js:12501:31)
    at refreshObjectsList (http://localhost:8181/static/js/app.js:12549:28)
    at http://localhost:8181/static/js/app.js:1293:9 @ http://localhost:8181/static/js/app.js:12552
[  525687ms] [ERROR] Failed to load resource: net::ERR_CONNECTION_REFUSED @ http://localhost:8181/api/recording/status:0
[  530690ms] [ERROR] Failed to load resource: net::ERR_CONNECTION_REFUSED @ http://localhost:8181/api/recording/status:0
[  530822ms] [ERROR] Failed to load resource: net::ERR_CONNECTION_REFUSED @ http://localhost:8181/api/servers:0
[  530823ms] [ERROR] Error обновления списка объектов: TypeError: Failed to fetch
    at fetchServers (http://localhost:8181/static/js/app.js:12494:28)
    at fetchObjects (http://localhost:8181/static/js/app.js:12501:31)
    at refreshObjectsList (http://localhost:8181/static/js/app.js:12549:28)
    at http://localhost:8181/static/js/app.js:1293:9 @ http://localhost:8181/static/js/app.js:12552
[  535693ms] [ERROR] Failed to load resource: net::ERR_CONNECTION_REFUSED @ http://localhost:8181/api/recording/status:0
[  536821ms] [ERROR] Failed to load resource: net::ERR_CONNECTION_REFUSED @ http://localhost:8181/api/servers:0
[  536822ms] [ERROR] Error обновления списка объектов: TypeError: Failed to fetch
    at fetchServers (http://localhost:8181/static/js/app.js:12494:28)
    at fetchObjects (http://localhost:8181/static/js/app.js:12501:31)
    at refreshObjectsList (http://localhost:8181/static/js/app.js:12549:28)
    at http://localhost:8181/static/js/app.js:1293:9 @ http://localhost:8181/static/js/app.js:12552
[  536822ms] [ERROR] Failed to load resource: net::ERR_CONNECTION_REFUSED @ http://localhost:8181/api/version:0
[  540690ms] [ERROR] Failed to load resource: net::ERR_CONNECTION_REFUSED @ http://localhost:8181/api/recording/status:0
[  542822ms] [ERROR] Failed to load resource: net::ERR_CONNECTION_REFUSED @ http://localhost:8181/api/servers:0
[  542822ms] [ERROR] Error обновления списка объектов: TypeError: Failed to fetch
    at fetchServers (http://localhost:8181/static/js/app.js:12494:28)
    at fetchObjects (http://localhost:8181/static/js/app.js:12501:31)
    at refreshObjectsList (http://localhost:8181/static/js/app.js:12549:28)
    at http://localhost:8181/static/js/app.js:1293:9 @ http://localhost:8181/static/js/app.js:12552
[  545688ms] [ERROR] Failed to load resource: net::ERR_CONNECTION_REFUSED @ http://localhost:8181/api/recording/status:0
[  548826ms] [ERROR] Failed to load resource: net::ERR_CONNECTION_REFUSED @ http://localhost:8181/api/servers:0
[  548826ms] [ERROR] Error обновления списка объектов: TypeError: Failed to fetch
    at fetchServers (http://localhost:8181/static/js/app.js:12494:28)
    at fetchObjects (http://localhost:8181/static/js/app.js:12501:31)
    at refreshObjectsList (http://localhost:8181/static/js/app.js:12549:28)
    at http://localhost:8181/static/js/app.js:1293:9 @ http://localhost:8181/static/js/app.js:12552
[  550687ms] [ERROR] Failed to load resource: net::ERR_CONNECTION_REFUSED @ http://localhost:8181/api/recording/status:0
[  554827ms] [ERROR] Failed to load resource: net::ERR_CONNECTION_REFUSED @ http://localhost:8181/api/servers:0
[  554827ms] [ERROR] Error обновления списка объектов: TypeError: Failed to fetch
    at fetchServers (http://localhost:8181/static/js/app.js:12494:28)
    at fetchObjects (http://localhost:8181/static/js/app.js:12501:31)
    at refreshObjectsList (http://localhost:8181/static/js/app.js:12549:28)
    at http://localhost:8181/static/js/app.js:1293:9 @ http://localhost:8181/static/js/app.js:12552
[  555688ms] [ERROR] Failed to load resource: net::ERR_CONNECTION_REFUSED @ http://localhost:8181/api/recording/status:0
[  560693ms] [ERROR] Failed to load resource: net::ERR_CONNECTION_REFUSED @ http://localhost:8181/api/recording/status:0
[  560821ms] [ERROR] Failed to load resource: net::ERR_CONNECTION_REFUSED @ http://localhost:8181/api/servers:0
[  560821ms] [ERROR] Error обновления списка объектов: TypeError: Failed to fetch
    at fetchServers (http://localhost:8181/static/js/app.js:12494:28)
    at fetchObjects (http://localhost:8181/static/js/app.js:12501:31)
    at refreshObjectsList (http://localhost:8181/static/js/app.js:12549:28)
    at http://localhost:8181/static/js/app.js:1293:9 @ http://localhost:8181/static/js/app.js:12552
[  565692ms] [ERROR] Failed to load resource: net::ERR_CONNECTION_REFUSED @ http://localhost:8181/api/recording/status:0
[  566822ms] [ERROR] Failed to load resource: net::ERR_CONNECTION_REFUSED @ http://localhost:8181/api/servers:0
[  566822ms] [ERROR] Error обновления списка объектов: TypeError: Failed to fetch
    at fetchServers (http://localhost:8181/static/js/app.js:12494:28)
    at fetchObjects (http://localhost:8181/static/js/app.js:12501:31)
    at refreshObjectsList (http://localhost:8181/static/js/app.js:12549:28)
    at http://localhost:8181/static/js/app.js:1293:9 @ http://localhost:8181/static/js/app.js:12552
[  566822ms] [ERROR] Failed to load resource: net::ERR_CONNECTION_REFUSED @ http://localhost:8181/api/version:0
[  570692ms] [ERROR] Failed to load resource: net::ERR_CONNECTION_REFUSED @ http://localhost:8181/api/recording/status:0
[  572821ms] [ERROR] Failed to load resource: net::ERR_CONNECTION_REFUSED @ http://localhost:8181/api/servers:0
[  572821ms] [ERROR] Error обновления списка объектов: TypeError: Failed to fetch
    at fetchServers (http://localhost:8181/static/js/app.js:12494:28)
    at fetchObjects (http://localhost:8181/static/js/app.js:12501:31)
    at refreshObjectsList (http://localhost:8181/static/js/app.js:12549:28)
    at http://localhost:8181/static/js/app.js:1293:9 @ http://localhost:8181/static/js/app.js:12552
[  575688ms] [ERROR] Failed to load resource: net::ERR_CONNECTION_REFUSED @ http://localhost:8181/api/recording/status:0
[  578825ms] [ERROR] Failed to load resource: net::ERR_CONNECTION_REFUSED @ http://localhost:8181/api/servers:0
[  578825ms] [ERROR] Error обновления списка объектов: TypeError: Failed to fetch
    at fetchServers (http://localhost:8181/static/js/app.js:12494:28)
    at fetchObjects (http://localhost:8181/static/js/app.js:12501:31)
    at refreshObjectsList (http://localhost:8181/static/js/app.js:12549:28)
    at http://localhost:8181/static/js/app.js:1293:9 @ http://localhost:8181/static/js/app.js:12552
[  580687ms] [ERROR] Failed to load resource: net::ERR_CONNECTION_REFUSED @ http://localhost:8181/api/recording/status:0
[  584826ms] [ERROR] Failed to load resource: net::ERR_CONNECTION_REFUSED @ http://localhost:8181/api/servers:0
[  584826ms] [ERROR] Error обновления списка объектов: TypeError: Failed to fetch
    at fetchServers (http://localhost:8181/static/js/app.js:12494:28)
    at fetchObjects (http://localhost:8181/static/js/app.js:12501:31)
    at refreshObjectsList (http://localhost:8181/static/js/app.js:12549:28)
    at http://localhost:8181/static/js/app.js:1293:9 @ http://localhost:8181/static/js/app.js:12552
[  585688ms] [ERROR] Failed to load resource: net::ERR_CONNECTION_REFUSED @ http://localhost:8181/api/recording/status:0
[  590692ms] [ERROR] Failed to load resource: net::ERR_CONNECTION_REFUSED @ http://localhost:8181/api/recording/status:0
[  590822ms] [ERROR] Failed to load resource: net::ERR_CONNECTION_REFUSED @ http://localhost:8181/api/servers:0
[  590822ms] [ERROR] Error обновления списка объектов: TypeError: Failed to fetch
    at fetchServers (http://localhost:8181/static/js/app.js:12494:28)
    at fetchObjects (http://localhost:8181/static/js/app.js:12501:31)
    at refreshObjectsList (http://localhost:8181/static/js/app.js:12549:28)
    at http://localhost:8181/static/js/app.js:1293:9 @ http://localhost:8181/static/js/app.js:12552
[  595688ms] [ERROR] Failed to load resource: net::ERR_CONNECTION_REFUSED @ http://localhost:8181/api/recording/status:0
[  596821ms] [ERROR] Failed to load resource: net::ERR_CONNECTION_REFUSED @ http://localhost:8181/api/servers:0
[  596821ms] [ERROR] Error обновления списка объектов: TypeError: Failed to fetch
    at fetchServers (http://localhost:8181/static/js/app.js:12494:28)
    at fetchObjects (http://localhost:8181/static/js/app.js:12501:31)
    at refreshObjectsList (http://localhost:8181/static/js/app.js:12549:28)
    at http://localhost:8181/static/js/app.js:1293:9 @ http://localhost:8181/static/js/app.js:12552
[  596822ms] [ERROR] Failed to load resource: net::ERR_CONNECTION_REFUSED @ http://localhost:8181/api/version:0
[  600688ms] [ERROR] Failed to load resource: net::ERR_CONNECTION_REFUSED @ http://localhost:8181/api/recording/status:0
[  602822ms] [ERROR] Failed to load resource: net::ERR_CONNECTION_REFUSED @ http://localhost:8181/api/servers:0
[  602822ms] [ERROR] Error обновления списка объектов: TypeError: Failed to fetch
    at fetchServers (http://localhost:8181/static/js/app.js:12494:28)
    at fetchObjects (http://localhost:8181/static/js/app.js:12501:31)
    at refreshObjectsList (http://localhost:8181/static/js/app.js:12549:28)
    at http://localhost:8181/static/js/app.js:1293:9 @ http://localhost:8181/static/js/app.js:12552
[  605687ms] [ERROR] Failed to load resource: net::ERR_CONNECTION_REFUSED @ http://localhost:8181/api/recording/status:0
[  608823ms] [ERROR] Failed to load resource: net::ERR_CONNECTION_REFUSED @ http://localhost:8181/api/servers:0
[  608824ms] [ERROR] Error обновления списка объектов: TypeError: Failed to fetch
    at fetchServers (http://localhost:8181/static/js/app.js:12494:28)
    at fetchObjects (http://localhost:8181/static/js/app.js:12501:31)
    at refreshObjectsList (http://localhost:8181/static/js/app.js:12549:28)
    at http://localhost:8181/static/js/app.js:1293:9 @ http://localhost:8181/static/js/app.js:12552
[  610687ms] [ERROR] Failed to load resource: net::ERR_CONNECTION_REFUSED @ http://localhost:8181/api/recording/status:0
[  614826ms] [ERROR] Failed to load resource: net::ERR_CONNECTION_REFUSED @ http://localhost:8181/api/servers:0
[  614826ms] [ERROR] Error обновления списка объектов: TypeError: Failed to fetch
    at fetchServers (http://localhost:8181/static/js/app.js:12494:28)
    at fetchObjects (http://localhost:8181/static/js/app.js:12501:31)
    at refreshObjectsList (http://localhost:8181/static/js/app.js:12549:28)
    at http://localhost:8181/static/js/app.js:1293:9 @ http://localhost:8181/static/js/app.js:12552
[  615688ms] [ERROR] Failed to load resource: net::ERR_CONNECTION_REFUSED @ http://localhost:8181/api/recording/status:0
[  620694ms] [ERROR] Failed to load resource: net::ERR_CONNECTION_REFUSED @ http://localhost:8181/api/recording/status:0
[  620821ms] [ERROR] Failed to load resource: net::ERR_CONNECTION_REFUSED @ http://localhost:8181/api/servers:0
[  620822ms] [ERROR] Error обновления списка объектов: TypeError: Failed to fetch
    at fetchServers (http://localhost:8181/static/js/app.js:12494:28)
    at fetchObjects (http://localhost:8181/static/js/app.js:12501:31)
    at refreshObjectsList (http://localhost:8181/static/js/app.js:12549:28)
    at http://localhost:8181/static/js/app.js:1293:9 @ http://localhost:8181/static/js/app.js:12552
[  625689ms] [ERROR] Failed to load resource: net::ERR_CONNECTION_REFUSED @ http://localhost:8181/api/recording/status:0
[  626822ms] [ERROR] Failed to load resource: net::ERR_CONNECTION_REFUSED @ http://localhost:8181/api/servers:0
[  626822ms] [ERROR] Error обновления списка объектов: TypeError: Failed to fetch
    at fetchServers (http://localhost:8181/static/js/app.js:12494:28)
    at fetchObjects (http://localhost:8181/static/js/app.js:12501:31)
    at refreshObjectsList (http://localhost:8181/static/js/app.js:12549:28)
    at http://localhost:8181/static/js/app.js:1293:9 @ http://localhost:8181/static/js/app.js:12552
[  626823ms] [ERROR] Failed to load resource: net::ERR_CONNECTION_REFUSED @ http://localhost:8181/api/version:0
[  630688ms] [ERROR] Failed to load resource: net::ERR_CONNECTION_REFUSED @ http://localhost:8181/api/recording/status:0
[  632820ms] [ERROR] Failed to load resource: net::ERR_CONNECTION_REFUSED @ http://localhost:8181/api/servers:0
[  632820ms] [ERROR] Error обновления списка объектов: TypeError: Failed to fetch
    at fetchServers (http://localhost:8181/static/js/app.js:12494:28)
    at fetchObjects (http://localhost:8181/static/js/app.js:12501:31)
    at refreshObjectsList (http://localhost:8181/static/js/app.js:12549:28)
    at http://localhost:8181/static/js/app.js:1293:9 @ http://localhost:8181/static/js/app.js:12552
[  635688ms] [ERROR] Failed to load resource: net::ERR_CONNECTION_REFUSED @ http://localhost:8181/api/recording/status:0
[  638822ms] [ERROR] Failed to load resource: net::ERR_CONNECTION_REFUSED @ http://localhost:8181/api/servers:0
[  638822ms] [ERROR] Error обновления списка объектов: TypeError: Failed to fetch
    at fetchServers (http://localhost:8181/static/js/app.js:12494:28)
    at fetchObjects (http://localhost:8181/static/js/app.js:12501:31)
    at refreshObjectsList (http://localhost:8181/static/js/app.js:12549:28)
    at http://localhost:8181/static/js/app.js:1293:9 @ http://localhost:8181/static/js/app.js:12552
[  640687ms] [ERROR] Failed to load resource: net::ERR_CONNECTION_REFUSED @ http://localhost:8181/api/recording/status:0
[  644827ms] [ERROR] Failed to load resource: net::ERR_CONNECTION_REFUSED @ http://localhost:8181/api/servers:0
[  644827ms] [ERROR] Error обновления списка объектов: TypeError: Failed to fetch
    at fetchServers (http://localhost:8181/static/js/app.js:12494:28)
    at fetchObjects (http://localhost:8181/static/js/app.js:12501:31)
    at refreshObjectsList (http://localhost:8181/static/js/app.js:12549:28)
    at http://localhost:8181/static/js/app.js:1293:9 @ http://localhost:8181/static/js/app.js:12552
[  645688ms] [ERROR] Failed to load resource: net::ERR_CONNECTION_REFUSED @ http://localhost:8181/api/recording/status:0
[  650693ms] [ERROR] Failed to load resource: net::ERR_CONNECTION_REFUSED @ http://localhost:8181/api/recording/status:0
[  650820ms] [ERROR] Failed to load resource: net::ERR_CONNECTION_REFUSED @ http://localhost:8181/api/servers:0
[  650820ms] [ERROR] Error обновления списка объектов: TypeError: Failed to fetch
    at fetchServers (http://localhost:8181/static/js/app.js:12494:28)
    at fetchObjects (http://localhost:8181/static/js/app.js:12501:31)
    at refreshObjectsList (http://localhost:8181/static/js/app.js:12549:28)
    at http://localhost:8181/static/js/app.js:1293:9 @ http://localhost:8181/static/js/app.js:12552
[  655689ms] [ERROR] Failed to load resource: net::ERR_CONNECTION_REFUSED @ http://localhost:8181/api/recording/status:0
[  656823ms] [ERROR] Failed to load resource: net::ERR_CONNECTION_REFUSED @ http://localhost:8181/api/servers:0
[  656823ms] [ERROR] Error обновления списка объектов: TypeError: Failed to fetch
    at fetchServers (http://localhost:8181/static/js/app.js:12494:28)
    at fetchObjects (http://localhost:8181/static/js/app.js:12501:31)
    at refreshObjectsList (http://localhost:8181/static/js/app.js:12549:28)
    at http://localhost:8181/static/js/app.js:1293:9 @ http://localhost:8181/static/js/app.js:12552
[  656824ms] [ERROR] Failed to load resource: net::ERR_CONNECTION_REFUSED @ http://localhost:8181/api/version:0
[  660694ms] [ERROR] Failed to load resource: net::ERR_CONNECTION_REFUSED @ http://localhost:8181/api/recording/status:0
[  662822ms] [ERROR] Failed to load resource: net::ERR_CONNECTION_REFUSED @ http://localhost:8181/api/servers:0
[  662822ms] [ERROR] Error обновления списка объектов: TypeError: Failed to fetch
    at fetchServers (http://localhost:8181/static/js/app.js:12494:28)
    at fetchObjects (http://localhost:8181/static/js/app.js:12501:31)
    at refreshObjectsList (http://localhost:8181/static/js/app.js:12549:28)
    at http://localhost:8181/static/js/app.js:1293:9 @ http://localhost:8181/static/js/app.js:12552
[  665687ms] [ERROR] Failed to load resource: net::ERR_CONNECTION_REFUSED @ http://localhost:8181/api/recording/status:0
[  668827ms] [ERROR] Failed to load resource: net::ERR_CONNECTION_REFUSED @ http://localhost:8181/api/servers:0
[  668827ms] [ERROR] Error обновления списка объектов: TypeError: Failed to fetch
    at fetchServers (http://localhost:8181/static/js/app.js:12494:28)
    at fetchObjects (http://localhost:8181/static/js/app.js:12501:31)
    at refreshObjectsList (http://localhost:8181/static/js/app.js:12549:28)
    at http://localhost:8181/static/js/app.js:1293:9 @ http://localhost:8181/static/js/app.js:12552
[  670689ms] [ERROR] Failed to load resource: net::ERR_CONNECTION_REFUSED @ http://localhost:8181/api/recording/status:0
[  674827ms] [ERROR] Failed to load resource: net::ERR_CONNECTION_REFUSED @ http://localhost:8181/api/servers:0
[  674827ms] [ERROR] Error обновления списка объектов: TypeError: Failed to fetch
    at fetchServers (http://localhost:8181/static/js/app.js:12494:28)
    at fetchObjects (http://localhost:8181/static/js/app.js:12501:31)
    at refreshObjectsList (http://localhost:8181/static/js/app.js:12549:28)
    at http://localhost:8181/static/js/app.js:1293:9 @ http://localhost:8181/static/js/app.js:12552
[  675689ms] [ERROR] Failed to load resource: net::ERR_CONNECTION_REFUSED @ http://localhost:8181/api/recording/status:0
[  680693ms] [ERROR] Failed to load resource: net::ERR_CONNECTION_REFUSED @ http://localhost:8181/api/recording/status:0
[  680822ms] [ERROR] Failed to load resource: net::ERR_CONNECTION_REFUSED @ http://localhost:8181/api/servers:0
[  680822ms] [ERROR] Error обновления списка объектов: TypeError: Failed to fetch
    at fetchServers (http://localhost:8181/static/js/app.js:12494:28)
    at fetchObjects (http://localhost:8181/static/js/app.js:12501:31)
    at refreshObjectsList (http://localhost:8181/static/js/app.js:12549:28)
    at http://localhost:8181/static/js/app.js:1293:9 @ http://localhost:8181/static/js/app.js:12552
[  685688ms] [ERROR] Failed to load resource: net::ERR_CONNECTION_REFUSED @ http://localhost:8181/api/recording/status:0
[  686822ms] [ERROR] Failed to load resource: net::ERR_CONNECTION_REFUSED @ http://localhost:8181/api/servers:0
[  686822ms] [ERROR] Error обновления списка объектов: TypeError: Failed to fetch
    at fetchServers (http://localhost:8181/static/js/app.js:12494:28)
    at fetchObjects (http://localhost:8181/static/js/app.js:12501:31)
    at refreshObjectsList (http://localhost:8181/static/js/app.js:12549:28)
    at http://localhost:8181/static/js/app.js:1293:9 @ http://localhost:8181/static/js/app.js:12552
[  686823ms] [ERROR] Failed to load resource: net::ERR_CONNECTION_REFUSED @ http://localhost:8181/api/version:0
[  690693ms] [ERROR] Failed to load resource: net::ERR_CONNECTION_REFUSED @ http://localhost:8181/api/recording/status:0
[  692821ms] [ERROR] Failed to load resource: net::ERR_CONNECTION_REFUSED @ http://localhost:8181/api/servers:0
[  692821ms] [ERROR] Error обновления списка объектов: TypeError: Failed to fetch
    at fetchServers (http://localhost:8181/static/js/app.js:12494:28)
    at fetchObjects (http://localhost:8181/static/js/app.js:12501:31)
    at refreshObjectsList (http://localhost:8181/static/js/app.js:12549:28)
    at http://localhost:8181/static/js/app.js:1293:9 @ http://localhost:8181/static/js/app.js:12552
[  695688ms] [ERROR] Failed to load resource: net::ERR_CONNECTION_REFUSED @ http://localhost:8181/api/recording/status:0
[  698825ms] [ERROR] Failed to load resource: net::ERR_CONNECTION_REFUSED @ http://localhost:8181/api/servers:0
[  698826ms] [ERROR] Error обновления списка объектов: TypeError: Failed to fetch
    at fetchServers (http://localhost:8181/static/js/app.js:12494:28)
    at fetchObjects (http://localhost:8181/static/js/app.js:12501:31)
    at refreshObjectsList (http://localhost:8181/static/js/app.js:12549:28)
    at http://localhost:8181/static/js/app.js:1293:9 @ http://localhost:8181/static/js/app.js:12552
[  700689ms] [ERROR] Failed to load resource: net::ERR_CONNECTION_REFUSED @ http://localhost:8181/api/recording/status:0
[  704826ms] [ERROR] Failed to load resource: net::ERR_CONNECTION_REFUSED @ http://localhost:8181/api/servers:0
[  704826ms] [ERROR] Error обновления списка объектов: TypeError: Failed to fetch
    at fetchServers (http://localhost:8181/static/js/app.js:12494:28)
    at fetchObjects (http://localhost:8181/static/js/app.js:12501:31)
    at refreshObjectsList (http://localhost:8181/static/js/app.js:12549:28)
    at http://localhost:8181/static/js/app.js:1293:9 @ http://localhost:8181/static/js/app.js:12552
[  705689ms] [ERROR] Failed to load resource: net::ERR_CONNECTION_REFUSED @ http://localhost:8181/api/recording/status:0
[  710688ms] [ERROR] Failed to load resource: net::ERR_CONNECTION_REFUSED @ http://localhost:8181/api/recording/status:0
[  710820ms] [ERROR] Failed to load resource: net::ERR_CONNECTION_REFUSED @ http://localhost:8181/api/servers:0
[  710820ms] [ERROR] Error обновления списка объектов: TypeError: Failed to fetch
    at fetchServers (http://localhost:8181/static/js/app.js:12494:28)
    at fetchObjects (http://localhost:8181/static/js/app.js:12501:31)
    at refreshObjectsList (http://localhost:8181/static/js/app.js:12549:28)
    at http://localhost:8181/static/js/app.js:1293:9 @ http://localhost:8181/static/js/app.js:12552
[  715694ms] [ERROR] Failed to load resource: net::ERR_CONNECTION_REFUSED @ http://localhost:8181/api/recording/status:0
[  716823ms] [ERROR] Failed to load resource: net::ERR_CONNECTION_REFUSED @ http://localhost:8181/api/servers:0
[  716823ms] [ERROR] Error обновления списка объектов: TypeError: Failed to fetch
    at fetchServers (http://localhost:8181/static/js/app.js:12494:28)
    at fetchObjects (http://localhost:8181/static/js/app.js:12501:31)
    at refreshObjectsList (http://localhost:8181/static/js/app.js:12549:28)
    at http://localhost:8181/static/js/app.js:1293:9 @ http://localhost:8181/static/js/app.js:12552
[  716823ms] [ERROR] Failed to load resource: net::ERR_CONNECTION_REFUSED @ http://localhost:8181/api/version:0
[  720695ms] [ERROR] Failed to load resource: net::ERR_CONNECTION_REFUSED @ http://localhost:8181/api/recording/status:0
[  722821ms] [ERROR] Failed to load resource: net::ERR_CONNECTION_REFUSED @ http://localhost:8181/api/servers:0
[  722821ms] [ERROR] Error обновления списка объектов: TypeError: Failed to fetch
    at fetchServers (http://localhost:8181/static/js/app.js:12494:28)
    at fetchObjects (http://localhost:8181/static/js/app.js:12501:31)
    at refreshObjectsList (http://localhost:8181/static/js/app.js:12549:28)
    at http://localhost:8181/static/js/app.js:1293:9 @ http://localhost:8181/static/js/app.js:12552
[  725690ms] [ERROR] Failed to load resource: net::ERR_CONNECTION_REFUSED @ http://localhost:8181/api/recording/status:0
[  728827ms] [ERROR] Failed to load resource: net::ERR_CONNECTION_REFUSED @ http://localhost:8181/api/servers:0
[  728827ms] [ERROR] Error обновления списка объектов: TypeError: Failed to fetch
    at fetchServers (http://localhost:8181/static/js/app.js:12494:28)
    at fetchObjects (http://localhost:8181/static/js/app.js:12501:31)
    at refreshObjectsList (http://localhost:8181/static/js/app.js:12549:28)
    at http://localhost:8181/static/js/app.js:1293:9 @ http://localhost:8181/static/js/app.js:12552
[  730689ms] [ERROR] Failed to load resource: net::ERR_CONNECTION_REFUSED @ http://localhost:8181/api/recording/status:0
[  734827ms] [ERROR] Failed to load resource: net::ERR_CONNECTION_REFUSED @ http://localhost:8181/api/servers:0
[  734827ms] [ERROR] Error обновления списка объектов: TypeError: Failed to fetch
    at fetchServers (http://localhost:8181/static/js/app.js:12494:28)
    at fetchObjects (http://localhost:8181/static/js/app.js:12501:31)
    at refreshObjectsList (http://localhost:8181/static/js/app.js:12549:28)
    at http://localhost:8181/static/js/app.js:1293:9 @ http://localhost:8181/static/js/app.js:12552
[  735690ms] [ERROR] Failed to load resource: net::ERR_CONNECTION_REFUSED @ http://localhost:8181/api/recording/status:0
[  740689ms] [ERROR] Failed to load resource: net::ERR_CONNECTION_REFUSED @ http://localhost:8181/api/recording/status:0
[  740821ms] [ERROR] Failed to load resource: net::ERR_CONNECTION_REFUSED @ http://localhost:8181/api/servers:0
[  740822ms] [ERROR] Error обновления списка объектов: TypeError: Failed to fetch
    at fetchServers (http://localhost:8181/static/js/app.js:12494:28)
    at fetchObjects (http://localhost:8181/static/js/app.js:12501:31)
    at refreshObjectsList (http://localhost:8181/static/js/app.js:12549:28)
    at http://localhost:8181/static/js/app.js:1293:9 @ http://localhost:8181/static/js/app.js:12552
[  745689ms] [ERROR] Failed to load resource: net::ERR_CONNECTION_REFUSED @ http://localhost:8181/api/recording/status:0
[  746822ms] [ERROR] Failed to load resource: net::ERR_CONNECTION_REFUSED @ http://localhost:8181/api/servers:0
[  746822ms] [ERROR] Error обновления списка объектов: TypeError: Failed to fetch
    at fetchServers (http://localhost:8181/static/js/app.js:12494:28)
    at fetchObjects (http://localhost:8181/static/js/app.js:12501:31)
    at refreshObjectsList (http://localhost:8181/static/js/app.js:12549:28)
    at http://localhost:8181/static/js/app.js:1293:9 @ http://localhost:8181/static/js/app.js:12552
[  746823ms] [ERROR] Failed to load resource: net::ERR_CONNECTION_REFUSED @ http://localhost:8181/api/version:0
[  750694ms] [ERROR] Failed to load resource: net::ERR_CONNECTION_REFUSED @ http://localhost:8181/api/recording/status:0
[  752820ms] [ERROR] Failed to load resource: net::ERR_CONNECTION_REFUSED @ http://localhost:8181/api/servers:0
[  752820ms] [ERROR] Error обновления списка объектов: TypeError: Failed to fetch
    at fetchServers (http://localhost:8181/static/js/app.js:12494:28)
    at fetchObjects (http://localhost:8181/static/js/app.js:12501:31)
    at refreshObjectsList (http://localhost:8181/static/js/app.js:12549:28)
    at http://localhost:8181/static/js/app.js:1293:9 @ http://localhost:8181/static/js/app.js:12552
[  755687ms] [ERROR] Failed to load resource: net::ERR_CONNECTION_REFUSED @ http://localhost:8181/api/recording/status:0
[  758823ms] [ERROR] Failed to load resource: net::ERR_CONNECTION_REFUSED @ http://localhost:8181/api/servers:0
[  758823ms] [ERROR] Error обновления списка объектов: TypeError: Failed to fetch
    at fetchServers (http://localhost:8181/static/js/app.js:12494:28)
    at fetchObjects (http://localhost:8181/static/js/app.js:12501:31)
    at refreshObjectsList (http://localhost:8181/static/js/app.js:12549:28)
    at http://localhost:8181/static/js/app.js:1293:9 @ http://localhost:8181/static/js/app.js:12552
[  760687ms] [ERROR] Failed to load resource: net::ERR_CONNECTION_REFUSED @ http://localhost:8181/api/recording/status:0
[  764826ms] [ERROR] Failed to load resource: net::ERR_CONNECTION_REFUSED @ http://localhost:8181/api/servers:0
[  764826ms] [ERROR] Error обновления списка объектов: TypeError: Failed to fetch
    at fetchServers (http://localhost:8181/static/js/app.js:12494:28)
    at fetchObjects (http://localhost:8181/static/js/app.js:12501:31)
    at refreshObjectsList (http://localhost:8181/static/js/app.js:12549:28)
    at http://localhost:8181/static/js/app.js:1293:9 @ http://localhost:8181/static/js/app.js:12552
[  765689ms] [ERROR] Failed to load resource: net::ERR_CONNECTION_REFUSED @ http://localhost:8181/api/recording/status:0
[  770693ms] [ERROR] Failed to load resource: net::ERR_CONNECTION_REFUSED @ http://localhost:8181/api/recording/status:0
[  770821ms] [ERROR] Failed to load resource: net::ERR_CONNECTION_REFUSED @ http://localhost:8181/api/servers:0
[  770821ms] [ERROR] Error обновления списка объектов: TypeError: Failed to fetch
    at fetchServers (http://localhost:8181/static/js/app.js:12494:28)
    at fetchObjects (http://localhost:8181/static/js/app.js:12501:31)
    at refreshObjectsList (http://localhost:8181/static/js/app.js:12549:28)
    at http://localhost:8181/static/js/app.js:1293:9 @ http://localhost:8181/static/js/app.js:12552
[  775693ms] [ERROR] Failed to load resource: net::ERR_CONNECTION_REFUSED @ http://localhost:8181/api/recording/status:0
[  776822ms] [ERROR] Failed to load resource: net::ERR_CONNECTION_REFUSED @ http://localhost:8181/api/servers:0
[  776822ms] [ERROR] Error обновления списка объектов: TypeError: Failed to fetch
    at fetchServers (http://localhost:8181/static/js/app.js:12494:28)
    at fetchObjects (http://localhost:8181/static/js/app.js:12501:31)
    at refreshObjectsList (http://localhost:8181/static/js/app.js:12549:28)
    at http://localhost:8181/static/js/app.js:1293:9 @ http://localhost:8181/static/js/app.js:12552
[  776822ms] [ERROR] Failed to load resource: net::ERR_CONNECTION_REFUSED @ http://localhost:8181/api/version:0
[  780693ms] [ERROR] Failed to load resource: net::ERR_CONNECTION_REFUSED @ http://localhost:8181/api/recording/status:0
[  782820ms] [ERROR] Failed to load resource: net::ERR_CONNECTION_REFUSED @ http://localhost:8181/api/servers:0
[  782820ms] [ERROR] Error обновления списка объектов: TypeError: Failed to fetch
    at fetchServers (http://localhost:8181/static/js/app.js:12494:28)
    at fetchObjects (http://localhost:8181/static/js/app.js:12501:31)
    at refreshObjectsList (http://localhost:8181/static/js/app.js:12549:28)
    at http://localhost:8181/static/js/app.js:1293:9 @ http://localhost:8181/static/js/app.js:12552
[  785689ms] [ERROR] Failed to load resource: net::ERR_CONNECTION_REFUSED @ http://localhost:8181/api/recording/status:0
[  788825ms] [ERROR] Failed to load resource: net::ERR_CONNECTION_REFUSED @ http://localhost:8181/api/servers:0
[  788826ms] [ERROR] Error обновления списка объектов: TypeError: Failed to fetch
    at fetchServers (http://localhost:8181/static/js/app.js:12494:28)
    at fetchObjects (http://localhost:8181/static/js/app.js:12501:31)
    at refreshObjectsList (http://localhost:8181/static/js/app.js:12549:28)
    at http://localhost:8181/static/js/app.js:1293:9 @ http://localhost:8181/static/js/app.js:12552
[  790688ms] [ERROR] Failed to load resource: net::ERR_CONNECTION_REFUSED @ http://localhost:8181/api/recording/status:0
[  794826ms] [ERROR] Failed to load resource: net::ERR_CONNECTION_REFUSED @ http://localhost:8181/api/servers:0
[  794826ms] [ERROR] Error обновления списка объектов: TypeError: Failed to fetch
    at fetchServers (http://localhost:8181/static/js/app.js:12494:28)
    at fetchObjects (http://localhost:8181/static/js/app.js:12501:31)
    at refreshObjectsList (http://localhost:8181/static/js/app.js:12549:28)
    at http://localhost:8181/static/js/app.js:1293:9 @ http://localhost:8181/static/js/app.js:12552
[  795687ms] [ERROR] Failed to load resource: net::ERR_CONNECTION_REFUSED @ http://localhost:8181/api/recording/status:0
[  800694ms] [ERROR] Failed to load resource: net::ERR_CONNECTION_REFUSED @ http://localhost:8181/api/recording/status:0
[  800821ms] [ERROR] Failed to load resource: net::ERR_CONNECTION_REFUSED @ http://localhost:8181/api/servers:0
[  800821ms] [ERROR] Error обновления списка объектов: TypeError: Failed to fetch
    at fetchServers (http://localhost:8181/static/js/app.js:12494:28)
    at fetchObjects (http://localhost:8181/static/js/app.js:12501:31)
    at refreshObjectsList (http://localhost:8181/static/js/app.js:12549:28)
    at http://localhost:8181/static/js/app.js:1293:9 @ http://localhost:8181/static/js/app.js:12552
[  805692ms] [ERROR] Failed to load resource: net::ERR_CONNECTION_REFUSED @ http://localhost:8181/api/recording/status:0
[  806821ms] [ERROR] Failed to load resource: net::ERR_CONNECTION_REFUSED @ http://localhost:8181/api/servers:0
[  806821ms] [ERROR] Error обновления списка объектов: TypeError: Failed to fetch
    at fetchServers (http://localhost:8181/static/js/app.js:12494:28)
    at fetchObjects (http://localhost:8181/static/js/app.js:12501:31)
    at refreshObjectsList (http://localhost:8181/static/js/app.js:12549:28)
    at http://localhost:8181/static/js/app.js:1293:9 @ http://localhost:8181/static/js/app.js:12552
[  806822ms] [ERROR] Failed to load resource: net::ERR_CONNECTION_REFUSED @ http://localhost:8181/api/version:0
[  810693ms] [ERROR] Failed to load resource: net::ERR_CONNECTION_REFUSED @ http://localhost:8181/api/recording/status:0
[  812821ms] [ERROR] Failed to load resource: net::ERR_CONNECTION_REFUSED @ http://localhost:8181/api/servers:0
[  812822ms] [ERROR] Error обновления списка объектов: TypeError: Failed to fetch
    at fetchServers (http://localhost:8181/static/js/app.js:12494:28)
    at fetchObjects (http://localhost:8181/static/js/app.js:12501:31)
    at refreshObjectsList (http://localhost:8181/static/js/app.js:12549:28)
    at http://localhost:8181/static/js/app.js:1293:9 @ http://localhost:8181/static/js/app.js:12552
[  815689ms] [ERROR] Failed to load resource: net::ERR_CONNECTION_REFUSED @ http://localhost:8181/api/recording/status:0
[  818826ms] [ERROR] Failed to load resource: net::ERR_CONNECTION_REFUSED @ http://localhost:8181/api/servers:0
[  818826ms] [ERROR] Error обновления списка объектов: TypeError: Failed to fetch
    at fetchServers (http://localhost:8181/static/js/app.js:12494:28)
    at fetchObjects (http://localhost:8181/static/js/app.js:12501:31)
    at refreshObjectsList (http://localhost:8181/static/js/app.js:12549:28)
    at http://localhost:8181/static/js/app.js:1293:9 @ http://localhost:8181/static/js/app.js:12552
[  820689ms] [ERROR] Failed to load resource: net::ERR_CONNECTION_REFUSED @ http://localhost:8181/api/recording/status:0
[  824823ms] [ERROR] Failed to load resource: net::ERR_CONNECTION_REFUSED @ http://localhost:8181/api/servers:0
[  824823ms] [ERROR] Error обновления списка объектов: TypeError: Failed to fetch
    at fetchServers (http://localhost:8181/static/js/app.js:12494:28)
    at fetchObjects (http://localhost:8181/static/js/app.js:12501:31)
    at refreshObjectsList (http://localhost:8181/static/js/app.js:12549:28)
    at http://localhost:8181/static/js/app.js:1293:9 @ http://localhost:8181/static/js/app.js:12552
[  825688ms] [ERROR] Failed to load resource: net::ERR_CONNECTION_REFUSED @ http://localhost:8181/api/recording/status:0
[  830688ms] [ERROR] Failed to load resource: net::ERR_CONNECTION_REFUSED @ http://localhost:8181/api/recording/status:0
[  830822ms] [ERROR] Failed to load resource: net::ERR_CONNECTION_REFUSED @ http://localhost:8181/api/servers:0
[  830822ms] [ERROR] Error обновления списка объектов: TypeError: Failed to fetch
    at fetchServers (http://localhost:8181/static/js/app.js:12494:28)
    at fetchObjects (http://localhost:8181/static/js/app.js:12501:31)
    at refreshObjectsList (http://localhost:8181/static/js/app.js:12549:28)
    at http://localhost:8181/static/js/app.js:1293:9 @ http://localhost:8181/static/js/app.js:12552
[  835694ms] [ERROR] Failed to load resource: net::ERR_CONNECTION_REFUSED @ http://localhost:8181/api/recording/status:0
[  836822ms] [ERROR] Failed to load resource: net::ERR_CONNECTION_REFUSED @ http://localhost:8181/api/servers:0
[  836822ms] [ERROR] Error обновления списка объектов: TypeError: Failed to fetch
    at fetchServers (http://localhost:8181/static/js/app.js:12494:28)
    at fetchObjects (http://localhost:8181/static/js/app.js:12501:31)
    at refreshObjectsList (http://localhost:8181/static/js/app.js:12549:28)
    at http://localhost:8181/static/js/app.js:1293:9 @ http://localhost:8181/static/js/app.js:12552
[  836823ms] [ERROR] Failed to load resource: net::ERR_CONNECTION_REFUSED @ http://localhost:8181/api/version:0
[  840693ms] [ERROR] Failed to load resource: net::ERR_CONNECTION_REFUSED @ http://localhost:8181/api/recording/status:0
[  842822ms] [ERROR] Failed to load resource: net::ERR_CONNECTION_REFUSED @ http://localhost:8181/api/servers:0
[  842822ms] [ERROR] Error обновления списка объектов: TypeError: Failed to fetch
    at fetchServers (http://localhost:8181/static/js/app.js:12494:28)
    at fetchObjects (http://localhost:8181/static/js/app.js:12501:31)
    at refreshObjectsList (http://localhost:8181/static/js/app.js:12549:28)
    at http://localhost:8181/static/js/app.js:1293:9 @ http://localhost:8181/static/js/app.js:12552
[  845689ms] [ERROR] Failed to load resource: net::ERR_CONNECTION_REFUSED @ http://localhost:8181/api/recording/status:0
[  848824ms] [ERROR] Failed to load resource: net::ERR_CONNECTION_REFUSED @ http://localhost:8181/api/servers:0
[  848824ms] [ERROR] Error обновления списка объектов: TypeError: Failed to fetch
    at fetchServers (http://localhost:8181/static/js/app.js:12494:28)
    at fetchObjects (http://localhost:8181/static/js/app.js:12501:31)
    at refreshObjectsList (http://localhost:8181/static/js/app.js:12549:28)
    at http://localhost:8181/static/js/app.js:1293:9 @ http://localhost:8181/static/js/app.js:12552
[  850688ms] [ERROR] Failed to load resource: net::ERR_CONNECTION_REFUSED @ http://localhost:8181/api/recording/status:0
[  854825ms] [ERROR] Failed to load resource: net::ERR_CONNECTION_REFUSED @ http://localhost:8181/api/servers:0
[  854825ms] [ERROR] Error обновления списка объектов: TypeError: Failed to fetch
    at fetchServers (http://localhost:8181/static/js/app.js:12494:28)
    at fetchObjects (http://localhost:8181/static/js/app.js:12501:31)
    at refreshObjectsList (http://localhost:8181/static/js/app.js:12549:28)
    at http://localhost:8181/static/js/app.js:1293:9 @ http://localhost:8181/static/js/app.js:12552
[  855687ms] [ERROR] Failed to load resource: net::ERR_CONNECTION_REFUSED @ http://localhost:8181/api/recording/status:0
[  860688ms] [ERROR] Failed to load resource: net::ERR_CONNECTION_REFUSED @ http://localhost:8181/api/recording/status:0
[  860822ms] [ERROR] Failed to load resource: net::ERR_CONNECTION_REFUSED @ http://localhost:8181/api/servers:0
[  860822ms] [ERROR] Error обновления списка объектов: TypeError: Failed to fetch
    at fetchServers (http://localhost:8181/static/js/app.js:12494:28)
    at fetchObjects (http://localhost:8181/static/js/app.js:12501:31)
    at refreshObjectsList (http://localhost:8181/static/js/app.js:12549:28)
    at http://localhost:8181/static/js/app.js:1293:9 @ http://localhost:8181/static/js/app.js:12552
[  865693ms] [ERROR] Failed to load resource: net::ERR_CONNECTION_REFUSED @ http://localhost:8181/api/recording/status:0
[  866821ms] [ERROR] Failed to load resource: net::ERR_CONNECTION_REFUSED @ http://localhost:8181/api/servers:0
[  866821ms] [ERROR] Error обновления списка объектов: TypeError: Failed to fetch
    at fetchServers (http://localhost:8181/static/js/app.js:12494:28)
    at fetchObjects (http://localhost:8181/static/js/app.js:12501:31)
    at refreshObjectsList (http://localhost:8181/static/js/app.js:12549:28)
    at http://localhost:8181/static/js/app.js:1293:9 @ http://localhost:8181/static/js/app.js:12552
[  866822ms] [ERROR] Failed to load resource: net::ERR_CONNECTION_REFUSED @ http://localhost:8181/api/version:0
[  870689ms] [ERROR] Failed to load resource: net::ERR_CONNECTION_REFUSED @ http://localhost:8181/api/recording/status:0
[  872821ms] [ERROR] Failed to load resource: net::ERR_CONNECTION_REFUSED @ http://localhost:8181/api/servers:0
[  872821ms] [ERROR] Error обновления списка объектов: TypeError: Failed to fetch
    at fetchServers (http://localhost:8181/static/js/app.js:12494:28)
    at fetchObjects (http://localhost:8181/static/js/app.js:12501:31)
    at refreshObjectsList (http://localhost:8181/static/js/app.js:12549:28)
    at http://localhost:8181/static/js/app.js:1293:9 @ http://localhost:8181/static/js/app.js:12552
[  875688ms] [ERROR] Failed to load resource: net::ERR_CONNECTION_REFUSED @ http://localhost:8181/api/recording/status:0
[  878825ms] [ERROR] Failed to load resource: net::ERR_CONNECTION_REFUSED @ http://localhost:8181/api/servers:0
[  878825ms] [ERROR] Error обновления списка объектов: TypeError: Failed to fetch
    at fetchServers (http://localhost:8181/static/js/app.js:12494:28)
    at fetchObjects (http://localhost:8181/static/js/app.js:12501:31)
    at refreshObjectsList (http://localhost:8181/static/js/app.js:12549:28)
    at http://localhost:8181/static/js/app.js:1293:9 @ http://localhost:8181/static/js/app.js:12552
[  880688ms] [ERROR] Failed to load resource: net::ERR_CONNECTION_REFUSED @ http://localhost:8181/api/recording/status:0
[  884822ms] [ERROR] Failed to load resource: net::ERR_CONNECTION_REFUSED @ http://localhost:8181/api/servers:0
[  884822ms] [ERROR] Error обновления списка объектов: TypeError: Failed to fetch
    at fetchServers (http://localhost:8181/static/js/app.js:12494:28)
    at fetchObjects (http://localhost:8181/static/js/app.js:12501:31)
    at refreshObjectsList (http://localhost:8181/static/js/app.js:12549:28)
    at http://localhost:8181/static/js/app.js:1293:9 @ http://localhost:8181/static/js/app.js:12552
[  885687ms] [ERROR] Failed to load resource: net::ERR_CONNECTION_REFUSED @ http://localhost:8181/api/recording/status:0
[  890688ms] [ERROR] Failed to load resource: net::ERR_CONNECTION_REFUSED @ http://localhost:8181/api/recording/status:0
[  890820ms] [ERROR] Failed to load resource: net::ERR_CONNECTION_REFUSED @ http://localhost:8181/api/servers:0
[  890820ms] [ERROR] Error обновления списка объектов: TypeError: Failed to fetch
    at fetchServers (http://localhost:8181/static/js/app.js:12494:28)
    at fetchObjects (http://localhost:8181/static/js/app.js:12501:31)
    at refreshObjectsList (http://localhost:8181/static/js/app.js:12549:28)
    at http://localhost:8181/static/js/app.js:1293:9 @ http://localhost:8181/static/js/app.js:12552
[  895690ms] [ERROR] Failed to load resource: net::ERR_CONNECTION_REFUSED @ http://localhost:8181/api/recording/status:0
[  896822ms] [ERROR] Failed to load resource: net::ERR_CONNECTION_REFUSED @ http://localhost:8181/api/servers:0
[  896822ms] [ERROR] Error обновления списка объектов: TypeError: Failed to fetch
    at fetchServers (http://localhost:8181/static/js/app.js:12494:28)
    at fetchObjects (http://localhost:8181/static/js/app.js:12501:31)
    at refreshObjectsList (http://localhost:8181/static/js/app.js:12549:28)
    at http://localhost:8181/static/js/app.js:1293:9 @ http://localhost:8181/static/js/app.js:12552
[  896823ms] [ERROR] Failed to load resource: net::ERR_CONNECTION_REFUSED @ http://localhost:8181/api/version:0
[  900692ms] [ERROR] Failed to load resource: net::ERR_CONNECTION_REFUSED @ http://localhost:8181/api/recording/status:0
[  902821ms] [ERROR] Failed to load resource: net::ERR_CONNECTION_REFUSED @ http://localhost:8181/api/servers:0
[  902821ms] [ERROR] Error обновления списка объектов: TypeError: Failed to fetch
    at fetchServers (http://localhost:8181/static/js/app.js:12494:28)
    at fetchObjects (http://localhost:8181/static/js/app.js:12501:31)
    at refreshObjectsList (http://localhost:8181/static/js/app.js:12549:28)
    at http://localhost:8181/static/js/app.js:1293:9 @ http://localhost:8181/static/js/app.js:12552
[  905687ms] [ERROR] Failed to load resource: net::ERR_CONNECTION_REFUSED @ http://localhost:8181/api/recording/status:0
[  908827ms] [ERROR] Failed to load resource: net::ERR_CONNECTION_REFUSED @ http://localhost:8181/api/servers:0
[  908827ms] [ERROR] Error обновления списка объектов: TypeError: Failed to fetch
    at fetchServers (http://localhost:8181/static/js/app.js:12494:28)
    at fetchObjects (http://localhost:8181/static/js/app.js:12501:31)
    at refreshObjectsList (http://localhost:8181/static/js/app.js:12549:28)
    at http://localhost:8181/static/js/app.js:1293:9 @ http://localhost:8181/static/js/app.js:12552
[  910687ms] [ERROR] Failed to load resource: net::ERR_CONNECTION_REFUSED @ http://localhost:8181/api/recording/status:0
[  914824ms] [ERROR] Failed to load resource: net::ERR_CONNECTION_REFUSED @ http://localhost:8181/api/servers:0
[  914824ms] [ERROR] Error обновления списка объектов: TypeError: Failed to fetch
    at fetchServers (http://localhost:8181/static/js/app.js:12494:28)
    at fetchObjects (http://localhost:8181/static/js/app.js:12501:31)
    at refreshObjectsList (http://localhost:8181/static/js/app.js:12549:28)
    at http://localhost:8181/static/js/app.js:1293:9 @ http://localhost:8181/static/js/app.js:12552
[  915687ms] [ERROR] Failed to load resource: net::ERR_CONNECTION_REFUSED @ http://localhost:8181/api/recording/status:0
[  920692ms] [ERROR] Failed to load resource: net::ERR_CONNECTION_REFUSED @ http://localhost:8181/api/recording/status:0
[  920822ms] [ERROR] Failed to load resource: net::ERR_CONNECTION_REFUSED @ http://localhost:8181/api/servers:0
[  920822ms] [ERROR] Error обновления списка объектов: TypeError: Failed to fetch
    at fetchServers (http://localhost:8181/static/js/app.js:12494:28)
    at fetchObjects (http://localhost:8181/static/js/app.js:12501:31)
    at refreshObjectsList (http://localhost:8181/static/js/app.js:12549:28)
    at http://localhost:8181/static/js/app.js:1293:9 @ http://localhost:8181/static/js/app.js:12552
[  925693ms] [ERROR] Failed to load resource: net::ERR_CONNECTION_REFUSED @ http://localhost:8181/api/recording/status:0
[  926821ms] [ERROR] Failed to load resource: net::ERR_CONNECTION_REFUSED @ http://localhost:8181/api/servers:0
[  926821ms] [ERROR] Error обновления списка объектов: TypeError: Failed to fetch
    at fetchServers (http://localhost:8181/static/js/app.js:12494:28)
    at fetchObjects (http://localhost:8181/static/js/app.js:12501:31)
    at refreshObjectsList (http://localhost:8181/static/js/app.js:12549:28)
    at http://localhost:8181/static/js/app.js:1293:9 @ http://localhost:8181/static/js/app.js:12552
[  926821ms] [ERROR] Failed to load resource: net::ERR_CONNECTION_REFUSED @ http://localhost:8181/api/version:0
[  930692ms] [ERROR] Failed to load resource: net::ERR_CONNECTION_REFUSED @ http://localhost:8181/api/recording/status:0
[  932822ms] [ERROR] Failed to load resource: net::ERR_CONNECTION_REFUSED @ http://localhost:8181/api/servers:0
[  932822ms] [ERROR] Error обновления списка объектов: TypeError: Failed to fetch
    at fetchServers (http://localhost:8181/static/js/app.js:12494:28)
    at fetchObjects (http://localhost:8181/static/js/app.js:12501:31)
    at refreshObjectsList (http://localhost:8181/static/js/app.js:12549:28)
    at http://localhost:8181/static/js/app.js:1293:9 @ http://localhost:8181/static/js/app.js:12552
[  935688ms] [ERROR] Failed to load resource: net::ERR_CONNECTION_REFUSED @ http://localhost:8181/api/recording/status:0
[  938826ms] [ERROR] Failed to load resource: net::ERR_CONNECTION_REFUSED @ http://localhost:8181/api/servers:0
[  938826ms] [ERROR] Error обновления списка объектов: TypeError: Failed to fetch
    at fetchServers (http://localhost:8181/static/js/app.js:12494:28)
    at fetchObjects (http://localhost:8181/static/js/app.js:12501:31)
    at refreshObjectsList (http://localhost:8181/static/js/app.js:12549:28)
    at http://localhost:8181/static/js/app.js:1293:9 @ http://localhost:8181/static/js/app.js:12552
[  940687ms] [ERROR] Failed to load resource: net::ERR_CONNECTION_REFUSED @ http://localhost:8181/api/recording/status:0
[  944826ms] [ERROR] Failed to load resource: net::ERR_CONNECTION_REFUSED @ http://localhost:8181/api/servers:0
[  944826ms] [ERROR] Error обновления списка объектов: TypeError: Failed to fetch
    at fetchServers (http://localhost:8181/static/js/app.js:12494:28)
    at fetchObjects (http://localhost:8181/static/js/app.js:12501:31)
    at refreshObjectsList (http://localhost:8181/static/js/app.js:12549:28)
    at http://localhost:8181/static/js/app.js:1293:9 @ http://localhost:8181/static/js/app.js:12552
[  945687ms] [ERROR] Failed to load resource: net::ERR_CONNECTION_REFUSED @ http://localhost:8181/api/recording/status:0
[  950691ms] [ERROR] Failed to load resource: net::ERR_CONNECTION_REFUSED @ http://localhost:8181/api/recording/status:0
[  950821ms] [ERROR] Failed to load resource: net::ERR_CONNECTION_REFUSED @ http://localhost:8181/api/servers:0
[  950821ms] [ERROR] Error обновления списка объектов: TypeError: Failed to fetch
    at fetchServers (http://localhost:8181/static/js/app.js:12494:28)
    at fetchObjects (http://localhost:8181/static/js/app.js:12501:31)
    at refreshObjectsList (http://localhost:8181/static/js/app.js:12549:28)
    at http://localhost:8181/static/js/app.js:1293:9 @ http://localhost:8181/static/js/app.js:12552
[  955690ms] [ERROR] Failed to load resource: net::ERR_CONNECTION_REFUSED @ http://localhost:8181/api/recording/status:0
[  956821ms] [ERROR] Failed to load resource: net::ERR_CONNECTION_REFUSED @ http://localhost:8181/api/servers:0
[  956821ms] [ERROR] Error обновления списка объектов: TypeError: Failed to fetch
    at fetchServers (http://localhost:8181/static/js/app.js:12494:28)
    at fetchObjects (http://localhost:8181/static/js/app.js:12501:31)
    at refreshObjectsList (http://localhost:8181/static/js/app.js:12549:28)
    at http://localhost:8181/static/js/app.js:1293:9 @ http://localhost:8181/static/js/app.js:12552
[  956821ms] [ERROR] Failed to load resource: net::ERR_CONNECTION_REFUSED @ http://localhost:8181/api/version:0
[  960692ms] [ERROR] Failed to load resource: net::ERR_CONNECTION_REFUSED @ http://localhost:8181/api/recording/status:0
[  962822ms] [ERROR] Failed to load resource: net::ERR_CONNECTION_REFUSED @ http://localhost:8181/api/servers:0
[  962822ms] [ERROR] Error обновления списка объектов: TypeError: Failed to fetch
    at fetchServers (http://localhost:8181/static/js/app.js:12494:28)
    at fetchObjects (http://localhost:8181/static/js/app.js:12501:31)
    at refreshObjectsList (http://localhost:8181/static/js/app.js:12549:28)
    at http://localhost:8181/static/js/app.js:1293:9 @ http://localhost:8181/static/js/app.js:12552
[  965690ms] [ERROR] Failed to load resource: net::ERR_CONNECTION_REFUSED @ http://localhost:8181/api/recording/status:0
[  968823ms] [ERROR] Failed to load resource: net::ERR_CONNECTION_REFUSED @ http://localhost:8181/api/servers:0
[  968823ms] [ERROR] Error обновления списка объектов: TypeError: Failed to fetch
    at fetchServers (http://localhost:8181/static/js/app.js:12494:28)
    at fetchObjects (http://localhost:8181/static/js/app.js:12501:31)
    at refreshObjectsList (http://localhost:8181/static/js/app.js:12549:28)
    at http://localhost:8181/static/js/app.js:1293:9 @ http://localhost:8181/static/js/app.js:12552
[  970689ms] [ERROR] Failed to load resource: net::ERR_CONNECTION_REFUSED @ http://localhost:8181/api/recording/status:0
[  974824ms] [ERROR] Failed to load resource: net::ERR_CONNECTION_REFUSED @ http://localhost:8181/api/servers:0
[  974824ms] [ERROR] Error обновления списка объектов: TypeError: Failed to fetch
    at fetchServers (http://localhost:8181/static/js/app.js:12494:28)
    at fetchObjects (http://localhost:8181/static/js/app.js:12501:31)
    at refreshObjectsList (http://localhost:8181/static/js/app.js:12549:28)
    at http://localhost:8181/static/js/app.js:1293:9 @ http://localhost:8181/static/js/app.js:12552
[  975689ms] [ERROR] Failed to load resource: net::ERR_CONNECTION_REFUSED @ http://localhost:8181/api/recording/status:0
[  980692ms] [ERROR] Failed to load resource: net::ERR_CONNECTION_REFUSED @ http://localhost:8181/api/recording/status:0
[  980821ms] [ERROR] Failed to load resource: net::ERR_CONNECTION_REFUSED @ http://localhost:8181/api/servers:0
[  980821ms] [ERROR] Error обновления списка объектов: TypeError: Failed to fetch
    at fetchServers (http://localhost:8181/static/js/app.js:12494:28)
    at fetchObjects (http://localhost:8181/static/js/app.js:12501:31)
    at refreshObjectsList (http://localhost:8181/static/js/app.js:12549:28)
    at http://localhost:8181/static/js/app.js:1293:9 @ http://localhost:8181/static/js/app.js:12552
[  985689ms] [ERROR] Failed to load resource: net::ERR_CONNECTION_REFUSED @ http://localhost:8181/api/recording/status:0
[  986824ms] [ERROR] Failed to load resource: net::ERR_CONNECTION_REFUSED @ http://localhost:8181/api/servers:0
[  986824ms] [ERROR] Error обновления списка объектов: TypeError: Failed to fetch
    at fetchServers (http://localhost:8181/static/js/app.js:12494:28)
    at fetchObjects (http://localhost:8181/static/js/app.js:12501:31)
    at refreshObjectsList (http://localhost:8181/static/js/app.js:12549:28)
    at http://localhost:8181/static/js/app.js:1293:9 @ http://localhost:8181/static/js/app.js:12552
[  986825ms] [ERROR] Failed to load resource: net::ERR_CONNECTION_REFUSED @ http://localhost:8181/api/version:0
[  990693ms] [ERROR] Failed to load resource: net::ERR_CONNECTION_REFUSED @ http://localhost:8181/api/recording/status:0
[  992823ms] [ERROR] Failed to load resource: net::ERR_CONNECTION_REFUSED @ http://localhost:8181/api/servers:0
[  992823ms] [ERROR] Error обновления списка объектов: TypeError: Failed to fetch
    at fetchServers (http://localhost:8181/static/js/app.js:12494:28)
    at fetchObjects (http://localhost:8181/static/js/app.js:12501:31)
    at refreshObjectsList (http://localhost:8181/static/js/app.js:12549:28)
    at http://localhost:8181/static/js/app.js:1293:9 @ http://localhost:8181/static/js/app.js:12552
[  995687ms] [ERROR] Failed to load resource: net::ERR_CONNECTION_REFUSED @ http://localhost:8181/api/recording/status:0
[  998825ms] [ERROR] Failed to load resource: net::ERR_CONNECTION_REFUSED @ http://localhost:8181/api/servers:0
[  998825ms] [ERROR] Error обновления списка объектов: TypeError: Failed to fetch
    at fetchServers (http://localhost:8181/static/js/app.js:12494:28)
    at fetchObjects (http://localhost:8181/static/js/app.js:12501:31)
    at refreshObjectsList (http://localhost:8181/static/js/app.js:12549:28)
    at http://localhost:8181/static/js/app.js:1293:9 @ http://localhost:8181/static/js/app.js:12552
[ 1000688ms] [ERROR] Failed to load resource: net::ERR_CONNECTION_REFUSED @ http://localhost:8181/api/recording/status:0
[ 1004827ms] [ERROR] Failed to load resource: net::ERR_CONNECTION_REFUSED @ http://localhost:8181/api/servers:0
[ 1004827ms] [ERROR] Error обновления списка объектов: TypeError: Failed to fetch
    at fetchServers (http://localhost:8181/static/js/app.js:12494:28)
    at fetchObjects (http://localhost:8181/static/js/app.js:12501:31)
    at refreshObjectsList (http://localhost:8181/static/js/app.js:12549:28)
    at http://localhost:8181/static/js/app.js:1293:9 @ http://localhost:8181/static/js/app.js:12552
[ 1005687ms] [ERROR] Failed to load resource: net::ERR_CONNECTION_REFUSED @ http://localhost:8181/api/recording/status:0
[ 1010690ms] [ERROR] Failed to load resource: net::ERR_CONNECTION_REFUSED @ http://localhost:8181/api/recording/status:0
[ 1010822ms] [ERROR] Failed to load resource: net::ERR_CONNECTION_REFUSED @ http://localhost:8181/api/servers:0
[ 1010822ms] [ERROR] Error обновления списка объектов: TypeError: Failed to fetch
    at fetchServers (http://localhost:8181/static/js/app.js:12494:28)
    at fetchObjects (http://localhost:8181/static/js/app.js:12501:31)
    at refreshObjectsList (http://localhost:8181/static/js/app.js:12549:28)
    at http://localhost:8181/static/js/app.js:1293:9 @ http://localhost:8181/static/js/app.js:12552
[ 1015711ms] [ERROR] Failed to load resource: net::ERR_CONNECTION_REFUSED @ http://localhost:8181/api/recording/status:0
[ 1016821ms] [ERROR] Failed to load resource: net::ERR_CONNECTION_REFUSED @ http://localhost:8181/api/servers:0
[ 1016821ms] [ERROR] Error обновления списка объектов: TypeError: Failed to fetch
    at fetchServers (http://localhost:8181/static/js/app.js:12494:28)
    at fetchObjects (http://localhost:8181/static/js/app.js:12501:31)
    at refreshObjectsList (http://localhost:8181/static/js/app.js:12549:28)
    at http://localhost:8181/static/js/app.js:1293:9 @ http://localhost:8181/static/js/app.js:12552
[ 1016821ms] [ERROR] Failed to load resource: net::ERR_CONNECTION_REFUSED @ http://localhost:8181/api/version:0
[ 1020693ms] [ERROR] Failed to load resource: net::ERR_CONNECTION_REFUSED @ http://localhost:8181/api/recording/status:0
[ 1022823ms] [ERROR] Failed to load resource: net::ERR_CONNECTION_REFUSED @ http://localhost:8181/api/servers:0
[ 1022823ms] [ERROR] Error обновления списка объектов: TypeError: Failed to fetch
    at fetchServers (http://localhost:8181/static/js/app.js:12494:28)
    at fetchObjects (http://localhost:8181/static/js/app.js:12501:31)
    at refreshObjectsList (http://localhost:8181/static/js/app.js:12549:28)
    at http://localhost:8181/static/js/app.js:1293:9 @ http://localhost:8181/static/js/app.js:12552
[ 1025688ms] [ERROR] Failed to load resource: net::ERR_CONNECTION_REFUSED @ http://localhost:8181/api/recording/status:0
[ 1028827ms] [ERROR] Failed to load resource: net::ERR_CONNECTION_REFUSED @ http://localhost:8181/api/servers:0
[ 1028827ms] [ERROR] Error обновления списка объектов: TypeError: Failed to fetch
    at fetchServers (http://localhost:8181/static/js/app.js:12494:28)
    at fetchObjects (http://localhost:8181/static/js/app.js:12501:31)
    at refreshObjectsList (http://localhost:8181/static/js/app.js:12549:28)
    at http://localhost:8181/static/js/app.js:1293:9 @ http://localhost:8181/static/js/app.js:12552
[ 1030688ms] [ERROR] Failed to load resource: net::ERR_CONNECTION_REFUSED @ http://localhost:8181/api/recording/status:0
[ 1034826ms] [ERROR] Failed to load resource: net::ERR_CONNECTION_REFUSED @ http://localhost:8181/api/servers:0
[ 1034826ms] [ERROR] Error обновления списка объектов: TypeError: Failed to fetch
    at fetchServers (http://localhost:8181/static/js/app.js:12494:28)
    at fetchObjects (http://localhost:8181/static/js/app.js:12501:31)
    at refreshObjectsList (http://localhost:8181/static/js/app.js:12549:28)
    at http://localhost:8181/static/js/app.js:1293:9 @ http://localhost:8181/static/js/app.js:12552
[ 1035688ms] [ERROR] Failed to load resource: net::ERR_CONNECTION_REFUSED @ http://localhost:8181/api/recording/status:0
[ 1040692ms] [ERROR] Failed to load resource: net::ERR_CONNECTION_REFUSED @ http://localhost:8181/api/recording/status:0
[ 1040820ms] [ERROR] Failed to load resource: net::ERR_CONNECTION_REFUSED @ http://localhost:8181/api/servers:0
[ 1040820ms] [ERROR] Error обновления списка объектов: TypeError: Failed to fetch
    at fetchServers (http://localhost:8181/static/js/app.js:12494:28)
    at fetchObjects (http://localhost:8181/static/js/app.js:12501:31)
    at refreshObjectsList (http://localhost:8181/static/js/app.js:12549:28)
    at http://localhost:8181/static/js/app.js:1293:9 @ http://localhost:8181/static/js/app.js:12552
[ 1045691ms] [ERROR] Failed to load resource: net::ERR_CONNECTION_REFUSED @ http://localhost:8181/api/recording/status:0
[ 1046822ms] [ERROR] Failed to load resource: net::ERR_CONNECTION_REFUSED @ http://localhost:8181/api/servers:0
[ 1046822ms] [ERROR] Error обновления списка объектов: TypeError: Failed to fetch
    at fetchServers (http://localhost:8181/static/js/app.js:12494:28)
    at fetchObjects (http://localhost:8181/static/js/app.js:12501:31)
    at refreshObjectsList (http://localhost:8181/static/js/app.js:12549:28)
    at http://localhost:8181/static/js/app.js:1293:9 @ http://localhost:8181/static/js/app.js:12552
[ 1046823ms] [ERROR] Failed to load resource: net::ERR_CONNECTION_REFUSED @ http://localhost:8181/api/version:0
[ 1050688ms] [ERROR] Failed to load resource: net::ERR_CONNECTION_REFUSED @ http://localhost:8181/api/recording/status:0
[ 1052821ms] [ERROR] Failed to load resource: net::ERR_CONNECTION_REFUSED @ http://localhost:8181/api/servers:0
[ 1052821ms] [ERROR] Error обновления списка объектов: TypeError: Failed to fetch
    at fetchServers (http://localhost:8181/static/js/app.js:12494:28)
    at fetchObjects (http://localhost:8181/static/js/app.js:12501:31)
    at refreshObjectsList (http://localhost:8181/static/js/app.js:12549:28)
    at http://localhost:8181/static/js/app.js:1293:9 @ http://localhost:8181/static/js/app.js:12552
[ 1055689ms] [ERROR] Failed to load resource: net::ERR_CONNECTION_REFUSED @ http://localhost:8181/api/recording/status:0
[ 1058822ms] [ERROR] Failed to load resource: net::ERR_CONNECTION_REFUSED @ http://localhost:8181/api/servers:0
[ 1058822ms] [ERROR] Error обновления списка объектов: TypeError: Failed to fetch
    at fetchServers (http://localhost:8181/static/js/app.js:12494:28)
    at fetchObjects (http://localhost:8181/static/js/app.js:12501:31)
    at refreshObjectsList (http://localhost:8181/static/js/app.js:12549:28)
    at http://localhost:8181/static/js/app.js:1293:9 @ http://localhost:8181/static/js/app.js:12552
[ 1060688ms] [ERROR] Failed to load resource: net::ERR_CONNECTION_REFUSED @ http://localhost:8181/api/recording/status:0
[ 1064824ms] [ERROR] Failed to load resource: net::ERR_CONNECTION_REFUSED @ http://localhost:8181/api/servers:0
[ 1064824ms] [ERROR] Error обновления списка объектов: TypeError: Failed to fetch
    at fetchServers (http://localhost:8181/static/js/app.js:12494:28)
    at fetchObjects (http://localhost:8181/static/js/app.js:12501:31)
    at refreshObjectsList (http://localhost:8181/static/js/app.js:12549:28)
    at http://localhost:8181/static/js/app.js:1293:9 @ http://localhost:8181/static/js/app.js:12552
[ 1065687ms] [ERROR] Failed to load resource: net::ERR_CONNECTION_REFUSED @ http://localhost:8181/api/recording/status:0
[ 1070690ms] [ERROR] Failed to load resource: net::ERR_CONNECTION_REFUSED @ http://localhost:8181/api/recording/status:0
[ 1070820ms] [ERROR] Failed to load resource: net::ERR_CONNECTION_REFUSED @ http://localhost:8181/api/servers:0
[ 1070820ms] [ERROR] Error обновления списка объектов: TypeError: Failed to fetch
    at fetchServers (http://localhost:8181/static/js/app.js:12494:28)
    at fetchObjects (http://localhost:8181/static/js/app.js:12501:31)
    at refreshObjectsList (http://localhost:8181/static/js/app.js:12549:28)
    at http://localhost:8181/static/js/app.js:1293:9 @ http://localhost:8181/static/js/app.js:12552
[ 1075693ms] [ERROR] Failed to load resource: net::ERR_CONNECTION_REFUSED @ http://localhost:8181/api/recording/status:0
[ 1076821ms] [ERROR] Failed to load resource: net::ERR_CONNECTION_REFUSED @ http://localhost:8181/api/servers:0
[ 1076821ms] [ERROR] Error обновления списка объектов: TypeError: Failed to fetch
    at fetchServers (http://localhost:8181/static/js/app.js:12494:28)
    at fetchObjects (http://localhost:8181/static/js/app.js:12501:31)
    at refreshObjectsList (http://localhost:8181/static/js/app.js:12549:28)
    at http://localhost:8181/static/js/app.js:1293:9 @ http://localhost:8181/static/js/app.js:12552
[ 1076821ms] [ERROR] Failed to load resource: net::ERR_CONNECTION_REFUSED @ http://localhost:8181/api/version:0
[ 1080690ms] [ERROR] Failed to load resource: net::ERR_CONNECTION_REFUSED @ http://localhost:8181/api/recording/status:0
[ 1082823ms] [ERROR] Failed to load resource: net::ERR_CONNECTION_REFUSED @ http://localhost:8181/api/servers:0
[ 1082823ms] [ERROR] Error обновления списка объектов: TypeError: Failed to fetch
    at fetchServers (http://localhost:8181/static/js/app.js:12494:28)
    at fetchObjects (http://localhost:8181/static/js/app.js:12501:31)
    at refreshObjectsList (http://localhost:8181/static/js/app.js:12549:28)
    at http://localhost:8181/static/js/app.js:1293:9 @ http://localhost:8181/static/js/app.js:12552
[ 1085688ms] [ERROR] Failed to load resource: net::ERR_CONNECTION_REFUSED @ http://localhost:8181/api/recording/status:0
[ 1088822ms] [ERROR] Failed to load resource: net::ERR_CONNECTION_REFUSED @ http://localhost:8181/api/servers:0
[ 1088822ms] [ERROR] Error обновления списка объектов: TypeError: Failed to fetch
    at fetchServers (http://localhost:8181/static/js/app.js:12494:28)
    at fetchObjects (http://localhost:8181/static/js/app.js:12501:31)
    at refreshObjectsList (http://localhost:8181/static/js/app.js:12549:28)
    at http://localhost:8181/static/js/app.js:1293:9 @ http://localhost:8181/static/js/app.js:12552
[ 1090687ms] [ERROR] Failed to load resource: net::ERR_CONNECTION_REFUSED @ http://localhost:8181/api/recording/status:0
[ 1094826ms] [ERROR] Failed to load resource: net::ERR_CONNECTION_REFUSED @ http://localhost:8181/api/servers:0
[ 1094826ms] [ERROR] Error обновления списка объектов: TypeError: Failed to fetch
    at fetchServers (http://localhost:8181/static/js/app.js:12494:28)
    at fetchObjects (http://localhost:8181/static/js/app.js:12501:31)
    at refreshObjectsList (http://localhost:8181/static/js/app.js:12549:28)
    at http://localhost:8181/static/js/app.js:1293:9 @ http://localhost:8181/static/js/app.js:12552
[ 1095686ms] [ERROR] Failed to load resource: net::ERR_CONNECTION_REFUSED @ http://localhost:8181/api/recording/status:0
[ 1100691ms] [ERROR] Failed to load resource: net::ERR_CONNECTION_REFUSED @ http://localhost:8181/api/recording/status:0
[ 1100821ms] [ERROR] Failed to load resource: net::ERR_CONNECTION_REFUSED @ http://localhost:8181/api/servers:0
[ 1100822ms] [ERROR] Error обновления списка объектов: TypeError: Failed to fetch
    at fetchServers (http://localhost:8181/static/js/app.js:12494:28)
    at fetchObjects (http://localhost:8181/static/js/app.js:12501:31)
    at refreshObjectsList (http://localhost:8181/static/js/app.js:12549:28)
    at http://localhost:8181/static/js/app.js:1293:9 @ http://localhost:8181/static/js/app.js:12552
[ 1105694ms] [ERROR] Failed to load resource: net::ERR_CONNECTION_REFUSED @ http://localhost:8181/api/recording/status:0
[ 1106821ms] [ERROR] Failed to load resource: net::ERR_CONNECTION_REFUSED @ http://localhost:8181/api/servers:0
[ 1106821ms] [ERROR] Error обновления списка объектов: TypeError: Failed to fetch
    at fetchServers (http://localhost:8181/static/js/app.js:12494:28)
    at fetchObjects (http://localhost:8181/static/js/app.js:12501:31)
    at refreshObjectsList (http://localhost:8181/static/js/app.js:12549:28)
    at http://localhost:8181/static/js/app.js:1293:9 @ http://localhost:8181/static/js/app.js:12552
[ 1106821ms] [ERROR] Failed to load resource: net::ERR_CONNECTION_REFUSED @ http://localhost:8181/api/version:0
[ 1110693ms] [ERROR] Failed to load resource: net::ERR_CONNECTION_REFUSED @ http://localhost:8181/api/recording/status:0
[ 1112821ms] [ERROR] Failed to load resource: net::ERR_CONNECTION_REFUSED @ http://localhost:8181/api/servers:0
[ 1112821ms] [ERROR] Error обновления списка объектов: TypeError: Failed to fetch
    at fetchServers (http://localhost:8181/static/js/app.js:12494:28)
    at fetchObjects (http://localhost:8181/static/js/app.js:12501:31)
    at refreshObjectsList (http://localhost:8181/static/js/app.js:12549:28)
    at http://localhost:8181/static/js/app.js:1293:9 @ http://localhost:8181/static/js/app.js:12552
[ 1115688ms] [ERROR] Failed to load resource: net::ERR_CONNECTION_REFUSED @ http://localhost:8181/api/recording/status:0
[ 1118824ms] [ERROR] Failed to load resource: net::ERR_CONNECTION_REFUSED @ http://localhost:8181/api/servers:0
[ 1118824ms] [ERROR] Error обновления списка объектов: TypeError: Failed to fetch
    at fetchServers (http://localhost:8181/static/js/app.js:12494:28)
    at fetchObjects (http://localhost:8181/static/js/app.js:12501:31)
    at refreshObjectsList (http://localhost:8181/static/js/app.js:12549:28)
    at http://localhost:8181/static/js/app.js:1293:9 @ http://localhost:8181/static/js/app.js:12552
[ 1120687ms] [ERROR] Failed to load resource: net::ERR_CONNECTION_REFUSED @ http://localhost:8181/api/recording/status:0
[ 1124824ms] [ERROR] Failed to load resource: net::ERR_CONNECTION_REFUSED @ http://localhost:8181/api/servers:0
[ 1124824ms] [ERROR] Error обновления списка объектов: TypeError: Failed to fetch
    at fetchServers (http://localhost:8181/static/js/app.js:12494:28)
    at fetchObjects (http://localhost:8181/static/js/app.js:12501:31)
    at refreshObjectsList (http://localhost:8181/static/js/app.js:12549:28)
    at http://localhost:8181/static/js/app.js:1293:9 @ http://localhost:8181/static/js/app.js:12552
[ 1125688ms] [ERROR] Failed to load resource: net::ERR_CONNECTION_REFUSED @ http://localhost:8181/api/recording/status:0
[ 1130690ms] [ERROR] Failed to load resource: net::ERR_CONNECTION_REFUSED @ http://localhost:8181/api/recording/status:0
[ 1130821ms] [ERROR] Failed to load resource: net::ERR_CONNECTION_REFUSED @ http://localhost:8181/api/servers:0
[ 1130821ms] [ERROR] Error обновления списка объектов: TypeError: Failed to fetch
    at fetchServers (http://localhost:8181/static/js/app.js:12494:28)
    at fetchObjects (http://localhost:8181/static/js/app.js:12501:31)
    at refreshObjectsList (http://localhost:8181/static/js/app.js:12549:28)
    at http://localhost:8181/static/js/app.js:1293:9 @ http://localhost:8181/static/js/app.js:12552
[ 1135693ms] [ERROR] Failed to load resource: net::ERR_CONNECTION_REFUSED @ http://localhost:8181/api/recording/status:0
[ 1136821ms] [ERROR] Failed to load resource: net::ERR_CONNECTION_REFUSED @ http://localhost:8181/api/servers:0
[ 1136821ms] [ERROR] Error обновления списка объектов: TypeError: Failed to fetch
    at fetchServers (http://localhost:8181/static/js/app.js:12494:28)
    at fetchObjects (http://localhost:8181/static/js/app.js:12501:31)
    at refreshObjectsList (http://localhost:8181/static/js/app.js:12549:28)
    at http://localhost:8181/static/js/app.js:1293:9 @ http://localhost:8181/static/js/app.js:12552
[ 1136822ms] [ERROR] Failed to load resource: net::ERR_CONNECTION_REFUSED @ http://localhost:8181/api/version:0
[ 1140689ms] [ERROR] Failed to load resource: net::ERR_CONNECTION_REFUSED @ http://localhost:8181/api/recording/status:0
[ 1142821ms] [ERROR] Failed to load resource: net::ERR_CONNECTION_REFUSED @ http://localhost:8181/api/servers:0
[ 1142821ms] [ERROR] Error обновления списка объектов: TypeError: Failed to fetch
    at fetchServers (http://localhost:8181/static/js/app.js:12494:28)
    at fetchObjects (http://localhost:8181/static/js/app.js:12501:31)
    at refreshObjectsList (http://localhost:8181/static/js/app.js:12549:28)
    at http://localhost:8181/static/js/app.js:1293:9 @ http://localhost:8181/static/js/app.js:12552
[ 1145687ms] [ERROR] Failed to load resource: net::ERR_CONNECTION_REFUSED @ http://localhost:8181/api/recording/status:0
[ 1148822ms] [ERROR] Failed to load resource: net::ERR_CONNECTION_REFUSED @ http://localhost:8181/api/servers:0
[ 1148822ms] [ERROR] Error обновления списка объектов: TypeError: Failed to fetch
    at fetchServers (http://localhost:8181/static/js/app.js:12494:28)
    at fetchObjects (http://localhost:8181/static/js/app.js:12501:31)
    at refreshObjectsList (http://localhost:8181/static/js/app.js:12549:28)
    at http://localhost:8181/static/js/app.js:1293:9 @ http://localhost:8181/static/js/app.js:12552
[ 1150688ms] [ERROR] Failed to load resource: net::ERR_CONNECTION_REFUSED @ http://localhost:8181/api/recording/status:0
[ 1154825ms] [ERROR] Failed to load resource: net::ERR_CONNECTION_REFUSED @ http://localhost:8181/api/servers:0
[ 1154825ms] [ERROR] Error обновления списка объектов: TypeError: Failed to fetch
    at fetchServers (http://localhost:8181/static/js/app.js:12494:28)
    at fetchObjects (http://localhost:8181/static/js/app.js:12501:31)
    at refreshObjectsList (http://localhost:8181/static/js/app.js:12549:28)
    at http://localhost:8181/static/js/app.js:1293:9 @ http://localhost:8181/static/js/app.js:12552
[ 1155687ms] [ERROR] Failed to load resource: net::ERR_CONNECTION_REFUSED @ http://localhost:8181/api/recording/status:0
[ 1160692ms] [ERROR] Failed to load resource: net::ERR_CONNECTION_REFUSED @ http://localhost:8181/api/recording/status:0
[ 1160822ms] [ERROR] Failed to load resource: net::ERR_CONNECTION_REFUSED @ http://localhost:8181/api/servers:0
[ 1160823ms] [ERROR] Error обновления списка объектов: TypeError: Failed to fetch
    at fetchServers (http://localhost:8181/static/js/app.js:12494:28)
    at fetchObjects (http://localhost:8181/static/js/app.js:12501:31)
    at refreshObjectsList (http://localhost:8181/static/js/app.js:12549:28)
    at http://localhost:8181/static/js/app.js:1293:9 @ http://localhost:8181/static/js/app.js:12552
[ 1165690ms] [ERROR] Failed to load resource: net::ERR_CONNECTION_REFUSED @ http://localhost:8181/api/recording/status:0
[ 1166823ms] [ERROR] Failed to load resource: net::ERR_CONNECTION_REFUSED @ http://localhost:8181/api/servers:0
[ 1166823ms] [ERROR] Error обновления списка объектов: TypeError: Failed to fetch
    at fetchServers (http://localhost:8181/static/js/app.js:12494:28)
    at fetchObjects (http://localhost:8181/static/js/app.js:12501:31)
    at refreshObjectsList (http://localhost:8181/static/js/app.js:12549:28)
    at http://localhost:8181/static/js/app.js:1293:9 @ http://localhost:8181/static/js/app.js:12552
[ 1166823ms] [ERROR] Failed to load resource: net::ERR_CONNECTION_REFUSED @ http://localhost:8181/api/version:0
[ 1170692ms] [ERROR] Failed to load resource: net::ERR_CONNECTION_REFUSED @ http://localhost:8181/api/recording/status:0
[ 1172820ms] [ERROR] Failed to load resource: net::ERR_CONNECTION_REFUSED @ http://localhost:8181/api/servers:0
[ 1172820ms] [ERROR] Error обновления списка объектов: TypeError: Failed to fetch
    at fetchServers (http://localhost:8181/static/js/app.js:12494:28)
    at fetchObjects (http://localhost:8181/static/js/app.js:12501:31)
    at refreshObjectsList (http://localhost:8181/static/js/app.js:12549:28)
    at http://localhost:8181/static/js/app.js:1293:9 @ http://localhost:8181/static/js/app.js:12552
[ 1175688ms] [ERROR] Failed to load resource: net::ERR_CONNECTION_REFUSED @ http://localhost:8181/api/recording/status:0
[ 1178826ms] [ERROR] Failed to load resource: net::ERR_CONNECTION_REFUSED @ http://localhost:8181/api/servers:0
[ 1178826ms] [ERROR] Error обновления списка объектов: TypeError: Failed to fetch
    at fetchServers (http://localhost:8181/static/js/app.js:12494:28)
    at fetchObjects (http://localhost:8181/static/js/app.js:12501:31)
    at refreshObjectsList (http://localhost:8181/static/js/app.js:12549:28)
    at http://localhost:8181/static/js/app.js:1293:9 @ http://localhost:8181/static/js/app.js:12552
[ 1180688ms] [ERROR] Failed to load resource: net::ERR_CONNECTION_REFUSED @ http://localhost:8181/api/recording/status:0
[ 1184825ms] [ERROR] Failed to load resource: net::ERR_CONNECTION_REFUSED @ http://localhost:8181/api/servers:0
[ 1184825ms] [ERROR] Error обновления списка объектов: TypeError: Failed to fetch
    at fetchServers (http://localhost:8181/static/js/app.js:12494:28)
    at fetchObjects (http://localhost:8181/static/js/app.js:12501:31)
    at refreshObjectsList (http://localhost:8181/static/js/app.js:12549:28)
    at http://localhost:8181/static/js/app.js:1293:9 @ http://localhost:8181/static/js/app.js:12552
[ 1185687ms] [ERROR] Failed to load resource: net::ERR_CONNECTION_REFUSED @ http://localhost:8181/api/recording/status:0
[ 1190690ms] [ERROR] Failed to load resource: net::ERR_CONNECTION_REFUSED @ http://localhost:8181/api/recording/status:0
[ 1190821ms] [ERROR] Failed to load resource: net::ERR_CONNECTION_REFUSED @ http://localhost:8181/api/servers:0
[ 1190821ms] [ERROR] Error обновления списка объектов: TypeError: Failed to fetch
    at fetchServers (http://localhost:8181/static/js/app.js:12494:28)
    at fetchObjects (http://localhost:8181/static/js/app.js:12501:31)
    at refreshObjectsList (http://localhost:8181/static/js/app.js:12549:28)
    at http://localhost:8181/static/js/app.js:1293:9 @ http://localhost:8181/static/js/app.js:12552
[ 1195689ms] [ERROR] Failed to load resource: net::ERR_CONNECTION_REFUSED @ http://localhost:8181/api/recording/status:0
[ 1196821ms] [ERROR] Failed to load resource: net::ERR_CONNECTION_REFUSED @ http://localhost:8181/api/servers:0
[ 1196821ms] [ERROR] Error обновления списка объектов: TypeError: Failed to fetch
    at fetchServers (http://localhost:8181/static/js/app.js:12494:28)
    at fetchObjects (http://localhost:8181/static/js/app.js:12501:31)
    at refreshObjectsList (http://localhost:8181/static/js/app.js:12549:28)
    at http://localhost:8181/static/js/app.js:1293:9 @ http://localhost:8181/static/js/app.js:12552
[ 1196822ms] [ERROR] Failed to load resource: net::ERR_CONNECTION_REFUSED @ http://localhost:8181/api/version:0
[ 1200692ms] [ERROR] Failed to load resource: net::ERR_CONNECTION_REFUSED @ http://localhost:8181/api/recording/status:0
[ 1202821ms] [ERROR] Failed to load resource: net::ERR_CONNECTION_REFUSED @ http://localhost:8181/api/servers:0
[ 1202821ms] [ERROR] Error обновления списка объектов: TypeError: Failed to fetch
    at fetchServers (http://localhost:8181/static/js/app.js:12494:28)
    at fetchObjects (http://localhost:8181/static/js/app.js:12501:31)
    at refreshObjectsList (http://localhost:8181/static/js/app.js:12549:28)
    at http://localhost:8181/static/js/app.js:1293:9 @ http://localhost:8181/static/js/app.js:12552
[ 1205689ms] [ERROR] Failed to load resource: net::ERR_CONNECTION_REFUSED @ http://localhost:8181/api/recording/status:0
[ 1208827ms] [ERROR] Failed to load resource: net::ERR_CONNECTION_REFUSED @ http://localhost:8181/api/servers:0
[ 1208827ms] [ERROR] Error обновления списка объектов: TypeError: Failed to fetch
    at fetchServers (http://localhost:8181/static/js/app.js:12494:28)
    at fetchObjects (http://localhost:8181/static/js/app.js:12501:31)
    at refreshObjectsList (http://localhost:8181/static/js/app.js:12549:28)
    at http://localhost:8181/static/js/app.js:1293:9 @ http://localhost:8181/static/js/app.js:12552
[ 1210687ms] [ERROR] Failed to load resource: net::ERR_CONNECTION_REFUSED @ http://localhost:8181/api/recording/status:0
[ 1214846ms] [ERROR] Failed to load resource: net::ERR_CONNECTION_REFUSED @ http://localhost:8181/api/servers:0
[ 1214846ms] [ERROR] Error обновления списка объектов: TypeError: Failed to fetch
    at fetchServers (http://localhost:8181/static/js/app.js:12494:28)
    at fetchObjects (http://localhost:8181/static/js/app.js:12501:31)
    at refreshObjectsList (http://localhost:8181/static/js/app.js:12549:28)
    at http://localhost:8181/static/js/app.js:1293:9 @ http://localhost:8181/static/js/app.js:12552
[ 1215687ms] [ERROR] Failed to load resource: net::ERR_CONNECTION_REFUSED @ http://localhost:8181/api/recording/status:0
[ 1220693ms] [ERROR] Failed to load resource: net::ERR_CONNECTION_REFUSED @ http://localhost:8181/api/recording/status:0
[ 1220823ms] [ERROR] Failed to load resource: net::ERR_CONNECTION_REFUSED @ http://localhost:8181/api/servers:0
[ 1220823ms] [ERROR] Error обновления списка объектов: TypeError: Failed to fetch
    at fetchServers (http://localhost:8181/static/js/app.js:12494:28)
    at fetchObjects (http://localhost:8181/static/js/app.js:12501:31)
    at refreshObjectsList (http://localhost:8181/static/js/app.js:12549:28)
    at http://localhost:8181/static/js/app.js:1293:9 @ http://localhost:8181/static/js/app.js:12552
[ 1225691ms] [ERROR] Failed to load resource: net::ERR_CONNECTION_REFUSED @ http://localhost:8181/api/recording/status:0
[ 1226823ms] [ERROR] Failed to load resource: net::ERR_CONNECTION_REFUSED @ http://localhost:8181/api/servers:0
[ 1226823ms] [ERROR] Error обновления списка объектов: TypeError: Failed to fetch
    at fetchServers (http://localhost:8181/static/js/app.js:12494:28)
    at fetchObjects (http://localhost:8181/static/js/app.js:12501:31)
    at refreshObjectsList (http://localhost:8181/static/js/app.js:12549:28)
    at http://localhost:8181/static/js/app.js:1293:9 @ http://localhost:8181/static/js/app.js:12552
[ 1226823ms] [ERROR] Failed to load resource: net::ERR_CONNECTION_REFUSED @ http://localhost:8181/api/version:0
[ 1230692ms] [ERROR] Failed to load resource: net::ERR_CONNECTION_REFUSED @ http://localhost:8181/api/recording/status:0
[ 1232820ms] [ERROR] Failed to load resource: net::ERR_CONNECTION_REFUSED @ http://localhost:8181/api/servers:0
[ 1232820ms] [ERROR] Error обновления списка объектов: TypeError: Failed to fetch
    at fetchServers (http://localhost:8181/static/js/app.js:12494:28)
    at fetchObjects (http://localhost:8181/static/js/app.js:12501:31)
    at refreshObjectsList (http://localhost:8181/static/js/app.js:12549:28)
    at http://localhost:8181/static/js/app.js:1293:9 @ http://localhost:8181/static/js/app.js:12552
[ 1235688ms] [ERROR] Failed to load resource: net::ERR_CONNECTION_REFUSED @ http://localhost:8181/api/recording/status:0
[ 1238826ms] [ERROR] Failed to load resource: net::ERR_CONNECTION_REFUSED @ http://localhost:8181/api/servers:0
[ 1238826ms] [ERROR] Error обновления списка объектов: TypeError: Failed to fetch
    at fetchServers (http://localhost:8181/static/js/app.js:12494:28)
    at fetchObjects (http://localhost:8181/static/js/app.js:12501:31)
    at refreshObjectsList (http://localhost:8181/static/js/app.js:12549:28)
    at http://localhost:8181/static/js/app.js:1293:9 @ http://localhost:8181/static/js/app.js:12552
[ 1240688ms] [ERROR] Failed to load resource: net::ERR_CONNECTION_REFUSED @ http://localhost:8181/api/recording/status:0
[ 1244828ms] [ERROR] Failed to load resource: net::ERR_CONNECTION_REFUSED @ http://localhost:8181/api/servers:0
[ 1244828ms] [ERROR] Error обновления списка объектов: TypeError: Failed to fetch
    at fetchServers (http://localhost:8181/static/js/app.js:12494:28)
    at fetchObjects (http://localhost:8181/static/js/app.js:12501:31)
    at refreshObjectsList (http://localhost:8181/static/js/app.js:12549:28)
    at http://localhost:8181/static/js/app.js:1293:9 @ http://localhost:8181/static/js/app.js:12552
[ 1245687ms] [ERROR] Failed to load resource: net::ERR_CONNECTION_REFUSED @ http://localhost:8181/api/recording/status:0
[ 1250692ms] [ERROR] Failed to load resource: net::ERR_CONNECTION_REFUSED @ http://localhost:8181/api/recording/status:0
[ 1250821ms] [ERROR] Failed to load resource: net::ERR_CONNECTION_REFUSED @ http://localhost:8181/api/servers:0
[ 1250821ms] [ERROR] Error обновления списка объектов: TypeError: Failed to fetch
    at fetchServers (http://localhost:8181/static/js/app.js:12494:28)
    at fetchObjects (http://localhost:8181/static/js/app.js:12501:31)
    at refreshObjectsList (http://localhost:8181/static/js/app.js:12549:28)
    at http://localhost:8181/static/js/app.js:1293:9 @ http://localhost:8181/static/js/app.js:12552
[ 1255693ms] [ERROR] Failed to load resource: net::ERR_CONNECTION_REFUSED @ http://localhost:8181/api/recording/status:0
[ 1256821ms] [ERROR] Failed to load resource: net::ERR_CONNECTION_REFUSED @ http://localhost:8181/api/servers:0
[ 1256821ms] [ERROR] Error обновления списка объектов: TypeError: Failed to fetch
    at fetchServers (http://localhost:8181/static/js/app.js:12494:28)
    at fetchObjects (http://localhost:8181/static/js/app.js:12501:31)
    at refreshObjectsList (http://localhost:8181/static/js/app.js:12549:28)
    at http://localhost:8181/static/js/app.js:1293:9 @ http://localhost:8181/static/js/app.js:12552
[ 1256821ms] [ERROR] Failed to load resource: net::ERR_CONNECTION_REFUSED @ http://localhost:8181/api/version:0
[ 1260691ms] [ERROR] Failed to load resource: net::ERR_CONNECTION_REFUSED @ http://localhost:8181/api/recording/status:0
[ 1262822ms] [ERROR] Failed to load resource: net::ERR_CONNECTION_REFUSED @ http://localhost:8181/api/servers:0
[ 1262822ms] [ERROR] Error обновления списка объектов: TypeError: Failed to fetch
    at fetchServers (http://localhost:8181/static/js/app.js:12494:28)
    at fetchObjects (http://localhost:8181/static/js/app.js:12501:31)
    at refreshObjectsList (http://localhost:8181/static/js/app.js:12549:28)
    at http://localhost:8181/static/js/app.js:1293:9 @ http://localhost:8181/static/js/app.js:12552
[ 1265687ms] [ERROR] Failed to load resource: net::ERR_CONNECTION_REFUSED @ http://localhost:8181/api/recording/status:0
[ 1268823ms] [ERROR] Failed to load resource: net::ERR_CONNECTION_REFUSED @ http://localhost:8181/api/servers:0
[ 1268823ms] [ERROR] Error обновления списка объектов: TypeError: Failed to fetch
    at fetchServers (http://localhost:8181/static/js/app.js:12494:28)
    at fetchObjects (http://localhost:8181/static/js/app.js:12501:31)
    at refreshObjectsList (http://localhost:8181/static/js/app.js:12549:28)
    at http://localhost:8181/static/js/app.js:1293:9 @ http://localhost:8181/static/js/app.js:12552
[ 1270688ms] [ERROR] Failed to load resource: net::ERR_CONNECTION_REFUSED @ http://localhost:8181/api/recording/status:0
[ 1274822ms] [ERROR] Failed to load resource: net::ERR_CONNECTION_REFUSED @ http://localhost:8181/api/servers:0
[ 1274822ms] [ERROR] Error обновления списка объектов: TypeError: Failed to fetch
    at fetchServers (http://localhost:8181/static/js/app.js:12494:28)
    at fetchObjects (http://localhost:8181/static/js/app.js:12501:31)
    at refreshObjectsList (http://localhost:8181/static/js/app.js:12549:28)
    at http://localhost:8181/static/js/app.js:1293:9 @ http://localhost:8181/static/js/app.js:12552
[ 1275687ms] [ERROR] Failed to load resource: net::ERR_CONNECTION_REFUSED @ http://localhost:8181/api/recording/status:0
[ 1280688ms] [ERROR] Failed to load resource: net::ERR_CONNECTION_REFUSED @ http://localhost:8181/api/recording/status:0
[ 1280820ms] [ERROR] Failed to load resource: net::ERR_CONNECTION_REFUSED @ http://localhost:8181/api/servers:0
[ 1280820ms] [ERROR] Error обновления списка объектов: TypeError: Failed to fetch
    at fetchServers (http://localhost:8181/static/js/app.js:12494:28)
    at fetchObjects (http://localhost:8181/static/js/app.js:12501:31)
    at refreshObjectsList (http://localhost:8181/static/js/app.js:12549:28)
    at http://localhost:8181/static/js/app.js:1293:9 @ http://localhost:8181/static/js/app.js:12552
[ 1285693ms] [ERROR] Failed to load resource: net::ERR_CONNECTION_REFUSED @ http://localhost:8181/api/recording/status:0
[ 1286822ms] [ERROR] Failed to load resource: net::ERR_CONNECTION_REFUSED @ http://localhost:8181/api/servers:0
[ 1286822ms] [ERROR] Error обновления списка объектов: TypeError: Failed to fetch
    at fetchServers (http://localhost:8181/static/js/app.js:12494:28)
    at fetchObjects (http://localhost:8181/static/js/app.js:12501:31)
    at refreshObjectsList (http://localhost:8181/static/js/app.js:12549:28)
    at http://localhost:8181/static/js/app.js:1293:9 @ http://localhost:8181/static/js/app.js:12552
[ 1286823ms] [ERROR] Failed to load resource: net::ERR_CONNECTION_REFUSED @ http://localhost:8181/api/version:0
[ 1290693ms] [ERROR] Failed to load resource: net::ERR_CONNECTION_REFUSED @ http://localhost:8181/api/recording/status:0
[ 1292822ms] [ERROR] Failed to load resource: net::ERR_CONNECTION_REFUSED @ http://localhost:8181/api/servers:0
[ 1292822ms] [ERROR] Error обновления списка объектов: TypeError: Failed to fetch
    at fetchServers (http://localhost:8181/static/js/app.js:12494:28)
    at fetchObjects (http://localhost:8181/static/js/app.js:12501:31)
    at refreshObjectsList (http://localhost:8181/static/js/app.js:12549:28)
    at http://localhost:8181/static/js/app.js:1293:9 @ http://localhost:8181/static/js/app.js:12552
[ 1295688ms] [ERROR] Failed to load resource: net::ERR_CONNECTION_REFUSED @ http://localhost:8181/api/recording/status:0
[ 1298823ms] [ERROR] Failed to load resource: net::ERR_CONNECTION_REFUSED @ http://localhost:8181/api/servers:0
[ 1298823ms] [ERROR] Error обновления списка объектов: TypeError: Failed to fetch
    at fetchServers (http://localhost:8181/static/js/app.js:12494:28)
    at fetchObjects (http://localhost:8181/static/js/app.js:12501:31)
    at refreshObjectsList (http://localhost:8181/static/js/app.js:12549:28)
    at http://localhost:8181/static/js/app.js:1293:9 @ http://localhost:8181/static/js/app.js:12552
[ 1300687ms] [ERROR] Failed to load resource: net::ERR_CONNECTION_REFUSED @ http://localhost:8181/api/recording/status:0
[ 1304828ms] [ERROR] Failed to load resource: net::ERR_CONNECTION_REFUSED @ http://localhost:8181/api/servers:0
[ 1304828ms] [ERROR] Error обновления списка объектов: TypeError: Failed to fetch
    at fetchServers (http://localhost:8181/static/js/app.js:12494:28)
    at fetchObjects (http://localhost:8181/static/js/app.js:12501:31)
    at refreshObjectsList (http://localhost:8181/static/js/app.js:12549:28)
    at http://localhost:8181/static/js/app.js:1293:9 @ http://localhost:8181/static/js/app.js:12552
[ 1305687ms] [ERROR] Failed to load resource: net::ERR_CONNECTION_REFUSED @ http://localhost:8181/api/recording/status:0
[ 1310692ms] [ERROR] Failed to load resource: net::ERR_CONNECTION_REFUSED @ http://localhost:8181/api/recording/status:0
[ 1310820ms] [ERROR] Failed to load resource: net::ERR_CONNECTION_REFUSED @ http://localhost:8181/api/servers:0
[ 1310820ms] [ERROR] Error обновления списка объектов: TypeError: Failed to fetch
    at fetchServers (http://localhost:8181/static/js/app.js:12494:28)
    at fetchObjects (http://localhost:8181/static/js/app.js:12501:31)
    at refreshObjectsList (http://localhost:8181/static/js/app.js:12549:28)
    at http://localhost:8181/static/js/app.js:1293:9 @ http://localhost:8181/static/js/app.js:12552
[ 1315692ms] [ERROR] Failed to load resource: net::ERR_CONNECTION_REFUSED @ http://localhost:8181/api/recording/status:0
[ 1316824ms] [ERROR] Failed to load resource: net::ERR_CONNECTION_REFUSED @ http://localhost:8181/api/servers:0
[ 1316824ms] [ERROR] Error обновления списка объектов: TypeError: Failed to fetch
    at fetchServers (http://localhost:8181/static/js/app.js:12494:28)
    at fetchObjects (http://localhost:8181/static/js/app.js:12501:31)
    at refreshObjectsList (http://localhost:8181/static/js/app.js:12549:28)
    at http://localhost:8181/static/js/app.js:1293:9 @ http://localhost:8181/static/js/app.js:12552
[ 1316824ms] [ERROR] Failed to load resource: net::ERR_CONNECTION_REFUSED @ http://localhost:8181/api/version:0
[ 1320693ms] [ERROR] Failed to load resource: net::ERR_CONNECTION_REFUSED @ http://localhost:8181/api/recording/status:0
[ 1322822ms] [ERROR] Failed to load resource: net::ERR_CONNECTION_REFUSED @ http://localhost:8181/api/servers:0
[ 1322822ms] [ERROR] Error обновления списка объектов: TypeError: Failed to fetch
    at fetchServers (http://localhost:8181/static/js/app.js:12494:28)
    at fetchObjects (http://localhost:8181/static/js/app.js:12501:31)
    at refreshObjectsList (http://localhost:8181/static/js/app.js:12549:28)
    at http://localhost:8181/static/js/app.js:1293:9 @ http://localhost:8181/static/js/app.js:12552
[ 1325689ms] [ERROR] Failed to load resource: net::ERR_CONNECTION_REFUSED @ http://localhost:8181/api/recording/status:0
[ 1328827ms] [ERROR] Failed to load resource: net::ERR_CONNECTION_REFUSED @ http://localhost:8181/api/servers:0
[ 1328827ms] [ERROR] Error обновления списка объектов: TypeError: Failed to fetch
    at fetchServers (http://localhost:8181/static/js/app.js:12494:28)
    at fetchObjects (http://localhost:8181/static/js/app.js:12501:31)
    at refreshObjectsList (http://localhost:8181/static/js/app.js:12549:28)
    at http://localhost:8181/static/js/app.js:1293:9 @ http://localhost:8181/static/js/app.js:12552
[ 1330687ms] [ERROR] Failed to load resource: net::ERR_CONNECTION_REFUSED @ http://localhost:8181/api/recording/status:0
[ 1334826ms] [ERROR] Failed to load resource: net::ERR_CONNECTION_REFUSED @ http://localhost:8181/api/servers:0
[ 1334826ms] [ERROR] Error обновления списка объектов: TypeError: Failed to fetch
    at fetchServers (http://localhost:8181/static/js/app.js:12494:28)
    at fetchObjects (http://localhost:8181/static/js/app.js:12501:31)
    at refreshObjectsList (http://localhost:8181/static/js/app.js:12549:28)
    at http://localhost:8181/static/js/app.js:1293:9 @ http://localhost:8181/static/js/app.js:12552
[ 1335688ms] [ERROR] Failed to load resource: net::ERR_CONNECTION_REFUSED @ http://localhost:8181/api/recording/status:0
[ 1340693ms] [ERROR] Failed to load resource: net::ERR_CONNECTION_REFUSED @ http://localhost:8181/api/recording/status:0
[ 1340821ms] [ERROR] Failed to load resource: net::ERR_CONNECTION_REFUSED @ http://localhost:8181/api/servers:0
[ 1340821ms] [ERROR] Error обновления списка объектов: TypeError: Failed to fetch
    at fetchServers (http://localhost:8181/static/js/app.js:12494:28)
    at fetchObjects (http://localhost:8181/static/js/app.js:12501:31)
    at refreshObjectsList (http://localhost:8181/static/js/app.js:12549:28)
    at http://localhost:8181/static/js/app.js:1293:9 @ http://localhost:8181/static/js/app.js:12552
[ 1345693ms] [ERROR] Failed to load resource: net::ERR_CONNECTION_REFUSED @ http://localhost:8181/api/recording/status:0
[ 1346823ms] [ERROR] Failed to load resource: net::ERR_CONNECTION_REFUSED @ http://localhost:8181/api/servers:0
[ 1346824ms] [ERROR] Error обновления списка объектов: TypeError: Failed to fetch
    at fetchServers (http://localhost:8181/static/js/app.js:12494:28)
    at fetchObjects (http://localhost:8181/static/js/app.js:12501:31)
    at refreshObjectsList (http://localhost:8181/static/js/app.js:12549:28)
    at http://localhost:8181/static/js/app.js:1293:9 @ http://localhost:8181/static/js/app.js:12552
[ 1346824ms] [ERROR] Failed to load resource: net::ERR_CONNECTION_REFUSED @ http://localhost:8181/api/version:0
[ 1350693ms] [ERROR] Failed to load resource: net::ERR_CONNECTION_REFUSED @ http://localhost:8181/api/recording/status:0
[ 1352822ms] [ERROR] Failed to load resource: net::ERR_CONNECTION_REFUSED @ http://localhost:8181/api/servers:0
[ 1352822ms] [ERROR] Error обновления списка объектов: TypeError: Failed to fetch
    at fetchServers (http://localhost:8181/static/js/app.js:12494:28)
    at fetchObjects (http://localhost:8181/static/js/app.js:12501:31)
    at refreshObjectsList (http://localhost:8181/static/js/app.js:12549:28)
    at http://localhost:8181/static/js/app.js:1293:9 @ http://localhost:8181/static/js/app.js:12552
[ 1355687ms] [ERROR] Failed to load resource: net::ERR_CONNECTION_REFUSED @ http://localhost:8181/api/recording/status:0
[ 1358826ms] [ERROR] Failed to load resource: net::ERR_CONNECTION_REFUSED @ http://localhost:8181/api/servers:0
[ 1358826ms] [ERROR] Error обновления списка объектов: TypeError: Failed to fetch
    at fetchServers (http://localhost:8181/static/js/app.js:12494:28)
    at fetchObjects (http://localhost:8181/static/js/app.js:12501:31)
    at refreshObjectsList (http://localhost:8181/static/js/app.js:12549:28)
    at http://localhost:8181/static/js/app.js:1293:9 @ http://localhost:8181/static/js/app.js:12552
[ 1360688ms] [ERROR] Failed to load resource: net::ERR_CONNECTION_REFUSED @ http://localhost:8181/api/recording/status:0
[ 1364824ms] [ERROR] Failed to load resource: net::ERR_CONNECTION_REFUSED @ http://localhost:8181/api/servers:0
[ 1364824ms] [ERROR] Error обновления списка объектов: TypeError: Failed to fetch
    at fetchServers (http://localhost:8181/static/js/app.js:12494:28)
    at fetchObjects (http://localhost:8181/static/js/app.js:12501:31)
    at refreshObjectsList (http://localhost:8181/static/js/app.js:12549:28)
    at http://localhost:8181/static/js/app.js:1293:9 @ http://localhost:8181/static/js/app.js:12552
[ 1365687ms] [ERROR] Failed to load resource: net::ERR_CONNECTION_REFUSED @ http://localhost:8181/api/recording/status:0
[ 1370693ms] [ERROR] Failed to load resource: net::ERR_CONNECTION_REFUSED @ http://localhost:8181/api/recording/status:0
[ 1370820ms] [ERROR] Failed to load resource: net::ERR_CONNECTION_REFUSED @ http://localhost:8181/api/servers:0
[ 1370820ms] [ERROR] Error обновления списка объектов: TypeError: Failed to fetch
    at fetchServers (http://localhost:8181/static/js/app.js:12494:28)
    at fetchObjects (http://localhost:8181/static/js/app.js:12501:31)
    at refreshObjectsList (http://localhost:8181/static/js/app.js:12549:28)
    at http://localhost:8181/static/js/app.js:1293:9 @ http://localhost:8181/static/js/app.js:12552
[ 1375692ms] [ERROR] Failed to load resource: net::ERR_CONNECTION_REFUSED @ http://localhost:8181/api/recording/status:0
[ 1376821ms] [ERROR] Failed to load resource: net::ERR_CONNECTION_REFUSED @ http://localhost:8181/api/servers:0
[ 1376821ms] [ERROR] Error обновления списка объектов: TypeError: Failed to fetch
    at fetchServers (http://localhost:8181/static/js/app.js:12494:28)
    at fetchObjects (http://localhost:8181/static/js/app.js:12501:31)
    at refreshObjectsList (http://localhost:8181/static/js/app.js:12549:28)
    at http://localhost:8181/static/js/app.js:1293:9 @ http://localhost:8181/static/js/app.js:12552
[ 1376822ms] [ERROR] Failed to load resource: net::ERR_CONNECTION_REFUSED @ http://localhost:8181/api/version:0
[ 1380691ms] [ERROR] Failed to load resource: net::ERR_CONNECTION_REFUSED @ http://localhost:8181/api/recording/status:0
[ 1382822ms] [ERROR] Failed to load resource: net::ERR_CONNECTION_REFUSED @ http://localhost:8181/api/servers:0
[ 1382822ms] [ERROR] Error обновления списка объектов: TypeError: Failed to fetch
    at fetchServers (http://localhost:8181/static/js/app.js:12494:28)
    at fetchObjects (http://localhost:8181/static/js/app.js:12501:31)
    at refreshObjectsList (http://localhost:8181/static/js/app.js:12549:28)
    at http://localhost:8181/static/js/app.js:1293:9 @ http://localhost:8181/static/js/app.js:12552
[ 1385689ms] [ERROR] Failed to load resource: net::ERR_CONNECTION_REFUSED @ http://localhost:8181/api/recording/status:0
[ 1388827ms] [ERROR] Failed to load resource: net::ERR_CONNECTION_REFUSED @ http://localhost:8181/api/servers:0
[ 1388827ms] [ERROR] Error обновления списка объектов: TypeError: Failed to fetch
    at fetchServers (http://localhost:8181/static/js/app.js:12494:28)
    at fetchObjects (http://localhost:8181/static/js/app.js:12501:31)
    at refreshObjectsList (http://localhost:8181/static/js/app.js:12549:28)
    at http://localhost:8181/static/js/app.js:1293:9 @ http://localhost:8181/static/js/app.js:12552
[ 1390687ms] [ERROR] Failed to load resource: net::ERR_CONNECTION_REFUSED @ http://localhost:8181/api/recording/status:0
[ 1394825ms] [ERROR] Failed to load resource: net::ERR_CONNECTION_REFUSED @ http://localhost:8181/api/servers:0
[ 1394825ms] [ERROR] Error обновления списка объектов: TypeError: Failed to fetch
    at fetchServers (http://localhost:8181/static/js/app.js:12494:28)
    at fetchObjects (http://localhost:8181/static/js/app.js:12501:31)
    at refreshObjectsList (http://localhost:8181/static/js/app.js:12549:28)
    at http://localhost:8181/static/js/app.js:1293:9 @ http://localhost:8181/static/js/app.js:12552
[ 1395686ms] [ERROR] Failed to load resource: net::ERR_CONNECTION_REFUSED @ http://localhost:8181/api/recording/status:0
[ 1400689ms] [ERROR] Failed to load resource: net::ERR_CONNECTION_REFUSED @ http://localhost:8181/api/recording/status:0
[ 1400822ms] [ERROR] Failed to load resource: net::ERR_CONNECTION_REFUSED @ http://localhost:8181/api/servers:0
[ 1400822ms] [ERROR] Error обновления списка объектов: TypeError: Failed to fetch
    at fetchServers (http://localhost:8181/static/js/app.js:12494:28)
    at fetchObjects (http://localhost:8181/static/js/app.js:12501:31)
    at refreshObjectsList (http://localhost:8181/static/js/app.js:12549:28)
    at http://localhost:8181/static/js/app.js:1293:9 @ http://localhost:8181/static/js/app.js:12552
[ 1405689ms] [ERROR] Failed to load resource: net::ERR_CONNECTION_REFUSED @ http://localhost:8181/api/recording/status:0
[ 1406821ms] [ERROR] Failed to load resource: net::ERR_CONNECTION_REFUSED @ http://localhost:8181/api/servers:0
[ 1406821ms] [ERROR] Error обновления списка объектов: TypeError: Failed to fetch
    at fetchServers (http://localhost:8181/static/js/app.js:12494:28)
    at fetchObjects (http://localhost:8181/static/js/app.js:12501:31)
    at refreshObjectsList (http://localhost:8181/static/js/app.js:12549:28)
    at http://localhost:8181/static/js/app.js:1293:9 @ http://localhost:8181/static/js/app.js:12552
[ 1406821ms] [ERROR] Failed to load resource: net::ERR_CONNECTION_REFUSED @ http://localhost:8181/api/version:0
[ 1410692ms] [ERROR] Failed to load resource: net::ERR_CONNECTION_REFUSED @ http://localhost:8181/api/recording/status:0
[ 1412821ms] [ERROR] Failed to load resource: net::ERR_CONNECTION_REFUSED @ http://localhost:8181/api/servers:0
[ 1412821ms] [ERROR] Error обновления списка объектов: TypeError: Failed to fetch
    at fetchServers (http://localhost:8181/static/js/app.js:12494:28)
    at fetchObjects (http://localhost:8181/static/js/app.js:12501:31)
    at refreshObjectsList (http://localhost:8181/static/js/app.js:12549:28)
    at http://localhost:8181/static/js/app.js:1293:9 @ http://localhost:8181/static/js/app.js:12552
[ 1415688ms] [ERROR] Failed to load resource: net::ERR_CONNECTION_REFUSED @ http://localhost:8181/api/recording/status:0
[ 1418823ms] [ERROR] Failed to load resource: net::ERR_CONNECTION_REFUSED @ http://localhost:8181/api/servers:0
[ 1418823ms] [ERROR] Error обновления списка объектов: TypeError: Failed to fetch
    at fetchServers (http://localhost:8181/static/js/app.js:12494:28)
    at fetchObjects (http://localhost:8181/static/js/app.js:12501:31)
    at refreshObjectsList (http://localhost:8181/static/js/app.js:12549:28)
    at http://localhost:8181/static/js/app.js:1293:9 @ http://localhost:8181/static/js/app.js:12552
[ 1420690ms] [ERROR] Failed to load resource: net::ERR_CONNECTION_REFUSED @ http://localhost:8181/api/recording/status:0
[ 1424826ms] [ERROR] Failed to load resource: net::ERR_CONNECTION_REFUSED @ http://localhost:8181/api/servers:0
[ 1424826ms] [ERROR] Error обновления списка объектов: TypeError: Failed to fetch
    at fetchServers (http://localhost:8181/static/js/app.js:12494:28)
    at fetchObjects (http://localhost:8181/static/js/app.js:12501:31)
    at refreshObjectsList (http://localhost:8181/static/js/app.js:12549:28)
    at http://localhost:8181/static/js/app.js:1293:9 @ http://localhost:8181/static/js/app.js:12552
[ 1425688ms] [ERROR] Failed to load resource: net::ERR_CONNECTION_REFUSED @ http://localhost:8181/api/recording/status:0
[ 1430692ms] [ERROR] Failed to load resource: net::ERR_CONNECTION_REFUSED @ http://localhost:8181/api/recording/status:0
[ 1430820ms] [ERROR] Failed to load resource: net::ERR_CONNECTION_REFUSED @ http://localhost:8181/api/servers:0
[ 1430820ms] [ERROR] Error обновления списка объектов: TypeError: Failed to fetch
    at fetchServers (http://localhost:8181/static/js/app.js:12494:28)
    at fetchObjects (http://localhost:8181/static/js/app.js:12501:31)
    at refreshObjectsList (http://localhost:8181/static/js/app.js:12549:28)
    at http://localhost:8181/static/js/app.js:1293:9 @ http://localhost:8181/static/js/app.js:12552
[ 1435688ms] [ERROR] Failed to load resource: net::ERR_CONNECTION_REFUSED @ http://localhost:8181/api/recording/status:0
[ 1436821ms] [ERROR] Failed to load resource: net::ERR_CONNECTION_REFUSED @ http://localhost:8181/api/servers:0
[ 1436821ms] [ERROR] Error обновления списка объектов: TypeError: Failed to fetch
    at fetchServers (http://localhost:8181/static/js/app.js:12494:28)
    at fetchObjects (http://localhost:8181/static/js/app.js:12501:31)
    at refreshObjectsList (http://localhost:8181/static/js/app.js:12549:28)
    at http://localhost:8181/static/js/app.js:1293:9 @ http://localhost:8181/static/js/app.js:12552
[ 1436821ms] [ERROR] Failed to load resource: net::ERR_CONNECTION_REFUSED @ http://localhost:8181/api/version:0
[ 1440689ms] [ERROR] Failed to load resource: net::ERR_CONNECTION_REFUSED @ http://localhost:8181/api/recording/status:0
[ 1442821ms] [ERROR] Failed to load resource: net::ERR_CONNECTION_REFUSED @ http://localhost:8181/api/servers:0
[ 1442821ms] [ERROR] Error обновления списка объектов: TypeError: Failed to fetch
    at fetchServers (http://localhost:8181/static/js/app.js:12494:28)
    at fetchObjects (http://localhost:8181/static/js/app.js:12501:31)
    at refreshObjectsList (http://localhost:8181/static/js/app.js:12549:28)
    at http://localhost:8181/static/js/app.js:1293:9 @ http://localhost:8181/static/js/app.js:12552
[ 1445687ms] [ERROR] Failed to load resource: net::ERR_CONNECTION_REFUSED @ http://localhost:8181/api/recording/status:0
[ 1448826ms] [ERROR] Failed to load resource: net::ERR_CONNECTION_REFUSED @ http://localhost:8181/api/servers:0
[ 1448826ms] [ERROR] Error обновления списка объектов: TypeError: Failed to fetch
    at fetchServers (http://localhost:8181/static/js/app.js:12494:28)
    at fetchObjects (http://localhost:8181/static/js/app.js:12501:31)
    at refreshObjectsList (http://localhost:8181/static/js/app.js:12549:28)
    at http://localhost:8181/static/js/app.js:1293:9 @ http://localhost:8181/static/js/app.js:12552
[ 1450688ms] [ERROR] Failed to load resource: net::ERR_CONNECTION_REFUSED @ http://localhost:8181/api/recording/status:0
[ 1454827ms] [ERROR] Failed to load resource: net::ERR_CONNECTION_REFUSED @ http://localhost:8181/api/servers:0
[ 1454827ms] [ERROR] Error обновления списка объектов: TypeError: Failed to fetch
    at fetchServers (http://localhost:8181/static/js/app.js:12494:28)
    at fetchObjects (http://localhost:8181/static/js/app.js:12501:31)
    at refreshObjectsList (http://localhost:8181/static/js/app.js:12549:28)
    at http://localhost:8181/static/js/app.js:1293:9 @ http://localhost:8181/static/js/app.js:12552
[ 1455688ms] [ERROR] Failed to load resource: net::ERR_CONNECTION_REFUSED @ http://localhost:8181/api/recording/status:0
[ 1460691ms] [ERROR] Failed to load resource: net::ERR_CONNECTION_REFUSED @ http://localhost:8181/api/recording/status:0
[ 1460821ms] [ERROR] Failed to load resource: net::ERR_CONNECTION_REFUSED @ http://localhost:8181/api/servers:0
[ 1460821ms] [ERROR] Error обновления списка объектов: TypeError: Failed to fetch
    at fetchServers (http://localhost:8181/static/js/app.js:12494:28)
    at fetchObjects (http://localhost:8181/static/js/app.js:12501:31)
    at refreshObjectsList (http://localhost:8181/static/js/app.js:12549:28)
    at http://localhost:8181/static/js/app.js:1293:9 @ http://localhost:8181/static/js/app.js:12552
[ 1465688ms] [ERROR] Failed to load resource: net::ERR_CONNECTION_REFUSED @ http://localhost:8181/api/recording/status:0
[ 1466821ms] [ERROR] Failed to load resource: net::ERR_CONNECTION_REFUSED @ http://localhost:8181/api/servers:0
[ 1466821ms] [ERROR] Error обновления списка объектов: TypeError: Failed to fetch
    at fetchServers (http://localhost:8181/static/js/app.js:12494:28)
    at fetchObjects (http://localhost:8181/static/js/app.js:12501:31)
    at refreshObjectsList (http://localhost:8181/static/js/app.js:12549:28)
    at http://localhost:8181/static/js/app.js:1293:9 @ http://localhost:8181/static/js/app.js:12552
[ 1466821ms] [ERROR] Failed to load resource: net::ERR_CONNECTION_REFUSED @ http://localhost:8181/api/version:0
[ 1470691ms] [ERROR] Failed to load resource: net::ERR_CONNECTION_REFUSED @ http://localhost:8181/api/recording/status:0
[ 1472822ms] [ERROR] Failed to load resource: net::ERR_CONNECTION_REFUSED @ http://localhost:8181/api/servers:0
[ 1472822ms] [ERROR] Error обновления списка объектов: TypeError: Failed to fetch
    at fetchServers (http://localhost:8181/static/js/app.js:12494:28)
    at fetchObjects (http://localhost:8181/static/js/app.js:12501:31)
    at refreshObjectsList (http://localhost:8181/static/js/app.js:12549:28)
    at http://localhost:8181/static/js/app.js:1293:9 @ http://localhost:8181/static/js/app.js:12552
[ 1475689ms] [ERROR] Failed to load resource: net::ERR_CONNECTION_REFUSED @ http://localhost:8181/api/recording/status:0
[ 1478822ms] [ERROR] Failed to load resource: net::ERR_CONNECTION_REFUSED @ http://localhost:8181/api/servers:0
[ 1478822ms] [ERROR] Error обновления списка объектов: TypeError: Failed to fetch
    at fetchServers (http://localhost:8181/static/js/app.js:12494:28)
    at fetchObjects (http://localhost:8181/static/js/app.js:12501:31)
    at refreshObjectsList (http://localhost:8181/static/js/app.js:12549:28)
    at http://localhost:8181/static/js/app.js:1293:9 @ http://localhost:8181/static/js/app.js:12552
[ 1480687ms] [ERROR] Failed to load resource: net::ERR_CONNECTION_REFUSED @ http://localhost:8181/api/recording/status:0
[ 1484829ms] [ERROR] Failed to load resource: net::ERR_CONNECTION_REFUSED @ http://localhost:8181/api/servers:0
[ 1484829ms] [ERROR] Error обновления списка объектов: TypeError: Failed to fetch
    at fetchServers (http://localhost:8181/static/js/app.js:12494:28)
    at fetchObjects (http://localhost:8181/static/js/app.js:12501:31)
    at refreshObjectsList (http://localhost:8181/static/js/app.js:12549:28)
    at http://localhost:8181/static/js/app.js:1293:9 @ http://localhost:8181/static/js/app.js:12552
[ 1485688ms] [ERROR] Failed to load resource: net::ERR_CONNECTION_REFUSED @ http://localhost:8181/api/recording/status:0
[ 1490693ms] [ERROR] Failed to load resource: net::ERR_CONNECTION_REFUSED @ http://localhost:8181/api/recording/status:0
[ 1490821ms] [ERROR] Failed to load resource: net::ERR_CONNECTION_REFUSED @ http://localhost:8181/api/servers:0
[ 1490821ms] [ERROR] Error обновления списка объектов: TypeError: Failed to fetch
    at fetchServers (http://localhost:8181/static/js/app.js:12494:28)
    at fetchObjects (http://localhost:8181/static/js/app.js:12501:31)
    at refreshObjectsList (http://localhost:8181/static/js/app.js:12549:28)
    at http://localhost:8181/static/js/app.js:1293:9 @ http://localhost:8181/static/js/app.js:12552
[ 1495694ms] [ERROR] Failed to load resource: net::ERR_CONNECTION_REFUSED @ http://localhost:8181/api/recording/status:0
[ 1496821ms] [ERROR] Failed to load resource: net::ERR_CONNECTION_REFUSED @ http://localhost:8181/api/servers:0
[ 1496821ms] [ERROR] Error обновления списка объектов: TypeError: Failed to fetch
    at fetchServers (http://localhost:8181/static/js/app.js:12494:28)
    at fetchObjects (http://localhost:8181/static/js/app.js:12501:31)
    at refreshObjectsList (http://localhost:8181/static/js/app.js:12549:28)
    at http://localhost:8181/static/js/app.js:1293:9 @ http://localhost:8181/static/js/app.js:12552
[ 1496821ms] [ERROR] Failed to load resource: net::ERR_CONNECTION_REFUSED @ http://localhost:8181/api/version:0
[ 1500719ms] [ERROR] Failed to load resource: net::ERR_CONNECTION_REFUSED @ http://localhost:8181/api/recording/status:0
[ 1502822ms] [ERROR] Failed to load resource: net::ERR_CONNECTION_REFUSED @ http://localhost:8181/api/servers:0
[ 1502822ms] [ERROR] Error обновления списка объектов: TypeError: Failed to fetch
    at fetchServers (http://localhost:8181/static/js/app.js:12494:28)
    at fetchObjects (http://localhost:8181/static/js/app.js:12501:31)
    at refreshObjectsList (http://localhost:8181/static/js/app.js:12549:28)
    at http://localhost:8181/static/js/app.js:1293:9 @ http://localhost:8181/static/js/app.js:12552
[ 1505687ms] [ERROR] Failed to load resource: net::ERR_CONNECTION_REFUSED @ http://localhost:8181/api/recording/status:0
[ 1508822ms] [ERROR] Failed to load resource: net::ERR_CONNECTION_REFUSED @ http://localhost:8181/api/servers:0
[ 1508822ms] [ERROR] Error обновления списка объектов: TypeError: Failed to fetch
    at fetchServers (http://localhost:8181/static/js/app.js:12494:28)
    at fetchObjects (http://localhost:8181/static/js/app.js:12501:31)
    at refreshObjectsList (http://localhost:8181/static/js/app.js:12549:28)
    at http://localhost:8181/static/js/app.js:1293:9 @ http://localhost:8181/static/js/app.js:12552
[ 1510688ms] [ERROR] Failed to load resource: net::ERR_CONNECTION_REFUSED @ http://localhost:8181/api/recording/status:0
[ 1514824ms] [ERROR] Failed to load resource: net::ERR_CONNECTION_REFUSED @ http://localhost:8181/api/servers:0
[ 1514824ms] [ERROR] Error обновления списка объектов: TypeError: Failed to fetch
    at fetchServers (http://localhost:8181/static/js/app.js:12494:28)
    at fetchObjects (http://localhost:8181/static/js/app.js:12501:31)
    at refreshObjectsList (http://localhost:8181/static/js/app.js:12549:28)
    at http://localhost:8181/static/js/app.js:1293:9 @ http://localhost:8181/static/js/app.js:12552
[ 1515687ms] [ERROR] Failed to load resource: net::ERR_CONNECTION_REFUSED @ http://localhost:8181/api/recording/status:0
[ 1520692ms] [ERROR] Failed to load resource: net::ERR_CONNECTION_REFUSED @ http://localhost:8181/api/recording/status:0
[ 1520820ms] [ERROR] Failed to load resource: net::ERR_CONNECTION_REFUSED @ http://localhost:8181/api/servers:0
[ 1520820ms] [ERROR] Error обновления списка объектов: TypeError: Failed to fetch
    at fetchServers (http://localhost:8181/static/js/app.js:12494:28)
    at fetchObjects (http://localhost:8181/static/js/app.js:12501:31)
    at refreshObjectsList (http://localhost:8181/static/js/app.js:12549:28)
    at http://localhost:8181/static/js/app.js:1293:9 @ http://localhost:8181/static/js/app.js:12552
[ 1525692ms] [ERROR] Failed to load resource: net::ERR_CONNECTION_REFUSED @ http://localhost:8181/api/recording/status:0
[ 1526822ms] [ERROR] Failed to load resource: net::ERR_CONNECTION_REFUSED @ http://localhost:8181/api/servers:0
[ 1526822ms] [ERROR] Error обновления списка объектов: TypeError: Failed to fetch
    at fetchServers (http://localhost:8181/static/js/app.js:12494:28)
    at fetchObjects (http://localhost:8181/static/js/app.js:12501:31)
    at refreshObjectsList (http://localhost:8181/static/js/app.js:12549:28)
    at http://localhost:8181/static/js/app.js:1293:9 @ http://localhost:8181/static/js/app.js:12552
[ 1526822ms] [ERROR] Failed to load resource: net::ERR_CONNECTION_REFUSED @ http://localhost:8181/api/version:0
[ 1530690ms] [ERROR] Failed to load resource: net::ERR_CONNECTION_REFUSED @ http://localhost:8181/api/recording/status:0
[ 1532821ms] [ERROR] Failed to load resource: net::ERR_CONNECTION_REFUSED @ http://localhost:8181/api/servers:0
[ 1532821ms] [ERROR] Error обновления списка объектов: TypeError: Failed to fetch
    at fetchServers (http://localhost:8181/static/js/app.js:12494:28)
    at fetchObjects (http://localhost:8181/static/js/app.js:12501:31)
    at refreshObjectsList (http://localhost:8181/static/js/app.js:12549:28)
    at http://localhost:8181/static/js/app.js:1293:9 @ http://localhost:8181/static/js/app.js:12552
[ 1535689ms] [ERROR] Failed to load resource: net::ERR_CONNECTION_REFUSED @ http://localhost:8181/api/recording/status:0
[ 1538825ms] [ERROR] Failed to load resource: net::ERR_CONNECTION_REFUSED @ http://localhost:8181/api/servers:0
[ 1538826ms] [ERROR] Error обновления списка объектов: TypeError: Failed to fetch
    at fetchServers (http://localhost:8181/static/js/app.js:12494:28)
    at fetchObjects (http://localhost:8181/static/js/app.js:12501:31)
    at refreshObjectsList (http://localhost:8181/static/js/app.js:12549:28)
    at http://localhost:8181/static/js/app.js:1293:9 @ http://localhost:8181/static/js/app.js:12552
[ 1540688ms] [ERROR] Failed to load resource: net::ERR_CONNECTION_REFUSED @ http://localhost:8181/api/recording/status:0
[ 1544824ms] [ERROR] Failed to load resource: net::ERR_CONNECTION_REFUSED @ http://localhost:8181/api/servers:0
[ 1544824ms] [ERROR] Error обновления списка объектов: TypeError: Failed to fetch
    at fetchServers (http://localhost:8181/static/js/app.js:12494:28)
    at fetchObjects (http://localhost:8181/static/js/app.js:12501:31)
    at refreshObjectsList (http://localhost:8181/static/js/app.js:12549:28)
    at http://localhost:8181/static/js/app.js:1293:9 @ http://localhost:8181/static/js/app.js:12552
[ 1545687ms] [ERROR] Failed to load resource: net::ERR_CONNECTION_REFUSED @ http://localhost:8181/api/recording/status:0
[ 1550692ms] [ERROR] Failed to load resource: net::ERR_CONNECTION_REFUSED @ http://localhost:8181/api/recording/status:0
[ 1550821ms] [ERROR] Failed to load resource: net::ERR_CONNECTION_REFUSED @ http://localhost:8181/api/servers:0
[ 1550821ms] [ERROR] Error обновления списка объектов: TypeError: Failed to fetch
    at fetchServers (http://localhost:8181/static/js/app.js:12494:28)
    at fetchObjects (http://localhost:8181/static/js/app.js:12501:31)
    at refreshObjectsList (http://localhost:8181/static/js/app.js:12549:28)
    at http://localhost:8181/static/js/app.js:1293:9 @ http://localhost:8181/static/js/app.js:12552
[ 1555690ms] [ERROR] Failed to load resource: net::ERR_CONNECTION_REFUSED @ http://localhost:8181/api/recording/status:0
[ 1556821ms] [ERROR] Failed to load resource: net::ERR_CONNECTION_REFUSED @ http://localhost:8181/api/servers:0
[ 1556821ms] [ERROR] Error обновления списка объектов: TypeError: Failed to fetch
    at fetchServers (http://localhost:8181/static/js/app.js:12494:28)
    at fetchObjects (http://localhost:8181/static/js/app.js:12501:31)
    at refreshObjectsList (http://localhost:8181/static/js/app.js:12549:28)
    at http://localhost:8181/static/js/app.js:1293:9 @ http://localhost:8181/static/js/app.js:12552
[ 1556821ms] [ERROR] Failed to load resource: net::ERR_CONNECTION_REFUSED @ http://localhost:8181/api/version:0
[ 1560692ms] [ERROR] Failed to load resource: net::ERR_CONNECTION_REFUSED @ http://localhost:8181/api/recording/status:0
[ 1562822ms] [ERROR] Failed to load resource: net::ERR_CONNECTION_REFUSED @ http://localhost:8181/api/servers:0
[ 1562822ms] [ERROR] Error обновления списка объектов: TypeError: Failed to fetch
    at fetchServers (http://localhost:8181/static/js/app.js:12494:28)
    at fetchObjects (http://localhost:8181/static/js/app.js:12501:31)
    at refreshObjectsList (http://localhost:8181/static/js/app.js:12549:28)
    at http://localhost:8181/static/js/app.js:1293:9 @ http://localhost:8181/static/js/app.js:12552
[ 1565687ms] [ERROR] Failed to load resource: net::ERR_CONNECTION_REFUSED @ http://localhost:8181/api/recording/status:0
[ 1568826ms] [ERROR] Failed to load resource: net::ERR_CONNECTION_REFUSED @ http://localhost:8181/api/servers:0
[ 1568826ms] [ERROR] Error обновления списка объектов: TypeError: Failed to fetch
    at fetchServers (http://localhost:8181/static/js/app.js:12494:28)
    at fetchObjects (http://localhost:8181/static/js/app.js:12501:31)
    at refreshObjectsList (http://localhost:8181/static/js/app.js:12549:28)
    at http://localhost:8181/static/js/app.js:1293:9 @ http://localhost:8181/static/js/app.js:12552
[ 1570688ms] [ERROR] Failed to load resource: net::ERR_CONNECTION_REFUSED @ http://localhost:8181/api/recording/status:0
[ 1574826ms] [ERROR] Failed to load resource: net::ERR_CONNECTION_REFUSED @ http://localhost:8181/api/servers:0
[ 1574826ms] [ERROR] Error обновления списка объектов: TypeError: Failed to fetch
    at fetchServers (http://localhost:8181/static/js/app.js:12494:28)
    at fetchObjects (http://localhost:8181/static/js/app.js:12501:31)
    at refreshObjectsList (http://localhost:8181/static/js/app.js:12549:28)
    at http://localhost:8181/static/js/app.js:1293:9 @ http://localhost:8181/static/js/app.js:12552
[ 1575688ms] [ERROR] Failed to load resource: net::ERR_CONNECTION_REFUSED @ http://localhost:8181/api/recording/status:0
[ 1580689ms] [ERROR] Failed to load resource: net::ERR_CONNECTION_REFUSED @ http://localhost:8181/api/recording/status:0
[ 1580821ms] [ERROR] Failed to load resource: net::ERR_CONNECTION_REFUSED @ http://localhost:8181/api/servers:0
[ 1580821ms] [ERROR] Error обновления списка объектов: TypeError: Failed to fetch
    at fetchServers (http://localhost:8181/static/js/app.js:12494:28)
    at fetchObjects (http://localhost:8181/static/js/app.js:12501:31)
    at refreshObjectsList (http://localhost:8181/static/js/app.js:12549:28)
    at http://localhost:8181/static/js/app.js:1293:9 @ http://localhost:8181/static/js/app.js:12552
[ 1585692ms] [ERROR] Failed to load resource: net::ERR_CONNECTION_REFUSED @ http://localhost:8181/api/recording/status:0
[ 1586821ms] [ERROR] Failed to load resource: net::ERR_CONNECTION_REFUSED @ http://localhost:8181/api/servers:0
[ 1586822ms] [ERROR] Error обновления списка объектов: TypeError: Failed to fetch
    at fetchServers (http://localhost:8181/static/js/app.js:12494:28)
    at fetchObjects (http://localhost:8181/static/js/app.js:12501:31)
    at refreshObjectsList (http://localhost:8181/static/js/app.js:12549:28)
    at http://localhost:8181/static/js/app.js:1293:9 @ http://localhost:8181/static/js/app.js:12552
[ 1586822ms] [ERROR] Failed to load resource: net::ERR_CONNECTION_REFUSED @ http://localhost:8181/api/version:0
[ 1590693ms] [ERROR] Failed to load resource: net::ERR_CONNECTION_REFUSED @ http://localhost:8181/api/recording/status:0
[ 1592822ms] [ERROR] Failed to load resource: net::ERR_CONNECTION_REFUSED @ http://localhost:8181/api/servers:0
[ 1592822ms] [ERROR] Error обновления списка объектов: TypeError: Failed to fetch
    at fetchServers (http://localhost:8181/static/js/app.js:12494:28)
    at fetchObjects (http://localhost:8181/static/js/app.js:12501:31)
    at refreshObjectsList (http://localhost:8181/static/js/app.js:12549:28)
    at http://localhost:8181/static/js/app.js:1293:9 @ http://localhost:8181/static/js/app.js:12552
[ 1595688ms] [ERROR] Failed to load resource: net::ERR_CONNECTION_REFUSED @ http://localhost:8181/api/recording/status:0
[ 1598828ms] [ERROR] Failed to load resource: net::ERR_CONNECTION_REFUSED @ http://localhost:8181/api/servers:0
[ 1598828ms] [ERROR] Error обновления списка объектов: TypeError: Failed to fetch
    at fetchServers (http://localhost:8181/static/js/app.js:12494:28)
    at fetchObjects (http://localhost:8181/static/js/app.js:12501:31)
    at refreshObjectsList (http://localhost:8181/static/js/app.js:12549:28)
    at http://localhost:8181/static/js/app.js:1293:9 @ http://localhost:8181/static/js/app.js:12552
[ 1600688ms] [ERROR] Failed to load resource: net::ERR_CONNECTION_REFUSED @ http://localhost:8181/api/recording/status:0
[ 1604825ms] [ERROR] Failed to load resource: net::ERR_CONNECTION_REFUSED @ http://localhost:8181/api/servers:0
[ 1604825ms] [ERROR] Error обновления списка объектов: TypeError: Failed to fetch
    at fetchServers (http://localhost:8181/static/js/app.js:12494:28)
    at fetchObjects (http://localhost:8181/static/js/app.js:12501:31)
    at refreshObjectsList (http://localhost:8181/static/js/app.js:12549:28)
    at http://localhost:8181/static/js/app.js:1293:9 @ http://localhost:8181/static/js/app.js:12552
[ 1605688ms] [ERROR] Failed to load resource: net::ERR_CONNECTION_REFUSED @ http://localhost:8181/api/recording/status:0
[ 1610690ms] [ERROR] Failed to load resource: net::ERR_CONNECTION_REFUSED @ http://localhost:8181/api/recording/status:0
[ 1610821ms] [ERROR] Failed to load resource: net::ERR_CONNECTION_REFUSED @ http://localhost:8181/api/servers:0
[ 1610821ms] [ERROR] Error обновления списка объектов: TypeError: Failed to fetch
    at fetchServers (http://localhost:8181/static/js/app.js:12494:28)
    at fetchObjects (http://localhost:8181/static/js/app.js:12501:31)
    at refreshObjectsList (http://localhost:8181/static/js/app.js:12549:28)
    at http://localhost:8181/static/js/app.js:1293:9 @ http://localhost:8181/static/js/app.js:12552
[ 1615693ms] [ERROR] Failed to load resource: net::ERR_CONNECTION_REFUSED @ http://localhost:8181/api/recording/status:0
[ 1616822ms] [ERROR] Failed to load resource: net::ERR_CONNECTION_REFUSED @ http://localhost:8181/api/servers:0
[ 1616822ms] [ERROR] Error обновления списка объектов: TypeError: Failed to fetch
    at fetchServers (http://localhost:8181/static/js/app.js:12494:28)
    at fetchObjects (http://localhost:8181/static/js/app.js:12501:31)
    at refreshObjectsList (http://localhost:8181/static/js/app.js:12549:28)
    at http://localhost:8181/static/js/app.js:1293:9 @ http://localhost:8181/static/js/app.js:12552
[ 1616822ms] [ERROR] Failed to load resource: net::ERR_CONNECTION_REFUSED @ http://localhost:8181/api/version:0
[ 1620692ms] [ERROR] Failed to load resource: net::ERR_CONNECTION_REFUSED @ http://localhost:8181/api/recording/status:0
[ 1622821ms] [ERROR] Failed to load resource: net::ERR_CONNECTION_REFUSED @ http://localhost:8181/api/servers:0
[ 1622822ms] [ERROR] Error обновления списка объектов: TypeError: Failed to fetch
    at fetchServers (http://localhost:8181/static/js/app.js:12494:28)
    at fetchObjects (http://localhost:8181/static/js/app.js:12501:31)
    at refreshObjectsList (http://localhost:8181/static/js/app.js:12549:28)
    at http://localhost:8181/static/js/app.js:1293:9 @ http://localhost:8181/static/js/app.js:12552
[ 1625688ms] [ERROR] Failed to load resource: net::ERR_CONNECTION_REFUSED @ http://localhost:8181/api/recording/status:0
[ 1628827ms] [ERROR] Failed to load resource: net::ERR_CONNECTION_REFUSED @ http://localhost:8181/api/servers:0
[ 1628827ms] [ERROR] Error обновления списка объектов: TypeError: Failed to fetch
    at fetchServers (http://localhost:8181/static/js/app.js:12494:28)
    at fetchObjects (http://localhost:8181/static/js/app.js:12501:31)
    at refreshObjectsList (http://localhost:8181/static/js/app.js:12549:28)
    at http://localhost:8181/static/js/app.js:1293:9 @ http://localhost:8181/static/js/app.js:12552
[ 1630688ms] [ERROR] Failed to load resource: net::ERR_CONNECTION_REFUSED @ http://localhost:8181/api/recording/status:0
[ 1634825ms] [ERROR] Failed to load resource: net::ERR_CONNECTION_REFUSED @ http://localhost:8181/api/servers:0
[ 1634825ms] [ERROR] Error обновления списка объектов: TypeError: Failed to fetch
    at fetchServers (http://localhost:8181/static/js/app.js:12494:28)
    at fetchObjects (http://localhost:8181/static/js/app.js:12501:31)
    at refreshObjectsList (http://localhost:8181/static/js/app.js:12549:28)
    at http://localhost:8181/static/js/app.js:1293:9 @ http://localhost:8181/static/js/app.js:12552
[ 1635688ms] [ERROR] Failed to load resource: net::ERR_CONNECTION_REFUSED @ http://localhost:8181/api/recording/status:0
[ 1640693ms] [ERROR] Failed to load resource: net::ERR_CONNECTION_REFUSED @ http://localhost:8181/api/recording/status:0
[ 1640821ms] [ERROR] Failed to load resource: net::ERR_CONNECTION_REFUSED @ http://localhost:8181/api/servers:0
[ 1640821ms] [ERROR] Error обновления списка объектов: TypeError: Failed to fetch
    at fetchServers (http://localhost:8181/static/js/app.js:12494:28)
    at fetchObjects (http://localhost:8181/static/js/app.js:12501:31)
    at refreshObjectsList (http://localhost:8181/static/js/app.js:12549:28)
    at http://localhost:8181/static/js/app.js:1293:9 @ http://localhost:8181/static/js/app.js:12552
[ 1645694ms] [ERROR] Failed to load resource: net::ERR_CONNECTION_REFUSED @ http://localhost:8181/api/recording/status:0
[ 1646821ms] [ERROR] Failed to load resource: net::ERR_CONNECTION_REFUSED @ http://localhost:8181/api/servers:0
[ 1646821ms] [ERROR] Error обновления списка объектов: TypeError: Failed to fetch
    at fetchServers (http://localhost:8181/static/js/app.js:12494:28)
    at fetchObjects (http://localhost:8181/static/js/app.js:12501:31)
    at refreshObjectsList (http://localhost:8181/static/js/app.js:12549:28)
    at http://localhost:8181/static/js/app.js:1293:9 @ http://localhost:8181/static/js/app.js:12552
[ 1646822ms] [ERROR] Failed to load resource: net::ERR_CONNECTION_REFUSED @ http://localhost:8181/api/version:0
[ 1650691ms] [ERROR] Failed to load resource: net::ERR_CONNECTION_REFUSED @ http://localhost:8181/api/recording/status:0
[ 1652823ms] [ERROR] Failed to load resource: net::ERR_CONNECTION_REFUSED @ http://localhost:8181/api/servers:0
[ 1652823ms] [ERROR] Error обновления списка объектов: TypeError: Failed to fetch
    at fetchServers (http://localhost:8181/static/js/app.js:12494:28)
    at fetchObjects (http://localhost:8181/static/js/app.js:12501:31)
    at refreshObjectsList (http://localhost:8181/static/js/app.js:12549:28)
    at http://localhost:8181/static/js/app.js:1293:9 @ http://localhost:8181/static/js/app.js:12552
[ 1655688ms] [ERROR] Failed to load resource: net::ERR_CONNECTION_REFUSED @ http://localhost:8181/api/recording/status:0
[ 1658826ms] [ERROR] Failed to load resource: net::ERR_CONNECTION_REFUSED @ http://localhost:8181/api/servers:0
[ 1658826ms] [ERROR] Error обновления списка объектов: TypeError: Failed to fetch
    at fetchServers (http://localhost:8181/static/js/app.js:12494:28)
    at fetchObjects (http://localhost:8181/static/js/app.js:12501:31)
    at refreshObjectsList (http://localhost:8181/static/js/app.js:12549:28)
    at http://localhost:8181/static/js/app.js:1293:9 @ http://localhost:8181/static/js/app.js:12552
[ 1660688ms] [ERROR] Failed to load resource: net::ERR_CONNECTION_REFUSED @ http://localhost:8181/api/recording/status:0
[ 1664824ms] [ERROR] Failed to load resource: net::ERR_CONNECTION_REFUSED @ http://localhost:8181/api/servers:0
[ 1664824ms] [ERROR] Error обновления списка объектов: TypeError: Failed to fetch
    at fetchServers (http://localhost:8181/static/js/app.js:12494:28)
    at fetchObjects (http://localhost:8181/static/js/app.js:12501:31)
    at refreshObjectsList (http://localhost:8181/static/js/app.js:12549:28)
    at http://localhost:8181/static/js/app.js:1293:9 @ http://localhost:8181/static/js/app.js:12552
[ 1665688ms] [ERROR] Failed to load resource: net::ERR_CONNECTION_REFUSED @ http://localhost:8181/api/recording/status:0
[ 1670693ms] [ERROR] Failed to load resource: net::ERR_CONNECTION_REFUSED @ http://localhost:8181/api/recording/status:0
[ 1670822ms] [ERROR] Failed to load resource: net::ERR_CONNECTION_REFUSED @ http://localhost:8181/api/servers:0
[ 1670822ms] [ERROR] Error обновления списка объектов: TypeError: Failed to fetch
    at fetchServers (http://localhost:8181/static/js/app.js:12494:28)
    at fetchObjects (http://localhost:8181/static/js/app.js:12501:31)
    at refreshObjectsList (http://localhost:8181/static/js/app.js:12549:28)
    at http://localhost:8181/static/js/app.js:1293:9 @ http://localhost:8181/static/js/app.js:12552
[ 1675691ms] [ERROR] Failed to load resource: net::ERR_CONNECTION_REFUSED @ http://localhost:8181/api/recording/status:0
[ 1676822ms] [ERROR] Failed to load resource: net::ERR_CONNECTION_REFUSED @ http://localhost:8181/api/servers:0
[ 1676823ms] [ERROR] Error обновления списка объектов: TypeError: Failed to fetch
    at fetchServers (http://localhost:8181/static/js/app.js:12494:28)
    at fetchObjects (http://localhost:8181/static/js/app.js:12501:31)
    at refreshObjectsList (http://localhost:8181/static/js/app.js:12549:28)
    at http://localhost:8181/static/js/app.js:1293:9 @ http://localhost:8181/static/js/app.js:12552
[ 1676823ms] [ERROR] Failed to load resource: net::ERR_CONNECTION_REFUSED @ http://localhost:8181/api/version:0
[ 1680694ms] [ERROR] Failed to load resource: net::ERR_CONNECTION_REFUSED @ http://localhost:8181/api/recording/status:0
[ 1682821ms] [ERROR] Failed to load resource: net::ERR_CONNECTION_REFUSED @ http://localhost:8181/api/servers:0
[ 1682821ms] [ERROR] Error обновления списка объектов: TypeError: Failed to fetch
    at fetchServers (http://localhost:8181/static/js/app.js:12494:28)
    at fetchObjects (http://localhost:8181/static/js/app.js:12501:31)
    at refreshObjectsList (http://localhost:8181/static/js/app.js:12549:28)
    at http://localhost:8181/static/js/app.js:1293:9 @ http://localhost:8181/static/js/app.js:12552
[ 1685688ms] [ERROR] Failed to load resource: net::ERR_CONNECTION_REFUSED @ http://localhost:8181/api/recording/status:0
[ 1688826ms] [ERROR] Failed to load resource: net::ERR_CONNECTION_REFUSED @ http://localhost:8181/api/servers:0
[ 1688826ms] [ERROR] Error обновления списка объектов: TypeError: Failed to fetch
    at fetchServers (http://localhost:8181/static/js/app.js:12494:28)
    at fetchObjects (http://localhost:8181/static/js/app.js:12501:31)
    at refreshObjectsList (http://localhost:8181/static/js/app.js:12549:28)
    at http://localhost:8181/static/js/app.js:1293:9 @ http://localhost:8181/static/js/app.js:12552
[ 1690688ms] [ERROR] Failed to load resource: net::ERR_CONNECTION_REFUSED @ http://localhost:8181/api/recording/status:0
[ 1694826ms] [ERROR] Failed to load resource: net::ERR_CONNECTION_REFUSED @ http://localhost:8181/api/servers:0
[ 1694826ms] [ERROR] Error обновления списка объектов: TypeError: Failed to fetch
    at fetchServers (http://localhost:8181/static/js/app.js:12494:28)
    at fetchObjects (http://localhost:8181/static/js/app.js:12501:31)
    at refreshObjectsList (http://localhost:8181/static/js/app.js:12549:28)
    at http://localhost:8181/static/js/app.js:1293:9 @ http://localhost:8181/static/js/app.js:12552
[ 1695688ms] [ERROR] Failed to load resource: net::ERR_CONNECTION_REFUSED @ http://localhost:8181/api/recording/status:0
[ 1700693ms] [ERROR] Failed to load resource: net::ERR_CONNECTION_REFUSED @ http://localhost:8181/api/recording/status:0
[ 1700821ms] [ERROR] Failed to load resource: net::ERR_CONNECTION_REFUSED @ http://localhost:8181/api/servers:0
[ 1700822ms] [ERROR] Error обновления списка объектов: TypeError: Failed to fetch
    at fetchServers (http://localhost:8181/static/js/app.js:12494:28)
    at fetchObjects (http://localhost:8181/static/js/app.js:12501:31)
    at refreshObjectsList (http://localhost:8181/static/js/app.js:12549:28)
    at http://localhost:8181/static/js/app.js:1293:9 @ http://localhost:8181/static/js/app.js:12552
[ 1705694ms] [ERROR] Failed to load resource: net::ERR_CONNECTION_REFUSED @ http://localhost:8181/api/recording/status:0
[ 1706822ms] [ERROR] Failed to load resource: net::ERR_CONNECTION_REFUSED @ http://localhost:8181/api/servers:0
[ 1706822ms] [ERROR] Error обновления списка объектов: TypeError: Failed to fetch
    at fetchServers (http://localhost:8181/static/js/app.js:12494:28)
    at fetchObjects (http://localhost:8181/static/js/app.js:12501:31)
    at refreshObjectsList (http://localhost:8181/static/js/app.js:12549:28)
    at http://localhost:8181/static/js/app.js:1293:9 @ http://localhost:8181/static/js/app.js:12552
[ 1706822ms] [ERROR] Failed to load resource: net::ERR_CONNECTION_REFUSED @ http://localhost:8181/api/version:0
[ 1710694ms] [ERROR] Failed to load resource: net::ERR_CONNECTION_REFUSED @ http://localhost:8181/api/recording/status:0
[ 1712822ms] [ERROR] Failed to load resource: net::ERR_CONNECTION_REFUSED @ http://localhost:8181/api/servers:0
[ 1712823ms] [ERROR] Error обновления списка объектов: TypeError: Failed to fetch
    at fetchServers (http://localhost:8181/static/js/app.js:12494:28)
    at fetchObjects (http://localhost:8181/static/js/app.js:12501:31)
    at refreshObjectsList (http://localhost:8181/static/js/app.js:12549:28)
    at http://localhost:8181/static/js/app.js:1293:9 @ http://localhost:8181/static/js/app.js:12552
[ 1715688ms] [ERROR] Failed to load resource: net::ERR_CONNECTION_REFUSED @ http://localhost:8181/api/recording/status:0
[ 1718829ms] [ERROR] Failed to load resource: net::ERR_CONNECTION_REFUSED @ http://localhost:8181/api/servers:0
[ 1718829ms] [ERROR] Error обновления списка объектов: TypeError: Failed to fetch
    at fetchServers (http://localhost:8181/static/js/app.js:12494:28)
    at fetchObjects (http://localhost:8181/static/js/app.js:12501:31)
    at refreshObjectsList (http://localhost:8181/static/js/app.js:12549:28)
    at http://localhost:8181/static/js/app.js:1293:9 @ http://localhost:8181/static/js/app.js:12552
[ 1720688ms] [ERROR] Failed to load resource: net::ERR_CONNECTION_REFUSED @ http://localhost:8181/api/recording/status:0
[ 1724824ms] [ERROR] Failed to load resource: net::ERR_CONNECTION_REFUSED @ http://localhost:8181/api/servers:0
[ 1724824ms] [ERROR] Error обновления списка объектов: TypeError: Failed to fetch
    at fetchServers (http://localhost:8181/static/js/app.js:12494:28)
    at fetchObjects (http://localhost:8181/static/js/app.js:12501:31)
    at refreshObjectsList (http://localhost:8181/static/js/app.js:12549:28)
    at http://localhost:8181/static/js/app.js:1293:9 @ http://localhost:8181/static/js/app.js:12552
[ 1725687ms] [ERROR] Failed to load resource: net::ERR_CONNECTION_REFUSED @ http://localhost:8181/api/recording/status:0
[ 1730693ms] [ERROR] Failed to load resource: net::ERR_CONNECTION_REFUSED @ http://localhost:8181/api/recording/status:0
[ 1730822ms] [ERROR] Failed to load resource: net::ERR_CONNECTION_REFUSED @ http://localhost:8181/api/servers:0
[ 1730822ms] [ERROR] Error обновления списка объектов: TypeError: Failed to fetch
    at fetchServers (http://localhost:8181/static/js/app.js:12494:28)
    at fetchObjects (http://localhost:8181/static/js/app.js:12501:31)
    at refreshObjectsList (http://localhost:8181/static/js/app.js:12549:28)
    at http://localhost:8181/static/js/app.js:1293:9 @ http://localhost:8181/static/js/app.js:12552
[ 1735694ms] [ERROR] Failed to load resource: net::ERR_CONNECTION_REFUSED @ http://localhost:8181/api/recording/status:0
[ 1736823ms] [ERROR] Failed to load resource: net::ERR_CONNECTION_REFUSED @ http://localhost:8181/api/servers:0
[ 1736823ms] [ERROR] Error обновления списка объектов: TypeError: Failed to fetch
    at fetchServers (http://localhost:8181/static/js/app.js:12494:28)
    at fetchObjects (http://localhost:8181/static/js/app.js:12501:31)
    at refreshObjectsList (http://localhost:8181/static/js/app.js:12549:28)
    at http://localhost:8181/static/js/app.js:1293:9 @ http://localhost:8181/static/js/app.js:12552
[ 1736823ms] [ERROR] Failed to load resource: net::ERR_CONNECTION_REFUSED @ http://localhost:8181/api/version:0
[ 1740693ms] [ERROR] Failed to load resource: net::ERR_CONNECTION_REFUSED @ http://localhost:8181/api/recording/status:0
[ 1742823ms] [ERROR] Failed to load resource: net::ERR_CONNECTION_REFUSED @ http://localhost:8181/api/servers:0
[ 1742823ms] [ERROR] Error обновления списка объектов: TypeError: Failed to fetch
    at fetchServers (http://localhost:8181/static/js/app.js:12494:28)
    at fetchObjects (http://localhost:8181/static/js/app.js:12501:31)
    at refreshObjectsList (http://localhost:8181/static/js/app.js:12549:28)
    at http://localhost:8181/static/js/app.js:1293:9 @ http://localhost:8181/static/js/app.js:12552
[ 1745688ms] [ERROR] Failed to load resource: net::ERR_CONNECTION_REFUSED @ http://localhost:8181/api/recording/status:0
[ 1748827ms] [ERROR] Failed to load resource: net::ERR_CONNECTION_REFUSED @ http://localhost:8181/api/servers:0
[ 1748827ms] [ERROR] Error обновления списка объектов: TypeError: Failed to fetch
    at fetchServers (http://localhost:8181/static/js/app.js:12494:28)
    at fetchObjects (http://localhost:8181/static/js/app.js:12501:31)
    at refreshObjectsList (http://localhost:8181/static/js/app.js:12549:28)
    at http://localhost:8181/static/js/app.js:1293:9 @ http://localhost:8181/static/js/app.js:12552
[ 1750689ms] [ERROR] Failed to load resource: net::ERR_CONNECTION_REFUSED @ http://localhost:8181/api/recording/status:0
[ 1754827ms] [ERROR] Failed to load resource: net::ERR_CONNECTION_REFUSED @ http://localhost:8181/api/servers:0
[ 1754827ms] [ERROR] Error обновления списка объектов: TypeError: Failed to fetch
    at fetchServers (http://localhost:8181/static/js/app.js:12494:28)
    at fetchObjects (http://localhost:8181/static/js/app.js:12501:31)
    at refreshObjectsList (http://localhost:8181/static/js/app.js:12549:28)
    at http://localhost:8181/static/js/app.js:1293:9 @ http://localhost:8181/static/js/app.js:12552
[ 1755690ms] [ERROR] Failed to load resource: net::ERR_CONNECTION_REFUSED @ http://localhost:8181/api/recording/status:0
[ 1760693ms] [ERROR] Failed to load resource: net::ERR_CONNECTION_REFUSED @ http://localhost:8181/api/recording/status:0
[ 1760822ms] [ERROR] Failed to load resource: net::ERR_CONNECTION_REFUSED @ http://localhost:8181/api/servers:0
[ 1760822ms] [ERROR] Error обновления списка объектов: TypeError: Failed to fetch
    at fetchServers (http://localhost:8181/static/js/app.js:12494:28)
    at fetchObjects (http://localhost:8181/static/js/app.js:12501:31)
    at refreshObjectsList (http://localhost:8181/static/js/app.js:12549:28)
    at http://localhost:8181/static/js/app.js:1293:9 @ http://localhost:8181/static/js/app.js:12552
[ 1765692ms] [ERROR] Failed to load resource: net::ERR_CONNECTION_REFUSED @ http://localhost:8181/api/recording/status:0
[ 1766822ms] [ERROR] Failed to load resource: net::ERR_CONNECTION_REFUSED @ http://localhost:8181/api/servers:0
[ 1766822ms] [ERROR] Error обновления списка объектов: TypeError: Failed to fetch
    at fetchServers (http://localhost:8181/static/js/app.js:12494:28)
    at fetchObjects (http://localhost:8181/static/js/app.js:12501:31)
    at refreshObjectsList (http://localhost:8181/static/js/app.js:12549:28)
    at http://localhost:8181/static/js/app.js:1293:9 @ http://localhost:8181/static/js/app.js:12552
[ 1766822ms] [ERROR] Failed to load resource: net::ERR_CONNECTION_REFUSED @ http://localhost:8181/api/version:0
[ 1770692ms] [ERROR] Failed to load resource: net::ERR_CONNECTION_REFUSED @ http://localhost:8181/api/recording/status:0
[ 1772822ms] [ERROR] Failed to load resource: net::ERR_CONNECTION_REFUSED @ http://localhost:8181/api/servers:0
[ 1772822ms] [ERROR] Error обновления списка объектов: TypeError: Failed to fetch
    at fetchServers (http://localhost:8181/static/js/app.js:12494:28)
    at fetchObjects (http://localhost:8181/static/js/app.js:12501:31)
    at refreshObjectsList (http://localhost:8181/static/js/app.js:12549:28)
    at http://localhost:8181/static/js/app.js:1293:9 @ http://localhost:8181/static/js/app.js:12552
[ 1775689ms] [ERROR] Failed to load resource: net::ERR_CONNECTION_REFUSED @ http://localhost:8181/api/recording/status:0
[ 1778826ms] [ERROR] Failed to load resource: net::ERR_CONNECTION_REFUSED @ http://localhost:8181/api/servers:0
[ 1778827ms] [ERROR] Error обновления списка объектов: TypeError: Failed to fetch
    at fetchServers (http://localhost:8181/static/js/app.js:12494:28)
    at fetchObjects (http://localhost:8181/static/js/app.js:12501:31)
    at refreshObjectsList (http://localhost:8181/static/js/app.js:12549:28)
    at http://localhost:8181/static/js/app.js:1293:9 @ http://localhost:8181/static/js/app.js:12552
[ 1780687ms] [ERROR] Failed to load resource: net::ERR_CONNECTION_REFUSED @ http://localhost:8181/api/recording/status:0
[ 1784827ms] [ERROR] Failed to load resource: net::ERR_CONNECTION_REFUSED @ http://localhost:8181/api/servers:0
[ 1784827ms] [ERROR] Error обновления списка объектов: TypeError: Failed to fetch
    at fetchServers (http://localhost:8181/static/js/app.js:12494:28)
    at fetchObjects (http://localhost:8181/static/js/app.js:12501:31)
    at refreshObjectsList (http://localhost:8181/static/js/app.js:12549:28)
    at http://localhost:8181/static/js/app.js:1293:9 @ http://localhost:8181/static/js/app.js:12552
[ 1785687ms] [ERROR] Failed to load resource: net::ERR_CONNECTION_REFUSED @ http://localhost:8181/api/recording/status:0
[ 1790693ms] [ERROR] Failed to load resource: net::ERR_CONNECTION_REFUSED @ http://localhost:8181/api/recording/status:0
[ 1790822ms] [ERROR] Failed to load resource: net::ERR_CONNECTION_REFUSED @ http://localhost:8181/api/servers:0
[ 1790822ms] [ERROR] Error обновления списка объектов: TypeError: Failed to fetch
    at fetchServers (http://localhost:8181/static/js/app.js:12494:28)
    at fetchObjects (http://localhost:8181/static/js/app.js:12501:31)
    at refreshObjectsList (http://localhost:8181/static/js/app.js:12549:28)
    at http://localhost:8181/static/js/app.js:1293:9 @ http://localhost:8181/static/js/app.js:12552
[ 1795693ms] [ERROR] Failed to load resource: net::ERR_CONNECTION_REFUSED @ http://localhost:8181/api/recording/status:0
[ 1796822ms] [ERROR] Failed to load resource: net::ERR_CONNECTION_REFUSED @ http://localhost:8181/api/servers:0
[ 1796823ms] [ERROR] Error обновления списка объектов: TypeError: Failed to fetch
    at fetchServers (http://localhost:8181/static/js/app.js:12494:28)
    at fetchObjects (http://localhost:8181/static/js/app.js:12501:31)
    at refreshObjectsList (http://localhost:8181/static/js/app.js:12549:28)
    at http://localhost:8181/static/js/app.js:1293:9 @ http://localhost:8181/static/js/app.js:12552
[ 1796823ms] [ERROR] Failed to load resource: net::ERR_CONNECTION_REFUSED @ http://localhost:8181/api/version:0
[ 1800690ms] [ERROR] Failed to load resource: net::ERR_CONNECTION_REFUSED @ http://localhost:8181/api/recording/status:0
[ 1802821ms] [ERROR] Failed to load resource: net::ERR_CONNECTION_REFUSED @ http://localhost:8181/api/servers:0
[ 1802821ms] [ERROR] Error обновления списка объектов: TypeError: Failed to fetch
    at fetchServers (http://localhost:8181/static/js/app.js:12494:28)
    at fetchObjects (http://localhost:8181/static/js/app.js:12501:31)
    at refreshObjectsList (http://localhost:8181/static/js/app.js:12549:28)
    at http://localhost:8181/static/js/app.js:1293:9 @ http://localhost:8181/static/js/app.js:12552
[ 1805689ms] [ERROR] Failed to load resource: net::ERR_CONNECTION_REFUSED @ http://localhost:8181/api/recording/status:0
[ 1808826ms] [ERROR] Failed to load resource: net::ERR_CONNECTION_REFUSED @ http://localhost:8181/api/servers:0
[ 1808826ms] [ERROR] Error обновления списка объектов: TypeError: Failed to fetch
    at fetchServers (http://localhost:8181/static/js/app.js:12494:28)
    at fetchObjects (http://localhost:8181/static/js/app.js:12501:31)
    at refreshObjectsList (http://localhost:8181/static/js/app.js:12549:28)
    at http://localhost:8181/static/js/app.js:1293:9 @ http://localhost:8181/static/js/app.js:12552
[ 1810689ms] [ERROR] Failed to load resource: net::ERR_CONNECTION_REFUSED @ http://localhost:8181/api/recording/status:0
[ 1814824ms] [ERROR] Failed to load resource: net::ERR_CONNECTION_REFUSED @ http://localhost:8181/api/servers:0
[ 1814824ms] [ERROR] Error обновления списка объектов: TypeError: Failed to fetch
    at fetchServers (http://localhost:8181/static/js/app.js:12494:28)
    at fetchObjects (http://localhost:8181/static/js/app.js:12501:31)
    at refreshObjectsList (http://localhost:8181/static/js/app.js:12549:28)
    at http://localhost:8181/static/js/app.js:1293:9 @ http://localhost:8181/static/js/app.js:12552
[ 1815688ms] [ERROR] Failed to load resource: net::ERR_CONNECTION_REFUSED @ http://localhost:8181/api/recording/status:0
[ 1820693ms] [ERROR] Failed to load resource: net::ERR_CONNECTION_REFUSED @ http://localhost:8181/api/recording/status:0
[ 1820823ms] [ERROR] Failed to load resource: net::ERR_CONNECTION_REFUSED @ http://localhost:8181/api/servers:0
[ 1820823ms] [ERROR] Error обновления списка объектов: TypeError: Failed to fetch
    at fetchServers (http://localhost:8181/static/js/app.js:12494:28)
    at fetchObjects (http://localhost:8181/static/js/app.js:12501:31)
    at refreshObjectsList (http://localhost:8181/static/js/app.js:12549:28)
    at http://localhost:8181/static/js/app.js:1293:9 @ http://localhost:8181/static/js/app.js:12552
[ 1825694ms] [ERROR] Failed to load resource: net::ERR_CONNECTION_REFUSED @ http://localhost:8181/api/recording/status:0
[ 1826821ms] [ERROR] Failed to load resource: net::ERR_CONNECTION_REFUSED @ http://localhost:8181/api/servers:0
[ 1826822ms] [ERROR] Error обновления списка объектов: TypeError: Failed to fetch
    at fetchServers (http://localhost:8181/static/js/app.js:12494:28)
    at fetchObjects (http://localhost:8181/static/js/app.js:12501:31)
    at refreshObjectsList (http://localhost:8181/static/js/app.js:12549:28)
    at http://localhost:8181/static/js/app.js:1293:9 @ http://localhost:8181/static/js/app.js:12552
[ 1826822ms] [ERROR] Failed to load resource: net::ERR_CONNECTION_REFUSED @ http://localhost:8181/api/version:0
[ 1830694ms] [ERROR] Failed to load resource: net::ERR_CONNECTION_REFUSED @ http://localhost:8181/api/recording/status:0
[ 1832821ms] [ERROR] Failed to load resource: net::ERR_CONNECTION_REFUSED @ http://localhost:8181/api/servers:0
[ 1832821ms] [ERROR] Error обновления списка объектов: TypeError: Failed to fetch
    at fetchServers (http://localhost:8181/static/js/app.js:12494:28)
    at fetchObjects (http://localhost:8181/static/js/app.js:12501:31)
    at refreshObjectsList (http://localhost:8181/static/js/app.js:12549:28)
    at http://localhost:8181/static/js/app.js:1293:9 @ http://localhost:8181/static/js/app.js:12552
[ 1835688ms] [ERROR] Failed to load resource: net::ERR_CONNECTION_REFUSED @ http://localhost:8181/api/recording/status:0
[ 1838828ms] [ERROR] Failed to load resource: net::ERR_CONNECTION_REFUSED @ http://localhost:8181/api/servers:0
[ 1838828ms] [ERROR] Error обновления списка объектов: TypeError: Failed to fetch
    at fetchServers (http://localhost:8181/static/js/app.js:12494:28)
    at fetchObjects (http://localhost:8181/static/js/app.js:12501:31)
    at refreshObjectsList (http://localhost:8181/static/js/app.js:12549:28)
    at http://localhost:8181/static/js/app.js:1293:9 @ http://localhost:8181/static/js/app.js:12552
[ 1840687ms] [ERROR] Failed to load resource: net::ERR_CONNECTION_REFUSED @ http://localhost:8181/api/recording/status:0
[ 1844827ms] [ERROR] Failed to load resource: net::ERR_CONNECTION_REFUSED @ http://localhost:8181/api/servers:0
[ 1844828ms] [ERROR] Error обновления списка объектов: TypeError: Failed to fetch
    at fetchServers (http://localhost:8181/static/js/app.js:12494:28)
    at fetchObjects (http://localhost:8181/static/js/app.js:12501:31)
    at refreshObjectsList (http://localhost:8181/static/js/app.js:12549:28)
    at http://localhost:8181/static/js/app.js:1293:9 @ http://localhost:8181/static/js/app.js:12552
[ 1845688ms] [ERROR] Failed to load resource: net::ERR_CONNECTION_REFUSED @ http://localhost:8181/api/recording/status:0
[ 1850694ms] [ERROR] Failed to load resource: net::ERR_CONNECTION_REFUSED @ http://localhost:8181/api/recording/status:0
[ 1850821ms] [ERROR] Failed to load resource: net::ERR_CONNECTION_REFUSED @ http://localhost:8181/api/servers:0
[ 1850822ms] [ERROR] Error обновления списка объектов: TypeError: Failed to fetch
    at fetchServers (http://localhost:8181/static/js/app.js:12494:28)
    at fetchObjects (http://localhost:8181/static/js/app.js:12501:31)
    at refreshObjectsList (http://localhost:8181/static/js/app.js:12549:28)
    at http://localhost:8181/static/js/app.js:1293:9 @ http://localhost:8181/static/js/app.js:12552
[ 1855692ms] [ERROR] Failed to load resource: net::ERR_CONNECTION_REFUSED @ http://localhost:8181/api/recording/status:0
[ 1856824ms] [ERROR] Failed to load resource: net::ERR_CONNECTION_REFUSED @ http://localhost:8181/api/servers:0
[ 1856824ms] [ERROR] Error обновления списка объектов: TypeError: Failed to fetch
    at fetchServers (http://localhost:8181/static/js/app.js:12494:28)
    at fetchObjects (http://localhost:8181/static/js/app.js:12501:31)
    at refreshObjectsList (http://localhost:8181/static/js/app.js:12549:28)
    at http://localhost:8181/static/js/app.js:1293:9 @ http://localhost:8181/static/js/app.js:12552
[ 1856825ms] [ERROR] Failed to load resource: net::ERR_CONNECTION_REFUSED @ http://localhost:8181/api/version:0
[ 1860691ms] [ERROR] Failed to load resource: net::ERR_CONNECTION_REFUSED @ http://localhost:8181/api/recording/status:0
[ 1862821ms] [ERROR] Failed to load resource: net::ERR_CONNECTION_REFUSED @ http://localhost:8181/api/servers:0
[ 1862821ms] [ERROR] Error обновления списка объектов: TypeError: Failed to fetch
    at fetchServers (http://localhost:8181/static/js/app.js:12494:28)
    at fetchObjects (http://localhost:8181/static/js/app.js:12501:31)
    at refreshObjectsList (http://localhost:8181/static/js/app.js:12549:28)
    at http://localhost:8181/static/js/app.js:1293:9 @ http://localhost:8181/static/js/app.js:12552
[ 1865689ms] [ERROR] Failed to load resource: net::ERR_CONNECTION_REFUSED @ http://localhost:8181/api/recording/status:0
[ 1868828ms] [ERROR] Failed to load resource: net::ERR_CONNECTION_REFUSED @ http://localhost:8181/api/servers:0
[ 1868828ms] [ERROR] Error обновления списка объектов: TypeError: Failed to fetch
    at fetchServers (http://localhost:8181/static/js/app.js:12494:28)
    at fetchObjects (http://localhost:8181/static/js/app.js:12501:31)
    at refreshObjectsList (http://localhost:8181/static/js/app.js:12549:28)
    at http://localhost:8181/static/js/app.js:1293:9 @ http://localhost:8181/static/js/app.js:12552
[ 1870689ms] [ERROR] Failed to load resource: net::ERR_CONNECTION_REFUSED @ http://localhost:8181/api/recording/status:0
[ 1874828ms] [ERROR] Failed to load resource: net::ERR_CONNECTION_REFUSED @ http://localhost:8181/api/servers:0
[ 1874828ms] [ERROR] Error обновления списка объектов: TypeError: Failed to fetch
    at fetchServers (http://localhost:8181/static/js/app.js:12494:28)
    at fetchObjects (http://localhost:8181/static/js/app.js:12501:31)
    at refreshObjectsList (http://localhost:8181/static/js/app.js:12549:28)
    at http://localhost:8181/static/js/app.js:1293:9 @ http://localhost:8181/static/js/app.js:12552
[ 1875687ms] [ERROR] Failed to load resource: net::ERR_CONNECTION_REFUSED @ http://localhost:8181/api/recording/status:0
[ 1880694ms] [ERROR] Failed to load resource: net::ERR_CONNECTION_REFUSED @ http://localhost:8181/api/recording/status:0
[ 1880822ms] [ERROR] Failed to load resource: net::ERR_CONNECTION_REFUSED @ http://localhost:8181/api/servers:0
[ 1880822ms] [ERROR] Error обновления списка объектов: TypeError: Failed to fetch
    at fetchServers (http://localhost:8181/static/js/app.js:12494:28)
    at fetchObjects (http://localhost:8181/static/js/app.js:12501:31)
    at refreshObjectsList (http://localhost:8181/static/js/app.js:12549:28)
    at http://localhost:8181/static/js/app.js:1293:9 @ http://localhost:8181/static/js/app.js:12552
[ 1885690ms] [ERROR] Failed to load resource: net::ERR_CONNECTION_REFUSED @ http://localhost:8181/api/recording/status:0
[ 1886822ms] [ERROR] Failed to load resource: net::ERR_CONNECTION_REFUSED @ http://localhost:8181/api/servers:0
[ 1886822ms] [ERROR] Error обновления списка объектов: TypeError: Failed to fetch
    at fetchServers (http://localhost:8181/static/js/app.js:12494:28)
    at fetchObjects (http://localhost:8181/static/js/app.js:12501:31)
    at refreshObjectsList (http://localhost:8181/static/js/app.js:12549:28)
    at http://localhost:8181/static/js/app.js:1293:9 @ http://localhost:8181/static/js/app.js:12552
[ 1886822ms] [ERROR] Failed to load resource: net::ERR_CONNECTION_REFUSED @ http://localhost:8181/api/version:0
[ 1890694ms] [ERROR] Failed to load resource: net::ERR_CONNECTION_REFUSED @ http://localhost:8181/api/recording/status:0
[ 1892822ms] [ERROR] Failed to load resource: net::ERR_CONNECTION_REFUSED @ http://localhost:8181/api/servers:0
[ 1892822ms] [ERROR] Error обновления списка объектов: TypeError: Failed to fetch
    at fetchServers (http://localhost:8181/static/js/app.js:12494:28)
    at fetchObjects (http://localhost:8181/static/js/app.js:12501:31)
    at refreshObjectsList (http://localhost:8181/static/js/app.js:12549:28)
    at http://localhost:8181/static/js/app.js:1293:9 @ http://localhost:8181/static/js/app.js:12552
[ 1895688ms] [ERROR] Failed to load resource: net::ERR_CONNECTION_REFUSED @ http://localhost:8181/api/recording/status:0
[ 1898828ms] [ERROR] Failed to load resource: net::ERR_CONNECTION_REFUSED @ http://localhost:8181/api/servers:0
[ 1898828ms] [ERROR] Error обновления списка объектов: TypeError: Failed to fetch
    at fetchServers (http://localhost:8181/static/js/app.js:12494:28)
    at fetchObjects (http://localhost:8181/static/js/app.js:12501:31)
    at refreshObjectsList (http://localhost:8181/static/js/app.js:12549:28)
    at http://localhost:8181/static/js/app.js:1293:9 @ http://localhost:8181/static/js/app.js:12552
[ 1900687ms] [ERROR] Failed to load resource: net::ERR_CONNECTION_REFUSED @ http://localhost:8181/api/recording/status:0
[ 1904828ms] [ERROR] Failed to load resource: net::ERR_CONNECTION_REFUSED @ http://localhost:8181/api/servers:0
[ 1904828ms] [ERROR] Error обновления списка объектов: TypeError: Failed to fetch
    at fetchServers (http://localhost:8181/static/js/app.js:12494:28)
    at fetchObjects (http://localhost:8181/static/js/app.js:12501:31)
    at refreshObjectsList (http://localhost:8181/static/js/app.js:12549:28)
    at http://localhost:8181/static/js/app.js:1293:9 @ http://localhost:8181/static/js/app.js:12552
[ 1905689ms] [ERROR] Failed to load resource: net::ERR_CONNECTION_REFUSED @ http://localhost:8181/api/recording/status:0
[ 1910694ms] [ERROR] Failed to load resource: net::ERR_CONNECTION_REFUSED @ http://localhost:8181/api/recording/status:0
[ 1910823ms] [ERROR] Failed to load resource: net::ERR_CONNECTION_REFUSED @ http://localhost:8181/api/servers:0
[ 1910823ms] [ERROR] Error обновления списка объектов: TypeError: Failed to fetch
    at fetchServers (http://localhost:8181/static/js/app.js:12494:28)
    at fetchObjects (http://localhost:8181/static/js/app.js:12501:31)
    at refreshObjectsList (http://localhost:8181/static/js/app.js:12549:28)
    at http://localhost:8181/static/js/app.js:1293:9 @ http://localhost:8181/static/js/app.js:12552
[ 1915694ms] [ERROR] Failed to load resource: net::ERR_CONNECTION_REFUSED @ http://localhost:8181/api/recording/status:0
[ 1916823ms] [ERROR] Failed to load resource: net::ERR_CONNECTION_REFUSED @ http://localhost:8181/api/servers:0
[ 1916823ms] [ERROR] Error обновления списка объектов: TypeError: Failed to fetch
    at fetchServers (http://localhost:8181/static/js/app.js:12494:28)
    at fetchObjects (http://localhost:8181/static/js/app.js:12501:31)
    at refreshObjectsList (http://localhost:8181/static/js/app.js:12549:28)
    at http://localhost:8181/static/js/app.js:1293:9 @ http://localhost:8181/static/js/app.js:12552
[ 1916824ms] [ERROR] Failed to load resource: net::ERR_CONNECTION_REFUSED @ http://localhost:8181/api/version:0
[ 1920690ms] [ERROR] Failed to load resource: net::ERR_CONNECTION_REFUSED @ http://localhost:8181/api/recording/status:0
[ 1922822ms] [ERROR] Failed to load resource: net::ERR_CONNECTION_REFUSED @ http://localhost:8181/api/servers:0
[ 1922822ms] [ERROR] Error обновления списка объектов: TypeError: Failed to fetch
    at fetchServers (http://localhost:8181/static/js/app.js:12494:28)
    at fetchObjects (http://localhost:8181/static/js/app.js:12501:31)
    at refreshObjectsList (http://localhost:8181/static/js/app.js:12549:28)
    at http://localhost:8181/static/js/app.js:1293:9 @ http://localhost:8181/static/js/app.js:12552
[ 1925688ms] [ERROR] Failed to load resource: net::ERR_CONNECTION_REFUSED @ http://localhost:8181/api/recording/status:0
[ 1928826ms] [ERROR] Failed to load resource: net::ERR_CONNECTION_REFUSED @ http://localhost:8181/api/servers:0
[ 1928826ms] [ERROR] Error обновления списка объектов: TypeError: Failed to fetch
    at fetchServers (http://localhost:8181/static/js/app.js:12494:28)
    at fetchObjects (http://localhost:8181/static/js/app.js:12501:31)
    at refreshObjectsList (http://localhost:8181/static/js/app.js:12549:28)
    at http://localhost:8181/static/js/app.js:1293:9 @ http://localhost:8181/static/js/app.js:12552
[ 1930690ms] [ERROR] Failed to load resource: net::ERR_CONNECTION_REFUSED @ http://localhost:8181/api/recording/status:0
[ 1934825ms] [ERROR] Failed to load resource: net::ERR_CONNECTION_REFUSED @ http://localhost:8181/api/servers:0
[ 1934825ms] [ERROR] Error обновления списка объектов: TypeError: Failed to fetch
    at fetchServers (http://localhost:8181/static/js/app.js:12494:28)
    at fetchObjects (http://localhost:8181/static/js/app.js:12501:31)
    at refreshObjectsList (http://localhost:8181/static/js/app.js:12549:28)
    at http://localhost:8181/static/js/app.js:1293:9 @ http://localhost:8181/static/js/app.js:12552
[ 1935690ms] [ERROR] Failed to load resource: net::ERR_CONNECTION_REFUSED @ http://localhost:8181/api/recording/status:0
[ 1940693ms] [ERROR] Failed to load resource: net::ERR_CONNECTION_REFUSED @ http://localhost:8181/api/recording/status:0
[ 1940821ms] [ERROR] Failed to load resource: net::ERR_CONNECTION_REFUSED @ http://localhost:8181/api/servers:0
[ 1940821ms] [ERROR] Error обновления списка объектов: TypeError: Failed to fetch
    at fetchServers (http://localhost:8181/static/js/app.js:12494:28)
    at fetchObjects (http://localhost:8181/static/js/app.js:12501:31)
    at refreshObjectsList (http://localhost:8181/static/js/app.js:12549:28)
    at http://localhost:8181/static/js/app.js:1293:9 @ http://localhost:8181/static/js/app.js:12552
[ 1945695ms] [ERROR] Failed to load resource: net::ERR_CONNECTION_REFUSED @ http://localhost:8181/api/recording/status:0
[ 1946822ms] [ERROR] Failed to load resource: net::ERR_CONNECTION_REFUSED @ http://localhost:8181/api/servers:0
[ 1946822ms] [ERROR] Error обновления списка объектов: TypeError: Failed to fetch
    at fetchServers (http://localhost:8181/static/js/app.js:12494:28)
    at fetchObjects (http://localhost:8181/static/js/app.js:12501:31)
    at refreshObjectsList (http://localhost:8181/static/js/app.js:12549:28)
    at http://localhost:8181/static/js/app.js:1293:9 @ http://localhost:8181/static/js/app.js:12552
[ 1946822ms] [ERROR] Failed to load resource: net::ERR_CONNECTION_REFUSED @ http://localhost:8181/api/version:0
[ 1950695ms] [ERROR] Failed to load resource: net::ERR_CONNECTION_REFUSED @ http://localhost:8181/api/recording/status:0
[ 1952823ms] [ERROR] Failed to load resource: net::ERR_CONNECTION_REFUSED @ http://localhost:8181/api/servers:0
[ 1952823ms] [ERROR] Error обновления списка объектов: TypeError: Failed to fetch
    at fetchServers (http://localhost:8181/static/js/app.js:12494:28)
    at fetchObjects (http://localhost:8181/static/js/app.js:12501:31)
    at refreshObjectsList (http://localhost:8181/static/js/app.js:12549:28)
    at http://localhost:8181/static/js/app.js:1293:9 @ http://localhost:8181/static/js/app.js:12552
[ 1955688ms] [ERROR] Failed to load resource: net::ERR_CONNECTION_REFUSED @ http://localhost:8181/api/recording/status:0
[ 1958828ms] [ERROR] Failed to load resource: net::ERR_CONNECTION_REFUSED @ http://localhost:8181/api/servers:0
[ 1958828ms] [ERROR] Error обновления списка объектов: TypeError: Failed to fetch
    at fetchServers (http://localhost:8181/static/js/app.js:12494:28)
    at fetchObjects (http://localhost:8181/static/js/app.js:12501:31)
    at refreshObjectsList (http://localhost:8181/static/js/app.js:12549:28)
    at http://localhost:8181/static/js/app.js:1293:9 @ http://localhost:8181/static/js/app.js:12552
[ 1960689ms] [ERROR] Failed to load resource: net::ERR_CONNECTION_REFUSED @ http://localhost:8181/api/recording/status:0
[ 1964828ms] [ERROR] Failed to load resource: net::ERR_CONNECTION_REFUSED @ http://localhost:8181/api/servers:0
[ 1964828ms] [ERROR] Error обновления списка объектов: TypeError: Failed to fetch
    at fetchServers (http://localhost:8181/static/js/app.js:12494:28)
    at fetchObjects (http://localhost:8181/static/js/app.js:12501:31)
    at refreshObjectsList (http://localhost:8181/static/js/app.js:12549:28)
    at http://localhost:8181/static/js/app.js:1293:9 @ http://localhost:8181/static/js/app.js:12552
[ 1965689ms] [ERROR] Failed to load resource: net::ERR_CONNECTION_REFUSED @ http://localhost:8181/api/recording/status:0
[ 1970694ms] [ERROR] Failed to load resource: net::ERR_CONNECTION_REFUSED @ http://localhost:8181/api/recording/status:0
[ 1970825ms] [ERROR] Failed to load resource: net::ERR_CONNECTION_REFUSED @ http://localhost:8181/api/servers:0
[ 1970825ms] [ERROR] Error обновления списка объектов: TypeError: Failed to fetch
    at fetchServers (http://localhost:8181/static/js/app.js:12494:28)
    at fetchObjects (http://localhost:8181/static/js/app.js:12501:31)
    at refreshObjectsList (http://localhost:8181/static/js/app.js:12549:28)
    at http://localhost:8181/static/js/app.js:1293:9 @ http://localhost:8181/static/js/app.js:12552
[ 1975690ms] [ERROR] Failed to load resource: net::ERR_CONNECTION_REFUSED @ http://localhost:8181/api/recording/status:0
[ 1976823ms] [ERROR] Failed to load resource: net::ERR_CONNECTION_REFUSED @ http://localhost:8181/api/servers:0
[ 1976823ms] [ERROR] Error обновления списка объектов: TypeError: Failed to fetch
    at fetchServers (http://localhost:8181/static/js/app.js:12494:28)
    at fetchObjects (http://localhost:8181/static/js/app.js:12501:31)
    at refreshObjectsList (http://localhost:8181/static/js/app.js:12549:28)
    at http://localhost:8181/static/js/app.js:1293:9 @ http://localhost:8181/static/js/app.js:12552
[ 1976824ms] [ERROR] Failed to load resource: net::ERR_CONNECTION_REFUSED @ http://localhost:8181/api/version:0
[ 1980695ms] [ERROR] Failed to load resource: net::ERR_CONNECTION_REFUSED @ http://localhost:8181/api/recording/status:0
[ 1982822ms] [ERROR] Failed to load resource: net::ERR_CONNECTION_REFUSED @ http://localhost:8181/api/servers:0
[ 1982822ms] [ERROR] Error обновления списка объектов: TypeError: Failed to fetch
    at fetchServers (http://localhost:8181/static/js/app.js:12494:28)
    at fetchObjects (http://localhost:8181/static/js/app.js:12501:31)
    at refreshObjectsList (http://localhost:8181/static/js/app.js:12549:28)
    at http://localhost:8181/static/js/app.js:1293:9 @ http://localhost:8181/static/js/app.js:12552
[ 1985690ms] [ERROR] Failed to load resource: net::ERR_CONNECTION_REFUSED @ http://localhost:8181/api/recording/status:0
[ 1988829ms] [ERROR] Failed to load resource: net::ERR_CONNECTION_REFUSED @ http://localhost:8181/api/servers:0
[ 1988829ms] [ERROR] Error обновления списка объектов: TypeError: Failed to fetch
    at fetchServers (http://localhost:8181/static/js/app.js:12494:28)
    at fetchObjects (http://localhost:8181/static/js/app.js:12501:31)
    at refreshObjectsList (http://localhost:8181/static/js/app.js:12549:28)
    at http://localhost:8181/static/js/app.js:1293:9 @ http://localhost:8181/static/js/app.js:12552
[ 1990689ms] [ERROR] Failed to load resource: net::ERR_CONNECTION_REFUSED @ http://localhost:8181/api/recording/status:0
[ 1994827ms] [ERROR] Failed to load resource: net::ERR_CONNECTION_REFUSED @ http://localhost:8181/api/servers:0
[ 1994827ms] [ERROR] Error обновления списка объектов: TypeError: Failed to fetch
    at fetchServers (http://localhost:8181/static/js/app.js:12494:28)
    at fetchObjects (http://localhost:8181/static/js/app.js:12501:31)
    at refreshObjectsList (http://localhost:8181/static/js/app.js:12549:28)
    at http://localhost:8181/static/js/app.js:1293:9 @ http://localhost:8181/static/js/app.js:12552
[ 1995687ms] [ERROR] Failed to load resource: net::ERR_CONNECTION_REFUSED @ http://localhost:8181/api/recording/status:0
[ 2000694ms] [ERROR] Failed to load resource: net::ERR_CONNECTION_REFUSED @ http://localhost:8181/api/recording/status:0
[ 2000822ms] [ERROR] Failed to load resource: net::ERR_CONNECTION_REFUSED @ http://localhost:8181/api/servers:0
[ 2000822ms] [ERROR] Error обновления списка объектов: TypeError: Failed to fetch
    at fetchServers (http://localhost:8181/static/js/app.js:12494:28)
    at fetchObjects (http://localhost:8181/static/js/app.js:12501:31)
    at refreshObjectsList (http://localhost:8181/static/js/app.js:12549:28)
    at http://localhost:8181/static/js/app.js:1293:9 @ http://localhost:8181/static/js/app.js:12552
[ 2005695ms] [ERROR] Failed to load resource: net::ERR_CONNECTION_REFUSED @ http://localhost:8181/api/recording/status:0
[ 2006822ms] [ERROR] Failed to load resource: net::ERR_CONNECTION_REFUSED @ http://localhost:8181/api/servers:0
[ 2006822ms] [ERROR] Error обновления списка объектов: TypeError: Failed to fetch
    at fetchServers (http://localhost:8181/static/js/app.js:12494:28)
    at fetchObjects (http://localhost:8181/static/js/app.js:12501:31)
    at refreshObjectsList (http://localhost:8181/static/js/app.js:12549:28)
    at http://localhost:8181/static/js/app.js:1293:9 @ http://localhost:8181/static/js/app.js:12552
[ 2006822ms] [ERROR] Failed to load resource: net::ERR_CONNECTION_REFUSED @ http://localhost:8181/api/version:0
[ 2010690ms] [ERROR] Failed to load resource: net::ERR_CONNECTION_REFUSED @ http://localhost:8181/api/recording/status:0
[ 2012823ms] [ERROR] Failed to load resource: net::ERR_CONNECTION_REFUSED @ http://localhost:8181/api/servers:0
[ 2012823ms] [ERROR] Error обновления списка объектов: TypeError: Failed to fetch
    at fetchServers (http://localhost:8181/static/js/app.js:12494:28)
    at fetchObjects (http://localhost:8181/static/js/app.js:12501:31)
    at refreshObjectsList (http://localhost:8181/static/js/app.js:12549:28)
    at http://localhost:8181/static/js/app.js:1293:9 @ http://localhost:8181/static/js/app.js:12552
[ 2015689ms] [ERROR] Failed to load resource: net::ERR_CONNECTION_REFUSED @ http://localhost:8181/api/recording/status:0
[ 2018825ms] [ERROR] Failed to load resource: net::ERR_CONNECTION_REFUSED @ http://localhost:8181/api/servers:0
[ 2018825ms] [ERROR] Error обновления списка объектов: TypeError: Failed to fetch
    at fetchServers (http://localhost:8181/static/js/app.js:12494:28)
    at fetchObjects (http://localhost:8181/static/js/app.js:12501:31)
    at refreshObjectsList (http://localhost:8181/static/js/app.js:12549:28)
    at http://localhost:8181/static/js/app.js:1293:9 @ http://localhost:8181/static/js/app.js:12552
[ 2020689ms] [ERROR] Failed to load resource: net::ERR_CONNECTION_REFUSED @ http://localhost:8181/api/recording/status:0
[ 2024828ms] [ERROR] Failed to load resource: net::ERR_CONNECTION_REFUSED @ http://localhost:8181/api/servers:0
[ 2024828ms] [ERROR] Error обновления списка объектов: TypeError: Failed to fetch
    at fetchServers (http://localhost:8181/static/js/app.js:12494:28)
    at fetchObjects (http://localhost:8181/static/js/app.js:12501:31)
    at refreshObjectsList (http://localhost:8181/static/js/app.js:12549:28)
    at http://localhost:8181/static/js/app.js:1293:9 @ http://localhost:8181/static/js/app.js:12552
[ 2025690ms] [ERROR] Failed to load resource: net::ERR_CONNECTION_REFUSED @ http://localhost:8181/api/recording/status:0
[ 2030697ms] [ERROR] Failed to load resource: net::ERR_CONNECTION_REFUSED @ http://localhost:8181/api/recording/status:0
[ 2030823ms] [ERROR] Failed to load resource: net::ERR_CONNECTION_REFUSED @ http://localhost:8181/api/servers:0
[ 2030823ms] [ERROR] Error обновления списка объектов: TypeError: Failed to fetch
    at fetchServers (http://localhost:8181/static/js/app.js:12494:28)
    at fetchObjects (http://localhost:8181/static/js/app.js:12501:31)
    at refreshObjectsList (http://localhost:8181/static/js/app.js:12549:28)
    at http://localhost:8181/static/js/app.js:1293:9 @ http://localhost:8181/static/js/app.js:12552
[ 2035696ms] [ERROR] Failed to load resource: net::ERR_CONNECTION_REFUSED @ http://localhost:8181/api/recording/status:0
[ 2036823ms] [ERROR] Failed to load resource: net::ERR_CONNECTION_REFUSED @ http://localhost:8181/api/servers:0
[ 2036823ms] [ERROR] Error обновления списка объектов: TypeError: Failed to fetch
    at fetchServers (http://localhost:8181/static/js/app.js:12494:28)
    at fetchObjects (http://localhost:8181/static/js/app.js:12501:31)
    at refreshObjectsList (http://localhost:8181/static/js/app.js:12549:28)
    at http://localhost:8181/static/js/app.js:1293:9 @ http://localhost:8181/static/js/app.js:12552
[ 2036823ms] [ERROR] Failed to load resource: net::ERR_CONNECTION_REFUSED @ http://localhost:8181/api/version:0
[ 2040696ms] [ERROR] Failed to load resource: net::ERR_CONNECTION_REFUSED @ http://localhost:8181/api/recording/status:0
[ 2042823ms] [ERROR] Failed to load resource: net::ERR_CONNECTION_REFUSED @ http://localhost:8181/api/servers:0
[ 2042824ms] [ERROR] Error обновления списка объектов: TypeError: Failed to fetch
    at fetchServers (http://localhost:8181/static/js/app.js:12494:28)
    at fetchObjects (http://localhost:8181/static/js/app.js:12501:31)
    at refreshObjectsList (http://localhost:8181/static/js/app.js:12549:28)
    at http://localhost:8181/static/js/app.js:1293:9 @ http://localhost:8181/static/js/app.js:12552
[ 2045688ms] [ERROR] Failed to load resource: net::ERR_CONNECTION_REFUSED @ http://localhost:8181/api/recording/status:0
[ 2048830ms] [ERROR] Failed to load resource: net::ERR_CONNECTION_REFUSED @ http://localhost:8181/api/servers:0
[ 2048830ms] [ERROR] Error обновления списка объектов: TypeError: Failed to fetch
    at fetchServers (http://localhost:8181/static/js/app.js:12494:28)
    at fetchObjects (http://localhost:8181/static/js/app.js:12501:31)
    at refreshObjectsList (http://localhost:8181/static/js/app.js:12549:28)
    at http://localhost:8181/static/js/app.js:1293:9 @ http://localhost:8181/static/js/app.js:12552
[ 2050689ms] [ERROR] Failed to load resource: net::ERR_CONNECTION_REFUSED @ http://localhost:8181/api/recording/status:0
[ 2054828ms] [ERROR] Failed to load resource: net::ERR_CONNECTION_REFUSED @ http://localhost:8181/api/servers:0
[ 2054828ms] [ERROR] Error обновления списка объектов: TypeError: Failed to fetch
    at fetchServers (http://localhost:8181/static/js/app.js:12494:28)
    at fetchObjects (http://localhost:8181/static/js/app.js:12501:31)
    at refreshObjectsList (http://localhost:8181/static/js/app.js:12549:28)
    at http://localhost:8181/static/js/app.js:1293:9 @ http://localhost:8181/static/js/app.js:12552
[ 2055690ms] [ERROR] Failed to load resource: net::ERR_CONNECTION_REFUSED @ http://localhost:8181/api/recording/status:0
[ 2060696ms] [ERROR] Failed to load resource: net::ERR_CONNECTION_REFUSED @ http://localhost:8181/api/recording/status:0
[ 2060822ms] [ERROR] Failed to load resource: net::ERR_CONNECTION_REFUSED @ http://localhost:8181/api/servers:0
[ 2060822ms] [ERROR] Error обновления списка объектов: TypeError: Failed to fetch
    at fetchServers (http://localhost:8181/static/js/app.js:12494:28)
    at fetchObjects (http://localhost:8181/static/js/app.js:12501:31)
    at refreshObjectsList (http://localhost:8181/static/js/app.js:12549:28)
    at http://localhost:8181/static/js/app.js:1293:9 @ http://localhost:8181/static/js/app.js:12552
[ 2065694ms] [ERROR] Failed to load resource: net::ERR_CONNECTION_REFUSED @ http://localhost:8181/api/recording/status:0
[ 2066823ms] [ERROR] Failed to load resource: net::ERR_CONNECTION_REFUSED @ http://localhost:8181/api/servers:0
[ 2066823ms] [ERROR] Error обновления списка объектов: TypeError: Failed to fetch
    at fetchServers (http://localhost:8181/static/js/app.js:12494:28)
    at fetchObjects (http://localhost:8181/static/js/app.js:12501:31)
    at refreshObjectsList (http://localhost:8181/static/js/app.js:12549:28)
    at http://localhost:8181/static/js/app.js:1293:9 @ http://localhost:8181/static/js/app.js:12552
[ 2066823ms] [ERROR] Failed to load resource: net::ERR_CONNECTION_REFUSED @ http://localhost:8181/api/version:0
[ 2070693ms] [ERROR] Failed to load resource: net::ERR_CONNECTION_REFUSED @ http://localhost:8181/api/recording/status:0
[ 2072823ms] [ERROR] Failed to load resource: net::ERR_CONNECTION_REFUSED @ http://localhost:8181/api/servers:0
[ 2072823ms] [ERROR] Error обновления списка объектов: TypeError: Failed to fetch
    at fetchServers (http://localhost:8181/static/js/app.js:12494:28)
    at fetchObjects (http://localhost:8181/static/js/app.js:12501:31)
    at refreshObjectsList (http://localhost:8181/static/js/app.js:12549:28)
    at http://localhost:8181/static/js/app.js:1293:9 @ http://localhost:8181/static/js/app.js:12552
[ 2075690ms] [ERROR] Failed to load resource: net::ERR_CONNECTION_REFUSED @ http://localhost:8181/api/recording/status:0
[ 2078824ms] [ERROR] Failed to load resource: net::ERR_CONNECTION_REFUSED @ http://localhost:8181/api/servers:0
[ 2078824ms] [ERROR] Error обновления списка объектов: TypeError: Failed to fetch
    at fetchServers (http://localhost:8181/static/js/app.js:12494:28)
    at fetchObjects (http://localhost:8181/static/js/app.js:12501:31)
    at refreshObjectsList (http://localhost:8181/static/js/app.js:12549:28)
    at http://localhost:8181/static/js/app.js:1293:9 @ http://localhost:8181/static/js/app.js:12552
[ 2080690ms] [ERROR] Failed to load resource: net::ERR_CONNECTION_REFUSED @ http://localhost:8181/api/recording/status:0
[ 2084824ms] [ERROR] Failed to load resource: net::ERR_CONNECTION_REFUSED @ http://localhost:8181/api/servers:0
[ 2084824ms] [ERROR] Error обновления списка объектов: TypeError: Failed to fetch
    at fetchServers (http://localhost:8181/static/js/app.js:12494:28)
    at fetchObjects (http://localhost:8181/static/js/app.js:12501:31)
    at refreshObjectsList (http://localhost:8181/static/js/app.js:12549:28)
    at http://localhost:8181/static/js/app.js:1293:9 @ http://localhost:8181/static/js/app.js:12552
[ 2085690ms] [ERROR] Failed to load resource: net::ERR_CONNECTION_REFUSED @ http://localhost:8181/api/recording/status:0
[ 2090695ms] [ERROR] Failed to load resource: net::ERR_CONNECTION_REFUSED @ http://localhost:8181/api/recording/status:0
[ 2090822ms] [ERROR] Failed to load resource: net::ERR_CONNECTION_REFUSED @ http://localhost:8181/api/servers:0
[ 2090822ms] [ERROR] Error обновления списка объектов: TypeError: Failed to fetch
    at fetchServers (http://localhost:8181/static/js/app.js:12494:28)
    at fetchObjects (http://localhost:8181/static/js/app.js:12501:31)
    at refreshObjectsList (http://localhost:8181/static/js/app.js:12549:28)
    at http://localhost:8181/static/js/app.js:1293:9 @ http://localhost:8181/static/js/app.js:12552
[ 2095697ms] [ERROR] Failed to load resource: net::ERR_CONNECTION_REFUSED @ http://localhost:8181/api/recording/status:0
[ 2096822ms] [ERROR] Failed to load resource: net::ERR_CONNECTION_REFUSED @ http://localhost:8181/api/servers:0
[ 2096822ms] [ERROR] Error обновления списка объектов: TypeError: Failed to fetch
    at fetchServers (http://localhost:8181/static/js/app.js:12494:28)
    at fetchObjects (http://localhost:8181/static/js/app.js:12501:31)
    at refreshObjectsList (http://localhost:8181/static/js/app.js:12549:28)
    at http://localhost:8181/static/js/app.js:1293:9 @ http://localhost:8181/static/js/app.js:12552
[ 2096823ms] [ERROR] Failed to load resource: net::ERR_CONNECTION_REFUSED @ http://localhost:8181/api/version:0
[ 2100693ms] [ERROR] Failed to load resource: net::ERR_CONNECTION_REFUSED @ http://localhost:8181/api/recording/status:0
[ 2102821ms] [ERROR] Failed to load resource: net::ERR_CONNECTION_REFUSED @ http://localhost:8181/api/servers:0
[ 2102821ms] [ERROR] Error обновления списка объектов: TypeError: Failed to fetch
    at fetchServers (http://localhost:8181/static/js/app.js:12494:28)
    at fetchObjects (http://localhost:8181/static/js/app.js:12501:31)
    at refreshObjectsList (http://localhost:8181/static/js/app.js:12549:28)
    at http://localhost:8181/static/js/app.js:1293:9 @ http://localhost:8181/static/js/app.js:12552
[ 2105687ms] [ERROR] Failed to load resource: net::ERR_CONNECTION_REFUSED @ http://localhost:8181/api/recording/status:0
[ 2108829ms] [ERROR] Failed to load resource: net::ERR_CONNECTION_REFUSED @ http://localhost:8181/api/servers:0
[ 2108829ms] [ERROR] Error обновления списка объектов: TypeError: Failed to fetch
    at fetchServers (http://localhost:8181/static/js/app.js:12494:28)
    at fetchObjects (http://localhost:8181/static/js/app.js:12501:31)
    at refreshObjectsList (http://localhost:8181/static/js/app.js:12549:28)
    at http://localhost:8181/static/js/app.js:1293:9 @ http://localhost:8181/static/js/app.js:12552
[ 2110689ms] [ERROR] Failed to load resource: net::ERR_CONNECTION_REFUSED @ http://localhost:8181/api/recording/status:0
[ 2114826ms] [ERROR] Failed to load resource: net::ERR_CONNECTION_REFUSED @ http://localhost:8181/api/servers:0
[ 2114826ms] [ERROR] Error обновления списка объектов: TypeError: Failed to fetch
    at fetchServers (http://localhost:8181/static/js/app.js:12494:28)
    at fetchObjects (http://localhost:8181/static/js/app.js:12501:31)
    at refreshObjectsList (http://localhost:8181/static/js/app.js:12549:28)
    at http://localhost:8181/static/js/app.js:1293:9 @ http://localhost:8181/static/js/app.js:12552
[ 2115689ms] [ERROR] Failed to load resource: net::ERR_CONNECTION_REFUSED @ http://localhost:8181/api/recording/status:0
[ 2120695ms] [ERROR] Failed to load resource: net::ERR_CONNECTION_REFUSED @ http://localhost:8181/api/recording/status:0
[ 2120822ms] [ERROR] Failed to load resource: net::ERR_CONNECTION_REFUSED @ http://localhost:8181/api/servers:0
[ 2120822ms] [ERROR] Error обновления списка объектов: TypeError: Failed to fetch
    at fetchServers (http://localhost:8181/static/js/app.js:12494:28)
    at fetchObjects (http://localhost:8181/static/js/app.js:12501:31)
    at refreshObjectsList (http://localhost:8181/static/js/app.js:12549:28)
    at http://localhost:8181/static/js/app.js:1293:9 @ http://localhost:8181/static/js/app.js:12552
[ 2125696ms] [ERROR] Failed to load resource: net::ERR_CONNECTION_REFUSED @ http://localhost:8181/api/recording/status:0
[ 2126824ms] [ERROR] Failed to load resource: net::ERR_CONNECTION_REFUSED @ http://localhost:8181/api/servers:0
[ 2126824ms] [ERROR] Error обновления списка объектов: TypeError: Failed to fetch
    at fetchServers (http://localhost:8181/static/js/app.js:12494:28)
    at fetchObjects (http://localhost:8181/static/js/app.js:12501:31)
    at refreshObjectsList (http://localhost:8181/static/js/app.js:12549:28)
    at http://localhost:8181/static/js/app.js:1293:9 @ http://localhost:8181/static/js/app.js:12552
[ 2126825ms] [ERROR] Failed to load resource: net::ERR_CONNECTION_REFUSED @ http://localhost:8181/api/version:0
[ 2130691ms] [ERROR] Failed to load resource: net::ERR_CONNECTION_REFUSED @ http://localhost:8181/api/recording/status:0
[ 2132821ms] [ERROR] Failed to load resource: net::ERR_CONNECTION_REFUSED @ http://localhost:8181/api/servers:0
[ 2132821ms] [ERROR] Error обновления списка объектов: TypeError: Failed to fetch
    at fetchServers (http://localhost:8181/static/js/app.js:12494:28)
    at fetchObjects (http://localhost:8181/static/js/app.js:12501:31)
    at refreshObjectsList (http://localhost:8181/static/js/app.js:12549:28)
    at http://localhost:8181/static/js/app.js:1293:9 @ http://localhost:8181/static/js/app.js:12552
[ 2135691ms] [ERROR] Failed to load resource: net::ERR_CONNECTION_REFUSED @ http://localhost:8181/api/recording/status:0
[ 2138827ms] [ERROR] Failed to load resource: net::ERR_CONNECTION_REFUSED @ http://localhost:8181/api/servers:0
[ 2138827ms] [ERROR] Error обновления списка объектов: TypeError: Failed to fetch
    at fetchServers (http://localhost:8181/static/js/app.js:12494:28)
    at fetchObjects (http://localhost:8181/static/js/app.js:12501:31)
    at refreshObjectsList (http://localhost:8181/static/js/app.js:12549:28)
    at http://localhost:8181/static/js/app.js:1293:9 @ http://localhost:8181/static/js/app.js:12552
[ 2140690ms] [ERROR] Failed to load resource: net::ERR_CONNECTION_REFUSED @ http://localhost:8181/api/recording/status:0
[ 2144830ms] [ERROR] Failed to load resource: net::ERR_CONNECTION_REFUSED @ http://localhost:8181/api/servers:0
[ 2144830ms] [ERROR] Error обновления списка объектов: TypeError: Failed to fetch
    at fetchServers (http://localhost:8181/static/js/app.js:12494:28)
    at fetchObjects (http://localhost:8181/static/js/app.js:12501:31)
    at refreshObjectsList (http://localhost:8181/static/js/app.js:12549:28)
    at http://localhost:8181/static/js/app.js:1293:9 @ http://localhost:8181/static/js/app.js:12552
[ 2145689ms] [ERROR] Failed to load resource: net::ERR_CONNECTION_REFUSED @ http://localhost:8181/api/recording/status:0
[ 2150694ms] [ERROR] Failed to load resource: net::ERR_CONNECTION_REFUSED @ http://localhost:8181/api/recording/status:0
[ 2150822ms] [ERROR] Failed to load resource: net::ERR_CONNECTION_REFUSED @ http://localhost:8181/api/servers:0
[ 2150822ms] [ERROR] Error обновления списка объектов: TypeError: Failed to fetch
    at fetchServers (http://localhost:8181/static/js/app.js:12494:28)
    at fetchObjects (http://localhost:8181/static/js/app.js:12501:31)
    at refreshObjectsList (http://localhost:8181/static/js/app.js:12549:28)
    at http://localhost:8181/static/js/app.js:1293:9 @ http://localhost:8181/static/js/app.js:12552
[ 2155697ms] [ERROR] Failed to load resource: net::ERR_CONNECTION_REFUSED @ http://localhost:8181/api/recording/status:0
[ 2156825ms] [ERROR] Failed to load resource: net::ERR_CONNECTION_REFUSED @ http://localhost:8181/api/servers:0
[ 2156825ms] [ERROR] Error обновления списка объектов: TypeError: Failed to fetch
    at fetchServers (http://localhost:8181/static/js/app.js:12494:28)
    at fetchObjects (http://localhost:8181/static/js/app.js:12501:31)
    at refreshObjectsList (http://localhost:8181/static/js/app.js:12549:28)
    at http://localhost:8181/static/js/app.js:1293:9 @ http://localhost:8181/static/js/app.js:12552
[ 2156825ms] [ERROR] Failed to load resource: net::ERR_CONNECTION_REFUSED @ http://localhost:8181/api/version:0
[ 2160695ms] [ERROR] Failed to load resource: net::ERR_CONNECTION_REFUSED @ http://localhost:8181/api/recording/status:0
[ 2162822ms] [ERROR] Failed to load resource: net::ERR_CONNECTION_REFUSED @ http://localhost:8181/api/servers:0
[ 2162823ms] [ERROR] Error обновления списка объектов: TypeError: Failed to fetch
    at fetchServers (http://localhost:8181/static/js/app.js:12494:28)
    at fetchObjects (http://localhost:8181/static/js/app.js:12501:31)
    at refreshObjectsList (http://localhost:8181/static/js/app.js:12549:28)
    at http://localhost:8181/static/js/app.js:1293:9 @ http://localhost:8181/static/js/app.js:12552
[ 2165687ms] [ERROR] Failed to load resource: net::ERR_CONNECTION_REFUSED @ http://localhost:8181/api/recording/status:0
[ 2168829ms] [ERROR] Failed to load resource: net::ERR_CONNECTION_REFUSED @ http://localhost:8181/api/servers:0
[ 2168829ms] [ERROR] Error обновления списка объектов: TypeError: Failed to fetch
    at fetchServers (http://localhost:8181/static/js/app.js:12494:28)
    at fetchObjects (http://localhost:8181/static/js/app.js:12501:31)
    at refreshObjectsList (http://localhost:8181/static/js/app.js:12549:28)
    at http://localhost:8181/static/js/app.js:1293:9 @ http://localhost:8181/static/js/app.js:12552
[ 2170687ms] [ERROR] Failed to load resource: net::ERR_CONNECTION_REFUSED @ http://localhost:8181/api/recording/status:0
[ 2174829ms] [ERROR] Failed to load resource: net::ERR_CONNECTION_REFUSED @ http://localhost:8181/api/servers:0
[ 2174829ms] [ERROR] Error обновления списка объектов: TypeError: Failed to fetch
    at fetchServers (http://localhost:8181/static/js/app.js:12494:28)
    at fetchObjects (http://localhost:8181/static/js/app.js:12501:31)
    at refreshObjectsList (http://localhost:8181/static/js/app.js:12549:28)
    at http://localhost:8181/static/js/app.js:1293:9 @ http://localhost:8181/static/js/app.js:12552
[ 2175689ms] [ERROR] Failed to load resource: net::ERR_CONNECTION_REFUSED @ http://localhost:8181/api/recording/status:0
[ 2180695ms] [ERROR] Failed to load resource: net::ERR_CONNECTION_REFUSED @ http://localhost:8181/api/recording/status:0
[ 2180823ms] [ERROR] Failed to load resource: net::ERR_CONNECTION_REFUSED @ http://localhost:8181/api/servers:0
[ 2180823ms] [ERROR] Error обновления списка объектов: TypeError: Failed to fetch
    at fetchServers (http://localhost:8181/static/js/app.js:12494:28)
    at fetchObjects (http://localhost:8181/static/js/app.js:12501:31)
    at refreshObjectsList (http://localhost:8181/static/js/app.js:12549:28)
    at http://localhost:8181/static/js/app.js:1293:9 @ http://localhost:8181/static/js/app.js:12552
[ 2185694ms] [ERROR] Failed to load resource: net::ERR_CONNECTION_REFUSED @ http://localhost:8181/api/recording/status:0
[ 2186821ms] [ERROR] Failed to load resource: net::ERR_CONNECTION_REFUSED @ http://localhost:8181/api/servers:0
[ 2186821ms] [ERROR] Error обновления списка объектов: TypeError: Failed to fetch
    at fetchServers (http://localhost:8181/static/js/app.js:12494:28)
    at fetchObjects (http://localhost:8181/static/js/app.js:12501:31)
    at refreshObjectsList (http://localhost:8181/static/js/app.js:12549:28)
    at http://localhost:8181/static/js/app.js:1293:9 @ http://localhost:8181/static/js/app.js:12552
[ 2186822ms] [ERROR] Failed to load resource: net::ERR_CONNECTION_REFUSED @ http://localhost:8181/api/version:0
[ 2190694ms] [ERROR] Failed to load resource: net::ERR_CONNECTION_REFUSED @ http://localhost:8181/api/recording/status:0
[ 2192821ms] [ERROR] Failed to load resource: net::ERR_CONNECTION_REFUSED @ http://localhost:8181/api/servers:0
[ 2192822ms] [ERROR] Error обновления списка объектов: TypeError: Failed to fetch
    at fetchServers (http://localhost:8181/static/js/app.js:12494:28)
    at fetchObjects (http://localhost:8181/static/js/app.js:12501:31)
    at refreshObjectsList (http://localhost:8181/static/js/app.js:12549:28)
    at http://localhost:8181/static/js/app.js:1293:9 @ http://localhost:8181/static/js/app.js:12552
[ 2195689ms] [ERROR] Failed to load resource: net::ERR_CONNECTION_REFUSED @ http://localhost:8181/api/recording/status:0
[ 2198824ms] [ERROR] Failed to load resource: net::ERR_CONNECTION_REFUSED @ http://localhost:8181/api/servers:0
[ 2198824ms] [ERROR] Error обновления списка объектов: TypeError: Failed to fetch
    at fetchServers (http://localhost:8181/static/js/app.js:12494:28)
    at fetchObjects (http://localhost:8181/static/js/app.js:12501:31)
    at refreshObjectsList (http://localhost:8181/static/js/app.js:12549:28)
    at http://localhost:8181/static/js/app.js:1293:9 @ http://localhost:8181/static/js/app.js:12552
[ 2200689ms] [ERROR] Failed to load resource: net::ERR_CONNECTION_REFUSED @ http://localhost:8181/api/recording/status:0
[ 2204826ms] [ERROR] Failed to load resource: net::ERR_CONNECTION_REFUSED @ http://localhost:8181/api/servers:0
[ 2204826ms] [ERROR] Error обновления списка объектов: TypeError: Failed to fetch
    at fetchServers (http://localhost:8181/static/js/app.js:12494:28)
    at fetchObjects (http://localhost:8181/static/js/app.js:12501:31)
    at refreshObjectsList (http://localhost:8181/static/js/app.js:12549:28)
    at http://localhost:8181/static/js/app.js:1293:9 @ http://localhost:8181/static/js/app.js:12552
[ 2205688ms] [ERROR] Failed to load resource: net::ERR_CONNECTION_REFUSED @ http://localhost:8181/api/recording/status:0
[ 2210692ms] [ERROR] Failed to load resource: net::ERR_CONNECTION_REFUSED @ http://localhost:8181/api/recording/status:0
[ 2210823ms] [ERROR] Failed to load resource: net::ERR_CONNECTION_REFUSED @ http://localhost:8181/api/servers:0
[ 2210824ms] [ERROR] Error обновления списка объектов: TypeError: Failed to fetch
    at fetchServers (http://localhost:8181/static/js/app.js:12494:28)
    at fetchObjects (http://localhost:8181/static/js/app.js:12501:31)
    at refreshObjectsList (http://localhost:8181/static/js/app.js:12549:28)
    at http://localhost:8181/static/js/app.js:1293:9 @ http://localhost:8181/static/js/app.js:12552
[ 2215692ms] [ERROR] Failed to load resource: net::ERR_CONNECTION_REFUSED @ http://localhost:8181/api/recording/status:0
[ 2216824ms] [ERROR] Failed to load resource: net::ERR_CONNECTION_REFUSED @ http://localhost:8181/api/servers:0
[ 2216824ms] [ERROR] Error обновления списка объектов: TypeError: Failed to fetch
    at fetchServers (http://localhost:8181/static/js/app.js:12494:28)
    at fetchObjects (http://localhost:8181/static/js/app.js:12501:31)
    at refreshObjectsList (http://localhost:8181/static/js/app.js:12549:28)
    at http://localhost:8181/static/js/app.js:1293:9 @ http://localhost:8181/static/js/app.js:12552
[ 2216824ms] [ERROR] Failed to load resource: net::ERR_CONNECTION_REFUSED @ http://localhost:8181/api/version:0
[ 2220693ms] [ERROR] Failed to load resource: net::ERR_CONNECTION_REFUSED @ http://localhost:8181/api/recording/status:0
[ 2222823ms] [ERROR] Failed to load resource: net::ERR_CONNECTION_REFUSED @ http://localhost:8181/api/servers:0
[ 2222824ms] [ERROR] Error обновления списка объектов: TypeError: Failed to fetch
    at fetchServers (http://localhost:8181/static/js/app.js:12494:28)
    at fetchObjects (http://localhost:8181/static/js/app.js:12501:31)
    at refreshObjectsList (http://localhost:8181/static/js/app.js:12549:28)
    at http://localhost:8181/static/js/app.js:1293:9 @ http://localhost:8181/static/js/app.js:12552
[ 2225690ms] [ERROR] Failed to load resource: net::ERR_CONNECTION_REFUSED @ http://localhost:8181/api/recording/status:0
[ 2228825ms] [ERROR] Failed to load resource: net::ERR_CONNECTION_REFUSED @ http://localhost:8181/api/servers:0
[ 2228826ms] [ERROR] Error обновления списка объектов: TypeError: Failed to fetch
    at fetchServers (http://localhost:8181/static/js/app.js:12494:28)
    at fetchObjects (http://localhost:8181/static/js/app.js:12501:31)
    at refreshObjectsList (http://localhost:8181/static/js/app.js:12549:28)
    at http://localhost:8181/static/js/app.js:1293:9 @ http://localhost:8181/static/js/app.js:12552
[ 2230690ms] [ERROR] Failed to load resource: net::ERR_CONNECTION_REFUSED @ http://localhost:8181/api/recording/status:0
[ 2234825ms] [ERROR] Failed to load resource: net::ERR_CONNECTION_REFUSED @ http://localhost:8181/api/servers:0
[ 2234825ms] [ERROR] Error обновления списка объектов: TypeError: Failed to fetch
    at fetchServers (http://localhost:8181/static/js/app.js:12494:28)
    at fetchObjects (http://localhost:8181/static/js/app.js:12501:31)
    at refreshObjectsList (http://localhost:8181/static/js/app.js:12549:28)
    at http://localhost:8181/static/js/app.js:1293:9 @ http://localhost:8181/static/js/app.js:12552
[ 2235689ms] [ERROR] Failed to load resource: net::ERR_CONNECTION_REFUSED @ http://localhost:8181/api/recording/status:0
[ 2240693ms] [ERROR] Failed to load resource: net::ERR_CONNECTION_REFUSED @ http://localhost:8181/api/recording/status:0
[ 2240822ms] [ERROR] Failed to load resource: net::ERR_CONNECTION_REFUSED @ http://localhost:8181/api/servers:0
[ 2240822ms] [ERROR] Error обновления списка объектов: TypeError: Failed to fetch
    at fetchServers (http://localhost:8181/static/js/app.js:12494:28)
    at fetchObjects (http://localhost:8181/static/js/app.js:12501:31)
    at refreshObjectsList (http://localhost:8181/static/js/app.js:12549:28)
    at http://localhost:8181/static/js/app.js:1293:9 @ http://localhost:8181/static/js/app.js:12552
[ 2245692ms] [ERROR] Failed to load resource: net::ERR_CONNECTION_REFUSED @ http://localhost:8181/api/recording/status:0
[ 2246821ms] [ERROR] Failed to load resource: net::ERR_CONNECTION_REFUSED @ http://localhost:8181/api/servers:0
[ 2246821ms] [ERROR] Error обновления списка объектов: TypeError: Failed to fetch
    at fetchServers (http://localhost:8181/static/js/app.js:12494:28)
    at fetchObjects (http://localhost:8181/static/js/app.js:12501:31)
    at refreshObjectsList (http://localhost:8181/static/js/app.js:12549:28)
    at http://localhost:8181/static/js/app.js:1293:9 @ http://localhost:8181/static/js/app.js:12552
[ 2246822ms] [ERROR] Failed to load resource: net::ERR_CONNECTION_REFUSED @ http://localhost:8181/api/version:0
[ 2250692ms] [ERROR] Failed to load resource: net::ERR_CONNECTION_REFUSED @ http://localhost:8181/api/recording/status:0
[ 2252821ms] [ERROR] Failed to load resource: net::ERR_CONNECTION_REFUSED @ http://localhost:8181/api/servers:0
[ 2252821ms] [ERROR] Error обновления списка объектов: TypeError: Failed to fetch
    at fetchServers (http://localhost:8181/static/js/app.js:12494:28)
    at fetchObjects (http://localhost:8181/static/js/app.js:12501:31)
    at refreshObjectsList (http://localhost:8181/static/js/app.js:12549:28)
    at http://localhost:8181/static/js/app.js:1293:9 @ http://localhost:8181/static/js/app.js:12552
[ 2255689ms] [ERROR] Failed to load resource: net::ERR_CONNECTION_REFUSED @ http://localhost:8181/api/recording/status:0
[ 2258826ms] [ERROR] Failed to load resource: net::ERR_CONNECTION_REFUSED @ http://localhost:8181/api/servers:0
[ 2258826ms] [ERROR] Error обновления списка объектов: TypeError: Failed to fetch
    at fetchServers (http://localhost:8181/static/js/app.js:12494:28)
    at fetchObjects (http://localhost:8181/static/js/app.js:12501:31)
    at refreshObjectsList (http://localhost:8181/static/js/app.js:12549:28)
    at http://localhost:8181/static/js/app.js:1293:9 @ http://localhost:8181/static/js/app.js:12552
[ 2260688ms] [ERROR] Failed to load resource: net::ERR_CONNECTION_REFUSED @ http://localhost:8181/api/recording/status:0
[ 2264826ms] [ERROR] Failed to load resource: net::ERR_CONNECTION_REFUSED @ http://localhost:8181/api/servers:0
[ 2264826ms] [ERROR] Error обновления списка объектов: TypeError: Failed to fetch
    at fetchServers (http://localhost:8181/static/js/app.js:12494:28)
    at fetchObjects (http://localhost:8181/static/js/app.js:12501:31)
    at refreshObjectsList (http://localhost:8181/static/js/app.js:12549:28)
    at http://localhost:8181/static/js/app.js:1293:9 @ http://localhost:8181/static/js/app.js:12552
[ 2265689ms] [ERROR] Failed to load resource: net::ERR_CONNECTION_REFUSED @ http://localhost:8181/api/recording/status:0
[ 2270690ms] [ERROR] Failed to load resource: net::ERR_CONNECTION_REFUSED @ http://localhost:8181/api/recording/status:0
[ 2270821ms] [ERROR] Failed to load resource: net::ERR_CONNECTION_REFUSED @ http://localhost:8181/api/servers:0
[ 2270821ms] [ERROR] Error обновления списка объектов: TypeError: Failed to fetch
    at fetchServers (http://localhost:8181/static/js/app.js:12494:28)
    at fetchObjects (http://localhost:8181/static/js/app.js:12501:31)
    at refreshObjectsList (http://localhost:8181/static/js/app.js:12549:28)
    at http://localhost:8181/static/js/app.js:1293:9 @ http://localhost:8181/static/js/app.js:12552
[ 2275693ms] [ERROR] Failed to load resource: net::ERR_CONNECTION_REFUSED @ http://localhost:8181/api/recording/status:0
[ 2276822ms] [ERROR] Failed to load resource: net::ERR_CONNECTION_REFUSED @ http://localhost:8181/api/servers:0
[ 2276822ms] [ERROR] Error обновления списка объектов: TypeError: Failed to fetch
    at fetchServers (http://localhost:8181/static/js/app.js:12494:28)
    at fetchObjects (http://localhost:8181/static/js/app.js:12501:31)
    at refreshObjectsList (http://localhost:8181/static/js/app.js:12549:28)
    at http://localhost:8181/static/js/app.js:1293:9 @ http://localhost:8181/static/js/app.js:12552
[ 2276823ms] [ERROR] Failed to load resource: net::ERR_CONNECTION_REFUSED @ http://localhost:8181/api/version:0
[ 2280694ms] [ERROR] Failed to load resource: net::ERR_CONNECTION_REFUSED @ http://localhost:8181/api/recording/status:0
[ 2282823ms] [ERROR] Failed to load resource: net::ERR_CONNECTION_REFUSED @ http://localhost:8181/api/servers:0
[ 2282823ms] [ERROR] Error обновления списка объектов: TypeError: Failed to fetch
    at fetchServers (http://localhost:8181/static/js/app.js:12494:28)
    at fetchObjects (http://localhost:8181/static/js/app.js:12501:31)
    at refreshObjectsList (http://localhost:8181/static/js/app.js:12549:28)
    at http://localhost:8181/static/js/app.js:1293:9 @ http://localhost:8181/static/js/app.js:12552
[ 2285688ms] [ERROR] Failed to load resource: net::ERR_CONNECTION_REFUSED @ http://localhost:8181/api/recording/status:0
[ 2288828ms] [ERROR] Failed to load resource: net::ERR_CONNECTION_REFUSED @ http://localhost:8181/api/servers:0
[ 2288829ms] [ERROR] Error обновления списка объектов: TypeError: Failed to fetch
    at fetchServers (http://localhost:8181/static/js/app.js:12494:28)
    at fetchObjects (http://localhost:8181/static/js/app.js:12501:31)
    at refreshObjectsList (http://localhost:8181/static/js/app.js:12549:28)
    at http://localhost:8181/static/js/app.js:1293:9 @ http://localhost:8181/static/js/app.js:12552
[ 2290689ms] [ERROR] Failed to load resource: net::ERR_CONNECTION_REFUSED @ http://localhost:8181/api/recording/status:0
[ 2294828ms] [ERROR] Failed to load resource: net::ERR_CONNECTION_REFUSED @ http://localhost:8181/api/servers:0
[ 2294828ms] [ERROR] Error обновления списка объектов: TypeError: Failed to fetch
    at fetchServers (http://localhost:8181/static/js/app.js:12494:28)
    at fetchObjects (http://localhost:8181/static/js/app.js:12501:31)
    at refreshObjectsList (http://localhost:8181/static/js/app.js:12549:28)
    at http://localhost:8181/static/js/app.js:1293:9 @ http://localhost:8181/static/js/app.js:12552
[ 2295687ms] [ERROR] Failed to load resource: net::ERR_CONNECTION_REFUSED @ http://localhost:8181/api/recording/status:0
[ 2300695ms] [ERROR] Failed to load resource: net::ERR_CONNECTION_REFUSED @ http://localhost:8181/api/recording/status:0
[ 2300822ms] [ERROR] Failed to load resource: net::ERR_CONNECTION_REFUSED @ http://localhost:8181/api/servers:0
[ 2300822ms] [ERROR] Error обновления списка объектов: TypeError: Failed to fetch
    at fetchServers (http://localhost:8181/static/js/app.js:12494:28)
    at fetchObjects (http://localhost:8181/static/js/app.js:12501:31)
    at refreshObjectsList (http://localhost:8181/static/js/app.js:12549:28)
    at http://localhost:8181/static/js/app.js:1293:9 @ http://localhost:8181/static/js/app.js:12552
[ 2305694ms] [ERROR] Failed to load resource: net::ERR_CONNECTION_REFUSED @ http://localhost:8181/api/recording/status:0
[ 2306821ms] [ERROR] Failed to load resource: net::ERR_CONNECTION_REFUSED @ http://localhost:8181/api/servers:0
[ 2306821ms] [ERROR] Error обновления списка объектов: TypeError: Failed to fetch
    at fetchServers (http://localhost:8181/static/js/app.js:12494:28)
    at fetchObjects (http://localhost:8181/static/js/app.js:12501:31)
    at refreshObjectsList (http://localhost:8181/static/js/app.js:12549:28)
    at http://localhost:8181/static/js/app.js:1293:9 @ http://localhost:8181/static/js/app.js:12552
[ 2306821ms] [ERROR] Failed to load resource: net::ERR_CONNECTION_REFUSED @ http://localhost:8181/api/version:0
[ 2310690ms] [ERROR] Failed to load resource: net::ERR_CONNECTION_REFUSED @ http://localhost:8181/api/recording/status:0
[ 2312822ms] [ERROR] Failed to load resource: net::ERR_CONNECTION_REFUSED @ http://localhost:8181/api/servers:0
[ 2312822ms] [ERROR] Error обновления списка объектов: TypeError: Failed to fetch
    at fetchServers (http://localhost:8181/static/js/app.js:12494:28)
    at fetchObjects (http://localhost:8181/static/js/app.js:12501:31)
    at refreshObjectsList (http://localhost:8181/static/js/app.js:12549:28)
    at http://localhost:8181/static/js/app.js:1293:9 @ http://localhost:8181/static/js/app.js:12552
[ 2315689ms] [ERROR] Failed to load resource: net::ERR_CONNECTION_REFUSED @ http://localhost:8181/api/recording/status:0
[ 2318829ms] [ERROR] Failed to load resource: net::ERR_CONNECTION_REFUSED @ http://localhost:8181/api/servers:0
[ 2318829ms] [ERROR] Error обновления списка объектов: TypeError: Failed to fetch
    at fetchServers (http://localhost:8181/static/js/app.js:12494:28)
    at fetchObjects (http://localhost:8181/static/js/app.js:12501:31)
    at refreshObjectsList (http://localhost:8181/static/js/app.js:12549:28)
    at http://localhost:8181/static/js/app.js:1293:9 @ http://localhost:8181/static/js/app.js:12552
[ 2320687ms] [ERROR] Failed to load resource: net::ERR_CONNECTION_REFUSED @ http://localhost:8181/api/recording/status:0
[ 2324826ms] [ERROR] Failed to load resource: net::ERR_CONNECTION_REFUSED @ http://localhost:8181/api/servers:0
[ 2324826ms] [ERROR] Error обновления списка объектов: TypeError: Failed to fetch
    at fetchServers (http://localhost:8181/static/js/app.js:12494:28)
    at fetchObjects (http://localhost:8181/static/js/app.js:12501:31)
    at refreshObjectsList (http://localhost:8181/static/js/app.js:12549:28)
    at http://localhost:8181/static/js/app.js:1293:9 @ http://localhost:8181/static/js/app.js:12552
[ 2325688ms] [ERROR] Failed to load resource: net::ERR_CONNECTION_REFUSED @ http://localhost:8181/api/recording/status:0
[ 2330691ms] [ERROR] Failed to load resource: net::ERR_CONNECTION_REFUSED @ http://localhost:8181/api/recording/status:0
[ 2330822ms] [ERROR] Failed to load resource: net::ERR_CONNECTION_REFUSED @ http://localhost:8181/api/servers:0
[ 2330822ms] [ERROR] Error обновления списка объектов: TypeError: Failed to fetch
    at fetchServers (http://localhost:8181/static/js/app.js:12494:28)
    at fetchObjects (http://localhost:8181/static/js/app.js:12501:31)
    at refreshObjectsList (http://localhost:8181/static/js/app.js:12549:28)
    at http://localhost:8181/static/js/app.js:1293:9 @ http://localhost:8181/static/js/app.js:12552
[ 2335694ms] [ERROR] Failed to load resource: net::ERR_CONNECTION_REFUSED @ http://localhost:8181/api/recording/status:0
[ 2336822ms] [ERROR] Failed to load resource: net::ERR_CONNECTION_REFUSED @ http://localhost:8181/api/servers:0
[ 2336822ms] [ERROR] Error обновления списка объектов: TypeError: Failed to fetch
    at fetchServers (http://localhost:8181/static/js/app.js:12494:28)
    at fetchObjects (http://localhost:8181/static/js/app.js:12501:31)
    at refreshObjectsList (http://localhost:8181/static/js/app.js:12549:28)
    at http://localhost:8181/static/js/app.js:1293:9 @ http://localhost:8181/static/js/app.js:12552
[ 2336822ms] [ERROR] Failed to load resource: net::ERR_CONNECTION_REFUSED @ http://localhost:8181/api/version:0
[ 2340690ms] [ERROR] Failed to load resource: net::ERR_CONNECTION_REFUSED @ http://localhost:8181/api/recording/status:0
[ 2342822ms] [ERROR] Failed to load resource: net::ERR_CONNECTION_REFUSED @ http://localhost:8181/api/servers:0
[ 2342822ms] [ERROR] Error обновления списка объектов: TypeError: Failed to fetch
    at fetchServers (http://localhost:8181/static/js/app.js:12494:28)
    at fetchObjects (http://localhost:8181/static/js/app.js:12501:31)
    at refreshObjectsList (http://localhost:8181/static/js/app.js:12549:28)
    at http://localhost:8181/static/js/app.js:1293:9 @ http://localhost:8181/static/js/app.js:12552
[ 2345688ms] [ERROR] Failed to load resource: net::ERR_CONNECTION_REFUSED @ http://localhost:8181/api/recording/status:0
[ 2348824ms] [ERROR] Failed to load resource: net::ERR_CONNECTION_REFUSED @ http://localhost:8181/api/servers:0
[ 2348824ms] [ERROR] Error обновления списка объектов: TypeError: Failed to fetch
    at fetchServers (http://localhost:8181/static/js/app.js:12494:28)
    at fetchObjects (http://localhost:8181/static/js/app.js:12501:31)
    at refreshObjectsList (http://localhost:8181/static/js/app.js:12549:28)
    at http://localhost:8181/static/js/app.js:1293:9 @ http://localhost:8181/static/js/app.js:12552
[ 2350688ms] [ERROR] Failed to load resource: net::ERR_CONNECTION_REFUSED @ http://localhost:8181/api/recording/status:0
[ 2354828ms] [ERROR] Failed to load resource: net::ERR_CONNECTION_REFUSED @ http://localhost:8181/api/servers:0
[ 2354828ms] [ERROR] Error обновления списка объектов: TypeError: Failed to fetch
    at fetchServers (http://localhost:8181/static/js/app.js:12494:28)
    at fetchObjects (http://localhost:8181/static/js/app.js:12501:31)
    at refreshObjectsList (http://localhost:8181/static/js/app.js:12549:28)
    at http://localhost:8181/static/js/app.js:1293:9 @ http://localhost:8181/static/js/app.js:12552
[ 2355688ms] [ERROR] Failed to load resource: net::ERR_CONNECTION_REFUSED @ http://localhost:8181/api/recording/status:0
[ 2360694ms] [ERROR] Failed to load resource: net::ERR_CONNECTION_REFUSED @ http://localhost:8181/api/recording/status:0
[ 2360822ms] [ERROR] Failed to load resource: net::ERR_CONNECTION_REFUSED @ http://localhost:8181/api/servers:0
[ 2360822ms] [ERROR] Error обновления списка объектов: TypeError: Failed to fetch
    at fetchServers (http://localhost:8181/static/js/app.js:12494:28)
    at fetchObjects (http://localhost:8181/static/js/app.js:12501:31)
    at refreshObjectsList (http://localhost:8181/static/js/app.js:12549:28)
    at http://localhost:8181/static/js/app.js:1293:9 @ http://localhost:8181/static/js/app.js:12552
[ 2365693ms] [ERROR] Failed to load resource: net::ERR_CONNECTION_REFUSED @ http://localhost:8181/api/recording/status:0
[ 2366822ms] [ERROR] Failed to load resource: net::ERR_CONNECTION_REFUSED @ http://localhost:8181/api/servers:0
[ 2366822ms] [ERROR] Error обновления списка объектов: TypeError: Failed to fetch
    at fetchServers (http://localhost:8181/static/js/app.js:12494:28)
    at fetchObjects (http://localhost:8181/static/js/app.js:12501:31)
    at refreshObjectsList (http://localhost:8181/static/js/app.js:12549:28)
    at http://localhost:8181/static/js/app.js:1293:9 @ http://localhost:8181/static/js/app.js:12552
[ 2366823ms] [ERROR] Failed to load resource: net::ERR_CONNECTION_REFUSED @ http://localhost:8181/api/version:0
[ 2370694ms] [ERROR] Failed to load resource: net::ERR_CONNECTION_REFUSED @ http://localhost:8181/api/recording/status:0
[ 2372822ms] [ERROR] Failed to load resource: net::ERR_CONNECTION_REFUSED @ http://localhost:8181/api/servers:0
[ 2372822ms] [ERROR] Error обновления списка объектов: TypeError: Failed to fetch
    at fetchServers (http://localhost:8181/static/js/app.js:12494:28)
    at fetchObjects (http://localhost:8181/static/js/app.js:12501:31)
    at refreshObjectsList (http://localhost:8181/static/js/app.js:12549:28)
    at http://localhost:8181/static/js/app.js:1293:9 @ http://localhost:8181/static/js/app.js:12552
[ 2375688ms] [ERROR] Failed to load resource: net::ERR_CONNECTION_REFUSED @ http://localhost:8181/api/recording/status:0
[ 2378828ms] [ERROR] Failed to load resource: net::ERR_CONNECTION_REFUSED @ http://localhost:8181/api/servers:0
[ 2378828ms] [ERROR] Error обновления списка объектов: TypeError: Failed to fetch
    at fetchServers (http://localhost:8181/static/js/app.js:12494:28)
    at fetchObjects (http://localhost:8181/static/js/app.js:12501:31)
    at refreshObjectsList (http://localhost:8181/static/js/app.js:12549:28)
    at http://localhost:8181/static/js/app.js:1293:9 @ http://localhost:8181/static/js/app.js:12552
[ 2380688ms] [ERROR] Failed to load resource: net::ERR_CONNECTION_REFUSED @ http://localhost:8181/api/recording/status:0
[ 2384828ms] [ERROR] Failed to load resource: net::ERR_CONNECTION_REFUSED @ http://localhost:8181/api/servers:0
[ 2384828ms] [ERROR] Error обновления списка объектов: TypeError: Failed to fetch
    at fetchServers (http://localhost:8181/static/js/app.js:12494:28)
    at fetchObjects (http://localhost:8181/static/js/app.js:12501:31)
    at refreshObjectsList (http://localhost:8181/static/js/app.js:12549:28)
    at http://localhost:8181/static/js/app.js:1293:9 @ http://localhost:8181/static/js/app.js:12552
[ 2385689ms] [ERROR] Failed to load resource: net::ERR_CONNECTION_REFUSED @ http://localhost:8181/api/recording/status:0
[ 2390694ms] [ERROR] Failed to load resource: net::ERR_CONNECTION_REFUSED @ http://localhost:8181/api/recording/status:0
[ 2390821ms] [ERROR] Failed to load resource: net::ERR_CONNECTION_REFUSED @ http://localhost:8181/api/servers:0
[ 2390821ms] [ERROR] Error обновления списка объектов: TypeError: Failed to fetch
    at fetchServers (http://localhost:8181/static/js/app.js:12494:28)
    at fetchObjects (http://localhost:8181/static/js/app.js:12501:31)
    at refreshObjectsList (http://localhost:8181/static/js/app.js:12549:28)
    at http://localhost:8181/static/js/app.js:1293:9 @ http://localhost:8181/static/js/app.js:12552
[ 2395693ms] [ERROR] Failed to load resource: net::ERR_CONNECTION_REFUSED @ http://localhost:8181/api/recording/status:0
[ 2396824ms] [ERROR] Failed to load resource: net::ERR_CONNECTION_REFUSED @ http://localhost:8181/api/servers:0
[ 2396824ms] [ERROR] Error обновления списка объектов: TypeError: Failed to fetch
    at fetchServers (http://localhost:8181/static/js/app.js:12494:28)
    at fetchObjects (http://localhost:8181/static/js/app.js:12501:31)
    at refreshObjectsList (http://localhost:8181/static/js/app.js:12549:28)
    at http://localhost:8181/static/js/app.js:1293:9 @ http://localhost:8181/static/js/app.js:12552
[ 2396825ms] [ERROR] Failed to load resource: net::ERR_CONNECTION_REFUSED @ http://localhost:8181/api/version:0
[ 2400695ms] [ERROR] Failed to load resource: net::ERR_CONNECTION_REFUSED @ http://localhost:8181/api/recording/status:0
[ 2402822ms] [ERROR] Failed to load resource: net::ERR_CONNECTION_REFUSED @ http://localhost:8181/api/servers:0
[ 2402822ms] [ERROR] Error обновления списка объектов: TypeError: Failed to fetch
    at fetchServers (http://localhost:8181/static/js/app.js:12494:28)
    at fetchObjects (http://localhost:8181/static/js/app.js:12501:31)
    at refreshObjectsList (http://localhost:8181/static/js/app.js:12549:28)
    at http://localhost:8181/static/js/app.js:1293:9 @ http://localhost:8181/static/js/app.js:12552
[ 2405689ms] [ERROR] Failed to load resource: net::ERR_CONNECTION_REFUSED @ http://localhost:8181/api/recording/status:0
[ 2408825ms] [ERROR] Failed to load resource: net::ERR_CONNECTION_REFUSED @ http://localhost:8181/api/servers:0
[ 2408825ms] [ERROR] Error обновления списка объектов: TypeError: Failed to fetch
    at fetchServers (http://localhost:8181/static/js/app.js:12494:28)
    at fetchObjects (http://localhost:8181/static/js/app.js:12501:31)
    at refreshObjectsList (http://localhost:8181/static/js/app.js:12549:28)
    at http://localhost:8181/static/js/app.js:1293:9 @ http://localhost:8181/static/js/app.js:12552
[ 2410688ms] [ERROR] Failed to load resource: net::ERR_CONNECTION_REFUSED @ http://localhost:8181/api/recording/status:0
[ 2414826ms] [ERROR] Failed to load resource: net::ERR_CONNECTION_REFUSED @ http://localhost:8181/api/servers:0
[ 2414826ms] [ERROR] Error обновления списка объектов: TypeError: Failed to fetch
    at fetchServers (http://localhost:8181/static/js/app.js:12494:28)
    at fetchObjects (http://localhost:8181/static/js/app.js:12501:31)
    at refreshObjectsList (http://localhost:8181/static/js/app.js:12549:28)
    at http://localhost:8181/static/js/app.js:1293:9 @ http://localhost:8181/static/js/app.js:12552
[ 2415687ms] [ERROR] Failed to load resource: net::ERR_CONNECTION_REFUSED @ http://localhost:8181/api/recording/status:0
[ 2420694ms] [ERROR] Failed to load resource: net::ERR_CONNECTION_REFUSED @ http://localhost:8181/api/recording/status:0
[ 2420821ms] [ERROR] Failed to load resource: net::ERR_CONNECTION_REFUSED @ http://localhost:8181/api/servers:0
[ 2420821ms] [ERROR] Error обновления списка объектов: TypeError: Failed to fetch
    at fetchServers (http://localhost:8181/static/js/app.js:12494:28)
    at fetchObjects (http://localhost:8181/static/js/app.js:12501:31)
    at refreshObjectsList (http://localhost:8181/static/js/app.js:12549:28)
    at http://localhost:8181/static/js/app.js:1293:9 @ http://localhost:8181/static/js/app.js:12552
[ 2425691ms] [ERROR] Failed to load resource: net::ERR_CONNECTION_REFUSED @ http://localhost:8181/api/recording/status:0
[ 2426822ms] [ERROR] Failed to load resource: net::ERR_CONNECTION_REFUSED @ http://localhost:8181/api/servers:0
[ 2426822ms] [ERROR] Error обновления списка объектов: TypeError: Failed to fetch
    at fetchServers (http://localhost:8181/static/js/app.js:12494:28)
    at fetchObjects (http://localhost:8181/static/js/app.js:12501:31)
    at refreshObjectsList (http://localhost:8181/static/js/app.js:12549:28)
    at http://localhost:8181/static/js/app.js:1293:9 @ http://localhost:8181/static/js/app.js:12552
[ 2426823ms] [ERROR] Failed to load resource: net::ERR_CONNECTION_REFUSED @ http://localhost:8181/api/version:0
[ 2430690ms] [ERROR] Failed to load resource: net::ERR_CONNECTION_REFUSED @ http://localhost:8181/api/recording/status:0
[ 2432822ms] [ERROR] Failed to load resource: net::ERR_CONNECTION_REFUSED @ http://localhost:8181/api/servers:0
[ 2432822ms] [ERROR] Error обновления списка объектов: TypeError: Failed to fetch
    at fetchServers (http://localhost:8181/static/js/app.js:12494:28)
    at fetchObjects (http://localhost:8181/static/js/app.js:12501:31)
    at refreshObjectsList (http://localhost:8181/static/js/app.js:12549:28)
    at http://localhost:8181/static/js/app.js:1293:9 @ http://localhost:8181/static/js/app.js:12552
[ 2435688ms] [ERROR] Failed to load resource: net::ERR_CONNECTION_REFUSED @ http://localhost:8181/api/recording/status:0
[ 2438828ms] [ERROR] Failed to load resource: net::ERR_CONNECTION_REFUSED @ http://localhost:8181/api/servers:0
[ 2438828ms] [ERROR] Error обновления списка объектов: TypeError: Failed to fetch
    at fetchServers (http://localhost:8181/static/js/app.js:12494:28)
    at fetchObjects (http://localhost:8181/static/js/app.js:12501:31)
    at refreshObjectsList (http://localhost:8181/static/js/app.js:12549:28)
    at http://localhost:8181/static/js/app.js:1293:9 @ http://localhost:8181/static/js/app.js:12552
[ 2440687ms] [ERROR] Failed to load resource: net::ERR_CONNECTION_REFUSED @ http://localhost:8181/api/recording/status:0
[ 2444827ms] [ERROR] Failed to load resource: net::ERR_CONNECTION_REFUSED @ http://localhost:8181/api/servers:0
[ 2444827ms] [ERROR] Error обновления списка объектов: TypeError: Failed to fetch
    at fetchServers (http://localhost:8181/static/js/app.js:12494:28)
    at fetchObjects (http://localhost:8181/static/js/app.js:12501:31)
    at refreshObjectsList (http://localhost:8181/static/js/app.js:12549:28)
    at http://localhost:8181/static/js/app.js:1293:9 @ http://localhost:8181/static/js/app.js:12552
[ 2445687ms] [ERROR] Failed to load resource: net::ERR_CONNECTION_REFUSED @ http://localhost:8181/api/recording/status:0
[ 2450695ms] [ERROR] Failed to load resource: net::ERR_CONNECTION_REFUSED @ http://localhost:8181/api/recording/status:0
[ 2450822ms] [ERROR] Failed to load resource: net::ERR_CONNECTION_REFUSED @ http://localhost:8181/api/servers:0
[ 2450822ms] [ERROR] Error обновления списка объектов: TypeError: Failed to fetch
    at fetchServers (http://localhost:8181/static/js/app.js:12494:28)
    at fetchObjects (http://localhost:8181/static/js/app.js:12501:31)
    at refreshObjectsList (http://localhost:8181/static/js/app.js:12549:28)
    at http://localhost:8181/static/js/app.js:1293:9 @ http://localhost:8181/static/js/app.js:12552
[ 2455694ms] [ERROR] Failed to load resource: net::ERR_CONNECTION_REFUSED @ http://localhost:8181/api/recording/status:0
[ 2456823ms] [ERROR] Failed to load resource: net::ERR_CONNECTION_REFUSED @ http://localhost:8181/api/servers:0
[ 2456823ms] [ERROR] Error обновления списка объектов: TypeError: Failed to fetch
    at fetchServers (http://localhost:8181/static/js/app.js:12494:28)
    at fetchObjects (http://localhost:8181/static/js/app.js:12501:31)
    at refreshObjectsList (http://localhost:8181/static/js/app.js:12549:28)
    at http://localhost:8181/static/js/app.js:1293:9 @ http://localhost:8181/static/js/app.js:12552
[ 2456823ms] [ERROR] Failed to load resource: net::ERR_CONNECTION_REFUSED @ http://localhost:8181/api/version:0
[ 2460694ms] [ERROR] Failed to load resource: net::ERR_CONNECTION_REFUSED @ http://localhost:8181/api/recording/status:0
[ 2462822ms] [ERROR] Failed to load resource: net::ERR_CONNECTION_REFUSED @ http://localhost:8181/api/servers:0
[ 2462822ms] [ERROR] Error обновления списка объектов: TypeError: Failed to fetch
    at fetchServers (http://localhost:8181/static/js/app.js:12494:28)
    at fetchObjects (http://localhost:8181/static/js/app.js:12501:31)
    at refreshObjectsList (http://localhost:8181/static/js/app.js:12549:28)
    at http://localhost:8181/static/js/app.js:1293:9 @ http://localhost:8181/static/js/app.js:12552
[ 2465687ms] [ERROR] Failed to load resource: net::ERR_CONNECTION_REFUSED @ http://localhost:8181/api/recording/status:0
[ 2468827ms] [ERROR] Failed to load resource: net::ERR_CONNECTION_REFUSED @ http://localhost:8181/api/servers:0
[ 2468828ms] [ERROR] Error обновления списка объектов: TypeError: Failed to fetch
    at fetchServers (http://localhost:8181/static/js/app.js:12494:28)
    at fetchObjects (http://localhost:8181/static/js/app.js:12501:31)
    at refreshObjectsList (http://localhost:8181/static/js/app.js:12549:28)
    at http://localhost:8181/static/js/app.js:1293:9 @ http://localhost:8181/static/js/app.js:12552
[ 2470687ms] [ERROR] Failed to load resource: net::ERR_CONNECTION_REFUSED @ http://localhost:8181/api/recording/status:0
[ 2474825ms] [ERROR] Failed to load resource: net::ERR_CONNECTION_REFUSED @ http://localhost:8181/api/servers:0
[ 2474825ms] [ERROR] Error обновления списка объектов: TypeError: Failed to fetch
    at fetchServers (http://localhost:8181/static/js/app.js:12494:28)
    at fetchObjects (http://localhost:8181/static/js/app.js:12501:31)
    at refreshObjectsList (http://localhost:8181/static/js/app.js:12549:28)
    at http://localhost:8181/static/js/app.js:1293:9 @ http://localhost:8181/static/js/app.js:12552
[ 2475689ms] [ERROR] Failed to load resource: net::ERR_CONNECTION_REFUSED @ http://localhost:8181/api/recording/status:0
[ 2480691ms] [ERROR] Failed to load resource: net::ERR_CONNECTION_REFUSED @ http://localhost:8181/api/recording/status:0
[ 2480821ms] [ERROR] Failed to load resource: net::ERR_CONNECTION_REFUSED @ http://localhost:8181/api/servers:0
[ 2480821ms] [ERROR] Error обновления списка объектов: TypeError: Failed to fetch
    at fetchServers (http://localhost:8181/static/js/app.js:12494:28)
    at fetchObjects (http://localhost:8181/static/js/app.js:12501:31)
    at refreshObjectsList (http://localhost:8181/static/js/app.js:12549:28)
    at http://localhost:8181/static/js/app.js:1293:9 @ http://localhost:8181/static/js/app.js:12552
[ 2485693ms] [ERROR] Failed to load resource: net::ERR_CONNECTION_REFUSED @ http://localhost:8181/api/recording/status:0
[ 2486822ms] [ERROR] Failed to load resource: net::ERR_CONNECTION_REFUSED @ http://localhost:8181/api/servers:0
[ 2486822ms] [ERROR] Error обновления списка объектов: TypeError: Failed to fetch
    at fetchServers (http://localhost:8181/static/js/app.js:12494:28)
    at fetchObjects (http://localhost:8181/static/js/app.js:12501:31)
    at refreshObjectsList (http://localhost:8181/static/js/app.js:12549:28)
    at http://localhost:8181/static/js/app.js:1293:9 @ http://localhost:8181/static/js/app.js:12552
[ 2486822ms] [ERROR] Failed to load resource: net::ERR_CONNECTION_REFUSED @ http://localhost:8181/api/version:0
[ 2490693ms] [ERROR] Failed to load resource: net::ERR_CONNECTION_REFUSED @ http://localhost:8181/api/recording/status:0
[ 2492822ms] [ERROR] Failed to load resource: net::ERR_CONNECTION_REFUSED @ http://localhost:8181/api/servers:0
[ 2492823ms] [ERROR] Error обновления списка объектов: TypeError: Failed to fetch
    at fetchServers (http://localhost:8181/static/js/app.js:12494:28)
    at fetchObjects (http://localhost:8181/static/js/app.js:12501:31)
    at refreshObjectsList (http://localhost:8181/static/js/app.js:12549:28)
    at http://localhost:8181/static/js/app.js:1293:9 @ http://localhost:8181/static/js/app.js:12552
[ 2495688ms] [ERROR] Failed to load resource: net::ERR_CONNECTION_REFUSED @ http://localhost:8181/api/recording/status:0
[ 2498829ms] [ERROR] Failed to load resource: net::ERR_CONNECTION_REFUSED @ http://localhost:8181/api/servers:0
[ 2498829ms] [ERROR] Error обновления списка объектов: TypeError: Failed to fetch
    at fetchServers (http://localhost:8181/static/js/app.js:12494:28)
    at fetchObjects (http://localhost:8181/static/js/app.js:12501:31)
    at refreshObjectsList (http://localhost:8181/static/js/app.js:12549:28)
    at http://localhost:8181/static/js/app.js:1293:9 @ http://localhost:8181/static/js/app.js:12552
[ 2500688ms] [ERROR] Failed to load resource: net::ERR_CONNECTION_REFUSED @ http://localhost:8181/api/recording/status:0
[ 2504824ms] [ERROR] Failed to load resource: net::ERR_CONNECTION_REFUSED @ http://localhost:8181/api/servers:0
[ 2504824ms] [ERROR] Error обновления списка объектов: TypeError: Failed to fetch
    at fetchServers (http://localhost:8181/static/js/app.js:12494:28)
    at fetchObjects (http://localhost:8181/static/js/app.js:12501:31)
    at refreshObjectsList (http://localhost:8181/static/js/app.js:12549:28)
    at http://localhost:8181/static/js/app.js:1293:9 @ http://localhost:8181/static/js/app.js:12552
[ 2505687ms] [ERROR] Failed to load resource: net::ERR_CONNECTION_REFUSED @ http://localhost:8181/api/recording/status:0
[ 2510692ms] [ERROR] Failed to load resource: net::ERR_CONNECTION_REFUSED @ http://localhost:8181/api/recording/status:0
[ 2510821ms] [ERROR] Failed to load resource: net::ERR_CONNECTION_REFUSED @ http://localhost:8181/api/servers:0
[ 2510821ms] [ERROR] Error обновления списка объектов: TypeError: Failed to fetch
    at fetchServers (http://localhost:8181/static/js/app.js:12494:28)
    at fetchObjects (http://localhost:8181/static/js/app.js:12501:31)
    at refreshObjectsList (http://localhost:8181/static/js/app.js:12549:28)
    at http://localhost:8181/static/js/app.js:1293:9 @ http://localhost:8181/static/js/app.js:12552
[ 2515692ms] [ERROR] Failed to load resource: net::ERR_CONNECTION_REFUSED @ http://localhost:8181/api/recording/status:0
[ 2516821ms] [ERROR] Failed to load resource: net::ERR_CONNECTION_REFUSED @ http://localhost:8181/api/servers:0
[ 2516822ms] [ERROR] Error обновления списка объектов: TypeError: Failed to fetch
    at fetchServers (http://localhost:8181/static/js/app.js:12494:28)
    at fetchObjects (http://localhost:8181/static/js/app.js:12501:31)
    at refreshObjectsList (http://localhost:8181/static/js/app.js:12549:28)
    at http://localhost:8181/static/js/app.js:1293:9 @ http://localhost:8181/static/js/app.js:12552
[ 2516822ms] [ERROR] Failed to load resource: net::ERR_CONNECTION_REFUSED @ http://localhost:8181/api/version:0
[ 2520692ms] [ERROR] Failed to load resource: net::ERR_CONNECTION_REFUSED @ http://localhost:8181/api/recording/status:0
[ 2522821ms] [ERROR] Failed to load resource: net::ERR_CONNECTION_REFUSED @ http://localhost:8181/api/servers:0
[ 2522821ms] [ERROR] Error обновления списка объектов: TypeError: Failed to fetch
    at fetchServers (http://localhost:8181/static/js/app.js:12494:28)
    at fetchObjects (http://localhost:8181/static/js/app.js:12501:31)
    at refreshObjectsList (http://localhost:8181/static/js/app.js:12549:28)
    at http://localhost:8181/static/js/app.js:1293:9 @ http://localhost:8181/static/js/app.js:12552
[ 2525687ms] [ERROR] Failed to load resource: net::ERR_CONNECTION_REFUSED @ http://localhost:8181/api/recording/status:0
[ 2528825ms] [ERROR] Failed to load resource: net::ERR_CONNECTION_REFUSED @ http://localhost:8181/api/servers:0
[ 2528825ms] [ERROR] Error обновления списка объектов: TypeError: Failed to fetch
    at fetchServers (http://localhost:8181/static/js/app.js:12494:28)
    at fetchObjects (http://localhost:8181/static/js/app.js:12501:31)
    at refreshObjectsList (http://localhost:8181/static/js/app.js:12549:28)
    at http://localhost:8181/static/js/app.js:1293:9 @ http://localhost:8181/static/js/app.js:12552
[ 2530687ms] [ERROR] Failed to load resource: net::ERR_CONNECTION_REFUSED @ http://localhost:8181/api/recording/status:0
[ 2534826ms] [ERROR] Failed to load resource: net::ERR_CONNECTION_REFUSED @ http://localhost:8181/api/servers:0
[ 2534826ms] [ERROR] Error обновления списка объектов: TypeError: Failed to fetch
    at fetchServers (http://localhost:8181/static/js/app.js:12494:28)
    at fetchObjects (http://localhost:8181/static/js/app.js:12501:31)
    at refreshObjectsList (http://localhost:8181/static/js/app.js:12549:28)
    at http://localhost:8181/static/js/app.js:1293:9 @ http://localhost:8181/static/js/app.js:12552
[ 2535687ms] [ERROR] Failed to load resource: net::ERR_CONNECTION_REFUSED @ http://localhost:8181/api/recording/status:0
[ 2540692ms] [ERROR] Failed to load resource: net::ERR_CONNECTION_REFUSED @ http://localhost:8181/api/recording/status:0
[ 2540821ms] [ERROR] Failed to load resource: net::ERR_CONNECTION_REFUSED @ http://localhost:8181/api/servers:0
[ 2540821ms] [ERROR] Error обновления списка объектов: TypeError: Failed to fetch
    at fetchServers (http://localhost:8181/static/js/app.js:12494:28)
    at fetchObjects (http://localhost:8181/static/js/app.js:12501:31)
    at refreshObjectsList (http://localhost:8181/static/js/app.js:12549:28)
    at http://localhost:8181/static/js/app.js:1293:9 @ http://localhost:8181/static/js/app.js:12552
[ 2545692ms] [ERROR] Failed to load resource: net::ERR_CONNECTION_REFUSED @ http://localhost:8181/api/recording/status:0
[ 2546823ms] [ERROR] Failed to load resource: net::ERR_CONNECTION_REFUSED @ http://localhost:8181/api/servers:0
[ 2546823ms] [ERROR] Error обновления списка объектов: TypeError: Failed to fetch
    at fetchServers (http://localhost:8181/static/js/app.js:12494:28)
    at fetchObjects (http://localhost:8181/static/js/app.js:12501:31)
    at refreshObjectsList (http://localhost:8181/static/js/app.js:12549:28)
    at http://localhost:8181/static/js/app.js:1293:9 @ http://localhost:8181/static/js/app.js:12552
[ 2546824ms] [ERROR] Failed to load resource: net::ERR_CONNECTION_REFUSED @ http://localhost:8181/api/version:0
[ 2550692ms] [ERROR] Failed to load resource: net::ERR_CONNECTION_REFUSED @ http://localhost:8181/api/recording/status:0
[ 2552821ms] [ERROR] Failed to load resource: net::ERR_CONNECTION_REFUSED @ http://localhost:8181/api/servers:0
[ 2552821ms] [ERROR] Error обновления списка объектов: TypeError: Failed to fetch
    at fetchServers (http://localhost:8181/static/js/app.js:12494:28)
    at fetchObjects (http://localhost:8181/static/js/app.js:12501:31)
    at refreshObjectsList (http://localhost:8181/static/js/app.js:12549:28)
    at http://localhost:8181/static/js/app.js:1293:9 @ http://localhost:8181/static/js/app.js:12552
[ 2555689ms] [ERROR] Failed to load resource: net::ERR_CONNECTION_REFUSED @ http://localhost:8181/api/recording/status:0
[ 2558826ms] [ERROR] Failed to load resource: net::ERR_CONNECTION_REFUSED @ http://localhost:8181/api/servers:0
[ 2558826ms] [ERROR] Error обновления списка объектов: TypeError: Failed to fetch
    at fetchServers (http://localhost:8181/static/js/app.js:12494:28)
    at fetchObjects (http://localhost:8181/static/js/app.js:12501:31)
    at refreshObjectsList (http://localhost:8181/static/js/app.js:12549:28)
    at http://localhost:8181/static/js/app.js:1293:9 @ http://localhost:8181/static/js/app.js:12552
[ 2560688ms] [ERROR] Failed to load resource: net::ERR_CONNECTION_REFUSED @ http://localhost:8181/api/recording/status:0
[ 2564829ms] [ERROR] Failed to load resource: net::ERR_CONNECTION_REFUSED @ http://localhost:8181/api/servers:0
[ 2564829ms] [ERROR] Error обновления списка объектов: TypeError: Failed to fetch
    at fetchServers (http://localhost:8181/static/js/app.js:12494:28)
    at fetchObjects (http://localhost:8181/static/js/app.js:12501:31)
    at refreshObjectsList (http://localhost:8181/static/js/app.js:12549:28)
    at http://localhost:8181/static/js/app.js:1293:9 @ http://localhost:8181/static/js/app.js:12552
[ 2565688ms] [ERROR] Failed to load resource: net::ERR_CONNECTION_REFUSED @ http://localhost:8181/api/recording/status:0
[ 2570691ms] [ERROR] Failed to load resource: net::ERR_CONNECTION_REFUSED @ http://localhost:8181/api/recording/status:0
[ 2570822ms] [ERROR] Failed to load resource: net::ERR_CONNECTION_REFUSED @ http://localhost:8181/api/servers:0
[ 2570822ms] [ERROR] Error обновления списка объектов: TypeError: Failed to fetch
    at fetchServers (http://localhost:8181/static/js/app.js:12494:28)
    at fetchObjects (http://localhost:8181/static/js/app.js:12501:31)
    at refreshObjectsList (http://localhost:8181/static/js/app.js:12549:28)
    at http://localhost:8181/static/js/app.js:1293:9 @ http://localhost:8181/static/js/app.js:12552
[ 2575695ms] [ERROR] Failed to load resource: net::ERR_CONNECTION_REFUSED @ http://localhost:8181/api/recording/status:0
[ 2576824ms] [ERROR] Failed to load resource: net::ERR_CONNECTION_REFUSED @ http://localhost:8181/api/servers:0
[ 2576824ms] [ERROR] Error обновления списка объектов: TypeError: Failed to fetch
    at fetchServers (http://localhost:8181/static/js/app.js:12494:28)
    at fetchObjects (http://localhost:8181/static/js/app.js:12501:31)
    at refreshObjectsList (http://localhost:8181/static/js/app.js:12549:28)
    at http://localhost:8181/static/js/app.js:1293:9 @ http://localhost:8181/static/js/app.js:12552
[ 2576824ms] [ERROR] Failed to load resource: net::ERR_CONNECTION_REFUSED @ http://localhost:8181/api/version:0
[ 2580694ms] [ERROR] Failed to load resource: net::ERR_CONNECTION_REFUSED @ http://localhost:8181/api/recording/status:0
[ 2582821ms] [ERROR] Failed to load resource: net::ERR_CONNECTION_REFUSED @ http://localhost:8181/api/servers:0
[ 2582821ms] [ERROR] Error обновления списка объектов: TypeError: Failed to fetch
    at fetchServers (http://localhost:8181/static/js/app.js:12494:28)
    at fetchObjects (http://localhost:8181/static/js/app.js:12501:31)
    at refreshObjectsList (http://localhost:8181/static/js/app.js:12549:28)
    at http://localhost:8181/static/js/app.js:1293:9 @ http://localhost:8181/static/js/app.js:12552
[ 2585688ms] [ERROR] Failed to load resource: net::ERR_CONNECTION_REFUSED @ http://localhost:8181/api/recording/status:0
[ 2588826ms] [ERROR] Failed to load resource: net::ERR_CONNECTION_REFUSED @ http://localhost:8181/api/servers:0
[ 2588826ms] [ERROR] Error обновления списка объектов: TypeError: Failed to fetch
    at fetchServers (http://localhost:8181/static/js/app.js:12494:28)
    at fetchObjects (http://localhost:8181/static/js/app.js:12501:31)
    at refreshObjectsList (http://localhost:8181/static/js/app.js:12549:28)
    at http://localhost:8181/static/js/app.js:1293:9 @ http://localhost:8181/static/js/app.js:12552
[ 2590688ms] [ERROR] Failed to load resource: net::ERR_CONNECTION_REFUSED @ http://localhost:8181/api/recording/status:0
[ 2594824ms] [ERROR] Failed to load resource: net::ERR_CONNECTION_REFUSED @ http://localhost:8181/api/servers:0
[ 2594824ms] [ERROR] Error обновления списка объектов: TypeError: Failed to fetch
    at fetchServers (http://localhost:8181/static/js/app.js:12494:28)
    at fetchObjects (http://localhost:8181/static/js/app.js:12501:31)
    at refreshObjectsList (http://localhost:8181/static/js/app.js:12549:28)
    at http://localhost:8181/static/js/app.js:1293:9 @ http://localhost:8181/static/js/app.js:12552
[ 2595688ms] [ERROR] Failed to load resource: net::ERR_CONNECTION_REFUSED @ http://localhost:8181/api/recording/status:0
[ 2600694ms] [ERROR] Failed to load resource: net::ERR_CONNECTION_REFUSED @ http://localhost:8181/api/recording/status:0
[ 2600822ms] [ERROR] Failed to load resource: net::ERR_CONNECTION_REFUSED @ http://localhost:8181/api/servers:0
[ 2600822ms] [ERROR] Error обновления списка объектов: TypeError: Failed to fetch
    at fetchServers (http://localhost:8181/static/js/app.js:12494:28)
    at fetchObjects (http://localhost:8181/static/js/app.js:12501:31)
    at refreshObjectsList (http://localhost:8181/static/js/app.js:12549:28)
    at http://localhost:8181/static/js/app.js:1293:9 @ http://localhost:8181/static/js/app.js:12552
[ 2605694ms] [ERROR] Failed to load resource: net::ERR_CONNECTION_REFUSED @ http://localhost:8181/api/recording/status:0
[ 2606823ms] [ERROR] Failed to load resource: net::ERR_CONNECTION_REFUSED @ http://localhost:8181/api/servers:0
[ 2606823ms] [ERROR] Error обновления списка объектов: TypeError: Failed to fetch
    at fetchServers (http://localhost:8181/static/js/app.js:12494:28)
    at fetchObjects (http://localhost:8181/static/js/app.js:12501:31)
    at refreshObjectsList (http://localhost:8181/static/js/app.js:12549:28)
    at http://localhost:8181/static/js/app.js:1293:9 @ http://localhost:8181/static/js/app.js:12552
[ 2606823ms] [ERROR] Failed to load resource: net::ERR_CONNECTION_REFUSED @ http://localhost:8181/api/version:0
[ 2610694ms] [ERROR] Failed to load resource: net::ERR_CONNECTION_REFUSED @ http://localhost:8181/api/recording/status:0
[ 2612822ms] [ERROR] Failed to load resource: net::ERR_CONNECTION_REFUSED @ http://localhost:8181/api/servers:0
[ 2612823ms] [ERROR] Error обновления списка объектов: TypeError: Failed to fetch
    at fetchServers (http://localhost:8181/static/js/app.js:12494:28)
    at fetchObjects (http://localhost:8181/static/js/app.js:12501:31)
    at refreshObjectsList (http://localhost:8181/static/js/app.js:12549:28)
    at http://localhost:8181/static/js/app.js:1293:9 @ http://localhost:8181/static/js/app.js:12552
[ 2615689ms] [ERROR] Failed to load resource: net::ERR_CONNECTION_REFUSED @ http://localhost:8181/api/recording/status:0
[ 2618824ms] [ERROR] Failed to load resource: net::ERR_CONNECTION_REFUSED @ http://localhost:8181/api/servers:0
[ 2618824ms] [ERROR] Error обновления списка объектов: TypeError: Failed to fetch
    at fetchServers (http://localhost:8181/static/js/app.js:12494:28)
    at fetchObjects (http://localhost:8181/static/js/app.js:12501:31)
    at refreshObjectsList (http://localhost:8181/static/js/app.js:12549:28)
    at http://localhost:8181/static/js/app.js:1293:9 @ http://localhost:8181/static/js/app.js:12552
[ 2620689ms] [ERROR] Failed to load resource: net::ERR_CONNECTION_REFUSED @ http://localhost:8181/api/recording/status:0
[ 2624825ms] [ERROR] Failed to load resource: net::ERR_CONNECTION_REFUSED @ http://localhost:8181/api/servers:0
[ 2624825ms] [ERROR] Error обновления списка объектов: TypeError: Failed to fetch
    at fetchServers (http://localhost:8181/static/js/app.js:12494:28)
    at fetchObjects (http://localhost:8181/static/js/app.js:12501:31)
    at refreshObjectsList (http://localhost:8181/static/js/app.js:12549:28)
    at http://localhost:8181/static/js/app.js:1293:9 @ http://localhost:8181/static/js/app.js:12552
[ 2625687ms] [ERROR] Failed to load resource: net::ERR_CONNECTION_REFUSED @ http://localhost:8181/api/recording/status:0
[ 2630690ms] [ERROR] Failed to load resource: net::ERR_CONNECTION_REFUSED @ http://localhost:8181/api/recording/status:0
[ 2630821ms] [ERROR] Failed to load resource: net::ERR_CONNECTION_REFUSED @ http://localhost:8181/api/servers:0
[ 2630822ms] [ERROR] Error обновления списка объектов: TypeError: Failed to fetch
    at fetchServers (http://localhost:8181/static/js/app.js:12494:28)
    at fetchObjects (http://localhost:8181/static/js/app.js:12501:31)
    at refreshObjectsList (http://localhost:8181/static/js/app.js:12549:28)
    at http://localhost:8181/static/js/app.js:1293:9 @ http://localhost:8181/static/js/app.js:12552
[ 2635690ms] [ERROR] Failed to load resource: net::ERR_CONNECTION_REFUSED @ http://localhost:8181/api/recording/status:0
[ 2636823ms] [ERROR] Failed to load resource: net::ERR_CONNECTION_REFUSED @ http://localhost:8181/api/servers:0
[ 2636823ms] [ERROR] Error обновления списка объектов: TypeError: Failed to fetch
    at fetchServers (http://localhost:8181/static/js/app.js:12494:28)
    at fetchObjects (http://localhost:8181/static/js/app.js:12501:31)
    at refreshObjectsList (http://localhost:8181/static/js/app.js:12549:28)
    at http://localhost:8181/static/js/app.js:1293:9 @ http://localhost:8181/static/js/app.js:12552
[ 2636823ms] [ERROR] Failed to load resource: net::ERR_CONNECTION_REFUSED @ http://localhost:8181/api/version:0
[ 2640690ms] [ERROR] Failed to load resource: net::ERR_CONNECTION_REFUSED @ http://localhost:8181/api/recording/status:0
[ 2642821ms] [ERROR] Failed to load resource: net::ERR_CONNECTION_REFUSED @ http://localhost:8181/api/servers:0
[ 2642821ms] [ERROR] Error обновления списка объектов: TypeError: Failed to fetch
    at fetchServers (http://localhost:8181/static/js/app.js:12494:28)
    at fetchObjects (http://localhost:8181/static/js/app.js:12501:31)
    at refreshObjectsList (http://localhost:8181/static/js/app.js:12549:28)
    at http://localhost:8181/static/js/app.js:1293:9 @ http://localhost:8181/static/js/app.js:12552
[ 2645687ms] [ERROR] Failed to load resource: net::ERR_CONNECTION_REFUSED @ http://localhost:8181/api/recording/status:0
[ 2648825ms] [ERROR] Failed to load resource: net::ERR_CONNECTION_REFUSED @ http://localhost:8181/api/servers:0
[ 2648826ms] [ERROR] Error обновления списка объектов: TypeError: Failed to fetch
    at fetchServers (http://localhost:8181/static/js/app.js:12494:28)
    at fetchObjects (http://localhost:8181/static/js/app.js:12501:31)
    at refreshObjectsList (http://localhost:8181/static/js/app.js:12549:28)
    at http://localhost:8181/static/js/app.js:1293:9 @ http://localhost:8181/static/js/app.js:12552
[ 2650689ms] [ERROR] Failed to load resource: net::ERR_CONNECTION_REFUSED @ http://localhost:8181/api/recording/status:0
[ 2654825ms] [ERROR] Failed to load resource: net::ERR_CONNECTION_REFUSED @ http://localhost:8181/api/servers:0
[ 2654825ms] [ERROR] Error обновления списка объектов: TypeError: Failed to fetch
    at fetchServers (http://localhost:8181/static/js/app.js:12494:28)
    at fetchObjects (http://localhost:8181/static/js/app.js:12501:31)
    at refreshObjectsList (http://localhost:8181/static/js/app.js:12549:28)
    at http://localhost:8181/static/js/app.js:1293:9 @ http://localhost:8181/static/js/app.js:12552
[ 2655688ms] [ERROR] Failed to load resource: net::ERR_CONNECTION_REFUSED @ http://localhost:8181/api/recording/status:0
[ 2660691ms] [ERROR] Failed to load resource: net::ERR_CONNECTION_REFUSED @ http://localhost:8181/api/recording/status:0
[ 2660821ms] [ERROR] Failed to load resource: net::ERR_CONNECTION_REFUSED @ http://localhost:8181/api/servers:0
[ 2660821ms] [ERROR] Error обновления списка объектов: TypeError: Failed to fetch
    at fetchServers (http://localhost:8181/static/js/app.js:12494:28)
    at fetchObjects (http://localhost:8181/static/js/app.js:12501:31)
    at refreshObjectsList (http://localhost:8181/static/js/app.js:12549:28)
    at http://localhost:8181/static/js/app.js:1293:9 @ http://localhost:8181/static/js/app.js:12552
[ 2665692ms] [ERROR] Failed to load resource: net::ERR_CONNECTION_REFUSED @ http://localhost:8181/api/recording/status:0
[ 2666822ms] [ERROR] Failed to load resource: net::ERR_CONNECTION_REFUSED @ http://localhost:8181/api/servers:0
[ 2666822ms] [ERROR] Error обновления списка объектов: TypeError: Failed to fetch
    at fetchServers (http://localhost:8181/static/js/app.js:12494:28)
    at fetchObjects (http://localhost:8181/static/js/app.js:12501:31)
    at refreshObjectsList (http://localhost:8181/static/js/app.js:12549:28)
    at http://localhost:8181/static/js/app.js:1293:9 @ http://localhost:8181/static/js/app.js:12552
[ 2666823ms] [ERROR] Failed to load resource: net::ERR_CONNECTION_REFUSED @ http://localhost:8181/api/version:0
[ 2670692ms] [ERROR] Failed to load resource: net::ERR_CONNECTION_REFUSED @ http://localhost:8181/api/recording/status:0
[ 2672822ms] [ERROR] Failed to load resource: net::ERR_CONNECTION_REFUSED @ http://localhost:8181/api/servers:0
[ 2672822ms] [ERROR] Error обновления списка объектов: TypeError: Failed to fetch
    at fetchServers (http://localhost:8181/static/js/app.js:12494:28)
    at fetchObjects (http://localhost:8181/static/js/app.js:12501:31)
    at refreshObjectsList (http://localhost:8181/static/js/app.js:12549:28)
    at http://localhost:8181/static/js/app.js:1293:9 @ http://localhost:8181/static/js/app.js:12552
[ 2675687ms] [ERROR] Failed to load resource: net::ERR_CONNECTION_REFUSED @ http://localhost:8181/api/recording/status:0
[ 2678827ms] [ERROR] Failed to load resource: net::ERR_CONNECTION_REFUSED @ http://localhost:8181/api/servers:0
[ 2678827ms] [ERROR] Error обновления списка объектов: TypeError: Failed to fetch
    at fetchServers (http://localhost:8181/static/js/app.js:12494:28)
    at fetchObjects (http://localhost:8181/static/js/app.js:12501:31)
    at refreshObjectsList (http://localhost:8181/static/js/app.js:12549:28)
    at http://localhost:8181/static/js/app.js:1293:9 @ http://localhost:8181/static/js/app.js:12552
[ 2680688ms] [ERROR] Failed to load resource: net::ERR_CONNECTION_REFUSED @ http://localhost:8181/api/recording/status:0
[ 2684825ms] [ERROR] Failed to load resource: net::ERR_CONNECTION_REFUSED @ http://localhost:8181/api/servers:0
[ 2684826ms] [ERROR] Error обновления списка объектов: TypeError: Failed to fetch
    at fetchServers (http://localhost:8181/static/js/app.js:12494:28)
    at fetchObjects (http://localhost:8181/static/js/app.js:12501:31)
    at refreshObjectsList (http://localhost:8181/static/js/app.js:12549:28)
    at http://localhost:8181/static/js/app.js:1293:9 @ http://localhost:8181/static/js/app.js:12552
[ 2685687ms] [ERROR] Failed to load resource: net::ERR_CONNECTION_REFUSED @ http://localhost:8181/api/recording/status:0
[ 2690691ms] [ERROR] Failed to load resource: net::ERR_CONNECTION_REFUSED @ http://localhost:8181/api/recording/status:0
[ 2690822ms] [ERROR] Failed to load resource: net::ERR_CONNECTION_REFUSED @ http://localhost:8181/api/servers:0
[ 2690822ms] [ERROR] Error обновления списка объектов: TypeError: Failed to fetch
    at fetchServers (http://localhost:8181/static/js/app.js:12494:28)
    at fetchObjects (http://localhost:8181/static/js/app.js:12501:31)
    at refreshObjectsList (http://localhost:8181/static/js/app.js:12549:28)
    at http://localhost:8181/static/js/app.js:1293:9 @ http://localhost:8181/static/js/app.js:12552
[ 2695692ms] [ERROR] Failed to load resource: net::ERR_CONNECTION_REFUSED @ http://localhost:8181/api/recording/status:0
[ 2696823ms] [ERROR] Failed to load resource: net::ERR_CONNECTION_REFUSED @ http://localhost:8181/api/servers:0
[ 2696823ms] [ERROR] Error обновления списка объектов: TypeError: Failed to fetch
    at fetchServers (http://localhost:8181/static/js/app.js:12494:28)
    at fetchObjects (http://localhost:8181/static/js/app.js:12501:31)
    at refreshObjectsList (http://localhost:8181/static/js/app.js:12549:28)
    at http://localhost:8181/static/js/app.js:1293:9 @ http://localhost:8181/static/js/app.js:12552
[ 2696823ms] [ERROR] Failed to load resource: net::ERR_CONNECTION_REFUSED @ http://localhost:8181/api/version:0
[ 2700690ms] [ERROR] Failed to load resource: net::ERR_CONNECTION_REFUSED @ http://localhost:8181/api/recording/status:0
[ 2702822ms] [ERROR] Failed to load resource: net::ERR_CONNECTION_REFUSED @ http://localhost:8181/api/servers:0
[ 2702822ms] [ERROR] Error обновления списка объектов: TypeError: Failed to fetch
    at fetchServers (http://localhost:8181/static/js/app.js:12494:28)
    at fetchObjects (http://localhost:8181/static/js/app.js:12501:31)
    at refreshObjectsList (http://localhost:8181/static/js/app.js:12549:28)
    at http://localhost:8181/static/js/app.js:1293:9 @ http://localhost:8181/static/js/app.js:12552
[ 2705688ms] [ERROR] Failed to load resource: net::ERR_CONNECTION_REFUSED @ http://localhost:8181/api/recording/status:0
[ 2708826ms] [ERROR] Failed to load resource: net::ERR_CONNECTION_REFUSED @ http://localhost:8181/api/servers:0
[ 2708826ms] [ERROR] Error обновления списка объектов: TypeError: Failed to fetch
    at fetchServers (http://localhost:8181/static/js/app.js:12494:28)
    at fetchObjects (http://localhost:8181/static/js/app.js:12501:31)
    at refreshObjectsList (http://localhost:8181/static/js/app.js:12549:28)
    at http://localhost:8181/static/js/app.js:1293:9 @ http://localhost:8181/static/js/app.js:12552
[ 2710687ms] [ERROR] Failed to load resource: net::ERR_CONNECTION_REFUSED @ http://localhost:8181/api/recording/status:0
[ 2714824ms] [ERROR] Failed to load resource: net::ERR_CONNECTION_REFUSED @ http://localhost:8181/api/servers:0
[ 2714824ms] [ERROR] Error обновления списка объектов: TypeError: Failed to fetch
    at fetchServers (http://localhost:8181/static/js/app.js:12494:28)
    at fetchObjects (http://localhost:8181/static/js/app.js:12501:31)
    at refreshObjectsList (http://localhost:8181/static/js/app.js:12549:28)
    at http://localhost:8181/static/js/app.js:1293:9 @ http://localhost:8181/static/js/app.js:12552
[ 2715688ms] [ERROR] Failed to load resource: net::ERR_CONNECTION_REFUSED @ http://localhost:8181/api/recording/status:0
[ 2720692ms] [ERROR] Failed to load resource: net::ERR_CONNECTION_REFUSED @ http://localhost:8181/api/recording/status:0
[ 2720823ms] [ERROR] Failed to load resource: net::ERR_CONNECTION_REFUSED @ http://localhost:8181/api/servers:0
[ 2720823ms] [ERROR] Error обновления списка объектов: TypeError: Failed to fetch
    at fetchServers (http://localhost:8181/static/js/app.js:12494:28)
    at fetchObjects (http://localhost:8181/static/js/app.js:12501:31)
    at refreshObjectsList (http://localhost:8181/static/js/app.js:12549:28)
    at http://localhost:8181/static/js/app.js:1293:9 @ http://localhost:8181/static/js/app.js:12552
[ 2725694ms] [ERROR] Failed to load resource: net::ERR_CONNECTION_REFUSED @ http://localhost:8181/api/recording/status:0
[ 2726824ms] [ERROR] Failed to load resource: net::ERR_CONNECTION_REFUSED @ http://localhost:8181/api/servers:0
[ 2726824ms] [ERROR] Error обновления списка объектов: TypeError: Failed to fetch
    at fetchServers (http://localhost:8181/static/js/app.js:12494:28)
    at fetchObjects (http://localhost:8181/static/js/app.js:12501:31)
    at refreshObjectsList (http://localhost:8181/static/js/app.js:12549:28)
    at http://localhost:8181/static/js/app.js:1293:9 @ http://localhost:8181/static/js/app.js:12552
[ 2726824ms] [ERROR] Failed to load resource: net::ERR_CONNECTION_REFUSED @ http://localhost:8181/api/version:0
[ 2730692ms] [ERROR] Failed to load resource: net::ERR_CONNECTION_REFUSED @ http://localhost:8181/api/recording/status:0
[ 2732822ms] [ERROR] Failed to load resource: net::ERR_CONNECTION_REFUSED @ http://localhost:8181/api/servers:0
[ 2732822ms] [ERROR] Error обновления списка объектов: TypeError: Failed to fetch
    at fetchServers (http://localhost:8181/static/js/app.js:12494:28)
    at fetchObjects (http://localhost:8181/static/js/app.js:12501:31)
    at refreshObjectsList (http://localhost:8181/static/js/app.js:12549:28)
    at http://localhost:8181/static/js/app.js:1293:9 @ http://localhost:8181/static/js/app.js:12552
[ 2735690ms] [ERROR] Failed to load resource: net::ERR_CONNECTION_REFUSED @ http://localhost:8181/api/recording/status:0
[ 2738830ms] [ERROR] Failed to load resource: net::ERR_CONNECTION_REFUSED @ http://localhost:8181/api/servers:0
[ 2738830ms] [ERROR] Error обновления списка объектов: TypeError: Failed to fetch
    at fetchServers (http://localhost:8181/static/js/app.js:12494:28)
    at fetchObjects (http://localhost:8181/static/js/app.js:12501:31)
    at refreshObjectsList (http://localhost:8181/static/js/app.js:12549:28)
    at http://localhost:8181/static/js/app.js:1293:9 @ http://localhost:8181/static/js/app.js:12552
[ 2740687ms] [ERROR] Failed to load resource: net::ERR_CONNECTION_REFUSED @ http://localhost:8181/api/recording/status:0
[ 2744828ms] [ERROR] Failed to load resource: net::ERR_CONNECTION_REFUSED @ http://localhost:8181/api/servers:0
[ 2744828ms] [ERROR] Error обновления списка объектов: TypeError: Failed to fetch
    at fetchServers (http://localhost:8181/static/js/app.js:12494:28)
    at fetchObjects (http://localhost:8181/static/js/app.js:12501:31)
    at refreshObjectsList (http://localhost:8181/static/js/app.js:12549:28)
    at http://localhost:8181/static/js/app.js:1293:9 @ http://localhost:8181/static/js/app.js:12552
[ 2745689ms] [ERROR] Failed to load resource: net::ERR_CONNECTION_REFUSED @ http://localhost:8181/api/recording/status:0
[ 2750695ms] [ERROR] Failed to load resource: net::ERR_CONNECTION_REFUSED @ http://localhost:8181/api/recording/status:0
[ 2750821ms] [ERROR] Failed to load resource: net::ERR_CONNECTION_REFUSED @ http://localhost:8181/api/servers:0
[ 2750821ms] [ERROR] Error обновления списка объектов: TypeError: Failed to fetch
    at fetchServers (http://localhost:8181/static/js/app.js:12494:28)
    at fetchObjects (http://localhost:8181/static/js/app.js:12501:31)
    at refreshObjectsList (http://localhost:8181/static/js/app.js:12549:28)
    at http://localhost:8181/static/js/app.js:1293:9 @ http://localhost:8181/static/js/app.js:12552
[ 2755696ms] [ERROR] Failed to load resource: net::ERR_CONNECTION_REFUSED @ http://localhost:8181/api/recording/status:0
[ 2756823ms] [ERROR] Failed to load resource: net::ERR_CONNECTION_REFUSED @ http://localhost:8181/api/servers:0
[ 2756823ms] [ERROR] Error обновления списка объектов: TypeError: Failed to fetch
    at fetchServers (http://localhost:8181/static/js/app.js:12494:28)
    at fetchObjects (http://localhost:8181/static/js/app.js:12501:31)
    at refreshObjectsList (http://localhost:8181/static/js/app.js:12549:28)
    at http://localhost:8181/static/js/app.js:1293:9 @ http://localhost:8181/static/js/app.js:12552
[ 2756823ms] [ERROR] Failed to load resource: net::ERR_CONNECTION_REFUSED @ http://localhost:8181/api/version:0
[ 2760695ms] [ERROR] Failed to load resource: net::ERR_CONNECTION_REFUSED @ http://localhost:8181/api/recording/status:0
[ 2762821ms] [ERROR] Failed to load resource: net::ERR_CONNECTION_REFUSED @ http://localhost:8181/api/servers:0
[ 2762821ms] [ERROR] Error обновления списка объектов: TypeError: Failed to fetch
    at fetchServers (http://localhost:8181/static/js/app.js:12494:28)
    at fetchObjects (http://localhost:8181/static/js/app.js:12501:31)
    at refreshObjectsList (http://localhost:8181/static/js/app.js:12549:28)
    at http://localhost:8181/static/js/app.js:1293:9 @ http://localhost:8181/static/js/app.js:12552
[ 2765689ms] [ERROR] Failed to load resource: net::ERR_CONNECTION_REFUSED @ http://localhost:8181/api/recording/status:0
[ 2768824ms] [ERROR] Failed to load resource: net::ERR_CONNECTION_REFUSED @ http://localhost:8181/api/servers:0
[ 2768824ms] [ERROR] Error обновления списка объектов: TypeError: Failed to fetch
    at fetchServers (http://localhost:8181/static/js/app.js:12494:28)
    at fetchObjects (http://localhost:8181/static/js/app.js:12501:31)
    at refreshObjectsList (http://localhost:8181/static/js/app.js:12549:28)
    at http://localhost:8181/static/js/app.js:1293:9 @ http://localhost:8181/static/js/app.js:12552
[ 2770689ms] [ERROR] Failed to load resource: net::ERR_CONNECTION_REFUSED @ http://localhost:8181/api/recording/status:0
[ 2774824ms] [ERROR] Failed to load resource: net::ERR_CONNECTION_REFUSED @ http://localhost:8181/api/servers:0
[ 2774824ms] [ERROR] Error обновления списка объектов: TypeError: Failed to fetch
    at fetchServers (http://localhost:8181/static/js/app.js:12494:28)
    at fetchObjects (http://localhost:8181/static/js/app.js:12501:31)
    at refreshObjectsList (http://localhost:8181/static/js/app.js:12549:28)
    at http://localhost:8181/static/js/app.js:1293:9 @ http://localhost:8181/static/js/app.js:12552
[ 2775690ms] [ERROR] Failed to load resource: net::ERR_CONNECTION_REFUSED @ http://localhost:8181/api/recording/status:0
[ 2780691ms] [ERROR] Failed to load resource: net::ERR_CONNECTION_REFUSED @ http://localhost:8181/api/recording/status:0
[ 2780823ms] [ERROR] Failed to load resource: net::ERR_CONNECTION_REFUSED @ http://localhost:8181/api/servers:0
[ 2780823ms] [ERROR] Error обновления списка объектов: TypeError: Failed to fetch
    at fetchServers (http://localhost:8181/static/js/app.js:12494:28)
    at fetchObjects (http://localhost:8181/static/js/app.js:12501:31)
    at refreshObjectsList (http://localhost:8181/static/js/app.js:12549:28)
    at http://localhost:8181/static/js/app.js:1293:9 @ http://localhost:8181/static/js/app.js:12552
[ 2785691ms] [ERROR] Failed to load resource: net::ERR_CONNECTION_REFUSED @ http://localhost:8181/api/recording/status:0
[ 2786824ms] [ERROR] Failed to load resource: net::ERR_CONNECTION_REFUSED @ http://localhost:8181/api/servers:0
[ 2786824ms] [ERROR] Error обновления списка объектов: TypeError: Failed to fetch
    at fetchServers (http://localhost:8181/static/js/app.js:12494:28)
    at fetchObjects (http://localhost:8181/static/js/app.js:12501:31)
    at refreshObjectsList (http://localhost:8181/static/js/app.js:12549:28)
    at http://localhost:8181/static/js/app.js:1293:9 @ http://localhost:8181/static/js/app.js:12552
[ 2786825ms] [ERROR] Failed to load resource: net::ERR_CONNECTION_REFUSED @ http://localhost:8181/api/version:0
[ 2790690ms] [ERROR] Failed to load resource: net::ERR_CONNECTION_REFUSED @ http://localhost:8181/api/recording/status:0
[ 2792824ms] [ERROR] Failed to load resource: net::ERR_CONNECTION_REFUSED @ http://localhost:8181/api/servers:0
[ 2792824ms] [ERROR] Error обновления списка объектов: TypeError: Failed to fetch
    at fetchServers (http://localhost:8181/static/js/app.js:12494:28)
    at fetchObjects (http://localhost:8181/static/js/app.js:12501:31)
    at refreshObjectsList (http://localhost:8181/static/js/app.js:12549:28)
    at http://localhost:8181/static/js/app.js:1293:9 @ http://localhost:8181/static/js/app.js:12552
[ 2795689ms] [ERROR] Failed to load resource: net::ERR_CONNECTION_REFUSED @ http://localhost:8181/api/recording/status:0
[ 2798829ms] [ERROR] Failed to load resource: net::ERR_CONNECTION_REFUSED @ http://localhost:8181/api/servers:0
[ 2798829ms] [ERROR] Error обновления списка объектов: TypeError: Failed to fetch
    at fetchServers (http://localhost:8181/static/js/app.js:12494:28)
    at fetchObjects (http://localhost:8181/static/js/app.js:12501:31)
    at refreshObjectsList (http://localhost:8181/static/js/app.js:12549:28)
    at http://localhost:8181/static/js/app.js:1293:9 @ http://localhost:8181/static/js/app.js:12552
[ 2800689ms] [ERROR] Failed to load resource: net::ERR_CONNECTION_REFUSED @ http://localhost:8181/api/recording/status:0
[ 2804829ms] [ERROR] Failed to load resource: net::ERR_CONNECTION_REFUSED @ http://localhost:8181/api/servers:0
[ 2804829ms] [ERROR] Error обновления списка объектов: TypeError: Failed to fetch
    at fetchServers (http://localhost:8181/static/js/app.js:12494:28)
    at fetchObjects (http://localhost:8181/static/js/app.js:12501:31)
    at refreshObjectsList (http://localhost:8181/static/js/app.js:12549:28)
    at http://localhost:8181/static/js/app.js:1293:9 @ http://localhost:8181/static/js/app.js:12552
[ 2805689ms] [ERROR] Failed to load resource: net::ERR_CONNECTION_REFUSED @ http://localhost:8181/api/recording/status:0
[ 2810694ms] [ERROR] Failed to load resource: net::ERR_CONNECTION_REFUSED @ http://localhost:8181/api/recording/status:0
[ 2810823ms] [ERROR] Failed to load resource: net::ERR_CONNECTION_REFUSED @ http://localhost:8181/api/servers:0
[ 2810823ms] [ERROR] Error обновления списка объектов: TypeError: Failed to fetch
    at fetchServers (http://localhost:8181/static/js/app.js:12494:28)
    at fetchObjects (http://localhost:8181/static/js/app.js:12501:31)
    at refreshObjectsList (http://localhost:8181/static/js/app.js:12549:28)
    at http://localhost:8181/static/js/app.js:1293:9 @ http://localhost:8181/static/js/app.js:12552
[ 2815696ms] [ERROR] Failed to load resource: net::ERR_CONNECTION_REFUSED @ http://localhost:8181/api/recording/status:0
[ 2816825ms] [ERROR] Failed to load resource: net::ERR_CONNECTION_REFUSED @ http://localhost:8181/api/servers:0
[ 2816825ms] [ERROR] Error обновления списка объектов: TypeError: Failed to fetch
    at fetchServers (http://localhost:8181/static/js/app.js:12494:28)
    at fetchObjects (http://localhost:8181/static/js/app.js:12501:31)
    at refreshObjectsList (http://localhost:8181/static/js/app.js:12549:28)
    at http://localhost:8181/static/js/app.js:1293:9 @ http://localhost:8181/static/js/app.js:12552
[ 2816826ms] [ERROR] Failed to load resource: net::ERR_CONNECTION_REFUSED @ http://localhost:8181/api/version:0
[ 2820695ms] [ERROR] Failed to load resource: net::ERR_CONNECTION_REFUSED @ http://localhost:8181/api/recording/status:0
[ 2822821ms] [ERROR] Failed to load resource: net::ERR_CONNECTION_REFUSED @ http://localhost:8181/api/servers:0
[ 2822821ms] [ERROR] Error обновления списка объектов: TypeError: Failed to fetch
    at fetchServers (http://localhost:8181/static/js/app.js:12494:28)
    at fetchObjects (http://localhost:8181/static/js/app.js:12501:31)
    at refreshObjectsList (http://localhost:8181/static/js/app.js:12549:28)
    at http://localhost:8181/static/js/app.js:1293:9 @ http://localhost:8181/static/js/app.js:12552
[ 2825690ms] [ERROR] Failed to load resource: net::ERR_CONNECTION_REFUSED @ http://localhost:8181/api/recording/status:0
[ 2828828ms] [ERROR] Failed to load resource: net::ERR_CONNECTION_REFUSED @ http://localhost:8181/api/servers:0
[ 2828828ms] [ERROR] Error обновления списка объектов: TypeError: Failed to fetch
    at fetchServers (http://localhost:8181/static/js/app.js:12494:28)
    at fetchObjects (http://localhost:8181/static/js/app.js:12501:31)
    at refreshObjectsList (http://localhost:8181/static/js/app.js:12549:28)
    at http://localhost:8181/static/js/app.js:1293:9 @ http://localhost:8181/static/js/app.js:12552
[ 2830687ms] [ERROR] Failed to load resource: net::ERR_CONNECTION_REFUSED @ http://localhost:8181/api/recording/status:0
[ 2834825ms] [ERROR] Failed to load resource: net::ERR_CONNECTION_REFUSED @ http://localhost:8181/api/servers:0
[ 2834825ms] [ERROR] Error обновления списка объектов: TypeError: Failed to fetch
    at fetchServers (http://localhost:8181/static/js/app.js:12494:28)
    at fetchObjects (http://localhost:8181/static/js/app.js:12501:31)
    at refreshObjectsList (http://localhost:8181/static/js/app.js:12549:28)
    at http://localhost:8181/static/js/app.js:1293:9 @ http://localhost:8181/static/js/app.js:12552
[ 2835690ms] [ERROR] Failed to load resource: net::ERR_CONNECTION_REFUSED @ http://localhost:8181/api/recording/status:0
[ 2840695ms] [ERROR] Failed to load resource: net::ERR_CONNECTION_REFUSED @ http://localhost:8181/api/recording/status:0
[ 2840823ms] [ERROR] Failed to load resource: net::ERR_CONNECTION_REFUSED @ http://localhost:8181/api/servers:0
[ 2840823ms] [ERROR] Error обновления списка объектов: TypeError: Failed to fetch
    at fetchServers (http://localhost:8181/static/js/app.js:12494:28)
    at fetchObjects (http://localhost:8181/static/js/app.js:12501:31)
    at refreshObjectsList (http://localhost:8181/static/js/app.js:12549:28)
    at http://localhost:8181/static/js/app.js:1293:9 @ http://localhost:8181/static/js/app.js:12552
[ 2845695ms] [ERROR] Failed to load resource: net::ERR_CONNECTION_REFUSED @ http://localhost:8181/api/recording/status:0
[ 2846823ms] [ERROR] Failed to load resource: net::ERR_CONNECTION_REFUSED @ http://localhost:8181/api/servers:0
[ 2846824ms] [ERROR] Error обновления списка объектов: TypeError: Failed to fetch
    at fetchServers (http://localhost:8181/static/js/app.js:12494:28)
    at fetchObjects (http://localhost:8181/static/js/app.js:12501:31)
    at refreshObjectsList (http://localhost:8181/static/js/app.js:12549:28)
    at http://localhost:8181/static/js/app.js:1293:9 @ http://localhost:8181/static/js/app.js:12552
[ 2846824ms] [ERROR] Failed to load resource: net::ERR_CONNECTION_REFUSED @ http://localhost:8181/api/version:0
[ 2850694ms] [ERROR] Failed to load resource: net::ERR_CONNECTION_REFUSED @ http://localhost:8181/api/recording/status:0
[ 2852822ms] [ERROR] Failed to load resource: net::ERR_CONNECTION_REFUSED @ http://localhost:8181/api/servers:0
[ 2852822ms] [ERROR] Error обновления списка объектов: TypeError: Failed to fetch
    at fetchServers (http://localhost:8181/static/js/app.js:12494:28)
    at fetchObjects (http://localhost:8181/static/js/app.js:12501:31)
    at refreshObjectsList (http://localhost:8181/static/js/app.js:12549:28)
    at http://localhost:8181/static/js/app.js:1293:9 @ http://localhost:8181/static/js/app.js:12552
[ 2855689ms] [ERROR] Failed to load resource: net::ERR_CONNECTION_REFUSED @ http://localhost:8181/api/recording/status:0
[ 2858828ms] [ERROR] Failed to load resource: net::ERR_CONNECTION_REFUSED @ http://localhost:8181/api/servers:0
[ 2858828ms] [ERROR] Error обновления списка объектов: TypeError: Failed to fetch
    at fetchServers (http://localhost:8181/static/js/app.js:12494:28)
    at fetchObjects (http://localhost:8181/static/js/app.js:12501:31)
    at refreshObjectsList (http://localhost:8181/static/js/app.js:12549:28)
    at http://localhost:8181/static/js/app.js:1293:9 @ http://localhost:8181/static/js/app.js:12552
[ 2860688ms] [ERROR] Failed to load resource: net::ERR_CONNECTION_REFUSED @ http://localhost:8181/api/recording/status:0
[ 2864829ms] [ERROR] Failed to load resource: net::ERR_CONNECTION_REFUSED @ http://localhost:8181/api/servers:0
[ 2864829ms] [ERROR] Error обновления списка объектов: TypeError: Failed to fetch
    at fetchServers (http://localhost:8181/static/js/app.js:12494:28)
    at fetchObjects (http://localhost:8181/static/js/app.js:12501:31)
    at refreshObjectsList (http://localhost:8181/static/js/app.js:12549:28)
    at http://localhost:8181/static/js/app.js:1293:9 @ http://localhost:8181/static/js/app.js:12552
[ 2865689ms] [ERROR] Failed to load resource: net::ERR_CONNECTION_REFUSED @ http://localhost:8181/api/recording/status:0
[ 2870695ms] [ERROR] Failed to load resource: net::ERR_CONNECTION_REFUSED @ http://localhost:8181/api/recording/status:0
[ 2870823ms] [ERROR] Failed to load resource: net::ERR_CONNECTION_REFUSED @ http://localhost:8181/api/servers:0
[ 2870823ms] [ERROR] Error обновления списка объектов: TypeError: Failed to fetch
    at fetchServers (http://localhost:8181/static/js/app.js:12494:28)
    at fetchObjects (http://localhost:8181/static/js/app.js:12501:31)
    at refreshObjectsList (http://localhost:8181/static/js/app.js:12549:28)
    at http://localhost:8181/static/js/app.js:1293:9 @ http://localhost:8181/static/js/app.js:12552
[ 2875696ms] [ERROR] Failed to load resource: net::ERR_CONNECTION_REFUSED @ http://localhost:8181/api/recording/status:0
[ 2876824ms] [ERROR] Failed to load resource: net::ERR_CONNECTION_REFUSED @ http://localhost:8181/api/servers:0
[ 2876824ms] [ERROR] Error обновления списка объектов: TypeError: Failed to fetch
    at fetchServers (http://localhost:8181/static/js/app.js:12494:28)
    at fetchObjects (http://localhost:8181/static/js/app.js:12501:31)
    at refreshObjectsList (http://localhost:8181/static/js/app.js:12549:28)
    at http://localhost:8181/static/js/app.js:1293:9 @ http://localhost:8181/static/js/app.js:12552
[ 2876825ms] [ERROR] Failed to load resource: net::ERR_CONNECTION_REFUSED @ http://localhost:8181/api/version:0
[ 2880695ms] [ERROR] Failed to load resource: net::ERR_CONNECTION_REFUSED @ http://localhost:8181/api/recording/status:0
[ 2882823ms] [ERROR] Failed to load resource: net::ERR_CONNECTION_REFUSED @ http://localhost:8181/api/servers:0
[ 2882823ms] [ERROR] Error обновления списка объектов: TypeError: Failed to fetch
    at fetchServers (http://localhost:8181/static/js/app.js:12494:28)
    at fetchObjects (http://localhost:8181/static/js/app.js:12501:31)
    at refreshObjectsList (http://localhost:8181/static/js/app.js:12549:28)
    at http://localhost:8181/static/js/app.js:1293:9 @ http://localhost:8181/static/js/app.js:12552
[ 2885689ms] [ERROR] Failed to load resource: net::ERR_CONNECTION_REFUSED @ http://localhost:8181/api/recording/status:0
[ 2888829ms] [ERROR] Failed to load resource: net::ERR_CONNECTION_REFUSED @ http://localhost:8181/api/servers:0
[ 2888829ms] [ERROR] Error обновления списка объектов: TypeError: Failed to fetch
    at fetchServers (http://localhost:8181/static/js/app.js:12494:28)
    at fetchObjects (http://localhost:8181/static/js/app.js:12501:31)
    at refreshObjectsList (http://localhost:8181/static/js/app.js:12549:28)
    at http://localhost:8181/static/js/app.js:1293:9 @ http://localhost:8181/static/js/app.js:12552
[ 2890689ms] [ERROR] Failed to load resource: net::ERR_CONNECTION_REFUSED @ http://localhost:8181/api/recording/status:0
[ 2894827ms] [ERROR] Failed to load resource: net::ERR_CONNECTION_REFUSED @ http://localhost:8181/api/servers:0
[ 2894827ms] [ERROR] Error обновления списка объектов: TypeError: Failed to fetch
    at fetchServers (http://localhost:8181/static/js/app.js:12494:28)
    at fetchObjects (http://localhost:8181/static/js/app.js:12501:31)
    at refreshObjectsList (http://localhost:8181/static/js/app.js:12549:28)
    at http://localhost:8181/static/js/app.js:1293:9 @ http://localhost:8181/static/js/app.js:12552
[ 2895690ms] [ERROR] Failed to load resource: net::ERR_CONNECTION_REFUSED @ http://localhost:8181/api/recording/status:0
[ 2900694ms] [ERROR] Failed to load resource: net::ERR_CONNECTION_REFUSED @ http://localhost:8181/api/recording/status:0
[ 2900823ms] [ERROR] Failed to load resource: net::ERR_CONNECTION_REFUSED @ http://localhost:8181/api/servers:0
[ 2900823ms] [ERROR] Error обновления списка объектов: TypeError: Failed to fetch
    at fetchServers (http://localhost:8181/static/js/app.js:12494:28)
    at fetchObjects (http://localhost:8181/static/js/app.js:12501:31)
    at refreshObjectsList (http://localhost:8181/static/js/app.js:12549:28)
    at http://localhost:8181/static/js/app.js:1293:9 @ http://localhost:8181/static/js/app.js:12552
[ 2905696ms] [ERROR] Failed to load resource: net::ERR_CONNECTION_REFUSED @ http://localhost:8181/api/recording/status:0
[ 2906822ms] [ERROR] Failed to load resource: net::ERR_CONNECTION_REFUSED @ http://localhost:8181/api/servers:0
[ 2906822ms] [ERROR] Error обновления списка объектов: TypeError: Failed to fetch
    at fetchServers (http://localhost:8181/static/js/app.js:12494:28)
    at fetchObjects (http://localhost:8181/static/js/app.js:12501:31)
    at refreshObjectsList (http://localhost:8181/static/js/app.js:12549:28)
    at http://localhost:8181/static/js/app.js:1293:9 @ http://localhost:8181/static/js/app.js:12552
[ 2906823ms] [ERROR] Failed to load resource: net::ERR_CONNECTION_REFUSED @ http://localhost:8181/api/version:0
[ 2910694ms] [ERROR] Failed to load resource: net::ERR_CONNECTION_REFUSED @ http://localhost:8181/api/recording/status:0
[ 2912821ms] [ERROR] Failed to load resource: net::ERR_CONNECTION_REFUSED @ http://localhost:8181/api/servers:0
[ 2912821ms] [ERROR] Error обновления списка объектов: TypeError: Failed to fetch
    at fetchServers (http://localhost:8181/static/js/app.js:12494:28)
    at fetchObjects (http://localhost:8181/static/js/app.js:12501:31)
    at refreshObjectsList (http://localhost:8181/static/js/app.js:12549:28)
    at http://localhost:8181/static/js/app.js:1293:9 @ http://localhost:8181/static/js/app.js:12552
[ 2915690ms] [ERROR] Failed to load resource: net::ERR_CONNECTION_REFUSED @ http://localhost:8181/api/recording/status:0
[ 2918828ms] [ERROR] Failed to load resource: net::ERR_CONNECTION_REFUSED @ http://localhost:8181/api/servers:0
[ 2918828ms] [ERROR] Error обновления списка объектов: TypeError: Failed to fetch
    at fetchServers (http://localhost:8181/static/js/app.js:12494:28)
    at fetchObjects (http://localhost:8181/static/js/app.js:12501:31)
    at refreshObjectsList (http://localhost:8181/static/js/app.js:12549:28)
    at http://localhost:8181/static/js/app.js:1293:9 @ http://localhost:8181/static/js/app.js:12552
[ 2920689ms] [ERROR] Failed to load resource: net::ERR_CONNECTION_REFUSED @ http://localhost:8181/api/recording/status:0
[ 2924826ms] [ERROR] Failed to load resource: net::ERR_CONNECTION_REFUSED @ http://localhost:8181/api/servers:0
[ 2924826ms] [ERROR] Error обновления списка объектов: TypeError: Failed to fetch
    at fetchServers (http://localhost:8181/static/js/app.js:12494:28)
    at fetchObjects (http://localhost:8181/static/js/app.js:12501:31)
    at refreshObjectsList (http://localhost:8181/static/js/app.js:12549:28)
    at http://localhost:8181/static/js/app.js:1293:9 @ http://localhost:8181/static/js/app.js:12552
[ 2925687ms] [ERROR] Failed to load resource: net::ERR_CONNECTION_REFUSED @ http://localhost:8181/api/recording/status:0
[ 2930695ms] [ERROR] Failed to load resource: net::ERR_CONNECTION_REFUSED @ http://localhost:8181/api/recording/status:0
[ 2930821ms] [ERROR] Failed to load resource: net::ERR_CONNECTION_REFUSED @ http://localhost:8181/api/servers:0
[ 2930822ms] [ERROR] Error обновления списка объектов: TypeError: Failed to fetch
    at fetchServers (http://localhost:8181/static/js/app.js:12494:28)
    at fetchObjects (http://localhost:8181/static/js/app.js:12501:31)
    at refreshObjectsList (http://localhost:8181/static/js/app.js:12549:28)
    at http://localhost:8181/static/js/app.js:1293:9 @ http://localhost:8181/static/js/app.js:12552
[ 2935694ms] [ERROR] Failed to load resource: net::ERR_CONNECTION_REFUSED @ http://localhost:8181/api/recording/status:0
[ 2936822ms] [ERROR] Failed to load resource: net::ERR_CONNECTION_REFUSED @ http://localhost:8181/api/servers:0
[ 2936822ms] [ERROR] Error обновления списка объектов: TypeError: Failed to fetch
    at fetchServers (http://localhost:8181/static/js/app.js:12494:28)
    at fetchObjects (http://localhost:8181/static/js/app.js:12501:31)
    at refreshObjectsList (http://localhost:8181/static/js/app.js:12549:28)
    at http://localhost:8181/static/js/app.js:1293:9 @ http://localhost:8181/static/js/app.js:12552
[ 2936823ms] [ERROR] Failed to load resource: net::ERR_CONNECTION_REFUSED @ http://localhost:8181/api/version:0
[ 2940694ms] [ERROR] Failed to load resource: net::ERR_CONNECTION_REFUSED @ http://localhost:8181/api/recording/status:0
[ 2942821ms] [ERROR] Failed to load resource: net::ERR_CONNECTION_REFUSED @ http://localhost:8181/api/servers:0
[ 2942821ms] [ERROR] Error обновления списка объектов: TypeError: Failed to fetch
    at fetchServers (http://localhost:8181/static/js/app.js:12494:28)
    at fetchObjects (http://localhost:8181/static/js/app.js:12501:31)
    at refreshObjectsList (http://localhost:8181/static/js/app.js:12549:28)
    at http://localhost:8181/static/js/app.js:1293:9 @ http://localhost:8181/static/js/app.js:12552
[ 2945689ms] [ERROR] Failed to load resource: net::ERR_CONNECTION_REFUSED @ http://localhost:8181/api/recording/status:0
[ 2948827ms] [ERROR] Failed to load resource: net::ERR_CONNECTION_REFUSED @ http://localhost:8181/api/servers:0
[ 2948827ms] [ERROR] Error обновления списка объектов: TypeError: Failed to fetch
    at fetchServers (http://localhost:8181/static/js/app.js:12494:28)
    at fetchObjects (http://localhost:8181/static/js/app.js:12501:31)
    at refreshObjectsList (http://localhost:8181/static/js/app.js:12549:28)
    at http://localhost:8181/static/js/app.js:1293:9 @ http://localhost:8181/static/js/app.js:12552
[ 2950688ms] [ERROR] Failed to load resource: net::ERR_CONNECTION_REFUSED @ http://localhost:8181/api/recording/status:0
[ 2954826ms] [ERROR] Failed to load resource: net::ERR_CONNECTION_REFUSED @ http://localhost:8181/api/servers:0
[ 2954826ms] [ERROR] Error обновления списка объектов: TypeError: Failed to fetch
    at fetchServers (http://localhost:8181/static/js/app.js:12494:28)
    at fetchObjects (http://localhost:8181/static/js/app.js:12501:31)
    at refreshObjectsList (http://localhost:8181/static/js/app.js:12549:28)
    at http://localhost:8181/static/js/app.js:1293:9 @ http://localhost:8181/static/js/app.js:12552
[ 2955687ms] [ERROR] Failed to load resource: net::ERR_CONNECTION_REFUSED @ http://localhost:8181/api/recording/status:0
[ 2960694ms] [ERROR] Failed to load resource: net::ERR_CONNECTION_REFUSED @ http://localhost:8181/api/recording/status:0
[ 2960822ms] [ERROR] Failed to load resource: net::ERR_CONNECTION_REFUSED @ http://localhost:8181/api/servers:0
[ 2960823ms] [ERROR] Error обновления списка объектов: TypeError: Failed to fetch
    at fetchServers (http://localhost:8181/static/js/app.js:12494:28)
    at fetchObjects (http://localhost:8181/static/js/app.js:12501:31)
    at refreshObjectsList (http://localhost:8181/static/js/app.js:12549:28)
    at http://localhost:8181/static/js/app.js:1293:9 @ http://localhost:8181/static/js/app.js:12552
[ 2965694ms] [ERROR] Failed to load resource: net::ERR_CONNECTION_REFUSED @ http://localhost:8181/api/recording/status:0
[ 2966824ms] [ERROR] Failed to load resource: net::ERR_CONNECTION_REFUSED @ http://localhost:8181/api/servers:0
[ 2966824ms] [ERROR] Error обновления списка объектов: TypeError: Failed to fetch
    at fetchServers (http://localhost:8181/static/js/app.js:12494:28)
    at fetchObjects (http://localhost:8181/static/js/app.js:12501:31)
    at refreshObjectsList (http://localhost:8181/static/js/app.js:12549:28)
    at http://localhost:8181/static/js/app.js:1293:9 @ http://localhost:8181/static/js/app.js:12552
[ 2966825ms] [ERROR] Failed to load resource: net::ERR_CONNECTION_REFUSED @ http://localhost:8181/api/version:0
[ 2970695ms] [ERROR] Failed to load resource: net::ERR_CONNECTION_REFUSED @ http://localhost:8181/api/recording/status:0
[ 2972822ms] [ERROR] Failed to load resource: net::ERR_CONNECTION_REFUSED @ http://localhost:8181/api/servers:0
[ 2972822ms] [ERROR] Error обновления списка объектов: TypeError: Failed to fetch
    at fetchServers (http://localhost:8181/static/js/app.js:12494:28)
    at fetchObjects (http://localhost:8181/static/js/app.js:12501:31)
    at refreshObjectsList (http://localhost:8181/static/js/app.js:12549:28)
    at http://localhost:8181/static/js/app.js:1293:9 @ http://localhost:8181/static/js/app.js:12552
[ 2975689ms] [ERROR] Failed to load resource: net::ERR_CONNECTION_REFUSED @ http://localhost:8181/api/recording/status:0
[ 2978829ms] [ERROR] Failed to load resource: net::ERR_CONNECTION_REFUSED @ http://localhost:8181/api/servers:0
[ 2978829ms] [ERROR] Error обновления списка объектов: TypeError: Failed to fetch
    at fetchServers (http://localhost:8181/static/js/app.js:12494:28)
    at fetchObjects (http://localhost:8181/static/js/app.js:12501:31)
    at refreshObjectsList (http://localhost:8181/static/js/app.js:12549:28)
    at http://localhost:8181/static/js/app.js:1293:9 @ http://localhost:8181/static/js/app.js:12552
[ 2980690ms] [ERROR] Failed to load resource: net::ERR_CONNECTION_REFUSED @ http://localhost:8181/api/recording/status:0
[ 2984829ms] [ERROR] Failed to load resource: net::ERR_CONNECTION_REFUSED @ http://localhost:8181/api/servers:0
[ 2984829ms] [ERROR] Error обновления списка объектов: TypeError: Failed to fetch
    at fetchServers (http://localhost:8181/static/js/app.js:12494:28)
    at fetchObjects (http://localhost:8181/static/js/app.js:12501:31)
    at refreshObjectsList (http://localhost:8181/static/js/app.js:12549:28)
    at http://localhost:8181/static/js/app.js:1293:9 @ http://localhost:8181/static/js/app.js:12552
[ 2985689ms] [ERROR] Failed to load resource: net::ERR_CONNECTION_REFUSED @ http://localhost:8181/api/recording/status:0
[ 2990694ms] [ERROR] Failed to load resource: net::ERR_CONNECTION_REFUSED @ http://localhost:8181/api/recording/status:0
[ 2990821ms] [ERROR] Failed to load resource: net::ERR_CONNECTION_REFUSED @ http://localhost:8181/api/servers:0
[ 2990822ms] [ERROR] Error обновления списка объектов: TypeError: Failed to fetch
    at fetchServers (http://localhost:8181/static/js/app.js:12494:28)
    at fetchObjects (http://localhost:8181/static/js/app.js:12501:31)
    at refreshObjectsList (http://localhost:8181/static/js/app.js:12549:28)
    at http://localhost:8181/static/js/app.js:1293:9 @ http://localhost:8181/static/js/app.js:12552
[ 2995694ms] [ERROR] Failed to load resource: net::ERR_CONNECTION_REFUSED @ http://localhost:8181/api/recording/status:0
[ 2996821ms] [ERROR] Failed to load resource: net::ERR_CONNECTION_REFUSED @ http://localhost:8181/api/servers:0
[ 2996821ms] [ERROR] Error обновления списка объектов: TypeError: Failed to fetch
    at fetchServers (http://localhost:8181/static/js/app.js:12494:28)
    at fetchObjects (http://localhost:8181/static/js/app.js:12501:31)
    at refreshObjectsList (http://localhost:8181/static/js/app.js:12549:28)
    at http://localhost:8181/static/js/app.js:1293:9 @ http://localhost:8181/static/js/app.js:12552
[ 2996821ms] [ERROR] Failed to load resource: net::ERR_CONNECTION_REFUSED @ http://localhost:8181/api/version:0
[ 3000694ms] [ERROR] Failed to load resource: net::ERR_CONNECTION_REFUSED @ http://localhost:8181/api/recording/status:0
[ 3002821ms] [ERROR] Failed to load resource: net::ERR_CONNECTION_REFUSED @ http://localhost:8181/api/servers:0
[ 3002821ms] [ERROR] Error обновления списка объектов: TypeError: Failed to fetch
    at fetchServers (http://localhost:8181/static/js/app.js:12494:28)
    at fetchObjects (http://localhost:8181/static/js/app.js:12501:31)
    at refreshObjectsList (http://localhost:8181/static/js/app.js:12549:28)
    at http://localhost:8181/static/js/app.js:1293:9 @ http://localhost:8181/static/js/app.js:12552
[ 3005687ms] [ERROR] Failed to load resource: net::ERR_CONNECTION_REFUSED @ http://localhost:8181/api/recording/status:0
[ 3008825ms] [ERROR] Failed to load resource: net::ERR_CONNECTION_REFUSED @ http://localhost:8181/api/servers:0
[ 3008825ms] [ERROR] Error обновления списка объектов: TypeError: Failed to fetch
    at fetchServers (http://localhost:8181/static/js/app.js:12494:28)
    at fetchObjects (http://localhost:8181/static/js/app.js:12501:31)
    at refreshObjectsList (http://localhost:8181/static/js/app.js:12549:28)
    at http://localhost:8181/static/js/app.js:1293:9 @ http://localhost:8181/static/js/app.js:12552
[ 3010689ms] [ERROR] Failed to load resource: net::ERR_CONNECTION_REFUSED @ http://localhost:8181/api/recording/status:0
[ 3014826ms] [ERROR] Failed to load resource: net::ERR_CONNECTION_REFUSED @ http://localhost:8181/api/servers:0
[ 3014827ms] [ERROR] Error обновления списка объектов: TypeError: Failed to fetch
    at fetchServers (http://localhost:8181/static/js/app.js:12494:28)
    at fetchObjects (http://localhost:8181/static/js/app.js:12501:31)
    at refreshObjectsList (http://localhost:8181/static/js/app.js:12549:28)
    at http://localhost:8181/static/js/app.js:1293:9 @ http://localhost:8181/static/js/app.js:12552
[ 3015688ms] [ERROR] Failed to load resource: net::ERR_CONNECTION_REFUSED @ http://localhost:8181/api/recording/status:0
[ 3020692ms] [ERROR] Failed to load resource: net::ERR_CONNECTION_REFUSED @ http://localhost:8181/api/recording/status:0
[ 3020821ms] [ERROR] Failed to load resource: net::ERR_CONNECTION_REFUSED @ http://localhost:8181/api/servers:0
[ 3020821ms] [ERROR] Error обновления списка объектов: TypeError: Failed to fetch
    at fetchServers (http://localhost:8181/static/js/app.js:12494:28)
    at fetchObjects (http://localhost:8181/static/js/app.js:12501:31)
    at refreshObjectsList (http://localhost:8181/static/js/app.js:12549:28)
    at http://localhost:8181/static/js/app.js:1293:9 @ http://localhost:8181/static/js/app.js:12552
[ 3025694ms] [ERROR] Failed to load resource: net::ERR_CONNECTION_REFUSED @ http://localhost:8181/api/recording/status:0
[ 3026821ms] [ERROR] Failed to load resource: net::ERR_CONNECTION_REFUSED @ http://localhost:8181/api/servers:0
[ 3026821ms] [ERROR] Error обновления списка объектов: TypeError: Failed to fetch
    at fetchServers (http://localhost:8181/static/js/app.js:12494:28)
    at fetchObjects (http://localhost:8181/static/js/app.js:12501:31)
    at refreshObjectsList (http://localhost:8181/static/js/app.js:12549:28)
    at http://localhost:8181/static/js/app.js:1293:9 @ http://localhost:8181/static/js/app.js:12552
[ 3026821ms] [ERROR] Failed to load resource: net::ERR_CONNECTION_REFUSED @ http://localhost:8181/api/version:0
[ 3030694ms] [ERROR] Failed to load resource: net::ERR_CONNECTION_REFUSED @ http://localhost:8181/api/recording/status:0
[ 3032821ms] [ERROR] Failed to load resource: net::ERR_CONNECTION_REFUSED @ http://localhost:8181/api/servers:0
[ 3032821ms] [ERROR] Error обновления списка объектов: TypeError: Failed to fetch
    at fetchServers (http://localhost:8181/static/js/app.js:12494:28)
    at fetchObjects (http://localhost:8181/static/js/app.js:12501:31)
    at refreshObjectsList (http://localhost:8181/static/js/app.js:12549:28)
    at http://localhost:8181/static/js/app.js:1293:9 @ http://localhost:8181/static/js/app.js:12552
[ 3035689ms] [ERROR] Failed to load resource: net::ERR_CONNECTION_REFUSED @ http://localhost:8181/api/recording/status:0
[ 3038827ms] [ERROR] Failed to load resource: net::ERR_CONNECTION_REFUSED @ http://localhost:8181/api/servers:0
[ 3038827ms] [ERROR] Error обновления списка объектов: TypeError: Failed to fetch
    at fetchServers (http://localhost:8181/static/js/app.js:12494:28)
    at fetchObjects (http://localhost:8181/static/js/app.js:12501:31)
    at refreshObjectsList (http://localhost:8181/static/js/app.js:12549:28)
    at http://localhost:8181/static/js/app.js:1293:9 @ http://localhost:8181/static/js/app.js:12552
[ 3040689ms] [ERROR] Failed to load resource: net::ERR_CONNECTION_REFUSED @ http://localhost:8181/api/recording/status:0
[ 3044826ms] [ERROR] Failed to load resource: net::ERR_CONNECTION_REFUSED @ http://localhost:8181/api/servers:0
[ 3044826ms] [ERROR] Error обновления списка объектов: TypeError: Failed to fetch
    at fetchServers (http://localhost:8181/static/js/app.js:12494:28)
    at fetchObjects (http://localhost:8181/static/js/app.js:12501:31)
    at refreshObjectsList (http://localhost:8181/static/js/app.js:12549:28)
    at http://localhost:8181/static/js/app.js:1293:9 @ http://localhost:8181/static/js/app.js:12552
[ 3045688ms] [ERROR] Failed to load resource: net::ERR_CONNECTION_REFUSED @ http://localhost:8181/api/recording/status:0
[ 3050695ms] [ERROR] Failed to load resource: net::ERR_CONNECTION_REFUSED @ http://localhost:8181/api/recording/status:0
[ 3050822ms] [ERROR] Failed to load resource: net::ERR_CONNECTION_REFUSED @ http://localhost:8181/api/servers:0
[ 3050823ms] [ERROR] Error обновления списка объектов: TypeError: Failed to fetch
    at fetchServers (http://localhost:8181/static/js/app.js:12494:28)
    at fetchObjects (http://localhost:8181/static/js/app.js:12501:31)
    at refreshObjectsList (http://localhost:8181/static/js/app.js:12549:28)
    at http://localhost:8181/static/js/app.js:1293:9 @ http://localhost:8181/static/js/app.js:12552
[ 3055692ms] [ERROR] Failed to load resource: net::ERR_CONNECTION_REFUSED @ http://localhost:8181/api/recording/status:0
[ 3056824ms] [ERROR] Failed to load resource: net::ERR_CONNECTION_REFUSED @ http://localhost:8181/api/servers:0
[ 3056824ms] [ERROR] Error обновления списка объектов: TypeError: Failed to fetch
    at fetchServers (http://localhost:8181/static/js/app.js:12494:28)
    at fetchObjects (http://localhost:8181/static/js/app.js:12501:31)
    at refreshObjectsList (http://localhost:8181/static/js/app.js:12549:28)
    at http://localhost:8181/static/js/app.js:1293:9 @ http://localhost:8181/static/js/app.js:12552
[ 3056824ms] [ERROR] Failed to load resource: net::ERR_CONNECTION_REFUSED @ http://localhost:8181/api/version:0
[ 3060694ms] [ERROR] Failed to load resource: net::ERR_CONNECTION_REFUSED @ http://localhost:8181/api/recording/status:0
[ 3062823ms] [ERROR] Failed to load resource: net::ERR_CONNECTION_REFUSED @ http://localhost:8181/api/servers:0
[ 3062823ms] [ERROR] Error обновления списка объектов: TypeError: Failed to fetch
    at fetchServers (http://localhost:8181/static/js/app.js:12494:28)
    at fetchObjects (http://localhost:8181/static/js/app.js:12501:31)
    at refreshObjectsList (http://localhost:8181/static/js/app.js:12549:28)
    at http://localhost:8181/static/js/app.js:1293:9 @ http://localhost:8181/static/js/app.js:12552
[ 3065689ms] [ERROR] Failed to load resource: net::ERR_CONNECTION_REFUSED @ http://localhost:8181/api/recording/status:0
[ 3068829ms] [ERROR] Failed to load resource: net::ERR_CONNECTION_REFUSED @ http://localhost:8181/api/servers:0
[ 3068829ms] [ERROR] Error обновления списка объектов: TypeError: Failed to fetch
    at fetchServers (http://localhost:8181/static/js/app.js:12494:28)
    at fetchObjects (http://localhost:8181/static/js/app.js:12501:31)
    at refreshObjectsList (http://localhost:8181/static/js/app.js:12549:28)
    at http://localhost:8181/static/js/app.js:1293:9 @ http://localhost:8181/static/js/app.js:12552
[ 3070689ms] [ERROR] Failed to load resource: net::ERR_CONNECTION_REFUSED @ http://localhost:8181/api/recording/status:0
[ 3074826ms] [ERROR] Failed to load resource: net::ERR_CONNECTION_REFUSED @ http://localhost:8181/api/servers:0
[ 3074826ms] [ERROR] Error обновления списка объектов: TypeError: Failed to fetch
    at fetchServers (http://localhost:8181/static/js/app.js:12494:28)
    at fetchObjects (http://localhost:8181/static/js/app.js:12501:31)
    at refreshObjectsList (http://localhost:8181/static/js/app.js:12549:28)
    at http://localhost:8181/static/js/app.js:1293:9 @ http://localhost:8181/static/js/app.js:12552
[ 3075689ms] [ERROR] Failed to load resource: net::ERR_CONNECTION_REFUSED @ http://localhost:8181/api/recording/status:0
[ 3080695ms] [ERROR] Failed to load resource: net::ERR_CONNECTION_REFUSED @ http://localhost:8181/api/recording/status:0
[ 3080822ms] [ERROR] Failed to load resource: net::ERR_CONNECTION_REFUSED @ http://localhost:8181/api/servers:0
[ 3080822ms] [ERROR] Error обновления списка объектов: TypeError: Failed to fetch
    at fetchServers (http://localhost:8181/static/js/app.js:12494:28)
    at fetchObjects (http://localhost:8181/static/js/app.js:12501:31)
    at refreshObjectsList (http://localhost:8181/static/js/app.js:12549:28)
    at http://localhost:8181/static/js/app.js:1293:9 @ http://localhost:8181/static/js/app.js:12552
[ 3085695ms] [ERROR] Failed to load resource: net::ERR_CONNECTION_REFUSED @ http://localhost:8181/api/recording/status:0
[ 3086822ms] [ERROR] Failed to load resource: net::ERR_CONNECTION_REFUSED @ http://localhost:8181/api/servers:0
[ 3086822ms] [ERROR] Error обновления списка объектов: TypeError: Failed to fetch
    at fetchServers (http://localhost:8181/static/js/app.js:12494:28)
    at fetchObjects (http://localhost:8181/static/js/app.js:12501:31)
    at refreshObjectsList (http://localhost:8181/static/js/app.js:12549:28)
    at http://localhost:8181/static/js/app.js:1293:9 @ http://localhost:8181/static/js/app.js:12552
[ 3086822ms] [ERROR] Failed to load resource: net::ERR_CONNECTION_REFUSED @ http://localhost:8181/api/version:0
[ 3090690ms] [ERROR] Failed to load resource: net::ERR_CONNECTION_REFUSED @ http://localhost:8181/api/recording/status:0
[ 3092822ms] [ERROR] Failed to load resource: net::ERR_CONNECTION_REFUSED @ http://localhost:8181/api/servers:0
[ 3092822ms] [ERROR] Error обновления списка объектов: TypeError: Failed to fetch
    at fetchServers (http://localhost:8181/static/js/app.js:12494:28)
    at fetchObjects (http://localhost:8181/static/js/app.js:12501:31)
    at refreshObjectsList (http://localhost:8181/static/js/app.js:12549:28)
    at http://localhost:8181/static/js/app.js:1293:9 @ http://localhost:8181/static/js/app.js:12552
[ 3095689ms] [ERROR] Failed to load resource: net::ERR_CONNECTION_REFUSED @ http://localhost:8181/api/recording/status:0
[ 3098824ms] [ERROR] Failed to load resource: net::ERR_CONNECTION_REFUSED @ http://localhost:8181/api/servers:0
[ 3098824ms] [ERROR] Error обновления списка объектов: TypeError: Failed to fetch
    at fetchServers (http://localhost:8181/static/js/app.js:12494:28)
    at fetchObjects (http://localhost:8181/static/js/app.js:12501:31)
    at refreshObjectsList (http://localhost:8181/static/js/app.js:12549:28)
    at http://localhost:8181/static/js/app.js:1293:9 @ http://localhost:8181/static/js/app.js:12552
[ 3100688ms] [ERROR] Failed to load resource: net::ERR_CONNECTION_REFUSED @ http://localhost:8181/api/recording/status:0
[ 3104826ms] [ERROR] Failed to load resource: net::ERR_CONNECTION_REFUSED @ http://localhost:8181/api/servers:0
[ 3104826ms] [ERROR] Error обновления списка объектов: TypeError: Failed to fetch
    at fetchServers (http://localhost:8181/static/js/app.js:12494:28)
    at fetchObjects (http://localhost:8181/static/js/app.js:12501:31)
    at refreshObjectsList (http://localhost:8181/static/js/app.js:12549:28)
    at http://localhost:8181/static/js/app.js:1293:9 @ http://localhost:8181/static/js/app.js:12552
[ 3105688ms] [ERROR] Failed to load resource: net::ERR_CONNECTION_REFUSED @ http://localhost:8181/api/recording/status:0
[ 3110695ms] [ERROR] Failed to load resource: net::ERR_CONNECTION_REFUSED @ http://localhost:8181/api/recording/status:0
[ 3110823ms] [ERROR] Failed to load resource: net::ERR_CONNECTION_REFUSED @ http://localhost:8181/api/servers:0
[ 3110823ms] [ERROR] Error обновления списка объектов: TypeError: Failed to fetch
    at fetchServers (http://localhost:8181/static/js/app.js:12494:28)
    at fetchObjects (http://localhost:8181/static/js/app.js:12501:31)
    at refreshObjectsList (http://localhost:8181/static/js/app.js:12549:28)
    at http://localhost:8181/static/js/app.js:1293:9 @ http://localhost:8181/static/js/app.js:12552
[ 3115694ms] [ERROR] Failed to load resource: net::ERR_CONNECTION_REFUSED @ http://localhost:8181/api/recording/status:0
[ 3116822ms] [ERROR] Failed to load resource: net::ERR_CONNECTION_REFUSED @ http://localhost:8181/api/servers:0
[ 3116822ms] [ERROR] Error обновления списка объектов: TypeError: Failed to fetch
    at fetchServers (http://localhost:8181/static/js/app.js:12494:28)
    at fetchObjects (http://localhost:8181/static/js/app.js:12501:31)
    at refreshObjectsList (http://localhost:8181/static/js/app.js:12549:28)
    at http://localhost:8181/static/js/app.js:1293:9 @ http://localhost:8181/static/js/app.js:12552
[ 3116822ms] [ERROR] Failed to load resource: net::ERR_CONNECTION_REFUSED @ http://localhost:8181/api/version:0
[ 3120694ms] [ERROR] Failed to load resource: net::ERR_CONNECTION_REFUSED @ http://localhost:8181/api/recording/status:0
[ 3122823ms] [ERROR] Failed to load resource: net::ERR_CONNECTION_REFUSED @ http://localhost:8181/api/servers:0
[ 3122823ms] [ERROR] Error обновления списка объектов: TypeError: Failed to fetch
    at fetchServers (http://localhost:8181/static/js/app.js:12494:28)
    at fetchObjects (http://localhost:8181/static/js/app.js:12501:31)
    at refreshObjectsList (http://localhost:8181/static/js/app.js:12549:28)
    at http://localhost:8181/static/js/app.js:1293:9 @ http://localhost:8181/static/js/app.js:12552
[ 3125687ms] [ERROR] Failed to load resource: net::ERR_CONNECTION_REFUSED @ http://localhost:8181/api/recording/status:0
[ 3128825ms] [ERROR] Failed to load resource: net::ERR_CONNECTION_REFUSED @ http://localhost:8181/api/servers:0
[ 3128825ms] [ERROR] Error обновления списка объектов: TypeError: Failed to fetch
    at fetchServers (http://localhost:8181/static/js/app.js:12494:28)
    at fetchObjects (http://localhost:8181/static/js/app.js:12501:31)
    at refreshObjectsList (http://localhost:8181/static/js/app.js:12549:28)
    at http://localhost:8181/static/js/app.js:1293:9 @ http://localhost:8181/static/js/app.js:12552
[ 3130690ms] [ERROR] Failed to load resource: net::ERR_CONNECTION_REFUSED @ http://localhost:8181/api/recording/status:0
[ 3134826ms] [ERROR] Failed to load resource: net::ERR_CONNECTION_REFUSED @ http://localhost:8181/api/servers:0
[ 3134826ms] [ERROR] Error обновления списка объектов: TypeError: Failed to fetch
    at fetchServers (http://localhost:8181/static/js/app.js:12494:28)
    at fetchObjects (http://localhost:8181/static/js/app.js:12501:31)
    at refreshObjectsList (http://localhost:8181/static/js/app.js:12549:28)
    at http://localhost:8181/static/js/app.js:1293:9 @ http://localhost:8181/static/js/app.js:12552
[ 3135690ms] [ERROR] Failed to load resource: net::ERR_CONNECTION_REFUSED @ http://localhost:8181/api/recording/status:0
[ 3140694ms] [ERROR] Failed to load resource: net::ERR_CONNECTION_REFUSED @ http://localhost:8181/api/recording/status:0
[ 3140821ms] [ERROR] Failed to load resource: net::ERR_CONNECTION_REFUSED @ http://localhost:8181/api/servers:0
[ 3140821ms] [ERROR] Error обновления списка объектов: TypeError: Failed to fetch
    at fetchServers (http://localhost:8181/static/js/app.js:12494:28)
    at fetchObjects (http://localhost:8181/static/js/app.js:12501:31)
    at refreshObjectsList (http://localhost:8181/static/js/app.js:12549:28)
    at http://localhost:8181/static/js/app.js:1293:9 @ http://localhost:8181/static/js/app.js:12552
[ 3145691ms] [ERROR] Failed to load resource: net::ERR_CONNECTION_REFUSED @ http://localhost:8181/api/recording/status:0
[ 3146821ms] [ERROR] Failed to load resource: net::ERR_CONNECTION_REFUSED @ http://localhost:8181/api/servers:0
[ 3146821ms] [ERROR] Error обновления списка объектов: TypeError: Failed to fetch
    at fetchServers (http://localhost:8181/static/js/app.js:12494:28)
    at fetchObjects (http://localhost:8181/static/js/app.js:12501:31)
    at refreshObjectsList (http://localhost:8181/static/js/app.js:12549:28)
    at http://localhost:8181/static/js/app.js:1293:9 @ http://localhost:8181/static/js/app.js:12552
[ 3146822ms] [ERROR] Failed to load resource: net::ERR_CONNECTION_REFUSED @ http://localhost:8181/api/version:0
[ 3150691ms] [ERROR] Failed to load resource: net::ERR_CONNECTION_REFUSED @ http://localhost:8181/api/recording/status:0
[ 3152824ms] [ERROR] Failed to load resource: net::ERR_CONNECTION_REFUSED @ http://localhost:8181/api/servers:0
[ 3152824ms] [ERROR] Error обновления списка объектов: TypeError: Failed to fetch
    at fetchServers (http://localhost:8181/static/js/app.js:12494:28)
    at fetchObjects (http://localhost:8181/static/js/app.js:12501:31)
    at refreshObjectsList (http://localhost:8181/static/js/app.js:12549:28)
    at http://localhost:8181/static/js/app.js:1293:9 @ http://localhost:8181/static/js/app.js:12552
[ 3155690ms] [ERROR] Failed to load resource: net::ERR_CONNECTION_REFUSED @ http://localhost:8181/api/recording/status:0
[ 3158828ms] [ERROR] Failed to load resource: net::ERR_CONNECTION_REFUSED @ http://localhost:8181/api/servers:0
[ 3158828ms] [ERROR] Error обновления списка объектов: TypeError: Failed to fetch
    at fetchServers (http://localhost:8181/static/js/app.js:12494:28)
    at fetchObjects (http://localhost:8181/static/js/app.js:12501:31)
    at refreshObjectsList (http://localhost:8181/static/js/app.js:12549:28)
    at http://localhost:8181/static/js/app.js:1293:9 @ http://localhost:8181/static/js/app.js:12552
[ 3160689ms] [ERROR] Failed to load resource: net::ERR_CONNECTION_REFUSED @ http://localhost:8181/api/recording/status:0
[ 3164827ms] [ERROR] Failed to load resource: net::ERR_CONNECTION_REFUSED @ http://localhost:8181/api/servers:0
[ 3164827ms] [ERROR] Error обновления списка объектов: TypeError: Failed to fetch
    at fetchServers (http://localhost:8181/static/js/app.js:12494:28)
    at fetchObjects (http://localhost:8181/static/js/app.js:12501:31)
    at refreshObjectsList (http://localhost:8181/static/js/app.js:12549:28)
    at http://localhost:8181/static/js/app.js:1293:9 @ http://localhost:8181/static/js/app.js:12552
[ 3165689ms] [ERROR] Failed to load resource: net::ERR_CONNECTION_REFUSED @ http://localhost:8181/api/recording/status:0
[ 3170693ms] [ERROR] Failed to load resource: net::ERR_CONNECTION_REFUSED @ http://localhost:8181/api/recording/status:0
[ 3170823ms] [ERROR] Failed to load resource: net::ERR_CONNECTION_REFUSED @ http://localhost:8181/api/servers:0
[ 3170823ms] [ERROR] Error обновления списка объектов: TypeError: Failed to fetch
    at fetchServers (http://localhost:8181/static/js/app.js:12494:28)
    at fetchObjects (http://localhost:8181/static/js/app.js:12501:31)
    at refreshObjectsList (http://localhost:8181/static/js/app.js:12549:28)
    at http://localhost:8181/static/js/app.js:1293:9 @ http://localhost:8181/static/js/app.js:12552
[ 3175693ms] [ERROR] Failed to load resource: net::ERR_CONNECTION_REFUSED @ http://localhost:8181/api/recording/status:0
[ 3176822ms] [ERROR] Failed to load resource: net::ERR_CONNECTION_REFUSED @ http://localhost:8181/api/servers:0
[ 3176822ms] [ERROR] Error обновления списка объектов: TypeError: Failed to fetch
    at fetchServers (http://localhost:8181/static/js/app.js:12494:28)
    at fetchObjects (http://localhost:8181/static/js/app.js:12501:31)
    at refreshObjectsList (http://localhost:8181/static/js/app.js:12549:28)
    at http://localhost:8181/static/js/app.js:1293:9 @ http://localhost:8181/static/js/app.js:12552
[ 3176823ms] [ERROR] Failed to load resource: net::ERR_CONNECTION_REFUSED @ http://localhost:8181/api/version:0
[ 3180690ms] [ERROR] Failed to load resource: net::ERR_CONNECTION_REFUSED @ http://localhost:8181/api/recording/status:0
[ 3182822ms] [ERROR] Failed to load resource: net::ERR_CONNECTION_REFUSED @ http://localhost:8181/api/servers:0
[ 3182822ms] [ERROR] Error обновления списка объектов: TypeError: Failed to fetch
    at fetchServers (http://localhost:8181/static/js/app.js:12494:28)
    at fetchObjects (http://localhost:8181/static/js/app.js:12501:31)
    at refreshObjectsList (http://localhost:8181/static/js/app.js:12549:28)
    at http://localhost:8181/static/js/app.js:1293:9 @ http://localhost:8181/static/js/app.js:12552
[ 3185689ms] [ERROR] Failed to load resource: net::ERR_CONNECTION_REFUSED @ http://localhost:8181/api/recording/status:0
[ 3188827ms] [ERROR] Failed to load resource: net::ERR_CONNECTION_REFUSED @ http://localhost:8181/api/servers:0
[ 3188827ms] [ERROR] Error обновления списка объектов: TypeError: Failed to fetch
    at fetchServers (http://localhost:8181/static/js/app.js:12494:28)
    at fetchObjects (http://localhost:8181/static/js/app.js:12501:31)
    at refreshObjectsList (http://localhost:8181/static/js/app.js:12549:28)
    at http://localhost:8181/static/js/app.js:1293:9 @ http://localhost:8181/static/js/app.js:12552
[ 3190688ms] [ERROR] Failed to load resource: net::ERR_CONNECTION_REFUSED @ http://localhost:8181/api/recording/status:0
[ 3194827ms] [ERROR] Failed to load resource: net::ERR_CONNECTION_REFUSED @ http://localhost:8181/api/servers:0
[ 3194827ms] [ERROR] Error обновления списка объектов: TypeError: Failed to fetch
    at fetchServers (http://localhost:8181/static/js/app.js:12494:28)
    at fetchObjects (http://localhost:8181/static/js/app.js:12501:31)
    at refreshObjectsList (http://localhost:8181/static/js/app.js:12549:28)
    at http://localhost:8181/static/js/app.js:1293:9 @ http://localhost:8181/static/js/app.js:12552
[ 3195688ms] [ERROR] Failed to load resource: net::ERR_CONNECTION_REFUSED @ http://localhost:8181/api/recording/status:0
[ 3200693ms] [ERROR] Failed to load resource: net::ERR_CONNECTION_REFUSED @ http://localhost:8181/api/recording/status:0
[ 3200821ms] [ERROR] Failed to load resource: net::ERR_CONNECTION_REFUSED @ http://localhost:8181/api/servers:0
[ 3200821ms] [ERROR] Error обновления списка объектов: TypeError: Failed to fetch
    at fetchServers (http://localhost:8181/static/js/app.js:12494:28)
    at fetchObjects (http://localhost:8181/static/js/app.js:12501:31)
    at refreshObjectsList (http://localhost:8181/static/js/app.js:12549:28)
    at http://localhost:8181/static/js/app.js:1293:9 @ http://localhost:8181/static/js/app.js:12552
[ 3205690ms] [ERROR] Failed to load resource: net::ERR_CONNECTION_REFUSED @ http://localhost:8181/api/recording/status:0
[ 3206823ms] [ERROR] Failed to load resource: net::ERR_CONNECTION_REFUSED @ http://localhost:8181/api/servers:0
[ 3206823ms] [ERROR] Error обновления списка объектов: TypeError: Failed to fetch
    at fetchServers (http://localhost:8181/static/js/app.js:12494:28)
    at fetchObjects (http://localhost:8181/static/js/app.js:12501:31)
    at refreshObjectsList (http://localhost:8181/static/js/app.js:12549:28)
    at http://localhost:8181/static/js/app.js:1293:9 @ http://localhost:8181/static/js/app.js:12552
[ 3206824ms] [ERROR] Failed to load resource: net::ERR_CONNECTION_REFUSED @ http://localhost:8181/api/version:0
[ 3210692ms] [ERROR] Failed to load resource: net::ERR_CONNECTION_REFUSED @ http://localhost:8181/api/recording/status:0
[ 3212822ms] [ERROR] Failed to load resource: net::ERR_CONNECTION_REFUSED @ http://localhost:8181/api/servers:0
[ 3212822ms] [ERROR] Error обновления списка объектов: TypeError: Failed to fetch
    at fetchServers (http://localhost:8181/static/js/app.js:12494:28)
    at fetchObjects (http://localhost:8181/static/js/app.js:12501:31)
    at refreshObjectsList (http://localhost:8181/static/js/app.js:12549:28)
    at http://localhost:8181/static/js/app.js:1293:9 @ http://localhost:8181/static/js/app.js:12552
[ 3215689ms] [ERROR] Failed to load resource: net::ERR_CONNECTION_REFUSED @ http://localhost:8181/api/recording/status:0
[ 3218824ms] [ERROR] Failed to load resource: net::ERR_CONNECTION_REFUSED @ http://localhost:8181/api/servers:0
[ 3218824ms] [ERROR] Error обновления списка объектов: TypeError: Failed to fetch
    at fetchServers (http://localhost:8181/static/js/app.js:12494:28)
    at fetchObjects (http://localhost:8181/static/js/app.js:12501:31)
    at refreshObjectsList (http://localhost:8181/static/js/app.js:12549:28)
    at http://localhost:8181/static/js/app.js:1293:9 @ http://localhost:8181/static/js/app.js:12552
[ 3220689ms] [ERROR] Failed to load resource: net::ERR_CONNECTION_REFUSED @ http://localhost:8181/api/recording/status:0
[ 3224825ms] [ERROR] Failed to load resource: net::ERR_CONNECTION_REFUSED @ http://localhost:8181/api/servers:0
[ 3224825ms] [ERROR] Error обновления списка объектов: TypeError: Failed to fetch
    at fetchServers (http://localhost:8181/static/js/app.js:12494:28)
    at fetchObjects (http://localhost:8181/static/js/app.js:12501:31)
    at refreshObjectsList (http://localhost:8181/static/js/app.js:12549:28)
    at http://localhost:8181/static/js/app.js:1293:9 @ http://localhost:8181/static/js/app.js:12552
[ 3225687ms] [ERROR] Failed to load resource: net::ERR_CONNECTION_REFUSED @ http://localhost:8181/api/recording/status:0
[ 3230695ms] [ERROR] Failed to load resource: net::ERR_CONNECTION_REFUSED @ http://localhost:8181/api/recording/status:0
[ 3230823ms] [ERROR] Failed to load resource: net::ERR_CONNECTION_REFUSED @ http://localhost:8181/api/servers:0
[ 3230823ms] [ERROR] Error обновления списка объектов: TypeError: Failed to fetch
    at fetchServers (http://localhost:8181/static/js/app.js:12494:28)
    at fetchObjects (http://localhost:8181/static/js/app.js:12501:31)
    at refreshObjectsList (http://localhost:8181/static/js/app.js:12549:28)
    at http://localhost:8181/static/js/app.js:1293:9 @ http://localhost:8181/static/js/app.js:12552
[ 3235696ms] [ERROR] Failed to load resource: net::ERR_CONNECTION_REFUSED @ http://localhost:8181/api/recording/status:0
[ 3236822ms] [ERROR] Failed to load resource: net::ERR_CONNECTION_REFUSED @ http://localhost:8181/api/servers:0
[ 3236822ms] [ERROR] Error обновления списка объектов: TypeError: Failed to fetch
    at fetchServers (http://localhost:8181/static/js/app.js:12494:28)
    at fetchObjects (http://localhost:8181/static/js/app.js:12501:31)
    at refreshObjectsList (http://localhost:8181/static/js/app.js:12549:28)
    at http://localhost:8181/static/js/app.js:1293:9 @ http://localhost:8181/static/js/app.js:12552
[ 3236823ms] [ERROR] Failed to load resource: net::ERR_CONNECTION_REFUSED @ http://localhost:8181/api/version:0
[ 3240695ms] [ERROR] Failed to load resource: net::ERR_CONNECTION_REFUSED @ http://localhost:8181/api/recording/status:0
[ 3242822ms] [ERROR] Failed to load resource: net::ERR_CONNECTION_REFUSED @ http://localhost:8181/api/servers:0
[ 3242822ms] [ERROR] Error обновления списка объектов: TypeError: Failed to fetch
    at fetchServers (http://localhost:8181/static/js/app.js:12494:28)
    at fetchObjects (http://localhost:8181/static/js/app.js:12501:31)
    at refreshObjectsList (http://localhost:8181/static/js/app.js:12549:28)
    at http://localhost:8181/static/js/app.js:1293:9 @ http://localhost:8181/static/js/app.js:12552
[ 3245688ms] [ERROR] Failed to load resource: net::ERR_CONNECTION_REFUSED @ http://localhost:8181/api/recording/status:0
[ 3248827ms] [ERROR] Failed to load resource: net::ERR_CONNECTION_REFUSED @ http://localhost:8181/api/servers:0
[ 3248827ms] [ERROR] Error обновления списка объектов: TypeError: Failed to fetch
    at fetchServers (http://localhost:8181/static/js/app.js:12494:28)
    at fetchObjects (http://localhost:8181/static/js/app.js:12501:31)
    at refreshObjectsList (http://localhost:8181/static/js/app.js:12549:28)
    at http://localhost:8181/static/js/app.js:1293:9 @ http://localhost:8181/static/js/app.js:12552
[ 3250690ms] [ERROR] Failed to load resource: net::ERR_CONNECTION_REFUSED @ http://localhost:8181/api/recording/status:0
[ 3254826ms] [ERROR] Failed to load resource: net::ERR_CONNECTION_REFUSED @ http://localhost:8181/api/servers:0
[ 3254826ms] [ERROR] Error обновления списка объектов: TypeError: Failed to fetch
    at fetchServers (http://localhost:8181/static/js/app.js:12494:28)
    at fetchObjects (http://localhost:8181/static/js/app.js:12501:31)
    at refreshObjectsList (http://localhost:8181/static/js/app.js:12549:28)
    at http://localhost:8181/static/js/app.js:1293:9 @ http://localhost:8181/static/js/app.js:12552
[ 3255690ms] [ERROR] Failed to load resource: net::ERR_CONNECTION_REFUSED @ http://localhost:8181/api/recording/status:0
[ 3260694ms] [ERROR] Failed to load resource: net::ERR_CONNECTION_REFUSED @ http://localhost:8181/api/recording/status:0
[ 3260823ms] [ERROR] Failed to load resource: net::ERR_CONNECTION_REFUSED @ http://localhost:8181/api/servers:0
[ 3260823ms] [ERROR] Error обновления списка объектов: TypeError: Failed to fetch
    at fetchServers (http://localhost:8181/static/js/app.js:12494:28)
    at fetchObjects (http://localhost:8181/static/js/app.js:12501:31)
    at refreshObjectsList (http://localhost:8181/static/js/app.js:12549:28)
    at http://localhost:8181/static/js/app.js:1293:9 @ http://localhost:8181/static/js/app.js:12552
[ 3265694ms] [ERROR] Failed to load resource: net::ERR_CONNECTION_REFUSED @ http://localhost:8181/api/recording/status:0
[ 3266823ms] [ERROR] Failed to load resource: net::ERR_CONNECTION_REFUSED @ http://localhost:8181/api/servers:0
[ 3266823ms] [ERROR] Error обновления списка объектов: TypeError: Failed to fetch
    at fetchServers (http://localhost:8181/static/js/app.js:12494:28)
    at fetchObjects (http://localhost:8181/static/js/app.js:12501:31)
    at refreshObjectsList (http://localhost:8181/static/js/app.js:12549:28)
    at http://localhost:8181/static/js/app.js:1293:9 @ http://localhost:8181/static/js/app.js:12552
[ 3266824ms] [ERROR] Failed to load resource: net::ERR_CONNECTION_REFUSED @ http://localhost:8181/api/version:0
[ 3270694ms] [ERROR] Failed to load resource: net::ERR_CONNECTION_REFUSED @ http://localhost:8181/api/recording/status:0
[ 3272822ms] [ERROR] Failed to load resource: net::ERR_CONNECTION_REFUSED @ http://localhost:8181/api/servers:0
[ 3272822ms] [ERROR] Error обновления списка объектов: TypeError: Failed to fetch
    at fetchServers (http://localhost:8181/static/js/app.js:12494:28)
    at fetchObjects (http://localhost:8181/static/js/app.js:12501:31)
    at refreshObjectsList (http://localhost:8181/static/js/app.js:12549:28)
    at http://localhost:8181/static/js/app.js:1293:9 @ http://localhost:8181/static/js/app.js:12552
[ 3275690ms] [ERROR] Failed to load resource: net::ERR_CONNECTION_REFUSED @ http://localhost:8181/api/recording/status:0
[ 3278828ms] [ERROR] Failed to load resource: net::ERR_CONNECTION_REFUSED @ http://localhost:8181/api/servers:0
[ 3278828ms] [ERROR] Error обновления списка объектов: TypeError: Failed to fetch
    at fetchServers (http://localhost:8181/static/js/app.js:12494:28)
    at fetchObjects (http://localhost:8181/static/js/app.js:12501:31)
    at refreshObjectsList (http://localhost:8181/static/js/app.js:12549:28)
    at http://localhost:8181/static/js/app.js:1293:9 @ http://localhost:8181/static/js/app.js:12552
[ 3280688ms] [ERROR] Failed to load resource: net::ERR_CONNECTION_REFUSED @ http://localhost:8181/api/recording/status:0
[ 3284826ms] [ERROR] Failed to load resource: net::ERR_CONNECTION_REFUSED @ http://localhost:8181/api/servers:0
[ 3284826ms] [ERROR] Error обновления списка объектов: TypeError: Failed to fetch
    at fetchServers (http://localhost:8181/static/js/app.js:12494:28)
    at fetchObjects (http://localhost:8181/static/js/app.js:12501:31)
    at refreshObjectsList (http://localhost:8181/static/js/app.js:12549:28)
    at http://localhost:8181/static/js/app.js:1293:9 @ http://localhost:8181/static/js/app.js:12552
[ 3285688ms] [ERROR] Failed to load resource: net::ERR_CONNECTION_REFUSED @ http://localhost:8181/api/recording/status:0
[ 3290690ms] [ERROR] Failed to load resource: net::ERR_CONNECTION_REFUSED @ http://localhost:8181/api/recording/status:0
[ 3290821ms] [ERROR] Failed to load resource: net::ERR_CONNECTION_REFUSED @ http://localhost:8181/api/servers:0
[ 3290821ms] [ERROR] Error обновления списка объектов: TypeError: Failed to fetch
    at fetchServers (http://localhost:8181/static/js/app.js:12494:28)
    at fetchObjects (http://localhost:8181/static/js/app.js:12501:31)
    at refreshObjectsList (http://localhost:8181/static/js/app.js:12549:28)
    at http://localhost:8181/static/js/app.js:1293:9 @ http://localhost:8181/static/js/app.js:12552
[ 3295693ms] [ERROR] Failed to load resource: net::ERR_CONNECTION_REFUSED @ http://localhost:8181/api/recording/status:0
[ 3296822ms] [ERROR] Failed to load resource: net::ERR_CONNECTION_REFUSED @ http://localhost:8181/api/servers:0
[ 3296822ms] [ERROR] Error обновления списка объектов: TypeError: Failed to fetch
    at fetchServers (http://localhost:8181/static/js/app.js:12494:28)
    at fetchObjects (http://localhost:8181/static/js/app.js:12501:31)
    at refreshObjectsList (http://localhost:8181/static/js/app.js:12549:28)
    at http://localhost:8181/static/js/app.js:1293:9 @ http://localhost:8181/static/js/app.js:12552
[ 3296822ms] [ERROR] Failed to load resource: net::ERR_CONNECTION_REFUSED @ http://localhost:8181/api/version:0
[ 3300693ms] [ERROR] Failed to load resource: net::ERR_CONNECTION_REFUSED @ http://localhost:8181/api/recording/status:0
[ 3302821ms] [ERROR] Failed to load resource: net::ERR_CONNECTION_REFUSED @ http://localhost:8181/api/servers:0
[ 3302821ms] [ERROR] Error обновления списка объектов: TypeError: Failed to fetch
    at fetchServers (http://localhost:8181/static/js/app.js:12494:28)
    at fetchObjects (http://localhost:8181/static/js/app.js:12501:31)
    at refreshObjectsList (http://localhost:8181/static/js/app.js:12549:28)
    at http://localhost:8181/static/js/app.js:1293:9 @ http://localhost:8181/static/js/app.js:12552
[ 3305689ms] [ERROR] Failed to load resource: net::ERR_CONNECTION_REFUSED @ http://localhost:8181/api/recording/status:0
[ 3308828ms] [ERROR] Failed to load resource: net::ERR_CONNECTION_REFUSED @ http://localhost:8181/api/servers:0
[ 3308828ms] [ERROR] Error обновления списка объектов: TypeError: Failed to fetch
    at fetchServers (http://localhost:8181/static/js/app.js:12494:28)
    at fetchObjects (http://localhost:8181/static/js/app.js:12501:31)
    at refreshObjectsList (http://localhost:8181/static/js/app.js:12549:28)
    at http://localhost:8181/static/js/app.js:1293:9 @ http://localhost:8181/static/js/app.js:12552
[ 3310688ms] [ERROR] Failed to load resource: net::ERR_CONNECTION_REFUSED @ http://localhost:8181/api/recording/status:0
[ 3314825ms] [ERROR] Failed to load resource: net::ERR_CONNECTION_REFUSED @ http://localhost:8181/api/servers:0
[ 3314825ms] [ERROR] Error обновления списка объектов: TypeError: Failed to fetch
    at fetchServers (http://localhost:8181/static/js/app.js:12494:28)
    at fetchObjects (http://localhost:8181/static/js/app.js:12501:31)
    at refreshObjectsList (http://localhost:8181/static/js/app.js:12549:28)
    at http://localhost:8181/static/js/app.js:1293:9 @ http://localhost:8181/static/js/app.js:12552
[ 3315689ms] [ERROR] Failed to load resource: net::ERR_CONNECTION_REFUSED @ http://localhost:8181/api/recording/status:0
[ 3320693ms] [ERROR] Failed to load resource: net::ERR_CONNECTION_REFUSED @ http://localhost:8181/api/recording/status:0
[ 3320822ms] [ERROR] Failed to load resource: net::ERR_CONNECTION_REFUSED @ http://localhost:8181/api/servers:0
[ 3320822ms] [ERROR] Error обновления списка объектов: TypeError: Failed to fetch
    at fetchServers (http://localhost:8181/static/js/app.js:12494:28)
    at fetchObjects (http://localhost:8181/static/js/app.js:12501:31)
    at refreshObjectsList (http://localhost:8181/static/js/app.js:12549:28)
    at http://localhost:8181/static/js/app.js:1293:9 @ http://localhost:8181/static/js/app.js:12552
[ 3325694ms] [ERROR] Failed to load resource: net::ERR_CONNECTION_REFUSED @ http://localhost:8181/api/recording/status:0
[ 3326823ms] [ERROR] Failed to load resource: net::ERR_CONNECTION_REFUSED @ http://localhost:8181/api/servers:0
[ 3326823ms] [ERROR] Error обновления списка объектов: TypeError: Failed to fetch
    at fetchServers (http://localhost:8181/static/js/app.js:12494:28)
    at fetchObjects (http://localhost:8181/static/js/app.js:12501:31)
    at refreshObjectsList (http://localhost:8181/static/js/app.js:12549:28)
    at http://localhost:8181/static/js/app.js:1293:9 @ http://localhost:8181/static/js/app.js:12552
[ 3326824ms] [ERROR] Failed to load resource: net::ERR_CONNECTION_REFUSED @ http://localhost:8181/api/version:0
[ 3330694ms] [ERROR] Failed to load resource: net::ERR_CONNECTION_REFUSED @ http://localhost:8181/api/recording/status:0
[ 3332822ms] [ERROR] Failed to load resource: net::ERR_CONNECTION_REFUSED @ http://localhost:8181/api/servers:0
[ 3332822ms] [ERROR] Error обновления списка объектов: TypeError: Failed to fetch
    at fetchServers (http://localhost:8181/static/js/app.js:12494:28)
    at fetchObjects (http://localhost:8181/static/js/app.js:12501:31)
    at refreshObjectsList (http://localhost:8181/static/js/app.js:12549:28)
    at http://localhost:8181/static/js/app.js:1293:9 @ http://localhost:8181/static/js/app.js:12552
[ 3335688ms] [ERROR] Failed to load resource: net::ERR_CONNECTION_REFUSED @ http://localhost:8181/api/recording/status:0
[ 3338828ms] [ERROR] Failed to load resource: net::ERR_CONNECTION_REFUSED @ http://localhost:8181/api/servers:0
[ 3338828ms] [ERROR] Error обновления списка объектов: TypeError: Failed to fetch
    at fetchServers (http://localhost:8181/static/js/app.js:12494:28)
    at fetchObjects (http://localhost:8181/static/js/app.js:12501:31)
    at refreshObjectsList (http://localhost:8181/static/js/app.js:12549:28)
    at http://localhost:8181/static/js/app.js:1293:9 @ http://localhost:8181/static/js/app.js:12552
[ 3340687ms] [ERROR] Failed to load resource: net::ERR_CONNECTION_REFUSED @ http://localhost:8181/api/recording/status:0
[ 3344826ms] [ERROR] Failed to load resource: net::ERR_CONNECTION_REFUSED @ http://localhost:8181/api/servers:0
[ 3344826ms] [ERROR] Error обновления списка объектов: TypeError: Failed to fetch
    at fetchServers (http://localhost:8181/static/js/app.js:12494:28)
    at fetchObjects (http://localhost:8181/static/js/app.js:12501:31)
    at refreshObjectsList (http://localhost:8181/static/js/app.js:12549:28)
    at http://localhost:8181/static/js/app.js:1293:9 @ http://localhost:8181/static/js/app.js:12552
[ 3345688ms] [ERROR] Failed to load resource: net::ERR_CONNECTION_REFUSED @ http://localhost:8181/api/recording/status:0
[ 3350694ms] [ERROR] Failed to load resource: net::ERR_CONNECTION_REFUSED @ http://localhost:8181/api/recording/status:0
[ 3350823ms] [ERROR] Failed to load resource: net::ERR_CONNECTION_REFUSED @ http://localhost:8181/api/servers:0
[ 3350823ms] [ERROR] Error обновления списка объектов: TypeError: Failed to fetch
    at fetchServers (http://localhost:8181/static/js/app.js:12494:28)
    at fetchObjects (http://localhost:8181/static/js/app.js:12501:31)
    at refreshObjectsList (http://localhost:8181/static/js/app.js:12549:28)
    at http://localhost:8181/static/js/app.js:1293:9 @ http://localhost:8181/static/js/app.js:12552
[ 3355692ms] [ERROR] Failed to load resource: net::ERR_CONNECTION_REFUSED @ http://localhost:8181/api/recording/status:0
[ 3356822ms] [ERROR] Failed to load resource: net::ERR_CONNECTION_REFUSED @ http://localhost:8181/api/servers:0
[ 3356822ms] [ERROR] Error обновления списка объектов: TypeError: Failed to fetch
    at fetchServers (http://localhost:8181/static/js/app.js:12494:28)
    at fetchObjects (http://localhost:8181/static/js/app.js:12501:31)
    at refreshObjectsList (http://localhost:8181/static/js/app.js:12549:28)
    at http://localhost:8181/static/js/app.js:1293:9 @ http://localhost:8181/static/js/app.js:12552
[ 3356822ms] [ERROR] Failed to load resource: net::ERR_CONNECTION_REFUSED @ http://localhost:8181/api/version:0
[ 3360693ms] [ERROR] Failed to load resource: net::ERR_CONNECTION_REFUSED @ http://localhost:8181/api/recording/status:0
[ 3362824ms] [ERROR] Failed to load resource: net::ERR_CONNECTION_REFUSED @ http://localhost:8181/api/servers:0
[ 3362824ms] [ERROR] Error обновления списка объектов: TypeError: Failed to fetch
    at fetchServers (http://localhost:8181/static/js/app.js:12494:28)
    at fetchObjects (http://localhost:8181/static/js/app.js:12501:31)
    at refreshObjectsList (http://localhost:8181/static/js/app.js:12549:28)
    at http://localhost:8181/static/js/app.js:1293:9 @ http://localhost:8181/static/js/app.js:12552
[ 3365689ms] [ERROR] Failed to load resource: net::ERR_CONNECTION_REFUSED @ http://localhost:8181/api/recording/status:0
[ 3368824ms] [ERROR] Failed to load resource: net::ERR_CONNECTION_REFUSED @ http://localhost:8181/api/servers:0
[ 3368824ms] [ERROR] Error обновления списка объектов: TypeError: Failed to fetch
    at fetchServers (http://localhost:8181/static/js/app.js:12494:28)
    at fetchObjects (http://localhost:8181/static/js/app.js:12501:31)
    at refreshObjectsList (http://localhost:8181/static/js/app.js:12549:28)
    at http://localhost:8181/static/js/app.js:1293:9 @ http://localhost:8181/static/js/app.js:12552
[ 3370688ms] [ERROR] Failed to load resource: net::ERR_CONNECTION_REFUSED @ http://localhost:8181/api/recording/status:0
[ 3374825ms] [ERROR] Failed to load resource: net::ERR_CONNECTION_REFUSED @ http://localhost:8181/api/servers:0
[ 3374825ms] [ERROR] Error обновления списка объектов: TypeError: Failed to fetch
    at fetchServers (http://localhost:8181/static/js/app.js:12494:28)
    at fetchObjects (http://localhost:8181/static/js/app.js:12501:31)
    at refreshObjectsList (http://localhost:8181/static/js/app.js:12549:28)
    at http://localhost:8181/static/js/app.js:1293:9 @ http://localhost:8181/static/js/app.js:12552
[ 3375689ms] [ERROR] Failed to load resource: net::ERR_CONNECTION_REFUSED @ http://localhost:8181/api/recording/status:0
[ 3380694ms] [ERROR] Failed to load resource: net::ERR_CONNECTION_REFUSED @ http://localhost:8181/api/recording/status:0
[ 3380822ms] [ERROR] Failed to load resource: net::ERR_CONNECTION_REFUSED @ http://localhost:8181/api/servers:0
[ 3380822ms] [ERROR] Error обновления списка объектов: TypeError: Failed to fetch
    at fetchServers (http://localhost:8181/static/js/app.js:12494:28)
    at fetchObjects (http://localhost:8181/static/js/app.js:12501:31)
    at refreshObjectsList (http://localhost:8181/static/js/app.js:12549:28)
    at http://localhost:8181/static/js/app.js:1293:9 @ http://localhost:8181/static/js/app.js:12552
[ 3385694ms] [ERROR] Failed to load resource: net::ERR_CONNECTION_REFUSED @ http://localhost:8181/api/recording/status:0
[ 3386823ms] [ERROR] Failed to load resource: net::ERR_CONNECTION_REFUSED @ http://localhost:8181/api/servers:0
[ 3386823ms] [ERROR] Error обновления списка объектов: TypeError: Failed to fetch
    at fetchServers (http://localhost:8181/static/js/app.js:12494:28)
    at fetchObjects (http://localhost:8181/static/js/app.js:12501:31)
    at refreshObjectsList (http://localhost:8181/static/js/app.js:12549:28)
    at http://localhost:8181/static/js/app.js:1293:9 @ http://localhost:8181/static/js/app.js:12552
[ 3386824ms] [ERROR] Failed to load resource: net::ERR_CONNECTION_REFUSED @ http://localhost:8181/api/version:0
[ 3390695ms] [ERROR] Failed to load resource: net::ERR_CONNECTION_REFUSED @ http://localhost:8181/api/recording/status:0
[ 3392823ms] [ERROR] Failed to load resource: net::ERR_CONNECTION_REFUSED @ http://localhost:8181/api/servers:0
[ 3392823ms] [ERROR] Error обновления списка объектов: TypeError: Failed to fetch
    at fetchServers (http://localhost:8181/static/js/app.js:12494:28)
    at fetchObjects (http://localhost:8181/static/js/app.js:12501:31)
    at refreshObjectsList (http://localhost:8181/static/js/app.js:12549:28)
    at http://localhost:8181/static/js/app.js:1293:9 @ http://localhost:8181/static/js/app.js:12552
[ 3395688ms] [ERROR] Failed to load resource: net::ERR_CONNECTION_REFUSED @ http://localhost:8181/api/recording/status:0
[ 3398824ms] [ERROR] Failed to load resource: net::ERR_CONNECTION_REFUSED @ http://localhost:8181/api/servers:0
[ 3398824ms] [ERROR] Error обновления списка объектов: TypeError: Failed to fetch
    at fetchServers (http://localhost:8181/static/js/app.js:12494:28)
    at fetchObjects (http://localhost:8181/static/js/app.js:12501:31)
    at refreshObjectsList (http://localhost:8181/static/js/app.js:12549:28)
    at http://localhost:8181/static/js/app.js:1293:9 @ http://localhost:8181/static/js/app.js:12552
[ 3400687ms] [ERROR] Failed to load resource: net::ERR_CONNECTION_REFUSED @ http://localhost:8181/api/recording/status:0
[ 3404827ms] [ERROR] Failed to load resource: net::ERR_CONNECTION_REFUSED @ http://localhost:8181/api/servers:0
[ 3404827ms] [ERROR] Error обновления списка объектов: TypeError: Failed to fetch
    at fetchServers (http://localhost:8181/static/js/app.js:12494:28)
    at fetchObjects (http://localhost:8181/static/js/app.js:12501:31)
    at refreshObjectsList (http://localhost:8181/static/js/app.js:12549:28)
    at http://localhost:8181/static/js/app.js:1293:9 @ http://localhost:8181/static/js/app.js:12552
[ 3405687ms] [ERROR] Failed to load resource: net::ERR_CONNECTION_REFUSED @ http://localhost:8181/api/recording/status:0
[ 3410695ms] [ERROR] Failed to load resource: net::ERR_CONNECTION_REFUSED @ http://localhost:8181/api/recording/status:0
[ 3410821ms] [ERROR] Failed to load resource: net::ERR_CONNECTION_REFUSED @ http://localhost:8181/api/servers:0
[ 3410821ms] [ERROR] Error обновления списка объектов: TypeError: Failed to fetch
    at fetchServers (http://localhost:8181/static/js/app.js:12494:28)
    at fetchObjects (http://localhost:8181/static/js/app.js:12501:31)
    at refreshObjectsList (http://localhost:8181/static/js/app.js:12549:28)
    at http://localhost:8181/static/js/app.js:1293:9 @ http://localhost:8181/static/js/app.js:12552
[ 3415693ms] [ERROR] Failed to load resource: net::ERR_CONNECTION_REFUSED @ http://localhost:8181/api/recording/status:0
[ 3416823ms] [ERROR] Failed to load resource: net::ERR_CONNECTION_REFUSED @ http://localhost:8181/api/servers:0
[ 3416823ms] [ERROR] Error обновления списка объектов: TypeError: Failed to fetch
    at fetchServers (http://localhost:8181/static/js/app.js:12494:28)
    at fetchObjects (http://localhost:8181/static/js/app.js:12501:31)
    at refreshObjectsList (http://localhost:8181/static/js/app.js:12549:28)
    at http://localhost:8181/static/js/app.js:1293:9 @ http://localhost:8181/static/js/app.js:12552
[ 3416823ms] [ERROR] Failed to load resource: net::ERR_CONNECTION_REFUSED @ http://localhost:8181/api/version:0
[ 3420691ms] [ERROR] Failed to load resource: net::ERR_CONNECTION_REFUSED @ http://localhost:8181/api/recording/status:0
[ 3422824ms] [ERROR] Failed to load resource: net::ERR_CONNECTION_REFUSED @ http://localhost:8181/api/servers:0
[ 3422824ms] [ERROR] Error обновления списка объектов: TypeError: Failed to fetch
    at fetchServers (http://localhost:8181/static/js/app.js:12494:28)
    at fetchObjects (http://localhost:8181/static/js/app.js:12501:31)
    at refreshObjectsList (http://localhost:8181/static/js/app.js:12549:28)
    at http://localhost:8181/static/js/app.js:1293:9 @ http://localhost:8181/static/js/app.js:12552
[ 3425690ms] [ERROR] Failed to load resource: net::ERR_CONNECTION_REFUSED @ http://localhost:8181/api/recording/status:0
[ 3428825ms] [ERROR] Failed to load resource: net::ERR_CONNECTION_REFUSED @ http://localhost:8181/api/servers:0
[ 3428825ms] [ERROR] Error обновления списка объектов: TypeError: Failed to fetch
    at fetchServers (http://localhost:8181/static/js/app.js:12494:28)
    at fetchObjects (http://localhost:8181/static/js/app.js:12501:31)
    at refreshObjectsList (http://localhost:8181/static/js/app.js:12549:28)
    at http://localhost:8181/static/js/app.js:1293:9 @ http://localhost:8181/static/js/app.js:12552
[ 3430689ms] [ERROR] Failed to load resource: net::ERR_CONNECTION_REFUSED @ http://localhost:8181/api/recording/status:0
[ 3434826ms] [ERROR] Failed to load resource: net::ERR_CONNECTION_REFUSED @ http://localhost:8181/api/servers:0
[ 3434826ms] [ERROR] Error обновления списка объектов: TypeError: Failed to fetch
    at fetchServers (http://localhost:8181/static/js/app.js:12494:28)
    at fetchObjects (http://localhost:8181/static/js/app.js:12501:31)
    at refreshObjectsList (http://localhost:8181/static/js/app.js:12549:28)
    at http://localhost:8181/static/js/app.js:1293:9 @ http://localhost:8181/static/js/app.js:12552
[ 3435689ms] [ERROR] Failed to load resource: net::ERR_CONNECTION_REFUSED @ http://localhost:8181/api/recording/status:0
[ 3440690ms] [ERROR] Failed to load resource: net::ERR_CONNECTION_REFUSED @ http://localhost:8181/api/recording/status:0
[ 3440821ms] [ERROR] Failed to load resource: net::ERR_CONNECTION_REFUSED @ http://localhost:8181/api/servers:0
[ 3440821ms] [ERROR] Error обновления списка объектов: TypeError: Failed to fetch
    at fetchServers (http://localhost:8181/static/js/app.js:12494:28)
    at fetchObjects (http://localhost:8181/static/js/app.js:12501:31)
    at refreshObjectsList (http://localhost:8181/static/js/app.js:12549:28)
    at http://localhost:8181/static/js/app.js:1293:9 @ http://localhost:8181/static/js/app.js:12552
[ 3445693ms] [ERROR] Failed to load resource: net::ERR_CONNECTION_REFUSED @ http://localhost:8181/api/recording/status:0
[ 3446822ms] [ERROR] Failed to load resource: net::ERR_CONNECTION_REFUSED @ http://localhost:8181/api/servers:0
[ 3446822ms] [ERROR] Error обновления списка объектов: TypeError: Failed to fetch
    at fetchServers (http://localhost:8181/static/js/app.js:12494:28)
    at fetchObjects (http://localhost:8181/static/js/app.js:12501:31)
    at refreshObjectsList (http://localhost:8181/static/js/app.js:12549:28)
    at http://localhost:8181/static/js/app.js:1293:9 @ http://localhost:8181/static/js/app.js:12552
[ 3446823ms] [ERROR] Failed to load resource: net::ERR_CONNECTION_REFUSED @ http://localhost:8181/api/version:0
[ 3450694ms] [ERROR] Failed to load resource: net::ERR_CONNECTION_REFUSED @ http://localhost:8181/api/recording/status:0
[ 3452821ms] [ERROR] Failed to load resource: net::ERR_CONNECTION_REFUSED @ http://localhost:8181/api/servers:0
[ 3452821ms] [ERROR] Error обновления списка объектов: TypeError: Failed to fetch
    at fetchServers (http://localhost:8181/static/js/app.js:12494:28)
    at fetchObjects (http://localhost:8181/static/js/app.js:12501:31)
    at refreshObjectsList (http://localhost:8181/static/js/app.js:12549:28)
    at http://localhost:8181/static/js/app.js:1293:9 @ http://localhost:8181/static/js/app.js:12552
[ 3455689ms] [ERROR] Failed to load resource: net::ERR_CONNECTION_REFUSED @ http://localhost:8181/api/recording/status:0
[ 3458827ms] [ERROR] Failed to load resource: net::ERR_CONNECTION_REFUSED @ http://localhost:8181/api/servers:0
[ 3458827ms] [ERROR] Error обновления списка объектов: TypeError: Failed to fetch
    at fetchServers (http://localhost:8181/static/js/app.js:12494:28)
    at fetchObjects (http://localhost:8181/static/js/app.js:12501:31)
    at refreshObjectsList (http://localhost:8181/static/js/app.js:12549:28)
    at http://localhost:8181/static/js/app.js:1293:9 @ http://localhost:8181/static/js/app.js:12552
[ 3460689ms] [ERROR] Failed to load resource: net::ERR_CONNECTION_REFUSED @ http://localhost:8181/api/recording/status:0
[ 3464828ms] [ERROR] Failed to load resource: net::ERR_CONNECTION_REFUSED @ http://localhost:8181/api/servers:0
[ 3464828ms] [ERROR] Error обновления списка объектов: TypeError: Failed to fetch
    at fetchServers (http://localhost:8181/static/js/app.js:12494:28)
    at fetchObjects (http://localhost:8181/static/js/app.js:12501:31)
    at refreshObjectsList (http://localhost:8181/static/js/app.js:12549:28)
    at http://localhost:8181/static/js/app.js:1293:9 @ http://localhost:8181/static/js/app.js:12552
[ 3465687ms] [ERROR] Failed to load resource: net::ERR_CONNECTION_REFUSED @ http://localhost:8181/api/recording/status:0
[ 3470693ms] [ERROR] Failed to load resource: net::ERR_CONNECTION_REFUSED @ http://localhost:8181/api/recording/status:0
[ 3470822ms] [ERROR] Failed to load resource: net::ERR_CONNECTION_REFUSED @ http://localhost:8181/api/servers:0
[ 3470822ms] [ERROR] Error обновления списка объектов: TypeError: Failed to fetch
    at fetchServers (http://localhost:8181/static/js/app.js:12494:28)
    at fetchObjects (http://localhost:8181/static/js/app.js:12501:31)
    at refreshObjectsList (http://localhost:8181/static/js/app.js:12549:28)
    at http://localhost:8181/static/js/app.js:1293:9 @ http://localhost:8181/static/js/app.js:12552
[ 3475693ms] [ERROR] Failed to load resource: net::ERR_CONNECTION_REFUSED @ http://localhost:8181/api/recording/status:0
[ 3476823ms] [ERROR] Failed to load resource: net::ERR_CONNECTION_REFUSED @ http://localhost:8181/api/servers:0
[ 3476823ms] [ERROR] Error обновления списка объектов: TypeError: Failed to fetch
    at fetchServers (http://localhost:8181/static/js/app.js:12494:28)
    at fetchObjects (http://localhost:8181/static/js/app.js:12501:31)
    at refreshObjectsList (http://localhost:8181/static/js/app.js:12549:28)
    at http://localhost:8181/static/js/app.js:1293:9 @ http://localhost:8181/static/js/app.js:12552
[ 3476824ms] [ERROR] Failed to load resource: net::ERR_CONNECTION_REFUSED @ http://localhost:8181/api/version:0
[ 3480694ms] [ERROR] Failed to load resource: net::ERR_CONNECTION_REFUSED @ http://localhost:8181/api/recording/status:0
[ 3482822ms] [ERROR] Failed to load resource: net::ERR_CONNECTION_REFUSED @ http://localhost:8181/api/servers:0
[ 3482823ms] [ERROR] Error обновления списка объектов: TypeError: Failed to fetch
    at fetchServers (http://localhost:8181/static/js/app.js:12494:28)
    at fetchObjects (http://localhost:8181/static/js/app.js:12501:31)
    at refreshObjectsList (http://localhost:8181/static/js/app.js:12549:28)
    at http://localhost:8181/static/js/app.js:1293:9 @ http://localhost:8181/static/js/app.js:12552
[ 3485689ms] [ERROR] Failed to load resource: net::ERR_CONNECTION_REFUSED @ http://localhost:8181/api/recording/status:0
[ 3488827ms] [ERROR] Failed to load resource: net::ERR_CONNECTION_REFUSED @ http://localhost:8181/api/servers:0
[ 3488827ms] [ERROR] Error обновления списка объектов: TypeError: Failed to fetch
    at fetchServers (http://localhost:8181/static/js/app.js:12494:28)
    at fetchObjects (http://localhost:8181/static/js/app.js:12501:31)
    at refreshObjectsList (http://localhost:8181/static/js/app.js:12549:28)
    at http://localhost:8181/static/js/app.js:1293:9 @ http://localhost:8181/static/js/app.js:12552
[ 3490688ms] [ERROR] Failed to load resource: net::ERR_CONNECTION_REFUSED @ http://localhost:8181/api/recording/status:0
[ 3494826ms] [ERROR] Failed to load resource: net::ERR_CONNECTION_REFUSED @ http://localhost:8181/api/servers:0
[ 3494826ms] [ERROR] Error обновления списка объектов: TypeError: Failed to fetch
    at fetchServers (http://localhost:8181/static/js/app.js:12494:28)
    at fetchObjects (http://localhost:8181/static/js/app.js:12501:31)
    at refreshObjectsList (http://localhost:8181/static/js/app.js:12549:28)
    at http://localhost:8181/static/js/app.js:1293:9 @ http://localhost:8181/static/js/app.js:12552
[ 3495687ms] [ERROR] Failed to load resource: net::ERR_CONNECTION_REFUSED @ http://localhost:8181/api/recording/status:0
[ 3500693ms] [ERROR] Failed to load resource: net::ERR_CONNECTION_REFUSED @ http://localhost:8181/api/recording/status:0
[ 3500822ms] [ERROR] Failed to load resource: net::ERR_CONNECTION_REFUSED @ http://localhost:8181/api/servers:0
[ 3500823ms] [ERROR] Error обновления списка объектов: TypeError: Failed to fetch
    at fetchServers (http://localhost:8181/static/js/app.js:12494:28)
    at fetchObjects (http://localhost:8181/static/js/app.js:12501:31)
    at refreshObjectsList (http://localhost:8181/static/js/app.js:12549:28)
    at http://localhost:8181/static/js/app.js:1293:9 @ http://localhost:8181/static/js/app.js:12552
[ 3505690ms] [ERROR] Failed to load resource: net::ERR_CONNECTION_REFUSED @ http://localhost:8181/api/recording/status:0
[ 3506821ms] [ERROR] Failed to load resource: net::ERR_CONNECTION_REFUSED @ http://localhost:8181/api/servers:0
[ 3506821ms] [ERROR] Error обновления списка объектов: TypeError: Failed to fetch
    at fetchServers (http://localhost:8181/static/js/app.js:12494:28)
    at fetchObjects (http://localhost:8181/static/js/app.js:12501:31)
    at refreshObjectsList (http://localhost:8181/static/js/app.js:12549:28)
    at http://localhost:8181/static/js/app.js:1293:9 @ http://localhost:8181/static/js/app.js:12552
[ 3506822ms] [ERROR] Failed to load resource: net::ERR_CONNECTION_REFUSED @ http://localhost:8181/api/version:0
[ 3510693ms] [ERROR] Failed to load resource: net::ERR_CONNECTION_REFUSED @ http://localhost:8181/api/recording/status:0
[ 3512821ms] [ERROR] Failed to load resource: net::ERR_CONNECTION_REFUSED @ http://localhost:8181/api/servers:0
[ 3512821ms] [ERROR] Error обновления списка объектов: TypeError: Failed to fetch
    at fetchServers (http://localhost:8181/static/js/app.js:12494:28)
    at fetchObjects (http://localhost:8181/static/js/app.js:12501:31)
    at refreshObjectsList (http://localhost:8181/static/js/app.js:12549:28)
    at http://localhost:8181/static/js/app.js:1293:9 @ http://localhost:8181/static/js/app.js:12552
[ 3515689ms] [ERROR] Failed to load resource: net::ERR_CONNECTION_REFUSED @ http://localhost:8181/api/recording/status:0
[ 3518825ms] [ERROR] Failed to load resource: net::ERR_CONNECTION_REFUSED @ http://localhost:8181/api/servers:0
[ 3518825ms] [ERROR] Error обновления списка объектов: TypeError: Failed to fetch
    at fetchServers (http://localhost:8181/static/js/app.js:12494:28)
    at fetchObjects (http://localhost:8181/static/js/app.js:12501:31)
    at refreshObjectsList (http://localhost:8181/static/js/app.js:12549:28)
    at http://localhost:8181/static/js/app.js:1293:9 @ http://localhost:8181/static/js/app.js:12552
[ 3520688ms] [ERROR] Failed to load resource: net::ERR_CONNECTION_REFUSED @ http://localhost:8181/api/recording/status:0
[ 3524826ms] [ERROR] Failed to load resource: net::ERR_CONNECTION_REFUSED @ http://localhost:8181/api/servers:0
[ 3524826ms] [ERROR] Error обновления списка объектов: TypeError: Failed to fetch
    at fetchServers (http://localhost:8181/static/js/app.js:12494:28)
    at fetchObjects (http://localhost:8181/static/js/app.js:12501:31)
    at refreshObjectsList (http://localhost:8181/static/js/app.js:12549:28)
    at http://localhost:8181/static/js/app.js:1293:9 @ http://localhost:8181/static/js/app.js:12552
[ 3525688ms] [ERROR] Failed to load resource: net::ERR_CONNECTION_REFUSED @ http://localhost:8181/api/recording/status:0
[ 3530691ms] [ERROR] Failed to load resource: net::ERR_CONNECTION_REFUSED @ http://localhost:8181/api/recording/status:0
[ 3530822ms] [ERROR] Failed to load resource: net::ERR_CONNECTION_REFUSED @ http://localhost:8181/api/servers:0
[ 3530822ms] [ERROR] Error обновления списка объектов: TypeError: Failed to fetch
    at fetchServers (http://localhost:8181/static/js/app.js:12494:28)
    at fetchObjects (http://localhost:8181/static/js/app.js:12501:31)
    at refreshObjectsList (http://localhost:8181/static/js/app.js:12549:28)
    at http://localhost:8181/static/js/app.js:1293:9 @ http://localhost:8181/static/js/app.js:12552
[ 3535691ms] [ERROR] Failed to load resource: net::ERR_CONNECTION_REFUSED @ http://localhost:8181/api/recording/status:0
[ 3536824ms] [ERROR] Failed to load resource: net::ERR_CONNECTION_REFUSED @ http://localhost:8181/api/servers:0
[ 3536824ms] [ERROR] Error обновления списка объектов: TypeError: Failed to fetch
    at fetchServers (http://localhost:8181/static/js/app.js:12494:28)
    at fetchObjects (http://localhost:8181/static/js/app.js:12501:31)
    at refreshObjectsList (http://localhost:8181/static/js/app.js:12549:28)
    at http://localhost:8181/static/js/app.js:1293:9 @ http://localhost:8181/static/js/app.js:12552
[ 3536825ms] [ERROR] Failed to load resource: net::ERR_CONNECTION_REFUSED @ http://localhost:8181/api/version:0
[ 3540688ms] [ERROR] Failed to load resource: net::ERR_CONNECTION_REFUSED @ http://localhost:8181/api/recording/status:0
[ 3542826ms] [ERROR] Failed to load resource: net::ERR_CONNECTION_REFUSED @ http://localhost:8181/api/servers:0
[ 3542826ms] [ERROR] Error обновления списка объектов: TypeError: Failed to fetch
    at fetchServers (http://localhost:8181/static/js/app.js:12494:28)
    at fetchObjects (http://localhost:8181/static/js/app.js:12501:31)
    at refreshObjectsList (http://localhost:8181/static/js/app.js:12549:28)
    at http://localhost:8181/static/js/app.js:1293:9 @ http://localhost:8181/static/js/app.js:12552
[ 3545690ms] [ERROR] Failed to load resource: net::ERR_CONNECTION_REFUSED @ http://localhost:8181/api/recording/status:0
[ 3548828ms] [ERROR] Failed to load resource: net::ERR_CONNECTION_REFUSED @ http://localhost:8181/api/servers:0
[ 3548828ms] [ERROR] Error обновления списка объектов: TypeError: Failed to fetch
    at fetchServers (http://localhost:8181/static/js/app.js:12494:28)
    at fetchObjects (http://localhost:8181/static/js/app.js:12501:31)
    at refreshObjectsList (http://localhost:8181/static/js/app.js:12549:28)
    at http://localhost:8181/static/js/app.js:1293:9 @ http://localhost:8181/static/js/app.js:12552
[ 3550688ms] [ERROR] Failed to load resource: net::ERR_CONNECTION_REFUSED @ http://localhost:8181/api/recording/status:0
[ 3554827ms] [ERROR] Failed to load resource: net::ERR_CONNECTION_REFUSED @ http://localhost:8181/api/servers:0
[ 3554827ms] [ERROR] Error обновления списка объектов: TypeError: Failed to fetch
    at fetchServers (http://localhost:8181/static/js/app.js:12494:28)
    at fetchObjects (http://localhost:8181/static/js/app.js:12501:31)
    at refreshObjectsList (http://localhost:8181/static/js/app.js:12549:28)
    at http://localhost:8181/static/js/app.js:1293:9 @ http://localhost:8181/static/js/app.js:12552
[ 3555688ms] [ERROR] Failed to load resource: net::ERR_CONNECTION_REFUSED @ http://localhost:8181/api/recording/status:0
[ 3560690ms] [ERROR] Failed to load resource: net::ERR_CONNECTION_REFUSED @ http://localhost:8181/api/recording/status:0
[ 3560822ms] [ERROR] Failed to load resource: net::ERR_CONNECTION_REFUSED @ http://localhost:8181/api/servers:0
[ 3560822ms] [ERROR] Error обновления списка объектов: TypeError: Failed to fetch
    at fetchServers (http://localhost:8181/static/js/app.js:12494:28)
    at fetchObjects (http://localhost:8181/static/js/app.js:12501:31)
    at refreshObjectsList (http://localhost:8181/static/js/app.js:12549:28)
    at http://localhost:8181/static/js/app.js:1293:9 @ http://localhost:8181/static/js/app.js:12552
[ 3565694ms] [ERROR] Failed to load resource: net::ERR_CONNECTION_REFUSED @ http://localhost:8181/api/recording/status:0
[ 3566823ms] [ERROR] Failed to load resource: net::ERR_CONNECTION_REFUSED @ http://localhost:8181/api/servers:0
[ 3566823ms] [ERROR] Error обновления списка объектов: TypeError: Failed to fetch
    at fetchServers (http://localhost:8181/static/js/app.js:12494:28)
    at fetchObjects (http://localhost:8181/static/js/app.js:12501:31)
    at refreshObjectsList (http://localhost:8181/static/js/app.js:12549:28)
    at http://localhost:8181/static/js/app.js:1293:9 @ http://localhost:8181/static/js/app.js:12552
[ 3566824ms] [ERROR] Failed to load resource: net::ERR_CONNECTION_REFUSED @ http://localhost:8181/api/version:0
[ 3570689ms] [ERROR] Failed to load resource: net::ERR_CONNECTION_REFUSED @ http://localhost:8181/api/recording/status:0
[ 3572829ms] [ERROR] Failed to load resource: net::ERR_CONNECTION_REFUSED @ http://localhost:8181/api/servers:0
[ 3572829ms] [ERROR] Error обновления списка объектов: TypeError: Failed to fetch
    at fetchServers (http://localhost:8181/static/js/app.js:12494:28)
    at fetchObjects (http://localhost:8181/static/js/app.js:12501:31)
    at refreshObjectsList (http://localhost:8181/static/js/app.js:12549:28)
    at http://localhost:8181/static/js/app.js:1293:9 @ http://localhost:8181/static/js/app.js:12552
[ 3575689ms] [ERROR] Failed to load resource: net::ERR_CONNECTION_REFUSED @ http://localhost:8181/api/recording/status:0
[ 3578828ms] [ERROR] Failed to load resource: net::ERR_CONNECTION_REFUSED @ http://localhost:8181/api/servers:0
[ 3578828ms] [ERROR] Error обновления списка объектов: TypeError: Failed to fetch
    at fetchServers (http://localhost:8181/static/js/app.js:12494:28)
    at fetchObjects (http://localhost:8181/static/js/app.js:12501:31)
    at refreshObjectsList (http://localhost:8181/static/js/app.js:12549:28)
    at http://localhost:8181/static/js/app.js:1293:9 @ http://localhost:8181/static/js/app.js:12552
[ 3580688ms] [ERROR] Failed to load resource: net::ERR_CONNECTION_REFUSED @ http://localhost:8181/api/recording/status:0
[ 3584827ms] [ERROR] Failed to load resource: net::ERR_CONNECTION_REFUSED @ http://localhost:8181/api/servers:0
[ 3584828ms] [ERROR] Error обновления списка объектов: TypeError: Failed to fetch
    at fetchServers (http://localhost:8181/static/js/app.js:12494:28)
    at fetchObjects (http://localhost:8181/static/js/app.js:12501:31)
    at refreshObjectsList (http://localhost:8181/static/js/app.js:12549:28)
    at http://localhost:8181/static/js/app.js:1293:9 @ http://localhost:8181/static/js/app.js:12552
[ 3585688ms] [ERROR] Failed to load resource: net::ERR_CONNECTION_REFUSED @ http://localhost:8181/api/recording/status:0
[ 3590694ms] [ERROR] Failed to load resource: net::ERR_CONNECTION_REFUSED @ http://localhost:8181/api/recording/status:0
[ 3590822ms] [ERROR] Failed to load resource: net::ERR_CONNECTION_REFUSED @ http://localhost:8181/api/servers:0
[ 3590823ms] [ERROR] Error обновления списка объектов: TypeError: Failed to fetch
    at fetchServers (http://localhost:8181/static/js/app.js:12494:28)
    at fetchObjects (http://localhost:8181/static/js/app.js:12501:31)
    at refreshObjectsList (http://localhost:8181/static/js/app.js:12549:28)
    at http://localhost:8181/static/js/app.js:1293:9 @ http://localhost:8181/static/js/app.js:12552
[ 3595690ms] [ERROR] Failed to load resource: net::ERR_CONNECTION_REFUSED @ http://localhost:8181/api/recording/status:0
[ 3596823ms] [ERROR] Failed to load resource: net::ERR_CONNECTION_REFUSED @ http://localhost:8181/api/servers:0
[ 3596823ms] [ERROR] Error обновления списка объектов: TypeError: Failed to fetch
    at fetchServers (http://localhost:8181/static/js/app.js:12494:28)
    at fetchObjects (http://localhost:8181/static/js/app.js:12501:31)
    at refreshObjectsList (http://localhost:8181/static/js/app.js:12549:28)
    at http://localhost:8181/static/js/app.js:1293:9 @ http://localhost:8181/static/js/app.js:12552
[ 3596824ms] [ERROR] Failed to load resource: net::ERR_CONNECTION_REFUSED @ http://localhost:8181/api/version:0
[ 3600689ms] [ERROR] Failed to load resource: net::ERR_CONNECTION_REFUSED @ http://localhost:8181/api/recording/status:0
[ 3602826ms] [ERROR] Failed to load resource: net::ERR_CONNECTION_REFUSED @ http://localhost:8181/api/servers:0
[ 3602826ms] [ERROR] Error обновления списка объектов: TypeError: Failed to fetch
    at fetchServers (http://localhost:8181/static/js/app.js:12494:28)
    at fetchObjects (http://localhost:8181/static/js/app.js:12501:31)
    at refreshObjectsList (http://localhost:8181/static/js/app.js:12549:28)
    at http://localhost:8181/static/js/app.js:1293:9 @ http://localhost:8181/static/js/app.js:12552
[ 3605689ms] [ERROR] Failed to load resource: net::ERR_CONNECTION_REFUSED @ http://localhost:8181/api/recording/status:0
[ 3608826ms] [ERROR] Failed to load resource: net::ERR_CONNECTION_REFUSED @ http://localhost:8181/api/servers:0
[ 3608826ms] [ERROR] Error обновления списка объектов: TypeError: Failed to fetch
    at fetchServers (http://localhost:8181/static/js/app.js:12494:28)
    at fetchObjects (http://localhost:8181/static/js/app.js:12501:31)
    at refreshObjectsList (http://localhost:8181/static/js/app.js:12549:28)
    at http://localhost:8181/static/js/app.js:1293:9 @ http://localhost:8181/static/js/app.js:12552
[ 3610689ms] [ERROR] Failed to load resource: net::ERR_CONNECTION_REFUSED @ http://localhost:8181/api/recording/status:0
[ 3614826ms] [ERROR] Failed to load resource: net::ERR_CONNECTION_REFUSED @ http://localhost:8181/api/servers:0
[ 3614826ms] [ERROR] Error обновления списка объектов: TypeError: Failed to fetch
    at fetchServers (http://localhost:8181/static/js/app.js:12494:28)
    at fetchObjects (http://localhost:8181/static/js/app.js:12501:31)
    at refreshObjectsList (http://localhost:8181/static/js/app.js:12549:28)
    at http://localhost:8181/static/js/app.js:1293:9 @ http://localhost:8181/static/js/app.js:12552
[ 3615688ms] [ERROR] Failed to load resource: net::ERR_CONNECTION_REFUSED @ http://localhost:8181/api/recording/status:0
[ 3620693ms] [ERROR] Failed to load resource: net::ERR_CONNECTION_REFUSED @ http://localhost:8181/api/recording/status:0
[ 3620822ms] [ERROR] Failed to load resource: net::ERR_CONNECTION_REFUSED @ http://localhost:8181/api/servers:0
[ 3620822ms] [ERROR] Error обновления списка объектов: TypeError: Failed to fetch
    at fetchServers (http://localhost:8181/static/js/app.js:12494:28)
    at fetchObjects (http://localhost:8181/static/js/app.js:12501:31)
    at refreshObjectsList (http://localhost:8181/static/js/app.js:12549:28)
    at http://localhost:8181/static/js/app.js:1293:9 @ http://localhost:8181/static/js/app.js:12552
[ 3625693ms] [ERROR] Failed to load resource: net::ERR_CONNECTION_REFUSED @ http://localhost:8181/api/recording/status:0
[ 3626823ms] [ERROR] Failed to load resource: net::ERR_CONNECTION_REFUSED @ http://localhost:8181/api/servers:0
[ 3626823ms] [ERROR] Error обновления списка объектов: TypeError: Failed to fetch
    at fetchServers (http://localhost:8181/static/js/app.js:12494:28)
    at fetchObjects (http://localhost:8181/static/js/app.js:12501:31)
    at refreshObjectsList (http://localhost:8181/static/js/app.js:12549:28)
    at http://localhost:8181/static/js/app.js:1293:9 @ http://localhost:8181/static/js/app.js:12552
[ 3626823ms] [ERROR] Failed to load resource: net::ERR_CONNECTION_REFUSED @ http://localhost:8181/api/version:0
[ 3630687ms] [ERROR] Failed to load resource: net::ERR_CONNECTION_REFUSED @ http://localhost:8181/api/recording/status:0
[ 3632828ms] [ERROR] Failed to load resource: net::ERR_CONNECTION_REFUSED @ http://localhost:8181/api/servers:0
[ 3632828ms] [ERROR] Error обновления списка объектов: TypeError: Failed to fetch
    at fetchServers (http://localhost:8181/static/js/app.js:12494:28)
    at fetchObjects (http://localhost:8181/static/js/app.js:12501:31)
    at refreshObjectsList (http://localhost:8181/static/js/app.js:12549:28)
    at http://localhost:8181/static/js/app.js:1293:9 @ http://localhost:8181/static/js/app.js:12552
[ 3635688ms] [ERROR] Failed to load resource: net::ERR_CONNECTION_REFUSED @ http://localhost:8181/api/recording/status:0
[ 3638827ms] [ERROR] Failed to load resource: net::ERR_CONNECTION_REFUSED @ http://localhost:8181/api/servers:0
[ 3638827ms] [ERROR] Error обновления списка объектов: TypeError: Failed to fetch
    at fetchServers (http://localhost:8181/static/js/app.js:12494:28)
    at fetchObjects (http://localhost:8181/static/js/app.js:12501:31)
    at refreshObjectsList (http://localhost:8181/static/js/app.js:12549:28)
    at http://localhost:8181/static/js/app.js:1293:9 @ http://localhost:8181/static/js/app.js:12552
[ 3640688ms] [ERROR] Failed to load resource: net::ERR_CONNECTION_REFUSED @ http://localhost:8181/api/recording/status:0
[ 3644824ms] [ERROR] Failed to load resource: net::ERR_CONNECTION_REFUSED @ http://localhost:8181/api/servers:0
[ 3644824ms] [ERROR] Error обновления списка объектов: TypeError: Failed to fetch
    at fetchServers (http://localhost:8181/static/js/app.js:12494:28)
    at fetchObjects (http://localhost:8181/static/js/app.js:12501:31)
    at refreshObjectsList (http://localhost:8181/static/js/app.js:12549:28)
    at http://localhost:8181/static/js/app.js:1293:9 @ http://localhost:8181/static/js/app.js:12552
[ 3645690ms] [ERROR] Failed to load resource: net::ERR_CONNECTION_REFUSED @ http://localhost:8181/api/recording/status:0
[ 3650693ms] [ERROR] Failed to load resource: net::ERR_CONNECTION_REFUSED @ http://localhost:8181/api/recording/status:0
[ 3650822ms] [ERROR] Failed to load resource: net::ERR_CONNECTION_REFUSED @ http://localhost:8181/api/servers:0
[ 3650822ms] [ERROR] Error обновления списка объектов: TypeError: Failed to fetch
    at fetchServers (http://localhost:8181/static/js/app.js:12494:28)
    at fetchObjects (http://localhost:8181/static/js/app.js:12501:31)
    at refreshObjectsList (http://localhost:8181/static/js/app.js:12549:28)
    at http://localhost:8181/static/js/app.js:1293:9 @ http://localhost:8181/static/js/app.js:12552
[ 3655694ms] [ERROR] Failed to load resource: net::ERR_CONNECTION_REFUSED @ http://localhost:8181/api/recording/status:0
[ 3656822ms] [ERROR] Failed to load resource: net::ERR_CONNECTION_REFUSED @ http://localhost:8181/api/servers:0
[ 3656822ms] [ERROR] Error обновления списка объектов: TypeError: Failed to fetch
    at fetchServers (http://localhost:8181/static/js/app.js:12494:28)
    at fetchObjects (http://localhost:8181/static/js/app.js:12501:31)
    at refreshObjectsList (http://localhost:8181/static/js/app.js:12549:28)
    at http://localhost:8181/static/js/app.js:1293:9 @ http://localhost:8181/static/js/app.js:12552
[ 3656822ms] [ERROR] Failed to load resource: net::ERR_CONNECTION_REFUSED @ http://localhost:8181/api/version:0
[ 3660689ms] [ERROR] Failed to load resource: net::ERR_CONNECTION_REFUSED @ http://localhost:8181/api/recording/status:0
[ 3662830ms] [ERROR] Failed to load resource: net::ERR_CONNECTION_REFUSED @ http://localhost:8181/api/servers:0
[ 3662830ms] [ERROR] Error обновления списка объектов: TypeError: Failed to fetch
    at fetchServers (http://localhost:8181/static/js/app.js:12494:28)
    at fetchObjects (http://localhost:8181/static/js/app.js:12501:31)
    at refreshObjectsList (http://localhost:8181/static/js/app.js:12549:28)
    at http://localhost:8181/static/js/app.js:1293:9 @ http://localhost:8181/static/js/app.js:12552
[ 3665689ms] [ERROR] Failed to load resource: net::ERR_CONNECTION_REFUSED @ http://localhost:8181/api/recording/status:0
[ 3668828ms] [ERROR] Failed to load resource: net::ERR_CONNECTION_REFUSED @ http://localhost:8181/api/servers:0
[ 3668828ms] [ERROR] Error обновления списка объектов: TypeError: Failed to fetch
    at fetchServers (http://localhost:8181/static/js/app.js:12494:28)
    at fetchObjects (http://localhost:8181/static/js/app.js:12501:31)
    at refreshObjectsList (http://localhost:8181/static/js/app.js:12549:28)
    at http://localhost:8181/static/js/app.js:1293:9 @ http://localhost:8181/static/js/app.js:12552
[ 3670690ms] [ERROR] Failed to load resource: net::ERR_CONNECTION_REFUSED @ http://localhost:8181/api/recording/status:0
[ 3674823ms] [ERROR] Failed to load resource: net::ERR_CONNECTION_REFUSED @ http://localhost:8181/api/servers:0
[ 3674824ms] [ERROR] Error обновления списка объектов: TypeError: Failed to fetch
    at fetchServers (http://localhost:8181/static/js/app.js:12494:28)
    at fetchObjects (http://localhost:8181/static/js/app.js:12501:31)
    at refreshObjectsList (http://localhost:8181/static/js/app.js:12549:28)
    at http://localhost:8181/static/js/app.js:1293:9 @ http://localhost:8181/static/js/app.js:12552
[ 3675688ms] [ERROR] Failed to load resource: net::ERR_CONNECTION_REFUSED @ http://localhost:8181/api/recording/status:0
[ 3680693ms] [ERROR] Failed to load resource: net::ERR_CONNECTION_REFUSED @ http://localhost:8181/api/recording/status:0
[ 3680821ms] [ERROR] Failed to load resource: net::ERR_CONNECTION_REFUSED @ http://localhost:8181/api/servers:0
[ 3680821ms] [ERROR] Error обновления списка объектов: TypeError: Failed to fetch
    at fetchServers (http://localhost:8181/static/js/app.js:12494:28)
    at fetchObjects (http://localhost:8181/static/js/app.js:12501:31)
    at refreshObjectsList (http://localhost:8181/static/js/app.js:12549:28)
    at http://localhost:8181/static/js/app.js:1293:9 @ http://localhost:8181/static/js/app.js:12552
[ 3685693ms] [ERROR] Failed to load resource: net::ERR_CONNECTION_REFUSED @ http://localhost:8181/api/recording/status:0
[ 3686822ms] [ERROR] Failed to load resource: net::ERR_CONNECTION_REFUSED @ http://localhost:8181/api/servers:0
[ 3686822ms] [ERROR] Error обновления списка объектов: TypeError: Failed to fetch
    at fetchServers (http://localhost:8181/static/js/app.js:12494:28)
    at fetchObjects (http://localhost:8181/static/js/app.js:12501:31)
    at refreshObjectsList (http://localhost:8181/static/js/app.js:12549:28)
    at http://localhost:8181/static/js/app.js:1293:9 @ http://localhost:8181/static/js/app.js:12552
[ 3686823ms] [ERROR] Failed to load resource: net::ERR_CONNECTION_REFUSED @ http://localhost:8181/api/version:0
[ 3690689ms] [ERROR] Failed to load resource: net::ERR_CONNECTION_REFUSED @ http://localhost:8181/api/recording/status:0
[ 3692827ms] [ERROR] Failed to load resource: net::ERR_CONNECTION_REFUSED @ http://localhost:8181/api/servers:0
[ 3692827ms] [ERROR] Error обновления списка объектов: TypeError: Failed to fetch
    at fetchServers (http://localhost:8181/static/js/app.js:12494:28)
    at fetchObjects (http://localhost:8181/static/js/app.js:12501:31)
    at refreshObjectsList (http://localhost:8181/static/js/app.js:12549:28)
    at http://localhost:8181/static/js/app.js:1293:9 @ http://localhost:8181/static/js/app.js:12552
[ 3695688ms] [ERROR] Failed to load resource: net::ERR_CONNECTION_REFUSED @ http://localhost:8181/api/recording/status:0
[ 3698826ms] [ERROR] Failed to load resource: net::ERR_CONNECTION_REFUSED @ http://localhost:8181/api/servers:0
[ 3698826ms] [ERROR] Error обновления списка объектов: TypeError: Failed to fetch
    at fetchServers (http://localhost:8181/static/js/app.js:12494:28)
    at fetchObjects (http://localhost:8181/static/js/app.js:12501:31)
    at refreshObjectsList (http://localhost:8181/static/js/app.js:12549:28)
    at http://localhost:8181/static/js/app.js:1293:9 @ http://localhost:8181/static/js/app.js:12552
[ 3700689ms] [ERROR] Failed to load resource: net::ERR_CONNECTION_REFUSED @ http://localhost:8181/api/recording/status:0
[ 3704827ms] [ERROR] Failed to load resource: net::ERR_CONNECTION_REFUSED @ http://localhost:8181/api/servers:0
[ 3704827ms] [ERROR] Error обновления списка объектов: TypeError: Failed to fetch
    at fetchServers (http://localhost:8181/static/js/app.js:12494:28)
    at fetchObjects (http://localhost:8181/static/js/app.js:12501:31)
    at refreshObjectsList (http://localhost:8181/static/js/app.js:12549:28)
    at http://localhost:8181/static/js/app.js:1293:9 @ http://localhost:8181/static/js/app.js:12552
[ 3705688ms] [ERROR] Failed to load resource: net::ERR_CONNECTION_REFUSED @ http://localhost:8181/api/recording/status:0
[ 3710692ms] [ERROR] Failed to load resource: net::ERR_CONNECTION_REFUSED @ http://localhost:8181/api/recording/status:0
[ 3710821ms] [ERROR] Failed to load resource: net::ERR_CONNECTION_REFUSED @ http://localhost:8181/api/servers:0
[ 3710821ms] [ERROR] Error обновления списка объектов: TypeError: Failed to fetch
    at fetchServers (http://localhost:8181/static/js/app.js:12494:28)
    at fetchObjects (http://localhost:8181/static/js/app.js:12501:31)
    at refreshObjectsList (http://localhost:8181/static/js/app.js:12549:28)
    at http://localhost:8181/static/js/app.js:1293:9 @ http://localhost:8181/static/js/app.js:12552
[ 3715693ms] [ERROR] Failed to load resource: net::ERR_CONNECTION_REFUSED @ http://localhost:8181/api/recording/status:0
[ 3716822ms] [ERROR] Failed to load resource: net::ERR_CONNECTION_REFUSED @ http://localhost:8181/api/servers:0
[ 3716822ms] [ERROR] Error обновления списка объектов: TypeError: Failed to fetch
    at fetchServers (http://localhost:8181/static/js/app.js:12494:28)
    at fetchObjects (http://localhost:8181/static/js/app.js:12501:31)
    at refreshObjectsList (http://localhost:8181/static/js/app.js:12549:28)
    at http://localhost:8181/static/js/app.js:1293:9 @ http://localhost:8181/static/js/app.js:12552
[ 3716822ms] [ERROR] Failed to load resource: net::ERR_CONNECTION_REFUSED @ http://localhost:8181/api/version:0
[ 3720690ms] [ERROR] Failed to load resource: net::ERR_CONNECTION_REFUSED @ http://localhost:8181/api/recording/status:0
[ 3722827ms] [ERROR] Failed to load resource: net::ERR_CONNECTION_REFUSED @ http://localhost:8181/api/servers:0
[ 3722827ms] [ERROR] Error обновления списка объектов: TypeError: Failed to fetch
    at fetchServers (http://localhost:8181/static/js/app.js:12494:28)
    at fetchObjects (http://localhost:8181/static/js/app.js:12501:31)
    at refreshObjectsList (http://localhost:8181/static/js/app.js:12549:28)
    at http://localhost:8181/static/js/app.js:1293:9 @ http://localhost:8181/static/js/app.js:12552
[ 3725690ms] [ERROR] Failed to load resource: net::ERR_CONNECTION_REFUSED @ http://localhost:8181/api/recording/status:0
[ 3728827ms] [ERROR] Failed to load resource: net::ERR_CONNECTION_REFUSED @ http://localhost:8181/api/servers:0
[ 3728827ms] [ERROR] Error обновления списка объектов: TypeError: Failed to fetch
    at fetchServers (http://localhost:8181/static/js/app.js:12494:28)
    at fetchObjects (http://localhost:8181/static/js/app.js:12501:31)
    at refreshObjectsList (http://localhost:8181/static/js/app.js:12549:28)
    at http://localhost:8181/static/js/app.js:1293:9 @ http://localhost:8181/static/js/app.js:12552
[ 3730687ms] [ERROR] Failed to load resource: net::ERR_CONNECTION_REFUSED @ http://localhost:8181/api/recording/status:0
[ 3734824ms] [ERROR] Failed to load resource: net::ERR_CONNECTION_REFUSED @ http://localhost:8181/api/servers:0
[ 3734824ms] [ERROR] Error обновления списка объектов: TypeError: Failed to fetch
    at fetchServers (http://localhost:8181/static/js/app.js:12494:28)
    at fetchObjects (http://localhost:8181/static/js/app.js:12501:31)
    at refreshObjectsList (http://localhost:8181/static/js/app.js:12549:28)
    at http://localhost:8181/static/js/app.js:1293:9 @ http://localhost:8181/static/js/app.js:12552
[ 3735687ms] [ERROR] Failed to load resource: net::ERR_CONNECTION_REFUSED @ http://localhost:8181/api/recording/status:0
[ 3740693ms] [ERROR] Failed to load resource: net::ERR_CONNECTION_REFUSED @ http://localhost:8181/api/recording/status:0
[ 3740821ms] [ERROR] Failed to load resource: net::ERR_CONNECTION_REFUSED @ http://localhost:8181/api/servers:0
[ 3740821ms] [ERROR] Error обновления списка объектов: TypeError: Failed to fetch
    at fetchServers (http://localhost:8181/static/js/app.js:12494:28)
    at fetchObjects (http://localhost:8181/static/js/app.js:12501:31)
    at refreshObjectsList (http://localhost:8181/static/js/app.js:12549:28)
    at http://localhost:8181/static/js/app.js:1293:9 @ http://localhost:8181/static/js/app.js:12552
[ 3745691ms] [ERROR] Failed to load resource: net::ERR_CONNECTION_REFUSED @ http://localhost:8181/api/recording/status:0
[ 3746822ms] [ERROR] Failed to load resource: net::ERR_CONNECTION_REFUSED @ http://localhost:8181/api/servers:0
[ 3746822ms] [ERROR] Error обновления списка объектов: TypeError: Failed to fetch
    at fetchServers (http://localhost:8181/static/js/app.js:12494:28)
    at fetchObjects (http://localhost:8181/static/js/app.js:12501:31)
    at refreshObjectsList (http://localhost:8181/static/js/app.js:12549:28)
    at http://localhost:8181/static/js/app.js:1293:9 @ http://localhost:8181/static/js/app.js:12552
[ 3746823ms] [ERROR] Failed to load resource: net::ERR_CONNECTION_REFUSED @ http://localhost:8181/api/version:0
[ 3750688ms] [ERROR] Failed to load resource: net::ERR_CONNECTION_REFUSED @ http://localhost:8181/api/recording/status:0
[ 3752824ms] [ERROR] Failed to load resource: net::ERR_CONNECTION_REFUSED @ http://localhost:8181/api/servers:0
[ 3752824ms] [ERROR] Error обновления списка объектов: TypeError: Failed to fetch
    at fetchServers (http://localhost:8181/static/js/app.js:12494:28)
    at fetchObjects (http://localhost:8181/static/js/app.js:12501:31)
    at refreshObjectsList (http://localhost:8181/static/js/app.js:12549:28)
    at http://localhost:8181/static/js/app.js:1293:9 @ http://localhost:8181/static/js/app.js:12552
[ 3755688ms] [ERROR] Failed to load resource: net::ERR_CONNECTION_REFUSED @ http://localhost:8181/api/recording/status:0
[ 3758826ms] [ERROR] Failed to load resource: net::ERR_CONNECTION_REFUSED @ http://localhost:8181/api/servers:0
[ 3758826ms] [ERROR] Error обновления списка объектов: TypeError: Failed to fetch
    at fetchServers (http://localhost:8181/static/js/app.js:12494:28)
    at fetchObjects (http://localhost:8181/static/js/app.js:12501:31)
    at refreshObjectsList (http://localhost:8181/static/js/app.js:12549:28)
    at http://localhost:8181/static/js/app.js:1293:9 @ http://localhost:8181/static/js/app.js:12552
[ 3760687ms] [ERROR] Failed to load resource: net::ERR_CONNECTION_REFUSED @ http://localhost:8181/api/recording/status:0
[ 3764828ms] [ERROR] Failed to load resource: net::ERR_CONNECTION_REFUSED @ http://localhost:8181/api/servers:0
[ 3764828ms] [ERROR] Error обновления списка объектов: TypeError: Failed to fetch
    at fetchServers (http://localhost:8181/static/js/app.js:12494:28)
    at fetchObjects (http://localhost:8181/static/js/app.js:12501:31)
    at refreshObjectsList (http://localhost:8181/static/js/app.js:12549:28)
    at http://localhost:8181/static/js/app.js:1293:9 @ http://localhost:8181/static/js/app.js:12552
[ 3765688ms] [ERROR] Failed to load resource: net::ERR_CONNECTION_REFUSED @ http://localhost:8181/api/recording/status:0
[ 3770693ms] [ERROR] Failed to load resource: net::ERR_CONNECTION_REFUSED @ http://localhost:8181/api/recording/status:0
[ 3770821ms] [ERROR] Failed to load resource: net::ERR_CONNECTION_REFUSED @ http://localhost:8181/api/servers:0
[ 3770822ms] [ERROR] Error обновления списка объектов: TypeError: Failed to fetch
    at fetchServers (http://localhost:8181/static/js/app.js:12494:28)
    at fetchObjects (http://localhost:8181/static/js/app.js:12501:31)
    at refreshObjectsList (http://localhost:8181/static/js/app.js:12549:28)
    at http://localhost:8181/static/js/app.js:1293:9 @ http://localhost:8181/static/js/app.js:12552
[ 3775692ms] [ERROR] Failed to load resource: net::ERR_CONNECTION_REFUSED @ http://localhost:8181/api/recording/status:0
[ 3776822ms] [ERROR] Failed to load resource: net::ERR_CONNECTION_REFUSED @ http://localhost:8181/api/servers:0
[ 3776822ms] [ERROR] Error обновления списка объектов: TypeError: Failed to fetch
    at fetchServers (http://localhost:8181/static/js/app.js:12494:28)
    at fetchObjects (http://localhost:8181/static/js/app.js:12501:31)
    at refreshObjectsList (http://localhost:8181/static/js/app.js:12549:28)
    at http://localhost:8181/static/js/app.js:1293:9 @ http://localhost:8181/static/js/app.js:12552
[ 3776822ms] [ERROR] Failed to load resource: net::ERR_CONNECTION_REFUSED @ http://localhost:8181/api/version:0
[ 3780689ms] [ERROR] Failed to load resource: net::ERR_CONNECTION_REFUSED @ http://localhost:8181/api/recording/status:0
[ 3782826ms] [ERROR] Failed to load resource: net::ERR_CONNECTION_REFUSED @ http://localhost:8181/api/servers:0
[ 3782826ms] [ERROR] Error обновления списка объектов: TypeError: Failed to fetch
    at fetchServers (http://localhost:8181/static/js/app.js:12494:28)
    at fetchObjects (http://localhost:8181/static/js/app.js:12501:31)
    at refreshObjectsList (http://localhost:8181/static/js/app.js:12549:28)
    at http://localhost:8181/static/js/app.js:1293:9 @ http://localhost:8181/static/js/app.js:12552
[ 3785687ms] [ERROR] Failed to load resource: net::ERR_CONNECTION_REFUSED @ http://localhost:8181/api/recording/status:0
[ 3788824ms] [ERROR] Failed to load resource: net::ERR_CONNECTION_REFUSED @ http://localhost:8181/api/servers:0
[ 3788824ms] [ERROR] Error обновления списка объектов: TypeError: Failed to fetch
    at fetchServers (http://localhost:8181/static/js/app.js:12494:28)
    at fetchObjects (http://localhost:8181/static/js/app.js:12501:31)
    at refreshObjectsList (http://localhost:8181/static/js/app.js:12549:28)
    at http://localhost:8181/static/js/app.js:1293:9 @ http://localhost:8181/static/js/app.js:12552
[ 3790689ms] [ERROR] Failed to load resource: net::ERR_CONNECTION_REFUSED @ http://localhost:8181/api/recording/status:0
[ 3794831ms] [ERROR] Failed to load resource: net::ERR_CONNECTION_REFUSED @ http://localhost:8181/api/servers:0
[ 3794831ms] [ERROR] Error обновления списка объектов: TypeError: Failed to fetch
    at fetchServers (http://localhost:8181/static/js/app.js:12494:28)
    at fetchObjects (http://localhost:8181/static/js/app.js:12501:31)
    at refreshObjectsList (http://localhost:8181/static/js/app.js:12549:28)
    at http://localhost:8181/static/js/app.js:1293:9 @ http://localhost:8181/static/js/app.js:12552
[ 3795689ms] [ERROR] Failed to load resource: net::ERR_CONNECTION_REFUSED @ http://localhost:8181/api/recording/status:0
[ 3800694ms] [ERROR] Failed to load resource: net::ERR_CONNECTION_REFUSED @ http://localhost:8181/api/recording/status:0
[ 3800822ms] [ERROR] Failed to load resource: net::ERR_CONNECTION_REFUSED @ http://localhost:8181/api/servers:0
[ 3800822ms] [ERROR] Error обновления списка объектов: TypeError: Failed to fetch
    at fetchServers (http://localhost:8181/static/js/app.js:12494:28)
    at fetchObjects (http://localhost:8181/static/js/app.js:12501:31)
    at refreshObjectsList (http://localhost:8181/static/js/app.js:12549:28)
    at http://localhost:8181/static/js/app.js:1293:9 @ http://localhost:8181/static/js/app.js:12552
[ 3805694ms] [ERROR] Failed to load resource: net::ERR_CONNECTION_REFUSED @ http://localhost:8181/api/recording/status:0
[ 3806821ms] [ERROR] Failed to load resource: net::ERR_CONNECTION_REFUSED @ http://localhost:8181/api/servers:0
[ 3806821ms] [ERROR] Error обновления списка объектов: TypeError: Failed to fetch
    at fetchServers (http://localhost:8181/static/js/app.js:12494:28)
    at fetchObjects (http://localhost:8181/static/js/app.js:12501:31)
    at refreshObjectsList (http://localhost:8181/static/js/app.js:12549:28)
    at http://localhost:8181/static/js/app.js:1293:9 @ http://localhost:8181/static/js/app.js:12552
[ 3806821ms] [ERROR] Failed to load resource: net::ERR_CONNECTION_REFUSED @ http://localhost:8181/api/version:0
[ 3810687ms] [ERROR] Failed to load resource: net::ERR_CONNECTION_REFUSED @ http://localhost:8181/api/recording/status:0
[ 3812828ms] [ERROR] Failed to load resource: net::ERR_CONNECTION_REFUSED @ http://localhost:8181/api/servers:0
[ 3812828ms] [ERROR] Error обновления списка объектов: TypeError: Failed to fetch
    at fetchServers (http://localhost:8181/static/js/app.js:12494:28)
    at fetchObjects (http://localhost:8181/static/js/app.js:12501:31)
    at refreshObjectsList (http://localhost:8181/static/js/app.js:12549:28)
    at http://localhost:8181/static/js/app.js:1293:9 @ http://localhost:8181/static/js/app.js:12552
[ 3815688ms] [ERROR] Failed to load resource: net::ERR_CONNECTION_REFUSED @ http://localhost:8181/api/recording/status:0
[ 3818825ms] [ERROR] Failed to load resource: net::ERR_CONNECTION_REFUSED @ http://localhost:8181/api/servers:0
[ 3818825ms] [ERROR] Error обновления списка объектов: TypeError: Failed to fetch
    at fetchServers (http://localhost:8181/static/js/app.js:12494:28)
    at fetchObjects (http://localhost:8181/static/js/app.js:12501:31)
    at refreshObjectsList (http://localhost:8181/static/js/app.js:12549:28)
    at http://localhost:8181/static/js/app.js:1293:9 @ http://localhost:8181/static/js/app.js:12552
[ 3820688ms] [ERROR] Failed to load resource: net::ERR_CONNECTION_REFUSED @ http://localhost:8181/api/recording/status:0
[ 3824825ms] [ERROR] Failed to load resource: net::ERR_CONNECTION_REFUSED @ http://localhost:8181/api/servers:0
[ 3824825ms] [ERROR] Error обновления списка объектов: TypeError: Failed to fetch
    at fetchServers (http://localhost:8181/static/js/app.js:12494:28)
    at fetchObjects (http://localhost:8181/static/js/app.js:12501:31)
    at refreshObjectsList (http://localhost:8181/static/js/app.js:12549:28)
    at http://localhost:8181/static/js/app.js:1293:9 @ http://localhost:8181/static/js/app.js:12552
[ 3825687ms] [ERROR] Failed to load resource: net::ERR_CONNECTION_REFUSED @ http://localhost:8181/api/recording/status:0
[ 3830693ms] [ERROR] Failed to load resource: net::ERR_CONNECTION_REFUSED @ http://localhost:8181/api/recording/status:0
[ 3830823ms] [ERROR] Failed to load resource: net::ERR_CONNECTION_REFUSED @ http://localhost:8181/api/servers:0
[ 3830823ms] [ERROR] Error обновления списка объектов: TypeError: Failed to fetch
    at fetchServers (http://localhost:8181/static/js/app.js:12494:28)
    at fetchObjects (http://localhost:8181/static/js/app.js:12501:31)
    at refreshObjectsList (http://localhost:8181/static/js/app.js:12549:28)
    at http://localhost:8181/static/js/app.js:1293:9 @ http://localhost:8181/static/js/app.js:12552
[ 3835692ms] [ERROR] Failed to load resource: net::ERR_CONNECTION_REFUSED @ http://localhost:8181/api/recording/status:0
[ 3836845ms] [ERROR] Failed to load resource: net::ERR_CONNECTION_REFUSED @ http://localhost:8181/api/servers:0
[ 3836845ms] [ERROR] Error обновления списка объектов: TypeError: Failed to fetch
    at fetchServers (http://localhost:8181/static/js/app.js:12494:28)
    at fetchObjects (http://localhost:8181/static/js/app.js:12501:31)
    at refreshObjectsList (http://localhost:8181/static/js/app.js:12549:28)
    at http://localhost:8181/static/js/app.js:1293:9 @ http://localhost:8181/static/js/app.js:12552
[ 3836846ms] [ERROR] Failed to load resource: net::ERR_CONNECTION_REFUSED @ http://localhost:8181/api/version:0
[ 3840688ms] [ERROR] Failed to load resource: net::ERR_CONNECTION_REFUSED @ http://localhost:8181/api/recording/status:0
[ 3842828ms] [ERROR] Failed to load resource: net::ERR_CONNECTION_REFUSED @ http://localhost:8181/api/servers:0
[ 3842828ms] [ERROR] Error обновления списка объектов: TypeError: Failed to fetch
    at fetchServers (http://localhost:8181/static/js/app.js:12494:28)
    at fetchObjects (http://localhost:8181/static/js/app.js:12501:31)
    at refreshObjectsList (http://localhost:8181/static/js/app.js:12549:28)
    at http://localhost:8181/static/js/app.js:1293:9 @ http://localhost:8181/static/js/app.js:12552
[ 3845688ms] [ERROR] Failed to load resource: net::ERR_CONNECTION_REFUSED @ http://localhost:8181/api/recording/status:0
[ 3848828ms] [ERROR] Failed to load resource: net::ERR_CONNECTION_REFUSED @ http://localhost:8181/api/servers:0
[ 3848828ms] [ERROR] Error обновления списка объектов: TypeError: Failed to fetch
    at fetchServers (http://localhost:8181/static/js/app.js:12494:28)
    at fetchObjects (http://localhost:8181/static/js/app.js:12501:31)
    at refreshObjectsList (http://localhost:8181/static/js/app.js:12549:28)
    at http://localhost:8181/static/js/app.js:1293:9 @ http://localhost:8181/static/js/app.js:12552
[ 3850687ms] [ERROR] Failed to load resource: net::ERR_CONNECTION_REFUSED @ http://localhost:8181/api/recording/status:0
[ 3854824ms] [ERROR] Failed to load resource: net::ERR_CONNECTION_REFUSED @ http://localhost:8181/api/servers:0
[ 3854824ms] [ERROR] Error обновления списка объектов: TypeError: Failed to fetch
    at fetchServers (http://localhost:8181/static/js/app.js:12494:28)
    at fetchObjects (http://localhost:8181/static/js/app.js:12501:31)
    at refreshObjectsList (http://localhost:8181/static/js/app.js:12549:28)
    at http://localhost:8181/static/js/app.js:1293:9 @ http://localhost:8181/static/js/app.js:12552
[ 3855688ms] [ERROR] Failed to load resource: net::ERR_CONNECTION_REFUSED @ http://localhost:8181/api/recording/status:0
[ 3860693ms] [ERROR] Failed to load resource: net::ERR_CONNECTION_REFUSED @ http://localhost:8181/api/recording/status:0
[ 3860822ms] [ERROR] Failed to load resource: net::ERR_CONNECTION_REFUSED @ http://localhost:8181/api/servers:0
[ 3860822ms] [ERROR] Error обновления списка объектов: TypeError: Failed to fetch
    at fetchServers (http://localhost:8181/static/js/app.js:12494:28)
    at fetchObjects (http://localhost:8181/static/js/app.js:12501:31)
    at refreshObjectsList (http://localhost:8181/static/js/app.js:12549:28)
    at http://localhost:8181/static/js/app.js:1293:9 @ http://localhost:8181/static/js/app.js:12552
[ 3865690ms] [ERROR] Failed to load resource: net::ERR_CONNECTION_REFUSED @ http://localhost:8181/api/recording/status:0
[ 3866822ms] [ERROR] Failed to load resource: net::ERR_CONNECTION_REFUSED @ http://localhost:8181/api/servers:0
[ 3866822ms] [ERROR] Error обновления списка объектов: TypeError: Failed to fetch
    at fetchServers (http://localhost:8181/static/js/app.js:12494:28)
    at fetchObjects (http://localhost:8181/static/js/app.js:12501:31)
    at refreshObjectsList (http://localhost:8181/static/js/app.js:12549:28)
    at http://localhost:8181/static/js/app.js:1293:9 @ http://localhost:8181/static/js/app.js:12552
[ 3866823ms] [ERROR] Failed to load resource: net::ERR_CONNECTION_REFUSED @ http://localhost:8181/api/version:0
[ 3870688ms] [ERROR] Failed to load resource: net::ERR_CONNECTION_REFUSED @ http://localhost:8181/api/recording/status:0
[ 3872824ms] [ERROR] Failed to load resource: net::ERR_CONNECTION_REFUSED @ http://localhost:8181/api/servers:0
[ 3872824ms] [ERROR] Error обновления списка объектов: TypeError: Failed to fetch
    at fetchServers (http://localhost:8181/static/js/app.js:12494:28)
    at fetchObjects (http://localhost:8181/static/js/app.js:12501:31)
    at refreshObjectsList (http://localhost:8181/static/js/app.js:12549:28)
    at http://localhost:8181/static/js/app.js:1293:9 @ http://localhost:8181/static/js/app.js:12552
[ 3875688ms] [ERROR] Failed to load resource: net::ERR_CONNECTION_REFUSED @ http://localhost:8181/api/recording/status:0
[ 3878825ms] [ERROR] Failed to load resource: net::ERR_CONNECTION_REFUSED @ http://localhost:8181/api/servers:0
[ 3878825ms] [ERROR] Error обновления списка объектов: TypeError: Failed to fetch
    at fetchServers (http://localhost:8181/static/js/app.js:12494:28)
    at fetchObjects (http://localhost:8181/static/js/app.js:12501:31)
    at refreshObjectsList (http://localhost:8181/static/js/app.js:12549:28)
    at http://localhost:8181/static/js/app.js:1293:9 @ http://localhost:8181/static/js/app.js:12552
[ 3880688ms] [ERROR] Failed to load resource: net::ERR_CONNECTION_REFUSED @ http://localhost:8181/api/recording/status:0
[ 3884826ms] [ERROR] Failed to load resource: net::ERR_CONNECTION_REFUSED @ http://localhost:8181/api/servers:0
[ 3884826ms] [ERROR] Error обновления списка объектов: TypeError: Failed to fetch
    at fetchServers (http://localhost:8181/static/js/app.js:12494:28)
    at fetchObjects (http://localhost:8181/static/js/app.js:12501:31)
    at refreshObjectsList (http://localhost:8181/static/js/app.js:12549:28)
    at http://localhost:8181/static/js/app.js:1293:9 @ http://localhost:8181/static/js/app.js:12552
[ 3885688ms] [ERROR] Failed to load resource: net::ERR_CONNECTION_REFUSED @ http://localhost:8181/api/recording/status:0
[ 3890693ms] [ERROR] Failed to load resource: net::ERR_CONNECTION_REFUSED @ http://localhost:8181/api/recording/status:0
[ 3890821ms] [ERROR] Failed to load resource: net::ERR_CONNECTION_REFUSED @ http://localhost:8181/api/servers:0
[ 3890821ms] [ERROR] Error обновления списка объектов: TypeError: Failed to fetch
    at fetchServers (http://localhost:8181/static/js/app.js:12494:28)
    at fetchObjects (http://localhost:8181/static/js/app.js:12501:31)
    at refreshObjectsList (http://localhost:8181/static/js/app.js:12549:28)
    at http://localhost:8181/static/js/app.js:1293:9 @ http://localhost:8181/static/js/app.js:12552
[ 3895690ms] [ERROR] Failed to load resource: net::ERR_CONNECTION_REFUSED @ http://localhost:8181/api/recording/status:0
[ 3896823ms] [ERROR] Failed to load resource: net::ERR_CONNECTION_REFUSED @ http://localhost:8181/api/servers:0
[ 3896823ms] [ERROR] Error обновления списка объектов: TypeError: Failed to fetch
    at fetchServers (http://localhost:8181/static/js/app.js:12494:28)
    at fetchObjects (http://localhost:8181/static/js/app.js:12501:31)
    at refreshObjectsList (http://localhost:8181/static/js/app.js:12549:28)
    at http://localhost:8181/static/js/app.js:1293:9 @ http://localhost:8181/static/js/app.js:12552
[ 3896824ms] [ERROR] Failed to load resource: net::ERR_CONNECTION_REFUSED @ http://localhost:8181/api/version:0
[ 3900689ms] [ERROR] Failed to load resource: net::ERR_CONNECTION_REFUSED @ http://localhost:8181/api/recording/status:0
[ 3902829ms] [ERROR] Failed to load resource: net::ERR_CONNECTION_REFUSED @ http://localhost:8181/api/servers:0
[ 3902829ms] [ERROR] Error обновления списка объектов: TypeError: Failed to fetch
    at fetchServers (http://localhost:8181/static/js/app.js:12494:28)
    at fetchObjects (http://localhost:8181/static/js/app.js:12501:31)
    at refreshObjectsList (http://localhost:8181/static/js/app.js:12549:28)
    at http://localhost:8181/static/js/app.js:1293:9 @ http://localhost:8181/static/js/app.js:12552
[ 3905687ms] [ERROR] Failed to load resource: net::ERR_CONNECTION_REFUSED @ http://localhost:8181/api/recording/status:0
[ 3908827ms] [ERROR] Failed to load resource: net::ERR_CONNECTION_REFUSED @ http://localhost:8181/api/servers:0
[ 3908828ms] [ERROR] Error обновления списка объектов: TypeError: Failed to fetch
    at fetchServers (http://localhost:8181/static/js/app.js:12494:28)
    at fetchObjects (http://localhost:8181/static/js/app.js:12501:31)
    at refreshObjectsList (http://localhost:8181/static/js/app.js:12549:28)
    at http://localhost:8181/static/js/app.js:1293:9 @ http://localhost:8181/static/js/app.js:12552
[ 3910688ms] [ERROR] Failed to load resource: net::ERR_CONNECTION_REFUSED @ http://localhost:8181/api/recording/status:0
[ 3914829ms] [ERROR] Failed to load resource: net::ERR_CONNECTION_REFUSED @ http://localhost:8181/api/servers:0
[ 3914829ms] [ERROR] Error обновления списка объектов: TypeError: Failed to fetch
    at fetchServers (http://localhost:8181/static/js/app.js:12494:28)
    at fetchObjects (http://localhost:8181/static/js/app.js:12501:31)
    at refreshObjectsList (http://localhost:8181/static/js/app.js:12549:28)
    at http://localhost:8181/static/js/app.js:1293:9 @ http://localhost:8181/static/js/app.js:12552
[ 3915689ms] [ERROR] Failed to load resource: net::ERR_CONNECTION_REFUSED @ http://localhost:8181/api/recording/status:0
[ 3920695ms] [ERROR] Failed to load resource: net::ERR_CONNECTION_REFUSED @ http://localhost:8181/api/recording/status:0
[ 3920823ms] [ERROR] Failed to load resource: net::ERR_CONNECTION_REFUSED @ http://localhost:8181/api/servers:0
[ 3920823ms] [ERROR] Error обновления списка объектов: TypeError: Failed to fetch
    at fetchServers (http://localhost:8181/static/js/app.js:12494:28)
    at fetchObjects (http://localhost:8181/static/js/app.js:12501:31)
    at refreshObjectsList (http://localhost:8181/static/js/app.js:12549:28)
    at http://localhost:8181/static/js/app.js:1293:9 @ http://localhost:8181/static/js/app.js:12552
[ 3925692ms] [ERROR] Failed to load resource: net::ERR_CONNECTION_REFUSED @ http://localhost:8181/api/recording/status:0
[ 3926824ms] [ERROR] Failed to load resource: net::ERR_CONNECTION_REFUSED @ http://localhost:8181/api/servers:0
[ 3926824ms] [ERROR] Error обновления списка объектов: TypeError: Failed to fetch
    at fetchServers (http://localhost:8181/static/js/app.js:12494:28)
    at fetchObjects (http://localhost:8181/static/js/app.js:12501:31)
    at refreshObjectsList (http://localhost:8181/static/js/app.js:12549:28)
    at http://localhost:8181/static/js/app.js:1293:9 @ http://localhost:8181/static/js/app.js:12552
[ 3926824ms] [ERROR] Failed to load resource: net::ERR_CONNECTION_REFUSED @ http://localhost:8181/api/version:0
[ 3930689ms] [ERROR] Failed to load resource: net::ERR_CONNECTION_REFUSED @ http://localhost:8181/api/recording/status:0
[ 3932826ms] [ERROR] Failed to load resource: net::ERR_CONNECTION_REFUSED @ http://localhost:8181/api/servers:0
[ 3932826ms] [ERROR] Error обновления списка объектов: TypeError: Failed to fetch
    at fetchServers (http://localhost:8181/static/js/app.js:12494:28)
    at fetchObjects (http://localhost:8181/static/js/app.js:12501:31)
    at refreshObjectsList (http://localhost:8181/static/js/app.js:12549:28)
    at http://localhost:8181/static/js/app.js:1293:9 @ http://localhost:8181/static/js/app.js:12552
[ 3935689ms] [ERROR] Failed to load resource: net::ERR_CONNECTION_REFUSED @ http://localhost:8181/api/recording/status:0
[ 3938824ms] [ERROR] Failed to load resource: net::ERR_CONNECTION_REFUSED @ http://localhost:8181/api/servers:0
[ 3938824ms] [ERROR] Error обновления списка объектов: TypeError: Failed to fetch
    at fetchServers (http://localhost:8181/static/js/app.js:12494:28)
    at fetchObjects (http://localhost:8181/static/js/app.js:12501:31)
    at refreshObjectsList (http://localhost:8181/static/js/app.js:12549:28)
    at http://localhost:8181/static/js/app.js:1293:9 @ http://localhost:8181/static/js/app.js:12552
[ 3940690ms] [ERROR] Failed to load resource: net::ERR_CONNECTION_REFUSED @ http://localhost:8181/api/recording/status:0
[ 3944827ms] [ERROR] Failed to load resource: net::ERR_CONNECTION_REFUSED @ http://localhost:8181/api/servers:0
[ 3944827ms] [ERROR] Error обновления списка объектов: TypeError: Failed to fetch
    at fetchServers (http://localhost:8181/static/js/app.js:12494:28)
    at fetchObjects (http://localhost:8181/static/js/app.js:12501:31)
    at refreshObjectsList (http://localhost:8181/static/js/app.js:12549:28)
    at http://localhost:8181/static/js/app.js:1293:9 @ http://localhost:8181/static/js/app.js:12552
[ 3945689ms] [ERROR] Failed to load resource: net::ERR_CONNECTION_REFUSED @ http://localhost:8181/api/recording/status:0
[ 3950695ms] [ERROR] Failed to load resource: net::ERR_CONNECTION_REFUSED @ http://localhost:8181/api/recording/status:0
[ 3950823ms] [ERROR] Failed to load resource: net::ERR_CONNECTION_REFUSED @ http://localhost:8181/api/servers:0
[ 3950823ms] [ERROR] Error обновления списка объектов: TypeError: Failed to fetch
    at fetchServers (http://localhost:8181/static/js/app.js:12494:28)
    at fetchObjects (http://localhost:8181/static/js/app.js:12501:31)
    at refreshObjectsList (http://localhost:8181/static/js/app.js:12549:28)
    at http://localhost:8181/static/js/app.js:1293:9 @ http://localhost:8181/static/js/app.js:12552
[ 3955693ms] [ERROR] Failed to load resource: net::ERR_CONNECTION_REFUSED @ http://localhost:8181/api/recording/status:0
[ 3956822ms] [ERROR] Failed to load resource: net::ERR_CONNECTION_REFUSED @ http://localhost:8181/api/servers:0
[ 3956822ms] [ERROR] Error обновления списка объектов: TypeError: Failed to fetch
    at fetchServers (http://localhost:8181/static/js/app.js:12494:28)
    at fetchObjects (http://localhost:8181/static/js/app.js:12501:31)
    at refreshObjectsList (http://localhost:8181/static/js/app.js:12549:28)
    at http://localhost:8181/static/js/app.js:1293:9 @ http://localhost:8181/static/js/app.js:12552
[ 3956822ms] [ERROR] Failed to load resource: net::ERR_CONNECTION_REFUSED @ http://localhost:8181/api/version:0
[ 3960689ms] [ERROR] Failed to load resource: net::ERR_CONNECTION_REFUSED @ http://localhost:8181/api/recording/status:0
[ 3962829ms] [ERROR] Failed to load resource: net::ERR_CONNECTION_REFUSED @ http://localhost:8181/api/servers:0
[ 3962829ms] [ERROR] Error обновления списка объектов: TypeError: Failed to fetch
    at fetchServers (http://localhost:8181/static/js/app.js:12494:28)
    at fetchObjects (http://localhost:8181/static/js/app.js:12501:31)
    at refreshObjectsList (http://localhost:8181/static/js/app.js:12549:28)
    at http://localhost:8181/static/js/app.js:1293:9 @ http://localhost:8181/static/js/app.js:12552
[ 3965687ms] [ERROR] Failed to load resource: net::ERR_CONNECTION_REFUSED @ http://localhost:8181/api/recording/status:0
[ 3968829ms] [ERROR] Failed to load resource: net::ERR_CONNECTION_REFUSED @ http://localhost:8181/api/servers:0
[ 3968829ms] [ERROR] Error обновления списка объектов: TypeError: Failed to fetch
    at fetchServers (http://localhost:8181/static/js/app.js:12494:28)
    at fetchObjects (http://localhost:8181/static/js/app.js:12501:31)
    at refreshObjectsList (http://localhost:8181/static/js/app.js:12549:28)
    at http://localhost:8181/static/js/app.js:1293:9 @ http://localhost:8181/static/js/app.js:12552
[ 3970688ms] [ERROR] Failed to load resource: net::ERR_CONNECTION_REFUSED @ http://localhost:8181/api/recording/status:0
[ 3974829ms] [ERROR] Failed to load resource: net::ERR_CONNECTION_REFUSED @ http://localhost:8181/api/servers:0
[ 3974829ms] [ERROR] Error обновления списка объектов: TypeError: Failed to fetch
    at fetchServers (http://localhost:8181/static/js/app.js:12494:28)
    at fetchObjects (http://localhost:8181/static/js/app.js:12501:31)
    at refreshObjectsList (http://localhost:8181/static/js/app.js:12549:28)
    at http://localhost:8181/static/js/app.js:1293:9 @ http://localhost:8181/static/js/app.js:12552
[ 3975687ms] [ERROR] Failed to load resource: net::ERR_CONNECTION_REFUSED @ http://localhost:8181/api/recording/status:0
[ 3980693ms] [ERROR] Failed to load resource: net::ERR_CONNECTION_REFUSED @ http://localhost:8181/api/recording/status:0
[ 3980823ms] [ERROR] Failed to load resource: net::ERR_CONNECTION_REFUSED @ http://localhost:8181/api/servers:0
[ 3980823ms] [ERROR] Error обновления списка объектов: TypeError: Failed to fetch
    at fetchServers (http://localhost:8181/static/js/app.js:12494:28)
    at fetchObjects (http://localhost:8181/static/js/app.js:12501:31)
    at refreshObjectsList (http://localhost:8181/static/js/app.js:12549:28)
    at http://localhost:8181/static/js/app.js:1293:9 @ http://localhost:8181/static/js/app.js:12552
[ 3985693ms] [ERROR] Failed to load resource: net::ERR_CONNECTION_REFUSED @ http://localhost:8181/api/recording/status:0
[ 3986823ms] [ERROR] Failed to load resource: net::ERR_CONNECTION_REFUSED @ http://localhost:8181/api/servers:0
[ 3986823ms] [ERROR] Error обновления списка объектов: TypeError: Failed to fetch
    at fetchServers (http://localhost:8181/static/js/app.js:12494:28)
    at fetchObjects (http://localhost:8181/static/js/app.js:12501:31)
    at refreshObjectsList (http://localhost:8181/static/js/app.js:12549:28)
    at http://localhost:8181/static/js/app.js:1293:9 @ http://localhost:8181/static/js/app.js:12552
[ 3986824ms] [ERROR] Failed to load resource: net::ERR_CONNECTION_REFUSED @ http://localhost:8181/api/version:0
[ 3990687ms] [ERROR] Failed to load resource: net::ERR_CONNECTION_REFUSED @ http://localhost:8181/api/recording/status:0
[ 3992829ms] [ERROR] Failed to load resource: net::ERR_CONNECTION_REFUSED @ http://localhost:8181/api/servers:0
[ 3992829ms] [ERROR] Error обновления списка объектов: TypeError: Failed to fetch
    at fetchServers (http://localhost:8181/static/js/app.js:12494:28)
    at fetchObjects (http://localhost:8181/static/js/app.js:12501:31)
    at refreshObjectsList (http://localhost:8181/static/js/app.js:12549:28)
    at http://localhost:8181/static/js/app.js:1293:9 @ http://localhost:8181/static/js/app.js:12552
[ 3995688ms] [ERROR] Failed to load resource: net::ERR_CONNECTION_REFUSED @ http://localhost:8181/api/recording/status:0
[ 3998825ms] [ERROR] Failed to load resource: net::ERR_CONNECTION_REFUSED @ http://localhost:8181/api/servers:0
[ 3998825ms] [ERROR] Error обновления списка объектов: TypeError: Failed to fetch
    at fetchServers (http://localhost:8181/static/js/app.js:12494:28)
    at fetchObjects (http://localhost:8181/static/js/app.js:12501:31)
    at refreshObjectsList (http://localhost:8181/static/js/app.js:12549:28)
    at http://localhost:8181/static/js/app.js:1293:9 @ http://localhost:8181/static/js/app.js:12552
[ 4000688ms] [ERROR] Failed to load resource: net::ERR_CONNECTION_REFUSED @ http://localhost:8181/api/recording/status:0
[ 4004829ms] [ERROR] Failed to load resource: net::ERR_CONNECTION_REFUSED @ http://localhost:8181/api/servers:0
[ 4004829ms] [ERROR] Error обновления списка объектов: TypeError: Failed to fetch
    at fetchServers (http://localhost:8181/static/js/app.js:12494:28)
    at fetchObjects (http://localhost:8181/static/js/app.js:12501:31)
    at refreshObjectsList (http://localhost:8181/static/js/app.js:12549:28)
    at http://localhost:8181/static/js/app.js:1293:9 @ http://localhost:8181/static/js/app.js:12552
[ 4005687ms] [ERROR] Failed to load resource: net::ERR_CONNECTION_REFUSED @ http://localhost:8181/api/recording/status:0
[ 4010693ms] [ERROR] Failed to load resource: net::ERR_CONNECTION_REFUSED @ http://localhost:8181/api/recording/status:0
[ 4010823ms] [ERROR] Failed to load resource: net::ERR_CONNECTION_REFUSED @ http://localhost:8181/api/servers:0
[ 4010823ms] [ERROR] Error обновления списка объектов: TypeError: Failed to fetch
    at fetchServers (http://localhost:8181/static/js/app.js:12494:28)
    at fetchObjects (http://localhost:8181/static/js/app.js:12501:31)
    at refreshObjectsList (http://localhost:8181/static/js/app.js:12549:28)
    at http://localhost:8181/static/js/app.js:1293:9 @ http://localhost:8181/static/js/app.js:12552
[ 4015696ms] [ERROR] Failed to load resource: net::ERR_CONNECTION_REFUSED @ http://localhost:8181/api/recording/status:0
[ 4016823ms] [ERROR] Failed to load resource: net::ERR_CONNECTION_REFUSED @ http://localhost:8181/api/servers:0
[ 4016824ms] [ERROR] Error обновления списка объектов: TypeError: Failed to fetch
    at fetchServers (http://localhost:8181/static/js/app.js:12494:28)
    at fetchObjects (http://localhost:8181/static/js/app.js:12501:31)
    at refreshObjectsList (http://localhost:8181/static/js/app.js:12549:28)
    at http://localhost:8181/static/js/app.js:1293:9 @ http://localhost:8181/static/js/app.js:12552
[ 4016824ms] [ERROR] Failed to load resource: net::ERR_CONNECTION_REFUSED @ http://localhost:8181/api/version:0
[ 4020689ms] [ERROR] Failed to load resource: net::ERR_CONNECTION_REFUSED @ http://localhost:8181/api/recording/status:0
[ 4022827ms] [ERROR] Failed to load resource: net::ERR_CONNECTION_REFUSED @ http://localhost:8181/api/servers:0
[ 4022827ms] [ERROR] Error обновления списка объектов: TypeError: Failed to fetch
    at fetchServers (http://localhost:8181/static/js/app.js:12494:28)
    at fetchObjects (http://localhost:8181/static/js/app.js:12501:31)
    at refreshObjectsList (http://localhost:8181/static/js/app.js:12549:28)
    at http://localhost:8181/static/js/app.js:1293:9 @ http://localhost:8181/static/js/app.js:12552
[ 4025688ms] [ERROR] Failed to load resource: net::ERR_CONNECTION_REFUSED @ http://localhost:8181/api/recording/status:0
[ 4028825ms] [ERROR] Failed to load resource: net::ERR_CONNECTION_REFUSED @ http://localhost:8181/api/servers:0
[ 4028825ms] [ERROR] Error обновления списка объектов: TypeError: Failed to fetch
    at fetchServers (http://localhost:8181/static/js/app.js:12494:28)
    at fetchObjects (http://localhost:8181/static/js/app.js:12501:31)
    at refreshObjectsList (http://localhost:8181/static/js/app.js:12549:28)
    at http://localhost:8181/static/js/app.js:1293:9 @ http://localhost:8181/static/js/app.js:12552
[ 4030687ms] [ERROR] Failed to load resource: net::ERR_CONNECTION_REFUSED @ http://localhost:8181/api/recording/status:0
[ 4034828ms] [ERROR] Failed to load resource: net::ERR_CONNECTION_REFUSED @ http://localhost:8181/api/servers:0
[ 4034828ms] [ERROR] Error обновления списка объектов: TypeError: Failed to fetch
    at fetchServers (http://localhost:8181/static/js/app.js:12494:28)
    at fetchObjects (http://localhost:8181/static/js/app.js:12501:31)
    at refreshObjectsList (http://localhost:8181/static/js/app.js:12549:28)
    at http://localhost:8181/static/js/app.js:1293:9 @ http://localhost:8181/static/js/app.js:12552
[ 4035688ms] [ERROR] Failed to load resource: net::ERR_CONNECTION_REFUSED @ http://localhost:8181/api/recording/status:0
[ 4040695ms] [ERROR] Failed to load resource: net::ERR_CONNECTION_REFUSED @ http://localhost:8181/api/recording/status:0
[ 4040821ms] [ERROR] Failed to load resource: net::ERR_CONNECTION_REFUSED @ http://localhost:8181/api/servers:0
[ 4040821ms] [ERROR] Error обновления списка объектов: TypeError: Failed to fetch
    at fetchServers (http://localhost:8181/static/js/app.js:12494:28)
    at fetchObjects (http://localhost:8181/static/js/app.js:12501:31)
    at refreshObjectsList (http://localhost:8181/static/js/app.js:12549:28)
    at http://localhost:8181/static/js/app.js:1293:9 @ http://localhost:8181/static/js/app.js:12552
[ 4045690ms] [ERROR] Failed to load resource: net::ERR_CONNECTION_REFUSED @ http://localhost:8181/api/recording/status:0
[ 4046823ms] [ERROR] Failed to load resource: net::ERR_CONNECTION_REFUSED @ http://localhost:8181/api/servers:0
[ 4046823ms] [ERROR] Error обновления списка объектов: TypeError: Failed to fetch
    at fetchServers (http://localhost:8181/static/js/app.js:12494:28)
    at fetchObjects (http://localhost:8181/static/js/app.js:12501:31)
    at refreshObjectsList (http://localhost:8181/static/js/app.js:12549:28)
    at http://localhost:8181/static/js/app.js:1293:9 @ http://localhost:8181/static/js/app.js:12552
[ 4046824ms] [ERROR] Failed to load resource: net::ERR_CONNECTION_REFUSED @ http://localhost:8181/api/version:0
[ 4050689ms] [ERROR] Failed to load resource: net::ERR_CONNECTION_REFUSED @ http://localhost:8181/api/recording/status:0
[ 4052828ms] [ERROR] Failed to load resource: net::ERR_CONNECTION_REFUSED @ http://localhost:8181/api/servers:0
[ 4052828ms] [ERROR] Error обновления списка объектов: TypeError: Failed to fetch
    at fetchServers (http://localhost:8181/static/js/app.js:12494:28)
    at fetchObjects (http://localhost:8181/static/js/app.js:12501:31)
    at refreshObjectsList (http://localhost:8181/static/js/app.js:12549:28)
    at http://localhost:8181/static/js/app.js:1293:9 @ http://localhost:8181/static/js/app.js:12552
[ 4055688ms] [ERROR] Failed to load resource: net::ERR_CONNECTION_REFUSED @ http://localhost:8181/api/recording/status:0
[ 4058828ms] [ERROR] Failed to load resource: net::ERR_CONNECTION_REFUSED @ http://localhost:8181/api/servers:0
[ 4058828ms] [ERROR] Error обновления списка объектов: TypeError: Failed to fetch
    at fetchServers (http://localhost:8181/static/js/app.js:12494:28)
    at fetchObjects (http://localhost:8181/static/js/app.js:12501:31)
    at refreshObjectsList (http://localhost:8181/static/js/app.js:12549:28)
    at http://localhost:8181/static/js/app.js:1293:9 @ http://localhost:8181/static/js/app.js:12552
[ 4060690ms] [ERROR] Failed to load resource: net::ERR_CONNECTION_REFUSED @ http://localhost:8181/api/recording/status:0
[ 4064828ms] [ERROR] Failed to load resource: net::ERR_CONNECTION_REFUSED @ http://localhost:8181/api/servers:0
[ 4064828ms] [ERROR] Error обновления списка объектов: TypeError: Failed to fetch
    at fetchServers (http://localhost:8181/static/js/app.js:12494:28)
    at fetchObjects (http://localhost:8181/static/js/app.js:12501:31)
    at refreshObjectsList (http://localhost:8181/static/js/app.js:12549:28)
    at http://localhost:8181/static/js/app.js:1293:9 @ http://localhost:8181/static/js/app.js:12552
[ 4065687ms] [ERROR] Failed to load resource: net::ERR_CONNECTION_REFUSED @ http://localhost:8181/api/recording/status:0
[ 4070695ms] [ERROR] Failed to load resource: net::ERR_CONNECTION_REFUSED @ http://localhost:8181/api/recording/status:0
[ 4070822ms] [ERROR] Failed to load resource: net::ERR_CONNECTION_REFUSED @ http://localhost:8181/api/servers:0
[ 4070822ms] [ERROR] Error обновления списка объектов: TypeError: Failed to fetch
    at fetchServers (http://localhost:8181/static/js/app.js:12494:28)
    at fetchObjects (http://localhost:8181/static/js/app.js:12501:31)
    at refreshObjectsList (http://localhost:8181/static/js/app.js:12549:28)
    at http://localhost:8181/static/js/app.js:1293:9 @ http://localhost:8181/static/js/app.js:12552
[ 4075692ms] [ERROR] Failed to load resource: net::ERR_CONNECTION_REFUSED @ http://localhost:8181/api/recording/status:0
[ 4076823ms] [ERROR] Failed to load resource: net::ERR_CONNECTION_REFUSED @ http://localhost:8181/api/servers:0
[ 4076823ms] [ERROR] Error обновления списка объектов: TypeError: Failed to fetch
    at fetchServers (http://localhost:8181/static/js/app.js:12494:28)
    at fetchObjects (http://localhost:8181/static/js/app.js:12501:31)
    at refreshObjectsList (http://localhost:8181/static/js/app.js:12549:28)
    at http://localhost:8181/static/js/app.js:1293:9 @ http://localhost:8181/static/js/app.js:12552
[ 4076824ms] [ERROR] Failed to load resource: net::ERR_CONNECTION_REFUSED @ http://localhost:8181/api/version:0
[ 4080687ms] [ERROR] Failed to load resource: net::ERR_CONNECTION_REFUSED @ http://localhost:8181/api/recording/status:0
[ 4082824ms] [ERROR] Failed to load resource: net::ERR_CONNECTION_REFUSED @ http://localhost:8181/api/servers:0
[ 4082824ms] [ERROR] Error обновления списка объектов: TypeError: Failed to fetch
    at fetchServers (http://localhost:8181/static/js/app.js:12494:28)
    at fetchObjects (http://localhost:8181/static/js/app.js:12501:31)
    at refreshObjectsList (http://localhost:8181/static/js/app.js:12549:28)
    at http://localhost:8181/static/js/app.js:1293:9 @ http://localhost:8181/static/js/app.js:12552
[ 4085689ms] [ERROR] Failed to load resource: net::ERR_CONNECTION_REFUSED @ http://localhost:8181/api/recording/status:0
[ 4088828ms] [ERROR] Failed to load resource: net::ERR_CONNECTION_REFUSED @ http://localhost:8181/api/servers:0
[ 4088828ms] [ERROR] Error обновления списка объектов: TypeError: Failed to fetch
    at fetchServers (http://localhost:8181/static/js/app.js:12494:28)
    at fetchObjects (http://localhost:8181/static/js/app.js:12501:31)
    at refreshObjectsList (http://localhost:8181/static/js/app.js:12549:28)
    at http://localhost:8181/static/js/app.js:1293:9 @ http://localhost:8181/static/js/app.js:12552
[ 4090688ms] [ERROR] Failed to load resource: net::ERR_CONNECTION_REFUSED @ http://localhost:8181/api/recording/status:0
[ 4094826ms] [ERROR] Failed to load resource: net::ERR_CONNECTION_REFUSED @ http://localhost:8181/api/servers:0
[ 4094826ms] [ERROR] Error обновления списка объектов: TypeError: Failed to fetch
    at fetchServers (http://localhost:8181/static/js/app.js:12494:28)
    at fetchObjects (http://localhost:8181/static/js/app.js:12501:31)
    at refreshObjectsList (http://localhost:8181/static/js/app.js:12549:28)
    at http://localhost:8181/static/js/app.js:1293:9 @ http://localhost:8181/static/js/app.js:12552
[ 4095687ms] [ERROR] Failed to load resource: net::ERR_CONNECTION_REFUSED @ http://localhost:8181/api/recording/status:0
[ 4100693ms] [ERROR] Failed to load resource: net::ERR_CONNECTION_REFUSED @ http://localhost:8181/api/recording/status:0
[ 4100822ms] [ERROR] Failed to load resource: net::ERR_CONNECTION_REFUSED @ http://localhost:8181/api/servers:0
[ 4100822ms] [ERROR] Error обновления списка объектов: TypeError: Failed to fetch
    at fetchServers (http://localhost:8181/static/js/app.js:12494:28)
    at fetchObjects (http://localhost:8181/static/js/app.js:12501:31)
    at refreshObjectsList (http://localhost:8181/static/js/app.js:12549:28)
    at http://localhost:8181/static/js/app.js:1293:9 @ http://localhost:8181/static/js/app.js:12552
[ 4105693ms] [ERROR] Failed to load resource: net::ERR_CONNECTION_REFUSED @ http://localhost:8181/api/recording/status:0
[ 4106821ms] [ERROR] Failed to load resource: net::ERR_CONNECTION_REFUSED @ http://localhost:8181/api/servers:0
[ 4106821ms] [ERROR] Error обновления списка объектов: TypeError: Failed to fetch
    at fetchServers (http://localhost:8181/static/js/app.js:12494:28)
    at fetchObjects (http://localhost:8181/static/js/app.js:12501:31)
    at refreshObjectsList (http://localhost:8181/static/js/app.js:12549:28)
    at http://localhost:8181/static/js/app.js:1293:9 @ http://localhost:8181/static/js/app.js:12552
[ 4106822ms] [ERROR] Failed to load resource: net::ERR_CONNECTION_REFUSED @ http://localhost:8181/api/version:0
[ 4110691ms] [ERROR] Failed to load resource: net::ERR_CONNECTION_REFUSED @ http://localhost:8181/api/recording/status:0
[ 4112828ms] [ERROR] Failed to load resource: net::ERR_CONNECTION_REFUSED @ http://localhost:8181/api/servers:0
[ 4112828ms] [ERROR] Error обновления списка объектов: TypeError: Failed to fetch
    at fetchServers (http://localhost:8181/static/js/app.js:12494:28)
    at fetchObjects (http://localhost:8181/static/js/app.js:12501:31)
    at refreshObjectsList (http://localhost:8181/static/js/app.js:12549:28)
    at http://localhost:8181/static/js/app.js:1293:9 @ http://localhost:8181/static/js/app.js:12552
[ 4115688ms] [ERROR] Failed to load resource: net::ERR_CONNECTION_REFUSED @ http://localhost:8181/api/recording/status:0
[ 4118827ms] [ERROR] Failed to load resource: net::ERR_CONNECTION_REFUSED @ http://localhost:8181/api/servers:0
[ 4118827ms] [ERROR] Error обновления списка объектов: TypeError: Failed to fetch
    at fetchServers (http://localhost:8181/static/js/app.js:12494:28)
    at fetchObjects (http://localhost:8181/static/js/app.js:12501:31)
    at refreshObjectsList (http://localhost:8181/static/js/app.js:12549:28)
    at http://localhost:8181/static/js/app.js:1293:9 @ http://localhost:8181/static/js/app.js:12552
[ 4120687ms] [ERROR] Failed to load resource: net::ERR_CONNECTION_REFUSED @ http://localhost:8181/api/recording/status:0
[ 4124826ms] [ERROR] Failed to load resource: net::ERR_CONNECTION_REFUSED @ http://localhost:8181/api/servers:0
[ 4124826ms] [ERROR] Error обновления списка объектов: TypeError: Failed to fetch
    at fetchServers (http://localhost:8181/static/js/app.js:12494:28)
    at fetchObjects (http://localhost:8181/static/js/app.js:12501:31)
    at refreshObjectsList (http://localhost:8181/static/js/app.js:12549:28)
    at http://localhost:8181/static/js/app.js:1293:9 @ http://localhost:8181/static/js/app.js:12552
[ 4125688ms] [ERROR] Failed to load resource: net::ERR_CONNECTION_REFUSED @ http://localhost:8181/api/recording/status:0
[ 4130692ms] [ERROR] Failed to load resource: net::ERR_CONNECTION_REFUSED @ http://localhost:8181/api/recording/status:0
[ 4130822ms] [ERROR] Failed to load resource: net::ERR_CONNECTION_REFUSED @ http://localhost:8181/api/servers:0
[ 4130823ms] [ERROR] Error обновления списка объектов: TypeError: Failed to fetch
    at fetchServers (http://localhost:8181/static/js/app.js:12494:28)
    at fetchObjects (http://localhost:8181/static/js/app.js:12501:31)
    at refreshObjectsList (http://localhost:8181/static/js/app.js:12549:28)
    at http://localhost:8181/static/js/app.js:1293:9 @ http://localhost:8181/static/js/app.js:12552
[ 4135690ms] [ERROR] Failed to load resource: net::ERR_CONNECTION_REFUSED @ http://localhost:8181/api/recording/status:0
[ 4136822ms] [ERROR] Failed to load resource: net::ERR_CONNECTION_REFUSED @ http://localhost:8181/api/servers:0
[ 4136822ms] [ERROR] Error обновления списка объектов: TypeError: Failed to fetch
    at fetchServers (http://localhost:8181/static/js/app.js:12494:28)
    at fetchObjects (http://localhost:8181/static/js/app.js:12501:31)
    at refreshObjectsList (http://localhost:8181/static/js/app.js:12549:28)
    at http://localhost:8181/static/js/app.js:1293:9 @ http://localhost:8181/static/js/app.js:12552
[ 4136822ms] [ERROR] Failed to load resource: net::ERR_CONNECTION_REFUSED @ http://localhost:8181/api/version:0
[ 4140688ms] [ERROR] Failed to load resource: net::ERR_CONNECTION_REFUSED @ http://localhost:8181/api/recording/status:0
[ 4142827ms] [ERROR] Failed to load resource: net::ERR_CONNECTION_REFUSED @ http://localhost:8181/api/servers:0
[ 4142827ms] [ERROR] Error обновления списка объектов: TypeError: Failed to fetch
    at fetchServers (http://localhost:8181/static/js/app.js:12494:28)
    at fetchObjects (http://localhost:8181/static/js/app.js:12501:31)
    at refreshObjectsList (http://localhost:8181/static/js/app.js:12549:28)
    at http://localhost:8181/static/js/app.js:1293:9 @ http://localhost:8181/static/js/app.js:12552
[ 4145689ms] [ERROR] Failed to load resource: net::ERR_CONNECTION_REFUSED @ http://localhost:8181/api/recording/status:0
[ 4148826ms] [ERROR] Failed to load resource: net::ERR_CONNECTION_REFUSED @ http://localhost:8181/api/servers:0
[ 4148827ms] [ERROR] Error обновления списка объектов: TypeError: Failed to fetch
    at fetchServers (http://localhost:8181/static/js/app.js:12494:28)
    at fetchObjects (http://localhost:8181/static/js/app.js:12501:31)
    at refreshObjectsList (http://localhost:8181/static/js/app.js:12549:28)
    at http://localhost:8181/static/js/app.js:1293:9 @ http://localhost:8181/static/js/app.js:12552
[ 4150689ms] [ERROR] Failed to load resource: net::ERR_CONNECTION_REFUSED @ http://localhost:8181/api/recording/status:0
[ 4154827ms] [ERROR] Failed to load resource: net::ERR_CONNECTION_REFUSED @ http://localhost:8181/api/servers:0
[ 4154827ms] [ERROR] Error обновления списка объектов: TypeError: Failed to fetch
    at fetchServers (http://localhost:8181/static/js/app.js:12494:28)
    at fetchObjects (http://localhost:8181/static/js/app.js:12501:31)
    at refreshObjectsList (http://localhost:8181/static/js/app.js:12549:28)
    at http://localhost:8181/static/js/app.js:1293:9 @ http://localhost:8181/static/js/app.js:12552
[ 4155688ms] [ERROR] Failed to load resource: net::ERR_CONNECTION_REFUSED @ http://localhost:8181/api/recording/status:0
[ 4160694ms] [ERROR] Failed to load resource: net::ERR_CONNECTION_REFUSED @ http://localhost:8181/api/recording/status:0
[ 4160822ms] [ERROR] Failed to load resource: net::ERR_CONNECTION_REFUSED @ http://localhost:8181/api/servers:0
[ 4160822ms] [ERROR] Error обновления списка объектов: TypeError: Failed to fetch
    at fetchServers (http://localhost:8181/static/js/app.js:12494:28)
    at fetchObjects (http://localhost:8181/static/js/app.js:12501:31)
    at refreshObjectsList (http://localhost:8181/static/js/app.js:12549:28)
    at http://localhost:8181/static/js/app.js:1293:9 @ http://localhost:8181/static/js/app.js:12552
[ 4165693ms] [ERROR] Failed to load resource: net::ERR_CONNECTION_REFUSED @ http://localhost:8181/api/recording/status:0
[ 4166822ms] [ERROR] Failed to load resource: net::ERR_CONNECTION_REFUSED @ http://localhost:8181/api/servers:0
[ 4166822ms] [ERROR] Error обновления списка объектов: TypeError: Failed to fetch
    at fetchServers (http://localhost:8181/static/js/app.js:12494:28)
    at fetchObjects (http://localhost:8181/static/js/app.js:12501:31)
    at refreshObjectsList (http://localhost:8181/static/js/app.js:12549:28)
    at http://localhost:8181/static/js/app.js:1293:9 @ http://localhost:8181/static/js/app.js:12552
[ 4166822ms] [ERROR] Failed to load resource: net::ERR_CONNECTION_REFUSED @ http://localhost:8181/api/version:0
[ 4170688ms] [ERROR] Failed to load resource: net::ERR_CONNECTION_REFUSED @ http://localhost:8181/api/recording/status:0
[ 4172827ms] [ERROR] Failed to load resource: net::ERR_CONNECTION_REFUSED @ http://localhost:8181/api/servers:0
[ 4172827ms] [ERROR] Error обновления списка объектов: TypeError: Failed to fetch
    at fetchServers (http://localhost:8181/static/js/app.js:12494:28)
    at fetchObjects (http://localhost:8181/static/js/app.js:12501:31)
    at refreshObjectsList (http://localhost:8181/static/js/app.js:12549:28)
    at http://localhost:8181/static/js/app.js:1293:9 @ http://localhost:8181/static/js/app.js:12552
[ 4175687ms] [ERROR] Failed to load resource: net::ERR_CONNECTION_REFUSED @ http://localhost:8181/api/recording/status:0
[ 4178827ms] [ERROR] Failed to load resource: net::ERR_CONNECTION_REFUSED @ http://localhost:8181/api/servers:0
[ 4178827ms] [ERROR] Error обновления списка объектов: TypeError: Failed to fetch
    at fetchServers (http://localhost:8181/static/js/app.js:12494:28)
    at fetchObjects (http://localhost:8181/static/js/app.js:12501:31)
    at refreshObjectsList (http://localhost:8181/static/js/app.js:12549:28)
    at http://localhost:8181/static/js/app.js:1293:9 @ http://localhost:8181/static/js/app.js:12552
[ 4180688ms] [ERROR] Failed to load resource: net::ERR_CONNECTION_REFUSED @ http://localhost:8181/api/recording/status:0
[ 4184828ms] [ERROR] Failed to load resource: net::ERR_CONNECTION_REFUSED @ http://localhost:8181/api/servers:0
[ 4184828ms] [ERROR] Error обновления списка объектов: TypeError: Failed to fetch
    at fetchServers (http://localhost:8181/static/js/app.js:12494:28)
    at fetchObjects (http://localhost:8181/static/js/app.js:12501:31)
    at refreshObjectsList (http://localhost:8181/static/js/app.js:12549:28)
    at http://localhost:8181/static/js/app.js:1293:9 @ http://localhost:8181/static/js/app.js:12552
[ 4185687ms] [ERROR] Failed to load resource: net::ERR_CONNECTION_REFUSED @ http://localhost:8181/api/recording/status:0
[ 4190694ms] [ERROR] Failed to load resource: net::ERR_CONNECTION_REFUSED @ http://localhost:8181/api/recording/status:0
[ 4190821ms] [ERROR] Failed to load resource: net::ERR_CONNECTION_REFUSED @ http://localhost:8181/api/servers:0
[ 4190821ms] [ERROR] Error обновления списка объектов: TypeError: Failed to fetch
    at fetchServers (http://localhost:8181/static/js/app.js:12494:28)
    at fetchObjects (http://localhost:8181/static/js/app.js:12501:31)
    at refreshObjectsList (http://localhost:8181/static/js/app.js:12549:28)
    at http://localhost:8181/static/js/app.js:1293:9 @ http://localhost:8181/static/js/app.js:12552
[ 4195693ms] [ERROR] Failed to load resource: net::ERR_CONNECTION_REFUSED @ http://localhost:8181/api/recording/status:0
[ 4196822ms] [ERROR] Failed to load resource: net::ERR_CONNECTION_REFUSED @ http://localhost:8181/api/servers:0
[ 4196822ms] [ERROR] Error обновления списка объектов: TypeError: Failed to fetch
    at fetchServers (http://localhost:8181/static/js/app.js:12494:28)
    at fetchObjects (http://localhost:8181/static/js/app.js:12501:31)
    at refreshObjectsList (http://localhost:8181/static/js/app.js:12549:28)
    at http://localhost:8181/static/js/app.js:1293:9 @ http://localhost:8181/static/js/app.js:12552
[ 4196822ms] [ERROR] Failed to load resource: net::ERR_CONNECTION_REFUSED @ http://localhost:8181/api/version:0
[ 4200688ms] [ERROR] Failed to load resource: net::ERR_CONNECTION_REFUSED @ http://localhost:8181/api/recording/status:0
[ 4202824ms] [ERROR] Failed to load resource: net::ERR_CONNECTION_REFUSED @ http://localhost:8181/api/servers:0
[ 4202824ms] [ERROR] Error обновления списка объектов: TypeError: Failed to fetch
    at fetchServers (http://localhost:8181/static/js/app.js:12494:28)
    at fetchObjects (http://localhost:8181/static/js/app.js:12501:31)
    at refreshObjectsList (http://localhost:8181/static/js/app.js:12549:28)
    at http://localhost:8181/static/js/app.js:1293:9 @ http://localhost:8181/static/js/app.js:12552
[ 4205688ms] [ERROR] Failed to load resource: net::ERR_CONNECTION_REFUSED @ http://localhost:8181/api/recording/status:0
[ 4208825ms] [ERROR] Failed to load resource: net::ERR_CONNECTION_REFUSED @ http://localhost:8181/api/servers:0
[ 4208825ms] [ERROR] Error обновления списка объектов: TypeError: Failed to fetch
    at fetchServers (http://localhost:8181/static/js/app.js:12494:28)
    at fetchObjects (http://localhost:8181/static/js/app.js:12501:31)
    at refreshObjectsList (http://localhost:8181/static/js/app.js:12549:28)
    at http://localhost:8181/static/js/app.js:1293:9 @ http://localhost:8181/static/js/app.js:12552
[ 4210688ms] [ERROR] Failed to load resource: net::ERR_CONNECTION_REFUSED @ http://localhost:8181/api/recording/status:0
[ 4214828ms] [ERROR] Failed to load resource: net::ERR_CONNECTION_REFUSED @ http://localhost:8181/api/servers:0
[ 4214828ms] [ERROR] Error обновления списка объектов: TypeError: Failed to fetch
    at fetchServers (http://localhost:8181/static/js/app.js:12494:28)
    at fetchObjects (http://localhost:8181/static/js/app.js:12501:31)
    at refreshObjectsList (http://localhost:8181/static/js/app.js:12549:28)
    at http://localhost:8181/static/js/app.js:1293:9 @ http://localhost:8181/static/js/app.js:12552
[ 4215689ms] [ERROR] Failed to load resource: net::ERR_CONNECTION_REFUSED @ http://localhost:8181/api/recording/status:0
[ 4220690ms] [ERROR] Failed to load resource: net::ERR_CONNECTION_REFUSED @ http://localhost:8181/api/recording/status:0
[ 4220821ms] [ERROR] Failed to load resource: net::ERR_CONNECTION_REFUSED @ http://localhost:8181/api/servers:0
[ 4220821ms] [ERROR] Error обновления списка объектов: TypeError: Failed to fetch
    at fetchServers (http://localhost:8181/static/js/app.js:12494:28)
    at fetchObjects (http://localhost:8181/static/js/app.js:12501:31)
    at refreshObjectsList (http://localhost:8181/static/js/app.js:12549:28)
    at http://localhost:8181/static/js/app.js:1293:9 @ http://localhost:8181/static/js/app.js:12552
[ 4225694ms] [ERROR] Failed to load resource: net::ERR_CONNECTION_REFUSED @ http://localhost:8181/api/recording/status:0
[ 4226823ms] [ERROR] Failed to load resource: net::ERR_CONNECTION_REFUSED @ http://localhost:8181/api/servers:0
[ 4226823ms] [ERROR] Error обновления списка объектов: TypeError: Failed to fetch
    at fetchServers (http://localhost:8181/static/js/app.js:12494:28)
    at fetchObjects (http://localhost:8181/static/js/app.js:12501:31)
    at refreshObjectsList (http://localhost:8181/static/js/app.js:12549:28)
    at http://localhost:8181/static/js/app.js:1293:9 @ http://localhost:8181/static/js/app.js:12552
[ 4226824ms] [ERROR] Failed to load resource: net::ERR_CONNECTION_REFUSED @ http://localhost:8181/api/version:0
[ 4230688ms] [ERROR] Failed to load resource: net::ERR_CONNECTION_REFUSED @ http://localhost:8181/api/recording/status:0
[ 4232829ms] [ERROR] Failed to load resource: net::ERR_CONNECTION_REFUSED @ http://localhost:8181/api/servers:0
[ 4232829ms] [ERROR] Error обновления списка объектов: TypeError: Failed to fetch
    at fetchServers (http://localhost:8181/static/js/app.js:12494:28)
    at fetchObjects (http://localhost:8181/static/js/app.js:12501:31)
    at refreshObjectsList (http://localhost:8181/static/js/app.js:12549:28)
    at http://localhost:8181/static/js/app.js:1293:9 @ http://localhost:8181/static/js/app.js:12552
[ 4235687ms] [ERROR] Failed to load resource: net::ERR_CONNECTION_REFUSED @ http://localhost:8181/api/recording/status:0
[ 4238828ms] [ERROR] Failed to load resource: net::ERR_CONNECTION_REFUSED @ http://localhost:8181/api/servers:0
[ 4238828ms] [ERROR] Error обновления списка объектов: TypeError: Failed to fetch
    at fetchServers (http://localhost:8181/static/js/app.js:12494:28)
    at fetchObjects (http://localhost:8181/static/js/app.js:12501:31)
    at refreshObjectsList (http://localhost:8181/static/js/app.js:12549:28)
    at http://localhost:8181/static/js/app.js:1293:9 @ http://localhost:8181/static/js/app.js:12552
[ 4240689ms] [ERROR] Failed to load resource: net::ERR_CONNECTION_REFUSED @ http://localhost:8181/api/recording/status:0
[ 4244828ms] [ERROR] Failed to load resource: net::ERR_CONNECTION_REFUSED @ http://localhost:8181/api/servers:0
[ 4244828ms] [ERROR] Error обновления списка объектов: TypeError: Failed to fetch
    at fetchServers (http://localhost:8181/static/js/app.js:12494:28)
    at fetchObjects (http://localhost:8181/static/js/app.js:12501:31)
    at refreshObjectsList (http://localhost:8181/static/js/app.js:12549:28)
    at http://localhost:8181/static/js/app.js:1293:9 @ http://localhost:8181/static/js/app.js:12552
[ 4245687ms] [ERROR] Failed to load resource: net::ERR_CONNECTION_REFUSED @ http://localhost:8181/api/recording/status:0
[ 4250693ms] [ERROR] Failed to load resource: net::ERR_CONNECTION_REFUSED @ http://localhost:8181/api/recording/status:0
[ 4250823ms] [ERROR] Failed to load resource: net::ERR_CONNECTION_REFUSED @ http://localhost:8181/api/servers:0
[ 4250823ms] [ERROR] Error обновления списка объектов: TypeError: Failed to fetch
    at fetchServers (http://localhost:8181/static/js/app.js:12494:28)
    at fetchObjects (http://localhost:8181/static/js/app.js:12501:31)
    at refreshObjectsList (http://localhost:8181/static/js/app.js:12549:28)
    at http://localhost:8181/static/js/app.js:1293:9 @ http://localhost:8181/static/js/app.js:12552
[ 4255693ms] [ERROR] Failed to load resource: net::ERR_CONNECTION_REFUSED @ http://localhost:8181/api/recording/status:0
[ 4256823ms] [ERROR] Failed to load resource: net::ERR_CONNECTION_REFUSED @ http://localhost:8181/api/servers:0
[ 4256823ms] [ERROR] Error обновления списка объектов: TypeError: Failed to fetch
    at fetchServers (http://localhost:8181/static/js/app.js:12494:28)
    at fetchObjects (http://localhost:8181/static/js/app.js:12501:31)
    at refreshObjectsList (http://localhost:8181/static/js/app.js:12549:28)
    at http://localhost:8181/static/js/app.js:1293:9 @ http://localhost:8181/static/js/app.js:12552
[ 4256823ms] [ERROR] Failed to load resource: net::ERR_CONNECTION_REFUSED @ http://localhost:8181/api/version:0
[ 4260688ms] [ERROR] Failed to load resource: net::ERR_CONNECTION_REFUSED @ http://localhost:8181/api/recording/status:0
[ 4262825ms] [ERROR] Failed to load resource: net::ERR_CONNECTION_REFUSED @ http://localhost:8181/api/servers:0
[ 4262825ms] [ERROR] Error обновления списка объектов: TypeError: Failed to fetch
    at fetchServers (http://localhost:8181/static/js/app.js:12494:28)
    at fetchObjects (http://localhost:8181/static/js/app.js:12501:31)
    at refreshObjectsList (http://localhost:8181/static/js/app.js:12549:28)
    at http://localhost:8181/static/js/app.js:1293:9 @ http://localhost:8181/static/js/app.js:12552
[ 4265688ms] [ERROR] Failed to load resource: net::ERR_CONNECTION_REFUSED @ http://localhost:8181/api/recording/status:0
[ 4268826ms] [ERROR] Failed to load resource: net::ERR_CONNECTION_REFUSED @ http://localhost:8181/api/servers:0
[ 4268826ms] [ERROR] Error обновления списка объектов: TypeError: Failed to fetch
    at fetchServers (http://localhost:8181/static/js/app.js:12494:28)
    at fetchObjects (http://localhost:8181/static/js/app.js:12501:31)
    at refreshObjectsList (http://localhost:8181/static/js/app.js:12549:28)
    at http://localhost:8181/static/js/app.js:1293:9 @ http://localhost:8181/static/js/app.js:12552
[ 4270687ms] [ERROR] Failed to load resource: net::ERR_CONNECTION_REFUSED @ http://localhost:8181/api/recording/status:0
[ 4274824ms] [ERROR] Failed to load resource: net::ERR_CONNECTION_REFUSED @ http://localhost:8181/api/servers:0
[ 4274824ms] [ERROR] Error обновления списка объектов: TypeError: Failed to fetch
    at fetchServers (http://localhost:8181/static/js/app.js:12494:28)
    at fetchObjects (http://localhost:8181/static/js/app.js:12501:31)
    at refreshObjectsList (http://localhost:8181/static/js/app.js:12549:28)
    at http://localhost:8181/static/js/app.js:1293:9 @ http://localhost:8181/static/js/app.js:12552
[ 4275689ms] [ERROR] Failed to load resource: net::ERR_CONNECTION_REFUSED @ http://localhost:8181/api/recording/status:0
[ 4280692ms] [ERROR] Failed to load resource: net::ERR_CONNECTION_REFUSED @ http://localhost:8181/api/recording/status:0
[ 4280822ms] [ERROR] Failed to load resource: net::ERR_CONNECTION_REFUSED @ http://localhost:8181/api/servers:0
[ 4280822ms] [ERROR] Error обновления списка объектов: TypeError: Failed to fetch
    at fetchServers (http://localhost:8181/static/js/app.js:12494:28)
    at fetchObjects (http://localhost:8181/static/js/app.js:12501:31)
    at refreshObjectsList (http://localhost:8181/static/js/app.js:12549:28)
    at http://localhost:8181/static/js/app.js:1293:9 @ http://localhost:8181/static/js/app.js:12552
[ 4285690ms] [ERROR] Failed to load resource: net::ERR_CONNECTION_REFUSED @ http://localhost:8181/api/recording/status:0
[ 4286821ms] [ERROR] Failed to load resource: net::ERR_CONNECTION_REFUSED @ http://localhost:8181/api/servers:0
[ 4286821ms] [ERROR] Error обновления списка объектов: TypeError: Failed to fetch
    at fetchServers (http://localhost:8181/static/js/app.js:12494:28)
    at fetchObjects (http://localhost:8181/static/js/app.js:12501:31)
    at refreshObjectsList (http://localhost:8181/static/js/app.js:12549:28)
    at http://localhost:8181/static/js/app.js:1293:9 @ http://localhost:8181/static/js/app.js:12552
[ 4286822ms] [ERROR] Failed to load resource: net::ERR_CONNECTION_REFUSED @ http://localhost:8181/api/version:0
[ 4290688ms] [ERROR] Failed to load resource: net::ERR_CONNECTION_REFUSED @ http://localhost:8181/api/recording/status:0
[ 4292823ms] [ERROR] Failed to load resource: net::ERR_CONNECTION_REFUSED @ http://localhost:8181/api/servers:0
[ 4292824ms] [ERROR] Error обновления списка объектов: TypeError: Failed to fetch
    at fetchServers (http://localhost:8181/static/js/app.js:12494:28)
    at fetchObjects (http://localhost:8181/static/js/app.js:12501:31)
    at refreshObjectsList (http://localhost:8181/static/js/app.js:12549:28)
    at http://localhost:8181/static/js/app.js:1293:9 @ http://localhost:8181/static/js/app.js:12552
[ 4295687ms] [ERROR] Failed to load resource: net::ERR_CONNECTION_REFUSED @ http://localhost:8181/api/recording/status:0
[ 4298825ms] [ERROR] Failed to load resource: net::ERR_CONNECTION_REFUSED @ http://localhost:8181/api/servers:0
[ 4298825ms] [ERROR] Error обновления списка объектов: TypeError: Failed to fetch
    at fetchServers (http://localhost:8181/static/js/app.js:12494:28)
    at fetchObjects (http://localhost:8181/static/js/app.js:12501:31)
    at refreshObjectsList (http://localhost:8181/static/js/app.js:12549:28)
    at http://localhost:8181/static/js/app.js:1293:9 @ http://localhost:8181/static/js/app.js:12552
[ 4300689ms] [ERROR] Failed to load resource: net::ERR_CONNECTION_REFUSED @ http://localhost:8181/api/recording/status:0
[ 4304824ms] [ERROR] Failed to load resource: net::ERR_CONNECTION_REFUSED @ http://localhost:8181/api/servers:0
[ 4304824ms] [ERROR] Error обновления списка объектов: TypeError: Failed to fetch
    at fetchServers (http://localhost:8181/static/js/app.js:12494:28)
    at fetchObjects (http://localhost:8181/static/js/app.js:12501:31)
    at refreshObjectsList (http://localhost:8181/static/js/app.js:12549:28)
    at http://localhost:8181/static/js/app.js:1293:9 @ http://localhost:8181/static/js/app.js:12552
[ 4305688ms] [ERROR] Failed to load resource: net::ERR_CONNECTION_REFUSED @ http://localhost:8181/api/recording/status:0
[ 4310694ms] [ERROR] Failed to load resource: net::ERR_CONNECTION_REFUSED @ http://localhost:8181/api/recording/status:0
[ 4310821ms] [ERROR] Failed to load resource: net::ERR_CONNECTION_REFUSED @ http://localhost:8181/api/servers:0
[ 4310821ms] [ERROR] Error обновления списка объектов: TypeError: Failed to fetch
    at fetchServers (http://localhost:8181/static/js/app.js:12494:28)
    at fetchObjects (http://localhost:8181/static/js/app.js:12501:31)
    at refreshObjectsList (http://localhost:8181/static/js/app.js:12549:28)
    at http://localhost:8181/static/js/app.js:1293:9 @ http://localhost:8181/static/js/app.js:12552
[ 4315695ms] [ERROR] Failed to load resource: net::ERR_CONNECTION_REFUSED @ http://localhost:8181/api/recording/status:0
[ 4316821ms] [ERROR] Failed to load resource: net::ERR_CONNECTION_REFUSED @ http://localhost:8181/api/servers:0
[ 4316821ms] [ERROR] Error обновления списка объектов: TypeError: Failed to fetch
    at fetchServers (http://localhost:8181/static/js/app.js:12494:28)
    at fetchObjects (http://localhost:8181/static/js/app.js:12501:31)
    at refreshObjectsList (http://localhost:8181/static/js/app.js:12549:28)
    at http://localhost:8181/static/js/app.js:1293:9 @ http://localhost:8181/static/js/app.js:12552
[ 4316822ms] [ERROR] Failed to load resource: net::ERR_CONNECTION_REFUSED @ http://localhost:8181/api/version:0
[ 4320695ms] [ERROR] Failed to load resource: net::ERR_CONNECTION_REFUSED @ http://localhost:8181/api/recording/status:0
[ 4322824ms] [ERROR] Failed to load resource: net::ERR_CONNECTION_REFUSED @ http://localhost:8181/api/servers:0
[ 4322824ms] [ERROR] Error обновления списка объектов: TypeError: Failed to fetch
    at fetchServers (http://localhost:8181/static/js/app.js:12494:28)
    at fetchObjects (http://localhost:8181/static/js/app.js:12501:31)
    at refreshObjectsList (http://localhost:8181/static/js/app.js:12549:28)
    at http://localhost:8181/static/js/app.js:1293:9 @ http://localhost:8181/static/js/app.js:12552
[ 4325691ms] [ERROR] Failed to load resource: net::ERR_CONNECTION_REFUSED @ http://localhost:8181/api/recording/status:0
[ 4328825ms] [ERROR] Failed to load resource: net::ERR_CONNECTION_REFUSED @ http://localhost:8181/api/servers:0
[ 4328825ms] [ERROR] Error обновления списка объектов: TypeError: Failed to fetch
    at fetchServers (http://localhost:8181/static/js/app.js:12494:28)
    at fetchObjects (http://localhost:8181/static/js/app.js:12501:31)
    at refreshObjectsList (http://localhost:8181/static/js/app.js:12549:28)
    at http://localhost:8181/static/js/app.js:1293:9 @ http://localhost:8181/static/js/app.js:12552
[ 4330688ms] [ERROR] Failed to load resource: net::ERR_CONNECTION_REFUSED @ http://localhost:8181/api/recording/status:0
[ 4334830ms] [ERROR] Failed to load resource: net::ERR_CONNECTION_REFUSED @ http://localhost:8181/api/servers:0
[ 4334830ms] [ERROR] Error обновления списка объектов: TypeError: Failed to fetch
    at fetchServers (http://localhost:8181/static/js/app.js:12494:28)
    at fetchObjects (http://localhost:8181/static/js/app.js:12501:31)
    at refreshObjectsList (http://localhost:8181/static/js/app.js:12549:28)
    at http://localhost:8181/static/js/app.js:1293:9 @ http://localhost:8181/static/js/app.js:12552
[ 4335688ms] [ERROR] Failed to load resource: net::ERR_CONNECTION_REFUSED @ http://localhost:8181/api/recording/status:0
[ 4340693ms] [ERROR] Failed to load resource: net::ERR_CONNECTION_REFUSED @ http://localhost:8181/api/recording/status:0
[ 4340823ms] [ERROR] Failed to load resource: net::ERR_CONNECTION_REFUSED @ http://localhost:8181/api/servers:0
[ 4340823ms] [ERROR] Error обновления списка объектов: TypeError: Failed to fetch
    at fetchServers (http://localhost:8181/static/js/app.js:12494:28)
    at fetchObjects (http://localhost:8181/static/js/app.js:12501:31)
    at refreshObjectsList (http://localhost:8181/static/js/app.js:12549:28)
    at http://localhost:8181/static/js/app.js:1293:9 @ http://localhost:8181/static/js/app.js:12552
[ 4345690ms] [ERROR] Failed to load resource: net::ERR_CONNECTION_REFUSED @ http://localhost:8181/api/recording/status:0
[ 4346823ms] [ERROR] Failed to load resource: net::ERR_CONNECTION_REFUSED @ http://localhost:8181/api/servers:0
[ 4346823ms] [ERROR] Error обновления списка объектов: TypeError: Failed to fetch
    at fetchServers (http://localhost:8181/static/js/app.js:12494:28)
    at fetchObjects (http://localhost:8181/static/js/app.js:12501:31)
    at refreshObjectsList (http://localhost:8181/static/js/app.js:12549:28)
    at http://localhost:8181/static/js/app.js:1293:9 @ http://localhost:8181/static/js/app.js:12552
[ 4346824ms] [ERROR] Failed to load resource: net::ERR_CONNECTION_REFUSED @ http://localhost:8181/api/version:0
[ 4350695ms] [ERROR] Failed to load resource: net::ERR_CONNECTION_REFUSED @ http://localhost:8181/api/recording/status:0
[ 4352821ms] [ERROR] Failed to load resource: net::ERR_CONNECTION_REFUSED @ http://localhost:8181/api/servers:0
[ 4352821ms] [ERROR] Error обновления списка объектов: TypeError: Failed to fetch
    at fetchServers (http://localhost:8181/static/js/app.js:12494:28)
    at fetchObjects (http://localhost:8181/static/js/app.js:12501:31)
    at refreshObjectsList (http://localhost:8181/static/js/app.js:12549:28)
    at http://localhost:8181/static/js/app.js:1293:9 @ http://localhost:8181/static/js/app.js:12552
[ 4355693ms] [ERROR] Failed to load resource: net::ERR_CONNECTION_REFUSED @ http://localhost:8181/api/recording/status:0
[ 4358823ms] [ERROR] Failed to load resource: net::ERR_CONNECTION_REFUSED @ http://localhost:8181/api/servers:0
[ 4358823ms] [ERROR] Error обновления списка объектов: TypeError: Failed to fetch
    at fetchServers (http://localhost:8181/static/js/app.js:12494:28)
    at fetchObjects (http://localhost:8181/static/js/app.js:12501:31)
    at refreshObjectsList (http://localhost:8181/static/js/app.js:12549:28)
    at http://localhost:8181/static/js/app.js:1293:9 @ http://localhost:8181/static/js/app.js:12552
[ 4360689ms] [ERROR] Failed to load resource: net::ERR_CONNECTION_REFUSED @ http://localhost:8181/api/recording/status:0
[ 4364826ms] [ERROR] Failed to load resource: net::ERR_CONNECTION_REFUSED @ http://localhost:8181/api/servers:0
[ 4364826ms] [ERROR] Error обновления списка объектов: TypeError: Failed to fetch
    at fetchServers (http://localhost:8181/static/js/app.js:12494:28)
    at fetchObjects (http://localhost:8181/static/js/app.js:12501:31)
    at refreshObjectsList (http://localhost:8181/static/js/app.js:12549:28)
    at http://localhost:8181/static/js/app.js:1293:9 @ http://localhost:8181/static/js/app.js:12552
[ 4365689ms] [ERROR] Failed to load resource: net::ERR_CONNECTION_REFUSED @ http://localhost:8181/api/recording/status:0
[ 4370695ms] [ERROR] Failed to load resource: net::ERR_CONNECTION_REFUSED @ http://localhost:8181/api/recording/status:0
[ 4370821ms] [ERROR] Failed to load resource: net::ERR_CONNECTION_REFUSED @ http://localhost:8181/api/servers:0
[ 4370821ms] [ERROR] Error обновления списка объектов: TypeError: Failed to fetch
    at fetchServers (http://localhost:8181/static/js/app.js:12494:28)
    at fetchObjects (http://localhost:8181/static/js/app.js:12501:31)
    at refreshObjectsList (http://localhost:8181/static/js/app.js:12549:28)
    at http://localhost:8181/static/js/app.js:1293:9 @ http://localhost:8181/static/js/app.js:12552
[ 4375716ms] [ERROR] Failed to load resource: net::ERR_CONNECTION_REFUSED @ http://localhost:8181/api/recording/status:0
[ 4376823ms] [ERROR] Failed to load resource: net::ERR_CONNECTION_REFUSED @ http://localhost:8181/api/servers:0
[ 4376823ms] [ERROR] Error обновления списка объектов: TypeError: Failed to fetch
    at fetchServers (http://localhost:8181/static/js/app.js:12494:28)
    at fetchObjects (http://localhost:8181/static/js/app.js:12501:31)
    at refreshObjectsList (http://localhost:8181/static/js/app.js:12549:28)
    at http://localhost:8181/static/js/app.js:1293:9 @ http://localhost:8181/static/js/app.js:12552
[ 4376824ms] [ERROR] Failed to load resource: net::ERR_CONNECTION_REFUSED @ http://localhost:8181/api/version:0
[ 4380719ms] [ERROR] Failed to load resource: net::ERR_CONNECTION_REFUSED @ http://localhost:8181/api/recording/status:0
[ 4382823ms] [ERROR] Failed to load resource: net::ERR_CONNECTION_REFUSED @ http://localhost:8181/api/servers:0
[ 4382824ms] [ERROR] Error обновления списка объектов: TypeError: Failed to fetch
    at fetchServers (http://localhost:8181/static/js/app.js:12494:28)
    at fetchObjects (http://localhost:8181/static/js/app.js:12501:31)
    at refreshObjectsList (http://localhost:8181/static/js/app.js:12549:28)
    at http://localhost:8181/static/js/app.js:1293:9 @ http://localhost:8181/static/js/app.js:12552
[ 4385694ms] [ERROR] Failed to load resource: net::ERR_CONNECTION_REFUSED @ http://localhost:8181/api/recording/status:0
[ 4388822ms] [ERROR] Failed to load resource: net::ERR_CONNECTION_REFUSED @ http://localhost:8181/api/servers:0
[ 4388822ms] [ERROR] Error обновления списка объектов: TypeError: Failed to fetch
    at fetchServers (http://localhost:8181/static/js/app.js:12494:28)
    at fetchObjects (http://localhost:8181/static/js/app.js:12501:31)
    at refreshObjectsList (http://localhost:8181/static/js/app.js:12549:28)
    at http://localhost:8181/static/js/app.js:1293:9 @ http://localhost:8181/static/js/app.js:12552
[ 4390689ms] [ERROR] Failed to load resource: net::ERR_CONNECTION_REFUSED @ http://localhost:8181/api/recording/status:0
[ 4394824ms] [ERROR] Failed to load resource: net::ERR_CONNECTION_REFUSED @ http://localhost:8181/api/servers:0
[ 4394824ms] [ERROR] Error обновления списка объектов: TypeError: Failed to fetch
    at fetchServers (http://localhost:8181/static/js/app.js:12494:28)
    at fetchObjects (http://localhost:8181/static/js/app.js:12501:31)
    at refreshObjectsList (http://localhost:8181/static/js/app.js:12549:28)
    at http://localhost:8181/static/js/app.js:1293:9 @ http://localhost:8181/static/js/app.js:12552
[ 4395688ms] [ERROR] Failed to load resource: net::ERR_CONNECTION_REFUSED @ http://localhost:8181/api/recording/status:0
[ 4400693ms] [ERROR] Failed to load resource: net::ERR_CONNECTION_REFUSED @ http://localhost:8181/api/recording/status:0
[ 4400823ms] [ERROR] Failed to load resource: net::ERR_CONNECTION_REFUSED @ http://localhost:8181/api/servers:0
[ 4400823ms] [ERROR] Error обновления списка объектов: TypeError: Failed to fetch
    at fetchServers (http://localhost:8181/static/js/app.js:12494:28)
    at fetchObjects (http://localhost:8181/static/js/app.js:12501:31)
    at refreshObjectsList (http://localhost:8181/static/js/app.js:12549:28)
    at http://localhost:8181/static/js/app.js:1293:9 @ http://localhost:8181/static/js/app.js:12552
[ 4405692ms] [ERROR] Failed to load resource: net::ERR_CONNECTION_REFUSED @ http://localhost:8181/api/recording/status:0
[ 4406823ms] [ERROR] Failed to load resource: net::ERR_CONNECTION_REFUSED @ http://localhost:8181/api/servers:0
[ 4406823ms] [ERROR] Error обновления списка объектов: TypeError: Failed to fetch
    at fetchServers (http://localhost:8181/static/js/app.js:12494:28)
    at fetchObjects (http://localhost:8181/static/js/app.js:12501:31)
    at refreshObjectsList (http://localhost:8181/static/js/app.js:12549:28)
    at http://localhost:8181/static/js/app.js:1293:9 @ http://localhost:8181/static/js/app.js:12552
[ 4406824ms] [ERROR] Failed to load resource: net::ERR_CONNECTION_REFUSED @ http://localhost:8181/api/version:0
[ 4410692ms] [ERROR] Failed to load resource: net::ERR_CONNECTION_REFUSED @ http://localhost:8181/api/recording/status:0
[ 4412821ms] [ERROR] Failed to load resource: net::ERR_CONNECTION_REFUSED @ http://localhost:8181/api/servers:0
[ 4412821ms] [ERROR] Error обновления списка объектов: TypeError: Failed to fetch
    at fetchServers (http://localhost:8181/static/js/app.js:12494:28)
    at fetchObjects (http://localhost:8181/static/js/app.js:12501:31)
    at refreshObjectsList (http://localhost:8181/static/js/app.js:12549:28)
    at http://localhost:8181/static/js/app.js:1293:9 @ http://localhost:8181/static/js/app.js:12552
[ 4415695ms] [ERROR] Failed to load resource: net::ERR_CONNECTION_REFUSED @ http://localhost:8181/api/recording/status:0
[ 4418821ms] [ERROR] Failed to load resource: net::ERR_CONNECTION_REFUSED @ http://localhost:8181/api/servers:0
[ 4418821ms] [ERROR] Error обновления списка объектов: TypeError: Failed to fetch
    at fetchServers (http://localhost:8181/static/js/app.js:12494:28)
    at fetchObjects (http://localhost:8181/static/js/app.js:12501:31)
    at refreshObjectsList (http://localhost:8181/static/js/app.js:12549:28)
    at http://localhost:8181/static/js/app.js:1293:9 @ http://localhost:8181/static/js/app.js:12552
[ 4420687ms] [ERROR] Failed to load resource: net::ERR_CONNECTION_REFUSED @ http://localhost:8181/api/recording/status:0
[ 4424826ms] [ERROR] Failed to load resource: net::ERR_CONNECTION_REFUSED @ http://localhost:8181/api/servers:0
[ 4424826ms] [ERROR] Error обновления списка объектов: TypeError: Failed to fetch
    at fetchServers (http://localhost:8181/static/js/app.js:12494:28)
    at fetchObjects (http://localhost:8181/static/js/app.js:12501:31)
    at refreshObjectsList (http://localhost:8181/static/js/app.js:12549:28)
    at http://localhost:8181/static/js/app.js:1293:9 @ http://localhost:8181/static/js/app.js:12552
[ 4425689ms] [ERROR] Failed to load resource: net::ERR_CONNECTION_REFUSED @ http://localhost:8181/api/recording/status:0
[ 4430693ms] [ERROR] Failed to load resource: net::ERR_CONNECTION_REFUSED @ http://localhost:8181/api/recording/status:0
[ 4430821ms] [ERROR] Failed to load resource: net::ERR_CONNECTION_REFUSED @ http://localhost:8181/api/servers:0
[ 4430821ms] [ERROR] Error обновления списка объектов: TypeError: Failed to fetch
    at fetchServers (http://localhost:8181/static/js/app.js:12494:28)
    at fetchObjects (http://localhost:8181/static/js/app.js:12501:31)
    at refreshObjectsList (http://localhost:8181/static/js/app.js:12549:28)
    at http://localhost:8181/static/js/app.js:1293:9 @ http://localhost:8181/static/js/app.js:12552
[ 4435693ms] [ERROR] Failed to load resource: net::ERR_CONNECTION_REFUSED @ http://localhost:8181/api/recording/status:0
[ 4436823ms] [ERROR] Failed to load resource: net::ERR_CONNECTION_REFUSED @ http://localhost:8181/api/servers:0
[ 4436823ms] [ERROR] Error обновления списка объектов: TypeError: Failed to fetch
    at fetchServers (http://localhost:8181/static/js/app.js:12494:28)
    at fetchObjects (http://localhost:8181/static/js/app.js:12501:31)
    at refreshObjectsList (http://localhost:8181/static/js/app.js:12549:28)
    at http://localhost:8181/static/js/app.js:1293:9 @ http://localhost:8181/static/js/app.js:12552
[ 4436824ms] [ERROR] Failed to load resource: net::ERR_CONNECTION_REFUSED @ http://localhost:8181/api/version:0
[ 4440695ms] [ERROR] Failed to load resource: net::ERR_CONNECTION_REFUSED @ http://localhost:8181/api/recording/status:0
[ 4442823ms] [ERROR] Failed to load resource: net::ERR_CONNECTION_REFUSED @ http://localhost:8181/api/servers:0
[ 4442823ms] [ERROR] Error обновления списка объектов: TypeError: Failed to fetch
    at fetchServers (http://localhost:8181/static/js/app.js:12494:28)
    at fetchObjects (http://localhost:8181/static/js/app.js:12501:31)
    at refreshObjectsList (http://localhost:8181/static/js/app.js:12549:28)
    at http://localhost:8181/static/js/app.js:1293:9 @ http://localhost:8181/static/js/app.js:12552
[ 4445694ms] [ERROR] Failed to load resource: net::ERR_CONNECTION_REFUSED @ http://localhost:8181/api/recording/status:0
[ 4448822ms] [ERROR] Failed to load resource: net::ERR_CONNECTION_REFUSED @ http://localhost:8181/api/servers:0
[ 4448822ms] [ERROR] Error обновления списка объектов: TypeError: Failed to fetch
    at fetchServers (http://localhost:8181/static/js/app.js:12494:28)
    at fetchObjects (http://localhost:8181/static/js/app.js:12501:31)
    at refreshObjectsList (http://localhost:8181/static/js/app.js:12549:28)
    at http://localhost:8181/static/js/app.js:1293:9 @ http://localhost:8181/static/js/app.js:12552
[ 4450687ms] [ERROR] Failed to load resource: net::ERR_CONNECTION_REFUSED @ http://localhost:8181/api/recording/status:0
[ 4454827ms] [ERROR] Failed to load resource: net::ERR_CONNECTION_REFUSED @ http://localhost:8181/api/servers:0
[ 4454827ms] [ERROR] Error обновления списка объектов: TypeError: Failed to fetch
    at fetchServers (http://localhost:8181/static/js/app.js:12494:28)
    at fetchObjects (http://localhost:8181/static/js/app.js:12501:31)
    at refreshObjectsList (http://localhost:8181/static/js/app.js:12549:28)
    at http://localhost:8181/static/js/app.js:1293:9 @ http://localhost:8181/static/js/app.js:12552
[ 4455688ms] [ERROR] Failed to load resource: net::ERR_CONNECTION_REFUSED @ http://localhost:8181/api/recording/status:0
[ 4460691ms] [ERROR] Failed to load resource: net::ERR_CONNECTION_REFUSED @ http://localhost:8181/api/recording/status:0
[ 4460822ms] [ERROR] Failed to load resource: net::ERR_CONNECTION_REFUSED @ http://localhost:8181/api/servers:0
[ 4460822ms] [ERROR] Error обновления списка объектов: TypeError: Failed to fetch
    at fetchServers (http://localhost:8181/static/js/app.js:12494:28)
    at fetchObjects (http://localhost:8181/static/js/app.js:12501:31)
    at refreshObjectsList (http://localhost:8181/static/js/app.js:12549:28)
    at http://localhost:8181/static/js/app.js:1293:9 @ http://localhost:8181/static/js/app.js:12552
[ 4465694ms] [ERROR] Failed to load resource: net::ERR_CONNECTION_REFUSED @ http://localhost:8181/api/recording/status:0
[ 4466824ms] [ERROR] Failed to load resource: net::ERR_CONNECTION_REFUSED @ http://localhost:8181/api/servers:0
[ 4466824ms] [ERROR] Error обновления списка объектов: TypeError: Failed to fetch
    at fetchServers (http://localhost:8181/static/js/app.js:12494:28)
    at fetchObjects (http://localhost:8181/static/js/app.js:12501:31)
    at refreshObjectsList (http://localhost:8181/static/js/app.js:12549:28)
    at http://localhost:8181/static/js/app.js:1293:9 @ http://localhost:8181/static/js/app.js:12552
[ 4466824ms] [ERROR] Failed to load resource: net::ERR_CONNECTION_REFUSED @ http://localhost:8181/api/version:0
[ 4470693ms] [ERROR] Failed to load resource: net::ERR_CONNECTION_REFUSED @ http://localhost:8181/api/recording/status:0
[ 4472822ms] [ERROR] Failed to load resource: net::ERR_CONNECTION_REFUSED @ http://localhost:8181/api/servers:0
[ 4472822ms] [ERROR] Error обновления списка объектов: TypeError: Failed to fetch
    at fetchServers (http://localhost:8181/static/js/app.js:12494:28)
    at fetchObjects (http://localhost:8181/static/js/app.js:12501:31)
    at refreshObjectsList (http://localhost:8181/static/js/app.js:12549:28)
    at http://localhost:8181/static/js/app.js:1293:9 @ http://localhost:8181/static/js/app.js:12552
[ 4475692ms] [ERROR] Failed to load resource: net::ERR_CONNECTION_REFUSED @ http://localhost:8181/api/recording/status:0
[ 4478823ms] [ERROR] Failed to load resource: net::ERR_CONNECTION_REFUSED @ http://localhost:8181/api/servers:0
[ 4478823ms] [ERROR] Error обновления списка объектов: TypeError: Failed to fetch
    at fetchServers (http://localhost:8181/static/js/app.js:12494:28)
    at fetchObjects (http://localhost:8181/static/js/app.js:12501:31)
    at refreshObjectsList (http://localhost:8181/static/js/app.js:12549:28)
    at http://localhost:8181/static/js/app.js:1293:9 @ http://localhost:8181/static/js/app.js:12552
[ 4480689ms] [ERROR] Failed to load resource: net::ERR_CONNECTION_REFUSED @ http://localhost:8181/api/recording/status:0
[ 4484828ms] [ERROR] Failed to load resource: net::ERR_CONNECTION_REFUSED @ http://localhost:8181/api/servers:0
[ 4484828ms] [ERROR] Error обновления списка объектов: TypeError: Failed to fetch
    at fetchServers (http://localhost:8181/static/js/app.js:12494:28)
    at fetchObjects (http://localhost:8181/static/js/app.js:12501:31)
    at refreshObjectsList (http://localhost:8181/static/js/app.js:12549:28)
    at http://localhost:8181/static/js/app.js:1293:9 @ http://localhost:8181/static/js/app.js:12552
[ 4485687ms] [ERROR] Failed to load resource: net::ERR_CONNECTION_REFUSED @ http://localhost:8181/api/recording/status:0
[ 4490695ms] [ERROR] Failed to load resource: net::ERR_CONNECTION_REFUSED @ http://localhost:8181/api/recording/status:0
[ 4490822ms] [ERROR] Failed to load resource: net::ERR_CONNECTION_REFUSED @ http://localhost:8181/api/servers:0
[ 4490822ms] [ERROR] Error обновления списка объектов: TypeError: Failed to fetch
    at fetchServers (http://localhost:8181/static/js/app.js:12494:28)
    at fetchObjects (http://localhost:8181/static/js/app.js:12501:31)
    at refreshObjectsList (http://localhost:8181/static/js/app.js:12549:28)
    at http://localhost:8181/static/js/app.js:1293:9 @ http://localhost:8181/static/js/app.js:12552
[ 4495690ms] [ERROR] Failed to load resource: net::ERR_CONNECTION_REFUSED @ http://localhost:8181/api/recording/status:0
[ 4496823ms] [ERROR] Failed to load resource: net::ERR_CONNECTION_REFUSED @ http://localhost:8181/api/servers:0
[ 4496823ms] [ERROR] Error обновления списка объектов: TypeError: Failed to fetch
    at fetchServers (http://localhost:8181/static/js/app.js:12494:28)
    at fetchObjects (http://localhost:8181/static/js/app.js:12501:31)
    at refreshObjectsList (http://localhost:8181/static/js/app.js:12549:28)
    at http://localhost:8181/static/js/app.js:1293:9 @ http://localhost:8181/static/js/app.js:12552
[ 4496824ms] [ERROR] Failed to load resource: net::ERR_CONNECTION_REFUSED @ http://localhost:8181/api/version:0
[ 4500695ms] [ERROR] Failed to load resource: net::ERR_CONNECTION_REFUSED @ http://localhost:8181/api/recording/status:0
[ 4502822ms] [ERROR] Failed to load resource: net::ERR_CONNECTION_REFUSED @ http://localhost:8181/api/servers:0
[ 4502822ms] [ERROR] Error обновления списка объектов: TypeError: Failed to fetch
    at fetchServers (http://localhost:8181/static/js/app.js:12494:28)
    at fetchObjects (http://localhost:8181/static/js/app.js:12501:31)
    at refreshObjectsList (http://localhost:8181/static/js/app.js:12549:28)
    at http://localhost:8181/static/js/app.js:1293:9 @ http://localhost:8181/static/js/app.js:12552
[ 4505693ms] [ERROR] Failed to load resource: net::ERR_CONNECTION_REFUSED @ http://localhost:8181/api/recording/status:0
[ 4508824ms] [ERROR] Failed to load resource: net::ERR_CONNECTION_REFUSED @ http://localhost:8181/api/servers:0
[ 4508824ms] [ERROR] Error обновления списка объектов: TypeError: Failed to fetch
    at fetchServers (http://localhost:8181/static/js/app.js:12494:28)
    at fetchObjects (http://localhost:8181/static/js/app.js:12501:31)
    at refreshObjectsList (http://localhost:8181/static/js/app.js:12549:28)
    at http://localhost:8181/static/js/app.js:1293:9 @ http://localhost:8181/static/js/app.js:12552
[ 4510689ms] [ERROR] Failed to load resource: net::ERR_CONNECTION_REFUSED @ http://localhost:8181/api/recording/status:0
[ 4514827ms] [ERROR] Failed to load resource: net::ERR_CONNECTION_REFUSED @ http://localhost:8181/api/servers:0
[ 4514827ms] [ERROR] Error обновления списка объектов: TypeError: Failed to fetch
    at fetchServers (http://localhost:8181/static/js/app.js:12494:28)
    at fetchObjects (http://localhost:8181/static/js/app.js:12501:31)
    at refreshObjectsList (http://localhost:8181/static/js/app.js:12549:28)
    at http://localhost:8181/static/js/app.js:1293:9 @ http://localhost:8181/static/js/app.js:12552
[ 4515689ms] [ERROR] Failed to load resource: net::ERR_CONNECTION_REFUSED @ http://localhost:8181/api/recording/status:0
[ 4520693ms] [ERROR] Failed to load resource: net::ERR_CONNECTION_REFUSED @ http://localhost:8181/api/recording/status:0
[ 4520822ms] [ERROR] Failed to load resource: net::ERR_CONNECTION_REFUSED @ http://localhost:8181/api/servers:0
[ 4520822ms] [ERROR] Error обновления списка объектов: TypeError: Failed to fetch
    at fetchServers (http://localhost:8181/static/js/app.js:12494:28)
    at fetchObjects (http://localhost:8181/static/js/app.js:12501:31)
    at refreshObjectsList (http://localhost:8181/static/js/app.js:12549:28)
    at http://localhost:8181/static/js/app.js:1293:9 @ http://localhost:8181/static/js/app.js:12552
[ 4525691ms] [ERROR] Failed to load resource: net::ERR_CONNECTION_REFUSED @ http://localhost:8181/api/recording/status:0
[ 4526823ms] [ERROR] Failed to load resource: net::ERR_CONNECTION_REFUSED @ http://localhost:8181/api/servers:0
[ 4526823ms] [ERROR] Error обновления списка объектов: TypeError: Failed to fetch
    at fetchServers (http://localhost:8181/static/js/app.js:12494:28)
    at fetchObjects (http://localhost:8181/static/js/app.js:12501:31)
    at refreshObjectsList (http://localhost:8181/static/js/app.js:12549:28)
    at http://localhost:8181/static/js/app.js:1293:9 @ http://localhost:8181/static/js/app.js:12552
[ 4526824ms] [ERROR] Failed to load resource: net::ERR_CONNECTION_REFUSED @ http://localhost:8181/api/version:0
[ 4530693ms] [ERROR] Failed to load resource: net::ERR_CONNECTION_REFUSED @ http://localhost:8181/api/recording/status:0
[ 4532822ms] [ERROR] Failed to load resource: net::ERR_CONNECTION_REFUSED @ http://localhost:8181/api/servers:0
[ 4532822ms] [ERROR] Error обновления списка объектов: TypeError: Failed to fetch
    at fetchServers (http://localhost:8181/static/js/app.js:12494:28)
    at fetchObjects (http://localhost:8181/static/js/app.js:12501:31)
    at refreshObjectsList (http://localhost:8181/static/js/app.js:12549:28)
    at http://localhost:8181/static/js/app.js:1293:9 @ http://localhost:8181/static/js/app.js:12552
[ 4535693ms] [ERROR] Failed to load resource: net::ERR_CONNECTION_REFUSED @ http://localhost:8181/api/recording/status:0
[ 4538821ms] [ERROR] Failed to load resource: net::ERR_CONNECTION_REFUSED @ http://localhost:8181/api/servers:0
[ 4538821ms] [ERROR] Error обновления списка объектов: TypeError: Failed to fetch
    at fetchServers (http://localhost:8181/static/js/app.js:12494:28)
    at fetchObjects (http://localhost:8181/static/js/app.js:12501:31)
    at refreshObjectsList (http://localhost:8181/static/js/app.js:12549:28)
    at http://localhost:8181/static/js/app.js:1293:9 @ http://localhost:8181/static/js/app.js:12552
[ 4540688ms] [ERROR] Failed to load resource: net::ERR_CONNECTION_REFUSED @ http://localhost:8181/api/recording/status:0
[ 4544827ms] [ERROR] Failed to load resource: net::ERR_CONNECTION_REFUSED @ http://localhost:8181/api/servers:0
[ 4544827ms] [ERROR] Error обновления списка объектов: TypeError: Failed to fetch
    at fetchServers (http://localhost:8181/static/js/app.js:12494:28)
    at fetchObjects (http://localhost:8181/static/js/app.js:12501:31)
    at refreshObjectsList (http://localhost:8181/static/js/app.js:12549:28)
    at http://localhost:8181/static/js/app.js:1293:9 @ http://localhost:8181/static/js/app.js:12552
[ 4545687ms] [ERROR] Failed to load resource: net::ERR_CONNECTION_REFUSED @ http://localhost:8181/api/recording/status:0
[ 4550692ms] [ERROR] Failed to load resource: net::ERR_CONNECTION_REFUSED @ http://localhost:8181/api/recording/status:0
[ 4550821ms] [ERROR] Failed to load resource: net::ERR_CONNECTION_REFUSED @ http://localhost:8181/api/servers:0
[ 4550821ms] [ERROR] Error обновления списка объектов: TypeError: Failed to fetch
    at fetchServers (http://localhost:8181/static/js/app.js:12494:28)
    at fetchObjects (http://localhost:8181/static/js/app.js:12501:31)
    at refreshObjectsList (http://localhost:8181/static/js/app.js:12549:28)
    at http://localhost:8181/static/js/app.js:1293:9 @ http://localhost:8181/static/js/app.js:12552
[ 4555690ms] [ERROR] Failed to load resource: net::ERR_CONNECTION_REFUSED @ http://localhost:8181/api/recording/status:0
[ 4556822ms] [ERROR] Failed to load resource: net::ERR_CONNECTION_REFUSED @ http://localhost:8181/api/servers:0
[ 4556822ms] [ERROR] Error обновления списка объектов: TypeError: Failed to fetch
    at fetchServers (http://localhost:8181/static/js/app.js:12494:28)
    at fetchObjects (http://localhost:8181/static/js/app.js:12501:31)
    at refreshObjectsList (http://localhost:8181/static/js/app.js:12549:28)
    at http://localhost:8181/static/js/app.js:1293:9 @ http://localhost:8181/static/js/app.js:12552
[ 4556822ms] [ERROR] Failed to load resource: net::ERR_CONNECTION_REFUSED @ http://localhost:8181/api/version:0
[ 4560692ms] [ERROR] Failed to load resource: net::ERR_CONNECTION_REFUSED @ http://localhost:8181/api/recording/status:0
[ 4562822ms] [ERROR] Failed to load resource: net::ERR_CONNECTION_REFUSED @ http://localhost:8181/api/servers:0
[ 4562822ms] [ERROR] Error обновления списка объектов: TypeError: Failed to fetch
    at fetchServers (http://localhost:8181/static/js/app.js:12494:28)
    at fetchObjects (http://localhost:8181/static/js/app.js:12501:31)
    at refreshObjectsList (http://localhost:8181/static/js/app.js:12549:28)
    at http://localhost:8181/static/js/app.js:1293:9 @ http://localhost:8181/static/js/app.js:12552
[ 4565691ms] [ERROR] Failed to load resource: net::ERR_CONNECTION_REFUSED @ http://localhost:8181/api/recording/status:0
[ 4568821ms] [ERROR] Failed to load resource: net::ERR_CONNECTION_REFUSED @ http://localhost:8181/api/servers:0
[ 4568821ms] [ERROR] Error обновления списка объектов: TypeError: Failed to fetch
    at fetchServers (http://localhost:8181/static/js/app.js:12494:28)
    at fetchObjects (http://localhost:8181/static/js/app.js:12501:31)
    at refreshObjectsList (http://localhost:8181/static/js/app.js:12549:28)
    at http://localhost:8181/static/js/app.js:1293:9 @ http://localhost:8181/static/js/app.js:12552
[ 4570688ms] [ERROR] Failed to load resource: net::ERR_CONNECTION_REFUSED @ http://localhost:8181/api/recording/status:0
[ 4574824ms] [ERROR] Failed to load resource: net::ERR_CONNECTION_REFUSED @ http://localhost:8181/api/servers:0
[ 4574824ms] [ERROR] Error обновления списка объектов: TypeError: Failed to fetch
    at fetchServers (http://localhost:8181/static/js/app.js:12494:28)
    at fetchObjects (http://localhost:8181/static/js/app.js:12501:31)
    at refreshObjectsList (http://localhost:8181/static/js/app.js:12549:28)
    at http://localhost:8181/static/js/app.js:1293:9 @ http://localhost:8181/static/js/app.js:12552
[ 4575687ms] [ERROR] Failed to load resource: net::ERR_CONNECTION_REFUSED @ http://localhost:8181/api/recording/status:0
[ 4580690ms] [ERROR] Failed to load resource: net::ERR_CONNECTION_REFUSED @ http://localhost:8181/api/recording/status:0
[ 4580821ms] [ERROR] Failed to load resource: net::ERR_CONNECTION_REFUSED @ http://localhost:8181/api/servers:0
[ 4580821ms] [ERROR] Error обновления списка объектов: TypeError: Failed to fetch
    at fetchServers (http://localhost:8181/static/js/app.js:12494:28)
    at fetchObjects (http://localhost:8181/static/js/app.js:12501:31)
    at refreshObjectsList (http://localhost:8181/static/js/app.js:12549:28)
    at http://localhost:8181/static/js/app.js:1293:9 @ http://localhost:8181/static/js/app.js:12552
[ 4585694ms] [ERROR] Failed to load resource: net::ERR_CONNECTION_REFUSED @ http://localhost:8181/api/recording/status:0
[ 4586821ms] [ERROR] Failed to load resource: net::ERR_CONNECTION_REFUSED @ http://localhost:8181/api/servers:0
[ 4586821ms] [ERROR] Error обновления списка объектов: TypeError: Failed to fetch
    at fetchServers (http://localhost:8181/static/js/app.js:12494:28)
    at fetchObjects (http://localhost:8181/static/js/app.js:12501:31)
    at refreshObjectsList (http://localhost:8181/static/js/app.js:12549:28)
    at http://localhost:8181/static/js/app.js:1293:9 @ http://localhost:8181/static/js/app.js:12552
[ 4586822ms] [ERROR] Failed to load resource: net::ERR_CONNECTION_REFUSED @ http://localhost:8181/api/version:0
[ 4590695ms] [ERROR] Failed to load resource: net::ERR_CONNECTION_REFUSED @ http://localhost:8181/api/recording/status:0
[ 4592821ms] [ERROR] Failed to load resource: net::ERR_CONNECTION_REFUSED @ http://localhost:8181/api/servers:0
[ 4592821ms] [ERROR] Error обновления списка объектов: TypeError: Failed to fetch
    at fetchServers (http://localhost:8181/static/js/app.js:12494:28)
    at fetchObjects (http://localhost:8181/static/js/app.js:12501:31)
    at refreshObjectsList (http://localhost:8181/static/js/app.js:12549:28)
    at http://localhost:8181/static/js/app.js:1293:9 @ http://localhost:8181/static/js/app.js:12552
[ 4595692ms] [ERROR] Failed to load resource: net::ERR_CONNECTION_REFUSED @ http://localhost:8181/api/recording/status:0
[ 4598823ms] [ERROR] Failed to load resource: net::ERR_CONNECTION_REFUSED @ http://localhost:8181/api/servers:0
[ 4598823ms] [ERROR] Error обновления списка объектов: TypeError: Failed to fetch
    at fetchServers (http://localhost:8181/static/js/app.js:12494:28)
    at fetchObjects (http://localhost:8181/static/js/app.js:12501:31)
    at refreshObjectsList (http://localhost:8181/static/js/app.js:12549:28)
    at http://localhost:8181/static/js/app.js:1293:9 @ http://localhost:8181/static/js/app.js:12552
[ 4600688ms] [ERROR] Failed to load resource: net::ERR_CONNECTION_REFUSED @ http://localhost:8181/api/recording/status:0
[ 4604826ms] [ERROR] Failed to load resource: net::ERR_CONNECTION_REFUSED @ http://localhost:8181/api/servers:0
[ 4604826ms] [ERROR] Error обновления списка объектов: TypeError: Failed to fetch
    at fetchServers (http://localhost:8181/static/js/app.js:12494:28)
    at fetchObjects (http://localhost:8181/static/js/app.js:12501:31)
    at refreshObjectsList (http://localhost:8181/static/js/app.js:12549:28)
    at http://localhost:8181/static/js/app.js:1293:9 @ http://localhost:8181/static/js/app.js:12552
[ 4605688ms] [ERROR] Failed to load resource: net::ERR_CONNECTION_REFUSED @ http://localhost:8181/api/recording/status:0
[ 4610691ms] [ERROR] Failed to load resource: net::ERR_CONNECTION_REFUSED @ http://localhost:8181/api/recording/status:0
[ 4610822ms] [ERROR] Failed to load resource: net::ERR_CONNECTION_REFUSED @ http://localhost:8181/api/servers:0
[ 4610822ms] [ERROR] Error обновления списка объектов: TypeError: Failed to fetch
    at fetchServers (http://localhost:8181/static/js/app.js:12494:28)
    at fetchObjects (http://localhost:8181/static/js/app.js:12501:31)
    at refreshObjectsList (http://localhost:8181/static/js/app.js:12549:28)
    at http://localhost:8181/static/js/app.js:1293:9 @ http://localhost:8181/static/js/app.js:12552
[ 4615695ms] [ERROR] Failed to load resource: net::ERR_CONNECTION_REFUSED @ http://localhost:8181/api/recording/status:0
[ 4616821ms] [ERROR] Failed to load resource: net::ERR_CONNECTION_REFUSED @ http://localhost:8181/api/servers:0
[ 4616821ms] [ERROR] Error обновления списка объектов: TypeError: Failed to fetch
    at fetchServers (http://localhost:8181/static/js/app.js:12494:28)
    at fetchObjects (http://localhost:8181/static/js/app.js:12501:31)
    at refreshObjectsList (http://localhost:8181/static/js/app.js:12549:28)
    at http://localhost:8181/static/js/app.js:1293:9 @ http://localhost:8181/static/js/app.js:12552
[ 4616822ms] [ERROR] Failed to load resource: net::ERR_CONNECTION_REFUSED @ http://localhost:8181/api/version:0
[ 4620691ms] [ERROR] Failed to load resource: net::ERR_CONNECTION_REFUSED @ http://localhost:8181/api/recording/status:0
[ 4622821ms] [ERROR] Failed to load resource: net::ERR_CONNECTION_REFUSED @ http://localhost:8181/api/servers:0
[ 4622821ms] [ERROR] Error обновления списка объектов: TypeError: Failed to fetch
    at fetchServers (http://localhost:8181/static/js/app.js:12494:28)
    at fetchObjects (http://localhost:8181/static/js/app.js:12501:31)
    at refreshObjectsList (http://localhost:8181/static/js/app.js:12549:28)
    at http://localhost:8181/static/js/app.js:1293:9 @ http://localhost:8181/static/js/app.js:12552
[ 4625691ms] [ERROR] Failed to load resource: net::ERR_CONNECTION_REFUSED @ http://localhost:8181/api/recording/status:0
[ 4628822ms] [ERROR] Failed to load resource: net::ERR_CONNECTION_REFUSED @ http://localhost:8181/api/servers:0
[ 4628822ms] [ERROR] Error обновления списка объектов: TypeError: Failed to fetch
    at fetchServers (http://localhost:8181/static/js/app.js:12494:28)
    at fetchObjects (http://localhost:8181/static/js/app.js:12501:31)
    at refreshObjectsList (http://localhost:8181/static/js/app.js:12549:28)
    at http://localhost:8181/static/js/app.js:1293:9 @ http://localhost:8181/static/js/app.js:12552
[ 4630689ms] [ERROR] Failed to load resource: net::ERR_CONNECTION_REFUSED @ http://localhost:8181/api/recording/status:0
